INSERT INTO EX.PERSONA(DOC_IDENTIDAD, NOMBRE, NOMBRE1, APELLIDO, APELLIDO1, FECHA_NAC, GENERO, FOTO) VALUES
                  ('00050', 'Christine', 'Rachael', 'Maxwell', 'Randall', TO_DATE('2006-05-30','YYYY-MM-DD'), 'm', NULL);
INSERT INTO EX.HISTORICO_RESIDENCIA(FECHA_INICIO, ID_LUGAR, ID_PERSONA, FECHA_FIN) VALUES
                  (TO_DATE('2006-02-03','YYYY-MM-DD'), 31, '00050', NULL);
INSERT INTO EX.FICHA_MEDICA(ID, ID_PERSONA, ID_CENTRO_SALUD, ID_LUGAR, ESTADO, FECHA_INFECCION, FECHA_RECUPERACION) VALUES
                                             (50, '00050', 16, 31, 'desconido', NULL, NULL);
INSERT INTO EX.PERSONA(DOC_IDENTIDAD, NOMBRE, NOMBRE1, APELLIDO, APELLIDO1, FECHA_NAC, GENERO, FOTO) VALUES
                  ('00051', 'Theodore', 'Christina', 'King', 'Mcintosh', TO_DATE('2003-02-02','YYYY-MM-DD'), 'f', NULL);
INSERT INTO EX.HISTORICO_RESIDENCIA(FECHA_INICIO, ID_LUGAR, ID_PERSONA, FECHA_FIN) VALUES
                  (TO_DATE('1986-05-07','YYYY-MM-DD'), 30, '00051', NULL);
INSERT INTO EX.FICHA_MEDICA(ID, ID_PERSONA, ID_CENTRO_SALUD, ID_LUGAR, ESTADO, FECHA_INFECCION, FECHA_RECUPERACION) VALUES
                                             (51, '00051', 15, 30, 'desconido', NULL, NULL);
INSERT INTO EX.SINTOMAS(FECHA_INICIO, ID_SINTOMA, ID_PERSONA, ID_FICHA_MEDICA) VALUES
                            (TO_DATE('2020-06-18','YYYY-MM-DD'), 1, '00051', 51);
INSERT INTO EX.SINTOMAS(FECHA_INICIO, ID_SINTOMA, ID_PERSONA, ID_FICHA_MEDICA) VALUES
                            (TO_DATE('2020-05-22','YYYY-MM-DD'), 2, '00051', 51);
INSERT INTO EX.SINTOMAS(FECHA_INICIO, ID_SINTOMA, ID_PERSONA, ID_FICHA_MEDICA) VALUES
                            (TO_DATE('2020-04-15','YYYY-MM-DD'), 3, '00051', 51);
INSERT INTO EX.PERSONA(DOC_IDENTIDAD, NOMBRE, NOMBRE1, APELLIDO, APELLIDO1, FECHA_NAC, GENERO, FOTO) VALUES
                  ('00052', 'Andrew', 'Taylor', 'Smith', 'Robertson', TO_DATE('1980-04-08','YYYY-MM-DD'), 'm', NULL);
INSERT INTO EX.HISTORICO_RESIDENCIA(FECHA_INICIO, ID_LUGAR, ID_PERSONA, FECHA_FIN) VALUES
                  (TO_DATE('1994-06-02','YYYY-MM-DD'), 18, '00052', NULL);
INSERT INTO EX.FICHA_MEDICA(ID, ID_PERSONA, ID_CENTRO_SALUD, ID_LUGAR, ESTADO, FECHA_INFECCION, FECHA_RECUPERACION) VALUES
                                             (52, '00052', 3, 18, 'desconido', NULL, NULL);
INSERT INTO EX.PERSONA(DOC_IDENTIDAD, NOMBRE, NOMBRE1, APELLIDO, APELLIDO1, FECHA_NAC, GENERO, FOTO) VALUES
                  ('00053', 'Becky', 'Brent', 'Beck', 'Boyd', TO_DATE('1979-05-29','YYYY-MM-DD'), 'f', NULL);
INSERT INTO EX.HISTORICO_RESIDENCIA(FECHA_INICIO, ID_LUGAR, ID_PERSONA, FECHA_FIN) VALUES
                  (TO_DATE('1987-05-05','YYYY-MM-DD'), 40, '00053', NULL);
INSERT INTO EX.FICHA_MEDICA(ID, ID_PERSONA, ID_CENTRO_SALUD, ID_LUGAR, ESTADO, FECHA_INFECCION, FECHA_RECUPERACION) VALUES
                                             (53, '00053', 25, 40, 'desconido', NULL, NULL);
INSERT INTO EX.PERSONA(DOC_IDENTIDAD, NOMBRE, NOMBRE1, APELLIDO, APELLIDO1, FECHA_NAC, GENERO, FOTO) VALUES
                  ('00054', 'James', 'Mallory', 'Jacobs', 'Liu', TO_DATE('1999-09-15','YYYY-MM-DD'), 'm', NULL);
INSERT INTO EX.HISTORICO_RESIDENCIA(FECHA_INICIO, ID_LUGAR, ID_PERSONA, FECHA_FIN) VALUES
                  (TO_DATE('1990-10-04','YYYY-MM-DD'), 33, '00054', NULL);
INSERT INTO EX.FICHA_MEDICA(ID, ID_PERSONA, ID_CENTRO_SALUD, ID_LUGAR, ESTADO, FECHA_INFECCION, FECHA_RECUPERACION) VALUES
                                             (54, '00054', 18, 33, 'desconido', NULL, NULL);
INSERT INTO EX.PADECIMIENTOS(ID_PATOLOGIA, ID_PERSONA, ID_FICHA_MEDICA) VALUES
                            (1, '00054', 54);
INSERT INTO EX.PADECIMIENTOS(ID_PATOLOGIA, ID_PERSONA, ID_FICHA_MEDICA) VALUES
                            (2, '00054', 54);
INSERT INTO EX.PADECIMIENTOS(ID_PATOLOGIA, ID_PERSONA, ID_FICHA_MEDICA) VALUES
                            (3, '00054', 54);
INSERT INTO EX.PADECIMIENTOS(ID_PATOLOGIA, ID_PERSONA, ID_FICHA_MEDICA) VALUES
                            (4, '00054', 54);
INSERT INTO EX.PADECIMIENTOS(ID_PATOLOGIA, ID_PERSONA, ID_FICHA_MEDICA) VALUES
                            (5, '00054', 54);
INSERT INTO EX.PADECIMIENTOS(ID_PATOLOGIA, ID_PERSONA, ID_FICHA_MEDICA) VALUES
                            (6, '00054', 54);
INSERT INTO EX.PADECIMIENTOS(ID_PATOLOGIA, ID_PERSONA, ID_FICHA_MEDICA) VALUES
                            (7, '00054', 54);
INSERT INTO EX.PERSONA(DOC_IDENTIDAD, NOMBRE, NOMBRE1, APELLIDO, APELLIDO1, FECHA_NAC, GENERO, FOTO) VALUES
                  ('00055', 'Jennifer', 'Christopher', 'Oliver', 'Adams', TO_DATE('2010-12-22','YYYY-MM-DD'), 'f', NULL);
INSERT INTO EX.HISTORICO_RESIDENCIA(FECHA_INICIO, ID_LUGAR, ID_PERSONA, FECHA_FIN) VALUES
                  (TO_DATE('1992-06-18','YYYY-MM-DD'), 42, '00055', NULL);
INSERT INTO EX.FICHA_MEDICA(ID, ID_PERSONA, ID_CENTRO_SALUD, ID_LUGAR, ESTADO, FECHA_INFECCION, FECHA_RECUPERACION) VALUES
                                             (55, '00055', 27, 42, 'desconido', NULL, NULL);
INSERT INTO EX.PERSONA(DOC_IDENTIDAD, NOMBRE, NOMBRE1, APELLIDO, APELLIDO1, FECHA_NAC, GENERO, FOTO) VALUES
                  ('00056', 'Douglas', 'Jeff', 'Sherman', 'Davis', TO_DATE('1994-07-24','YYYY-MM-DD'), 'm', NULL);
INSERT INTO EX.HISTORICO_RESIDENCIA(FECHA_INICIO, ID_LUGAR, ID_PERSONA, FECHA_FIN) VALUES
                  (TO_DATE('2019-06-24','YYYY-MM-DD'), 19, '00056', NULL);
INSERT INTO EX.FICHA_MEDICA(ID, ID_PERSONA, ID_CENTRO_SALUD, ID_LUGAR, ESTADO, FECHA_INFECCION, FECHA_RECUPERACION) VALUES
                                             (56, '00056', 4, 19, 'desconido', NULL, NULL);
INSERT INTO EX.SINTOMAS(FECHA_INICIO, ID_SINTOMA, ID_PERSONA, ID_FICHA_MEDICA) VALUES
                            (TO_DATE('2020-06-16','YYYY-MM-DD'), 1, '00056', 56);
INSERT INTO EX.SINTOMAS(FECHA_INICIO, ID_SINTOMA, ID_PERSONA, ID_FICHA_MEDICA) VALUES
                            (TO_DATE('2020-03-27','YYYY-MM-DD'), 2, '00056', 56);
INSERT INTO EX.SINTOMAS(FECHA_INICIO, ID_SINTOMA, ID_PERSONA, ID_FICHA_MEDICA) VALUES
                            (TO_DATE('2020-05-06','YYYY-MM-DD'), 3, '00056', 56);
INSERT INTO EX.SINTOMAS(FECHA_INICIO, ID_SINTOMA, ID_PERSONA, ID_FICHA_MEDICA) VALUES
                            (TO_DATE('2020-01-08','YYYY-MM-DD'), 4, '00056', 56);
INSERT INTO EX.SINTOMAS(FECHA_INICIO, ID_SINTOMA, ID_PERSONA, ID_FICHA_MEDICA) VALUES
                            (TO_DATE('2020-03-03','YYYY-MM-DD'), 5, '00056', 56);
INSERT INTO EX.SINTOMAS(FECHA_INICIO, ID_SINTOMA, ID_PERSONA, ID_FICHA_MEDICA) VALUES
                            (TO_DATE('2020-01-01','YYYY-MM-DD'), 6, '00056', 56);
INSERT INTO EX.SINTOMAS(FECHA_INICIO, ID_SINTOMA, ID_PERSONA, ID_FICHA_MEDICA) VALUES
                            (TO_DATE('2020-02-24','YYYY-MM-DD'), 7, '00056', 56);
INSERT INTO EX.SINTOMAS(FECHA_INICIO, ID_SINTOMA, ID_PERSONA, ID_FICHA_MEDICA) VALUES
                            (TO_DATE('2020-02-23','YYYY-MM-DD'), 8, '00056', 56);
INSERT INTO EX.SINTOMAS(FECHA_INICIO, ID_SINTOMA, ID_PERSONA, ID_FICHA_MEDICA) VALUES
                            (TO_DATE('2020-01-15','YYYY-MM-DD'), 9, '00056', 56);
INSERT INTO EX.SINTOMAS(FECHA_INICIO, ID_SINTOMA, ID_PERSONA, ID_FICHA_MEDICA) VALUES
                            (TO_DATE('2020-05-30','YYYY-MM-DD'), 10, '00056', 56);
INSERT INTO EX.SINTOMAS(FECHA_INICIO, ID_SINTOMA, ID_PERSONA, ID_FICHA_MEDICA) VALUES
                            (TO_DATE('2020-04-20','YYYY-MM-DD'), 11, '00056', 56);
INSERT INTO EX.SINTOMAS(FECHA_INICIO, ID_SINTOMA, ID_PERSONA, ID_FICHA_MEDICA) VALUES
                            (TO_DATE('2020-03-22','YYYY-MM-DD'), 12, '00056', 56);
INSERT INTO EX.SINTOMAS(FECHA_INICIO, ID_SINTOMA, ID_PERSONA, ID_FICHA_MEDICA) VALUES
                            (TO_DATE('2020-03-18','YYYY-MM-DD'), 13, '00056', 56);
INSERT INTO EX.SINTOMAS(FECHA_INICIO, ID_SINTOMA, ID_PERSONA, ID_FICHA_MEDICA) VALUES
                            (TO_DATE('2020-05-24','YYYY-MM-DD'), 14, '00056', 56);
INSERT INTO EX.SINTOMAS(FECHA_INICIO, ID_SINTOMA, ID_PERSONA, ID_FICHA_MEDICA) VALUES
                            (TO_DATE('2020-01-12','YYYY-MM-DD'), 15, '00056', 56);
INSERT INTO EX.SINTOMAS(FECHA_INICIO, ID_SINTOMA, ID_PERSONA, ID_FICHA_MEDICA) VALUES
                            (TO_DATE('2020-05-21','YYYY-MM-DD'), 16, '00056', 56);
INSERT INTO EX.SINTOMAS(FECHA_INICIO, ID_SINTOMA, ID_PERSONA, ID_FICHA_MEDICA) VALUES
                            (TO_DATE('2020-03-24','YYYY-MM-DD'), 17, '00056', 56);
INSERT INTO EX.SINTOMAS(FECHA_INICIO, ID_SINTOMA, ID_PERSONA, ID_FICHA_MEDICA) VALUES
                            (TO_DATE('2020-04-25','YYYY-MM-DD'), 18, '00056', 56);
INSERT INTO EX.PERSONA(DOC_IDENTIDAD, NOMBRE, NOMBRE1, APELLIDO, APELLIDO1, FECHA_NAC, GENERO, FOTO) VALUES
                  ('00057', 'Julia', 'Jessica', 'Page', 'Johnson', TO_DATE('1976-09-12','YYYY-MM-DD'), 'f', NULL);
INSERT INTO EX.HISTORICO_RESIDENCIA(FECHA_INICIO, ID_LUGAR, ID_PERSONA, FECHA_FIN) VALUES
                  (TO_DATE('2014-04-07','YYYY-MM-DD'), 33, '00057', NULL);
INSERT INTO EX.FICHA_MEDICA(ID, ID_PERSONA, ID_CENTRO_SALUD, ID_LUGAR, ESTADO, FECHA_INFECCION, FECHA_RECUPERACION) VALUES
                                             (57, '00057', 18, 33, 'desconido', NULL, NULL);
INSERT INTO EX.PERSONA(DOC_IDENTIDAD, NOMBRE, NOMBRE1, APELLIDO, APELLIDO1, FECHA_NAC, GENERO, FOTO) VALUES
                  ('00058', 'Shelly', 'Travis', 'Solis', 'Donovan', TO_DATE('1987-04-20','YYYY-MM-DD'), 'm', NULL);
INSERT INTO EX.HISTORICO_RESIDENCIA(FECHA_INICIO, ID_LUGAR, ID_PERSONA, FECHA_FIN) VALUES
                  (TO_DATE('1974-05-30','YYYY-MM-DD'), 30, '00058', NULL);
INSERT INTO EX.FICHA_MEDICA(ID, ID_PERSONA, ID_CENTRO_SALUD, ID_LUGAR, ESTADO, FECHA_INFECCION, FECHA_RECUPERACION) VALUES
                                             (58, '00058', 15, 30, 'desconido', NULL, NULL);
INSERT INTO EX.SINTOMAS(FECHA_INICIO, ID_SINTOMA, ID_PERSONA, ID_FICHA_MEDICA) VALUES
                            (TO_DATE('2020-05-02','YYYY-MM-DD'), 1, '00058', 58);
INSERT INTO EX.SINTOMAS(FECHA_INICIO, ID_SINTOMA, ID_PERSONA, ID_FICHA_MEDICA) VALUES
                            (TO_DATE('2020-03-10','YYYY-MM-DD'), 2, '00058', 58);
INSERT INTO EX.SINTOMAS(FECHA_INICIO, ID_SINTOMA, ID_PERSONA, ID_FICHA_MEDICA) VALUES
                            (TO_DATE('2020-05-06','YYYY-MM-DD'), 3, '00058', 58);
INSERT INTO EX.SINTOMAS(FECHA_INICIO, ID_SINTOMA, ID_PERSONA, ID_FICHA_MEDICA) VALUES
                            (TO_DATE('2020-06-27','YYYY-MM-DD'), 4, '00058', 58);
INSERT INTO EX.SINTOMAS(FECHA_INICIO, ID_SINTOMA, ID_PERSONA, ID_FICHA_MEDICA) VALUES
                            (TO_DATE('2020-04-26','YYYY-MM-DD'), 5, '00058', 58);
INSERT INTO EX.SINTOMAS(FECHA_INICIO, ID_SINTOMA, ID_PERSONA, ID_FICHA_MEDICA) VALUES
                            (TO_DATE('2020-06-13','YYYY-MM-DD'), 6, '00058', 58);
INSERT INTO EX.SINTOMAS(FECHA_INICIO, ID_SINTOMA, ID_PERSONA, ID_FICHA_MEDICA) VALUES
                            (TO_DATE('2020-01-08','YYYY-MM-DD'), 7, '00058', 58);
INSERT INTO EX.SINTOMAS(FECHA_INICIO, ID_SINTOMA, ID_PERSONA, ID_FICHA_MEDICA) VALUES
                            (TO_DATE('2020-05-07','YYYY-MM-DD'), 8, '00058', 58);
INSERT INTO EX.PERSONA(DOC_IDENTIDAD, NOMBRE, NOMBRE1, APELLIDO, APELLIDO1, FECHA_NAC, GENERO, FOTO) VALUES
                  ('00059', 'Amy', 'Samantha', 'Kim', 'Vazquez', TO_DATE('1993-07-01','YYYY-MM-DD'), 'f', NULL);
INSERT INTO EX.HISTORICO_RESIDENCIA(FECHA_INICIO, ID_LUGAR, ID_PERSONA, FECHA_FIN) VALUES
                  (TO_DATE('1975-11-13','YYYY-MM-DD'), 37, '00059', NULL);
INSERT INTO EX.FICHA_MEDICA(ID, ID_PERSONA, ID_CENTRO_SALUD, ID_LUGAR, ESTADO, FECHA_INFECCION, FECHA_RECUPERACION) VALUES
                                             (59, '00059', 22, 37, 'desconido', NULL, NULL);
INSERT INTO EX.SINTOMAS(FECHA_INICIO, ID_SINTOMA, ID_PERSONA, ID_FICHA_MEDICA) VALUES
                            (TO_DATE('2020-02-26','YYYY-MM-DD'), 1, '00059', 59);
INSERT INTO EX.SINTOMAS(FECHA_INICIO, ID_SINTOMA, ID_PERSONA, ID_FICHA_MEDICA) VALUES
                            (TO_DATE('2020-01-08','YYYY-MM-DD'), 2, '00059', 59);
INSERT INTO EX.SINTOMAS(FECHA_INICIO, ID_SINTOMA, ID_PERSONA, ID_FICHA_MEDICA) VALUES
                            (TO_DATE('2020-04-18','YYYY-MM-DD'), 3, '00059', 59);
INSERT INTO EX.SINTOMAS(FECHA_INICIO, ID_SINTOMA, ID_PERSONA, ID_FICHA_MEDICA) VALUES
                            (TO_DATE('2020-02-05','YYYY-MM-DD'), 4, '00059', 59);
INSERT INTO EX.SINTOMAS(FECHA_INICIO, ID_SINTOMA, ID_PERSONA, ID_FICHA_MEDICA) VALUES
                            (TO_DATE('2020-05-24','YYYY-MM-DD'), 5, '00059', 59);
INSERT INTO EX.SINTOMAS(FECHA_INICIO, ID_SINTOMA, ID_PERSONA, ID_FICHA_MEDICA) VALUES
                            (TO_DATE('2020-05-21','YYYY-MM-DD'), 6, '00059', 59);
INSERT INTO EX.SINTOMAS(FECHA_INICIO, ID_SINTOMA, ID_PERSONA, ID_FICHA_MEDICA) VALUES
                            (TO_DATE('2020-02-02','YYYY-MM-DD'), 7, '00059', 59);
INSERT INTO EX.SINTOMAS(FECHA_INICIO, ID_SINTOMA, ID_PERSONA, ID_FICHA_MEDICA) VALUES
                            (TO_DATE('2020-05-23','YYYY-MM-DD'), 8, '00059', 59);
INSERT INTO EX.SINTOMAS(FECHA_INICIO, ID_SINTOMA, ID_PERSONA, ID_FICHA_MEDICA) VALUES
                            (TO_DATE('2020-02-04','YYYY-MM-DD'), 9, '00059', 59);
INSERT INTO EX.SINTOMAS(FECHA_INICIO, ID_SINTOMA, ID_PERSONA, ID_FICHA_MEDICA) VALUES
                            (TO_DATE('2020-05-18','YYYY-MM-DD'), 10, '00059', 59);
INSERT INTO EX.SINTOMAS(FECHA_INICIO, ID_SINTOMA, ID_PERSONA, ID_FICHA_MEDICA) VALUES
                            (TO_DATE('2020-03-22','YYYY-MM-DD'), 11, '00059', 59);
INSERT INTO EX.PERSONA(DOC_IDENTIDAD, NOMBRE, NOMBRE1, APELLIDO, APELLIDO1, FECHA_NAC, GENERO, FOTO) VALUES
                  ('00060', 'Jonathan', 'Robert', 'Chavez', 'Wilson', TO_DATE('2017-12-31','YYYY-MM-DD'), 'm', NULL);
INSERT INTO EX.HISTORICO_RESIDENCIA(FECHA_INICIO, ID_LUGAR, ID_PERSONA, FECHA_FIN) VALUES
                  (TO_DATE('2009-04-23','YYYY-MM-DD'), 27, '00060', NULL);
INSERT INTO EX.FICHA_MEDICA(ID, ID_PERSONA, ID_CENTRO_SALUD, ID_LUGAR, ESTADO, FECHA_INFECCION, FECHA_RECUPERACION) VALUES
                                             (60, '00060', 12, 27, 'desconido', NULL, NULL);
INSERT INTO EX.SINTOMAS(FECHA_INICIO, ID_SINTOMA, ID_PERSONA, ID_FICHA_MEDICA) VALUES
                            (TO_DATE('2020-04-13','YYYY-MM-DD'), 1, '00060', 60);
INSERT INTO EX.SINTOMAS(FECHA_INICIO, ID_SINTOMA, ID_PERSONA, ID_FICHA_MEDICA) VALUES
                            (TO_DATE('2020-03-23','YYYY-MM-DD'), 2, '00060', 60);
INSERT INTO EX.SINTOMAS(FECHA_INICIO, ID_SINTOMA, ID_PERSONA, ID_FICHA_MEDICA) VALUES
                            (TO_DATE('2020-01-03','YYYY-MM-DD'), 3, '00060', 60);
INSERT INTO EX.SINTOMAS(FECHA_INICIO, ID_SINTOMA, ID_PERSONA, ID_FICHA_MEDICA) VALUES
                            (TO_DATE('2020-05-13','YYYY-MM-DD'), 4, '00060', 60);
INSERT INTO EX.SINTOMAS(FECHA_INICIO, ID_SINTOMA, ID_PERSONA, ID_FICHA_MEDICA) VALUES
                            (TO_DATE('2020-04-04','YYYY-MM-DD'), 5, '00060', 60);
INSERT INTO EX.SINTOMAS(FECHA_INICIO, ID_SINTOMA, ID_PERSONA, ID_FICHA_MEDICA) VALUES
                            (TO_DATE('2020-02-18','YYYY-MM-DD'), 6, '00060', 60);
INSERT INTO EX.PERSONA(DOC_IDENTIDAD, NOMBRE, NOMBRE1, APELLIDO, APELLIDO1, FECHA_NAC, GENERO, FOTO) VALUES
                  ('00061', 'Dawn', 'Ashley', 'Norton', 'Sweeney', TO_DATE('1994-12-23','YYYY-MM-DD'), 'f', NULL);
INSERT INTO EX.HISTORICO_RESIDENCIA(FECHA_INICIO, ID_LUGAR, ID_PERSONA, FECHA_FIN) VALUES
                  (TO_DATE('1992-01-27','YYYY-MM-DD'), 20, '00061', NULL);
INSERT INTO EX.FICHA_MEDICA(ID, ID_PERSONA, ID_CENTRO_SALUD, ID_LUGAR, ESTADO, FECHA_INFECCION, FECHA_RECUPERACION) VALUES
                                             (61, '00061', 5, 20, 'desconido', NULL, NULL);
INSERT INTO EX.SINTOMAS(FECHA_INICIO, ID_SINTOMA, ID_PERSONA, ID_FICHA_MEDICA) VALUES
                            (TO_DATE('2020-03-05','YYYY-MM-DD'), 1, '00061', 61);
INSERT INTO EX.SINTOMAS(FECHA_INICIO, ID_SINTOMA, ID_PERSONA, ID_FICHA_MEDICA) VALUES
                            (TO_DATE('2020-01-11','YYYY-MM-DD'), 2, '00061', 61);
INSERT INTO EX.SINTOMAS(FECHA_INICIO, ID_SINTOMA, ID_PERSONA, ID_FICHA_MEDICA) VALUES
                            (TO_DATE('2020-01-05','YYYY-MM-DD'), 3, '00061', 61);
INSERT INTO EX.SINTOMAS(FECHA_INICIO, ID_SINTOMA, ID_PERSONA, ID_FICHA_MEDICA) VALUES
                            (TO_DATE('2020-06-25','YYYY-MM-DD'), 4, '00061', 61);
INSERT INTO EX.SINTOMAS(FECHA_INICIO, ID_SINTOMA, ID_PERSONA, ID_FICHA_MEDICA) VALUES
                            (TO_DATE('2020-03-02','YYYY-MM-DD'), 5, '00061', 61);
INSERT INTO EX.SINTOMAS(FECHA_INICIO, ID_SINTOMA, ID_PERSONA, ID_FICHA_MEDICA) VALUES
                            (TO_DATE('2020-02-04','YYYY-MM-DD'), 6, '00061', 61);
INSERT INTO EX.SINTOMAS(FECHA_INICIO, ID_SINTOMA, ID_PERSONA, ID_FICHA_MEDICA) VALUES
                            (TO_DATE('2020-03-15','YYYY-MM-DD'), 7, '00061', 61);
INSERT INTO EX.SINTOMAS(FECHA_INICIO, ID_SINTOMA, ID_PERSONA, ID_FICHA_MEDICA) VALUES
                            (TO_DATE('2020-05-13','YYYY-MM-DD'), 8, '00061', 61);
INSERT INTO EX.SINTOMAS(FECHA_INICIO, ID_SINTOMA, ID_PERSONA, ID_FICHA_MEDICA) VALUES
                            (TO_DATE('2020-06-03','YYYY-MM-DD'), 9, '00061', 61);
INSERT INTO EX.SINTOMAS(FECHA_INICIO, ID_SINTOMA, ID_PERSONA, ID_FICHA_MEDICA) VALUES
                            (TO_DATE('2020-04-12','YYYY-MM-DD'), 10, '00061', 61);
INSERT INTO EX.SINTOMAS(FECHA_INICIO, ID_SINTOMA, ID_PERSONA, ID_FICHA_MEDICA) VALUES
                            (TO_DATE('2020-02-14','YYYY-MM-DD'), 11, '00061', 61);
INSERT INTO EX.PERSONA(DOC_IDENTIDAD, NOMBRE, NOMBRE1, APELLIDO, APELLIDO1, FECHA_NAC, GENERO, FOTO) VALUES
                  ('00062', 'Chad', 'Heather', 'Jones', 'Watson', TO_DATE('1988-02-07','YYYY-MM-DD'), 'm', NULL);
INSERT INTO EX.HISTORICO_RESIDENCIA(FECHA_INICIO, ID_LUGAR, ID_PERSONA, FECHA_FIN) VALUES
                  (TO_DATE('2004-09-01','YYYY-MM-DD'), 27, '00062', NULL);
INSERT INTO EX.FICHA_MEDICA(ID, ID_PERSONA, ID_CENTRO_SALUD, ID_LUGAR, ESTADO, FECHA_INFECCION, FECHA_RECUPERACION) VALUES
                                             (62, '00062', 12, 27, 'desconido', NULL, NULL);
INSERT INTO EX.PADECIMIENTOS(ID_PATOLOGIA, ID_PERSONA, ID_FICHA_MEDICA) VALUES
                            (1, '00062', 62);
INSERT INTO EX.PADECIMIENTOS(ID_PATOLOGIA, ID_PERSONA, ID_FICHA_MEDICA) VALUES
                            (2, '00062', 62);
INSERT INTO EX.PADECIMIENTOS(ID_PATOLOGIA, ID_PERSONA, ID_FICHA_MEDICA) VALUES
                            (3, '00062', 62);
INSERT INTO EX.PERSONA(DOC_IDENTIDAD, NOMBRE, NOMBRE1, APELLIDO, APELLIDO1, FECHA_NAC, GENERO, FOTO) VALUES
                  ('00063', 'Devin', 'Joseph', 'Mitchell', 'Campbell', TO_DATE('1980-04-06','YYYY-MM-DD'), 'f', NULL);
INSERT INTO EX.HISTORICO_RESIDENCIA(FECHA_INICIO, ID_LUGAR, ID_PERSONA, FECHA_FIN) VALUES
                  (TO_DATE('2012-01-26','YYYY-MM-DD'), 29, '00063', NULL);
INSERT INTO EX.FICHA_MEDICA(ID, ID_PERSONA, ID_CENTRO_SALUD, ID_LUGAR, ESTADO, FECHA_INFECCION, FECHA_RECUPERACION) VALUES
                                             (63, '00063', 14, 29, 'desconido', NULL, NULL);
INSERT INTO EX.PADECIMIENTOS(ID_PATOLOGIA, ID_PERSONA, ID_FICHA_MEDICA) VALUES
                            (1, '00063', 63);
INSERT INTO EX.PADECIMIENTOS(ID_PATOLOGIA, ID_PERSONA, ID_FICHA_MEDICA) VALUES
                            (2, '00063', 63);
INSERT INTO EX.PADECIMIENTOS(ID_PATOLOGIA, ID_PERSONA, ID_FICHA_MEDICA) VALUES
                            (3, '00063', 63);
INSERT INTO EX.PADECIMIENTOS(ID_PATOLOGIA, ID_PERSONA, ID_FICHA_MEDICA) VALUES
                            (4, '00063', 63);
INSERT INTO EX.PADECIMIENTOS(ID_PATOLOGIA, ID_PERSONA, ID_FICHA_MEDICA) VALUES
                            (5, '00063', 63);
INSERT INTO EX.PADECIMIENTOS(ID_PATOLOGIA, ID_PERSONA, ID_FICHA_MEDICA) VALUES
                            (6, '00063', 63);
INSERT INTO EX.PADECIMIENTOS(ID_PATOLOGIA, ID_PERSONA, ID_FICHA_MEDICA) VALUES
                            (7, '00063', 63);
INSERT INTO EX.PADECIMIENTOS(ID_PATOLOGIA, ID_PERSONA, ID_FICHA_MEDICA) VALUES
                            (8, '00063', 63);
INSERT INTO EX.PADECIMIENTOS(ID_PATOLOGIA, ID_PERSONA, ID_FICHA_MEDICA) VALUES
                            (9, '00063', 63);
INSERT INTO EX.PADECIMIENTOS(ID_PATOLOGIA, ID_PERSONA, ID_FICHA_MEDICA) VALUES
                            (10, '00063', 63);
INSERT INTO EX.PADECIMIENTOS(ID_PATOLOGIA, ID_PERSONA, ID_FICHA_MEDICA) VALUES
                            (11, '00063', 63);
INSERT INTO EX.PADECIMIENTOS(ID_PATOLOGIA, ID_PERSONA, ID_FICHA_MEDICA) VALUES
                            (12, '00063', 63);
INSERT INTO EX.PADECIMIENTOS(ID_PATOLOGIA, ID_PERSONA, ID_FICHA_MEDICA) VALUES
                            (13, '00063', 63);
INSERT INTO EX.PADECIMIENTOS(ID_PATOLOGIA, ID_PERSONA, ID_FICHA_MEDICA) VALUES
                            (14, '00063', 63);
INSERT INTO EX.PADECIMIENTOS(ID_PATOLOGIA, ID_PERSONA, ID_FICHA_MEDICA) VALUES
                            (15, '00063', 63);
INSERT INTO EX.SINTOMAS(FECHA_INICIO, ID_SINTOMA, ID_PERSONA, ID_FICHA_MEDICA) VALUES
                            (TO_DATE('2020-02-03','YYYY-MM-DD'), 1, '00063', 63);
INSERT INTO EX.SINTOMAS(FECHA_INICIO, ID_SINTOMA, ID_PERSONA, ID_FICHA_MEDICA) VALUES
                            (TO_DATE('2020-05-27','YYYY-MM-DD'), 2, '00063', 63);
INSERT INTO EX.SINTOMAS(FECHA_INICIO, ID_SINTOMA, ID_PERSONA, ID_FICHA_MEDICA) VALUES
                            (TO_DATE('2020-01-02','YYYY-MM-DD'), 3, '00063', 63);
INSERT INTO EX.SINTOMAS(FECHA_INICIO, ID_SINTOMA, ID_PERSONA, ID_FICHA_MEDICA) VALUES
                            (TO_DATE('2020-04-04','YYYY-MM-DD'), 4, '00063', 63);
INSERT INTO EX.SINTOMAS(FECHA_INICIO, ID_SINTOMA, ID_PERSONA, ID_FICHA_MEDICA) VALUES
                            (TO_DATE('2020-04-12','YYYY-MM-DD'), 5, '00063', 63);
INSERT INTO EX.SINTOMAS(FECHA_INICIO, ID_SINTOMA, ID_PERSONA, ID_FICHA_MEDICA) VALUES
                            (TO_DATE('2020-05-26','YYYY-MM-DD'), 6, '00063', 63);
INSERT INTO EX.SINTOMAS(FECHA_INICIO, ID_SINTOMA, ID_PERSONA, ID_FICHA_MEDICA) VALUES
                            (TO_DATE('2020-06-14','YYYY-MM-DD'), 7, '00063', 63);
INSERT INTO EX.SINTOMAS(FECHA_INICIO, ID_SINTOMA, ID_PERSONA, ID_FICHA_MEDICA) VALUES
                            (TO_DATE('2020-06-15','YYYY-MM-DD'), 8, '00063', 63);
INSERT INTO EX.SINTOMAS(FECHA_INICIO, ID_SINTOMA, ID_PERSONA, ID_FICHA_MEDICA) VALUES
                            (TO_DATE('2020-06-25','YYYY-MM-DD'), 9, '00063', 63);
INSERT INTO EX.SINTOMAS(FECHA_INICIO, ID_SINTOMA, ID_PERSONA, ID_FICHA_MEDICA) VALUES
                            (TO_DATE('2020-03-24','YYYY-MM-DD'), 10, '00063', 63);
INSERT INTO EX.SINTOMAS(FECHA_INICIO, ID_SINTOMA, ID_PERSONA, ID_FICHA_MEDICA) VALUES
                            (TO_DATE('2020-01-08','YYYY-MM-DD'), 11, '00063', 63);
INSERT INTO EX.SINTOMAS(FECHA_INICIO, ID_SINTOMA, ID_PERSONA, ID_FICHA_MEDICA) VALUES
                            (TO_DATE('2020-03-24','YYYY-MM-DD'), 12, '00063', 63);
INSERT INTO EX.PERSONA(DOC_IDENTIDAD, NOMBRE, NOMBRE1, APELLIDO, APELLIDO1, FECHA_NAC, GENERO, FOTO) VALUES
                  ('00064', 'Timothy', 'Steven', 'Coffey', 'Anderson', TO_DATE('1997-11-27','YYYY-MM-DD'), 'm', NULL);
INSERT INTO EX.HISTORICO_RESIDENCIA(FECHA_INICIO, ID_LUGAR, ID_PERSONA, FECHA_FIN) VALUES
                  (TO_DATE('1978-07-04','YYYY-MM-DD'), 32, '00064', NULL);
INSERT INTO EX.FICHA_MEDICA(ID, ID_PERSONA, ID_CENTRO_SALUD, ID_LUGAR, ESTADO, FECHA_INFECCION, FECHA_RECUPERACION) VALUES
                                             (64, '00064', 17, 32, 'desconido', NULL, NULL);
INSERT INTO EX.SINTOMAS(FECHA_INICIO, ID_SINTOMA, ID_PERSONA, ID_FICHA_MEDICA) VALUES
                            (TO_DATE('2020-05-28','YYYY-MM-DD'), 1, '00064', 64);
INSERT INTO EX.SINTOMAS(FECHA_INICIO, ID_SINTOMA, ID_PERSONA, ID_FICHA_MEDICA) VALUES
                            (TO_DATE('2020-04-27','YYYY-MM-DD'), 2, '00064', 64);
INSERT INTO EX.PERSONA(DOC_IDENTIDAD, NOMBRE, NOMBRE1, APELLIDO, APELLIDO1, FECHA_NAC, GENERO, FOTO) VALUES
                  ('00065', 'Christina', 'Tracy', 'Mendoza', 'Lee', TO_DATE('1970-03-24','YYYY-MM-DD'), 'f', NULL);
INSERT INTO EX.HISTORICO_RESIDENCIA(FECHA_INICIO, ID_LUGAR, ID_PERSONA, FECHA_FIN) VALUES
                  (TO_DATE('1970-04-03','YYYY-MM-DD'), 20, '00065', NULL);
INSERT INTO EX.FICHA_MEDICA(ID, ID_PERSONA, ID_CENTRO_SALUD, ID_LUGAR, ESTADO, FECHA_INFECCION, FECHA_RECUPERACION) VALUES
                                             (65, '00065', 5, 20, 'desconido', NULL, NULL);
INSERT INTO EX.PADECIMIENTOS(ID_PATOLOGIA, ID_PERSONA, ID_FICHA_MEDICA) VALUES
                            (1, '00065', 65);
INSERT INTO EX.PADECIMIENTOS(ID_PATOLOGIA, ID_PERSONA, ID_FICHA_MEDICA) VALUES
                            (2, '00065', 65);
INSERT INTO EX.PADECIMIENTOS(ID_PATOLOGIA, ID_PERSONA, ID_FICHA_MEDICA) VALUES
                            (3, '00065', 65);
INSERT INTO EX.PERSONA(DOC_IDENTIDAD, NOMBRE, NOMBRE1, APELLIDO, APELLIDO1, FECHA_NAC, GENERO, FOTO) VALUES
                  ('00066', 'Sean', 'Gina', 'Ferguson', 'Phillips', TO_DATE('1989-06-30','YYYY-MM-DD'), 'm', NULL);
INSERT INTO EX.HISTORICO_RESIDENCIA(FECHA_INICIO, ID_LUGAR, ID_PERSONA, FECHA_FIN) VALUES
                  (TO_DATE('1983-06-04','YYYY-MM-DD'), 31, '00066', NULL);
INSERT INTO EX.FICHA_MEDICA(ID, ID_PERSONA, ID_CENTRO_SALUD, ID_LUGAR, ESTADO, FECHA_INFECCION, FECHA_RECUPERACION) VALUES
                                             (66, '00066', 16, 31, 'desconido', NULL, NULL);
INSERT INTO EX.PERSONA(DOC_IDENTIDAD, NOMBRE, NOMBRE1, APELLIDO, APELLIDO1, FECHA_NAC, GENERO, FOTO) VALUES
                  ('00067', 'Andrew', 'Andrea', 'Bass', 'Martin', TO_DATE('2013-06-12','YYYY-MM-DD'), 'f', NULL);
INSERT INTO EX.HISTORICO_RESIDENCIA(FECHA_INICIO, ID_LUGAR, ID_PERSONA, FECHA_FIN) VALUES
                  (TO_DATE('1991-07-12','YYYY-MM-DD'), 40, '00067', NULL);
INSERT INTO EX.FICHA_MEDICA(ID, ID_PERSONA, ID_CENTRO_SALUD, ID_LUGAR, ESTADO, FECHA_INFECCION, FECHA_RECUPERACION) VALUES
                                             (67, '00067', 25, 40, 'desconido', NULL, NULL);
INSERT INTO EX.SINTOMAS(FECHA_INICIO, ID_SINTOMA, ID_PERSONA, ID_FICHA_MEDICA) VALUES
                            (TO_DATE('2020-02-29','YYYY-MM-DD'), 1, '00067', 67);
INSERT INTO EX.SINTOMAS(FECHA_INICIO, ID_SINTOMA, ID_PERSONA, ID_FICHA_MEDICA) VALUES
                            (TO_DATE('2020-04-13','YYYY-MM-DD'), 2, '00067', 67);
INSERT INTO EX.SINTOMAS(FECHA_INICIO, ID_SINTOMA, ID_PERSONA, ID_FICHA_MEDICA) VALUES
                            (TO_DATE('2020-01-03','YYYY-MM-DD'), 3, '00067', 67);
INSERT INTO EX.SINTOMAS(FECHA_INICIO, ID_SINTOMA, ID_PERSONA, ID_FICHA_MEDICA) VALUES
                            (TO_DATE('2020-03-24','YYYY-MM-DD'), 4, '00067', 67);
INSERT INTO EX.SINTOMAS(FECHA_INICIO, ID_SINTOMA, ID_PERSONA, ID_FICHA_MEDICA) VALUES
                            (TO_DATE('2020-04-24','YYYY-MM-DD'), 5, '00067', 67);
INSERT INTO EX.SINTOMAS(FECHA_INICIO, ID_SINTOMA, ID_PERSONA, ID_FICHA_MEDICA) VALUES
                            (TO_DATE('2020-05-19','YYYY-MM-DD'), 6, '00067', 67);
INSERT INTO EX.SINTOMAS(FECHA_INICIO, ID_SINTOMA, ID_PERSONA, ID_FICHA_MEDICA) VALUES
                            (TO_DATE('2020-03-30','YYYY-MM-DD'), 7, '00067', 67);
INSERT INTO EX.SINTOMAS(FECHA_INICIO, ID_SINTOMA, ID_PERSONA, ID_FICHA_MEDICA) VALUES
                            (TO_DATE('2020-01-23','YYYY-MM-DD'), 8, '00067', 67);
INSERT INTO EX.PERSONA(DOC_IDENTIDAD, NOMBRE, NOMBRE1, APELLIDO, APELLIDO1, FECHA_NAC, GENERO, FOTO) VALUES
                  ('00068', 'Matthew', 'Bradley', 'Grant', 'Daniel', TO_DATE('2002-01-09','YYYY-MM-DD'), 'm', NULL);
INSERT INTO EX.HISTORICO_RESIDENCIA(FECHA_INICIO, ID_LUGAR, ID_PERSONA, FECHA_FIN) VALUES
                  (TO_DATE('2002-07-23','YYYY-MM-DD'), 37, '00068', NULL);
INSERT INTO EX.FICHA_MEDICA(ID, ID_PERSONA, ID_CENTRO_SALUD, ID_LUGAR, ESTADO, FECHA_INFECCION, FECHA_RECUPERACION) VALUES
                                             (68, '00068', 22, 37, 'desconido', NULL, NULL);
INSERT INTO EX.SINTOMAS(FECHA_INICIO, ID_SINTOMA, ID_PERSONA, ID_FICHA_MEDICA) VALUES
                            (TO_DATE('2020-02-13','YYYY-MM-DD'), 1, '00068', 68);
INSERT INTO EX.SINTOMAS(FECHA_INICIO, ID_SINTOMA, ID_PERSONA, ID_FICHA_MEDICA) VALUES
                            (TO_DATE('2020-01-22','YYYY-MM-DD'), 2, '00068', 68);
INSERT INTO EX.SINTOMAS(FECHA_INICIO, ID_SINTOMA, ID_PERSONA, ID_FICHA_MEDICA) VALUES
                            (TO_DATE('2020-03-24','YYYY-MM-DD'), 3, '00068', 68);
INSERT INTO EX.SINTOMAS(FECHA_INICIO, ID_SINTOMA, ID_PERSONA, ID_FICHA_MEDICA) VALUES
                            (TO_DATE('2020-02-28','YYYY-MM-DD'), 4, '00068', 68);
INSERT INTO EX.SINTOMAS(FECHA_INICIO, ID_SINTOMA, ID_PERSONA, ID_FICHA_MEDICA) VALUES
                            (TO_DATE('2020-02-15','YYYY-MM-DD'), 5, '00068', 68);
INSERT INTO EX.SINTOMAS(FECHA_INICIO, ID_SINTOMA, ID_PERSONA, ID_FICHA_MEDICA) VALUES
                            (TO_DATE('2020-04-29','YYYY-MM-DD'), 6, '00068', 68);
INSERT INTO EX.SINTOMAS(FECHA_INICIO, ID_SINTOMA, ID_PERSONA, ID_FICHA_MEDICA) VALUES
                            (TO_DATE('2020-02-07','YYYY-MM-DD'), 7, '00068', 68);
INSERT INTO EX.SINTOMAS(FECHA_INICIO, ID_SINTOMA, ID_PERSONA, ID_FICHA_MEDICA) VALUES
                            (TO_DATE('2020-05-24','YYYY-MM-DD'), 8, '00068', 68);
INSERT INTO EX.SINTOMAS(FECHA_INICIO, ID_SINTOMA, ID_PERSONA, ID_FICHA_MEDICA) VALUES
                            (TO_DATE('2020-03-15','YYYY-MM-DD'), 9, '00068', 68);
INSERT INTO EX.SINTOMAS(FECHA_INICIO, ID_SINTOMA, ID_PERSONA, ID_FICHA_MEDICA) VALUES
                            (TO_DATE('2020-04-20','YYYY-MM-DD'), 10, '00068', 68);
INSERT INTO EX.SINTOMAS(FECHA_INICIO, ID_SINTOMA, ID_PERSONA, ID_FICHA_MEDICA) VALUES
                            (TO_DATE('2020-01-25','YYYY-MM-DD'), 11, '00068', 68);
INSERT INTO EX.SINTOMAS(FECHA_INICIO, ID_SINTOMA, ID_PERSONA, ID_FICHA_MEDICA) VALUES
                            (TO_DATE('2020-04-28','YYYY-MM-DD'), 12, '00068', 68);
INSERT INTO EX.SINTOMAS(FECHA_INICIO, ID_SINTOMA, ID_PERSONA, ID_FICHA_MEDICA) VALUES
                            (TO_DATE('2020-05-17','YYYY-MM-DD'), 13, '00068', 68);
INSERT INTO EX.SINTOMAS(FECHA_INICIO, ID_SINTOMA, ID_PERSONA, ID_FICHA_MEDICA) VALUES
                            (TO_DATE('2020-03-24','YYYY-MM-DD'), 14, '00068', 68);
INSERT INTO EX.PERSONA(DOC_IDENTIDAD, NOMBRE, NOMBRE1, APELLIDO, APELLIDO1, FECHA_NAC, GENERO, FOTO) VALUES
                  ('00069', 'Frank', 'Frank', 'Mitchell', 'Reyes', TO_DATE('2011-08-21','YYYY-MM-DD'), 'f', NULL);
INSERT INTO EX.HISTORICO_RESIDENCIA(FECHA_INICIO, ID_LUGAR, ID_PERSONA, FECHA_FIN) VALUES
                  (TO_DATE('1988-02-03','YYYY-MM-DD'), 41, '00069', NULL);
INSERT INTO EX.FICHA_MEDICA(ID, ID_PERSONA, ID_CENTRO_SALUD, ID_LUGAR, ESTADO, FECHA_INFECCION, FECHA_RECUPERACION) VALUES
                                             (69, '00069', 26, 41, 'desconido', NULL, NULL);
INSERT INTO EX.SINTOMAS(FECHA_INICIO, ID_SINTOMA, ID_PERSONA, ID_FICHA_MEDICA) VALUES
                            (TO_DATE('2020-06-22','YYYY-MM-DD'), 1, '00069', 69);
INSERT INTO EX.SINTOMAS(FECHA_INICIO, ID_SINTOMA, ID_PERSONA, ID_FICHA_MEDICA) VALUES
                            (TO_DATE('2020-04-26','YYYY-MM-DD'), 2, '00069', 69);
INSERT INTO EX.SINTOMAS(FECHA_INICIO, ID_SINTOMA, ID_PERSONA, ID_FICHA_MEDICA) VALUES
                            (TO_DATE('2020-05-24','YYYY-MM-DD'), 3, '00069', 69);
INSERT INTO EX.SINTOMAS(FECHA_INICIO, ID_SINTOMA, ID_PERSONA, ID_FICHA_MEDICA) VALUES
                            (TO_DATE('2020-03-01','YYYY-MM-DD'), 4, '00069', 69);
INSERT INTO EX.SINTOMAS(FECHA_INICIO, ID_SINTOMA, ID_PERSONA, ID_FICHA_MEDICA) VALUES
                            (TO_DATE('2020-06-22','YYYY-MM-DD'), 5, '00069', 69);
INSERT INTO EX.SINTOMAS(FECHA_INICIO, ID_SINTOMA, ID_PERSONA, ID_FICHA_MEDICA) VALUES
                            (TO_DATE('2020-03-10','YYYY-MM-DD'), 6, '00069', 69);
INSERT INTO EX.SINTOMAS(FECHA_INICIO, ID_SINTOMA, ID_PERSONA, ID_FICHA_MEDICA) VALUES
                            (TO_DATE('2020-02-24','YYYY-MM-DD'), 7, '00069', 69);
INSERT INTO EX.SINTOMAS(FECHA_INICIO, ID_SINTOMA, ID_PERSONA, ID_FICHA_MEDICA) VALUES
                            (TO_DATE('2020-05-25','YYYY-MM-DD'), 8, '00069', 69);
INSERT INTO EX.SINTOMAS(FECHA_INICIO, ID_SINTOMA, ID_PERSONA, ID_FICHA_MEDICA) VALUES
                            (TO_DATE('2020-03-31','YYYY-MM-DD'), 9, '00069', 69);
INSERT INTO EX.SINTOMAS(FECHA_INICIO, ID_SINTOMA, ID_PERSONA, ID_FICHA_MEDICA) VALUES
                            (TO_DATE('2020-03-29','YYYY-MM-DD'), 10, '00069', 69);
INSERT INTO EX.SINTOMAS(FECHA_INICIO, ID_SINTOMA, ID_PERSONA, ID_FICHA_MEDICA) VALUES
                            (TO_DATE('2020-04-26','YYYY-MM-DD'), 11, '00069', 69);
INSERT INTO EX.SINTOMAS(FECHA_INICIO, ID_SINTOMA, ID_PERSONA, ID_FICHA_MEDICA) VALUES
                            (TO_DATE('2020-03-02','YYYY-MM-DD'), 12, '00069', 69);
INSERT INTO EX.SINTOMAS(FECHA_INICIO, ID_SINTOMA, ID_PERSONA, ID_FICHA_MEDICA) VALUES
                            (TO_DATE('2020-03-28','YYYY-MM-DD'), 13, '00069', 69);
INSERT INTO EX.SINTOMAS(FECHA_INICIO, ID_SINTOMA, ID_PERSONA, ID_FICHA_MEDICA) VALUES
                            (TO_DATE('2020-02-08','YYYY-MM-DD'), 14, '00069', 69);
INSERT INTO EX.PERSONA(DOC_IDENTIDAD, NOMBRE, NOMBRE1, APELLIDO, APELLIDO1, FECHA_NAC, GENERO, FOTO) VALUES
                  ('00070', 'Deanna', 'Stacey', 'Macias', 'Cook', TO_DATE('1997-01-27','YYYY-MM-DD'), 'm', NULL);
INSERT INTO EX.HISTORICO_RESIDENCIA(FECHA_INICIO, ID_LUGAR, ID_PERSONA, FECHA_FIN) VALUES
                  (TO_DATE('1974-10-14','YYYY-MM-DD'), 29, '00070', NULL);
INSERT INTO EX.FICHA_MEDICA(ID, ID_PERSONA, ID_CENTRO_SALUD, ID_LUGAR, ESTADO, FECHA_INFECCION, FECHA_RECUPERACION) VALUES
                                             (70, '00070', 14, 29, 'desconido', NULL, NULL);
INSERT INTO EX.PADECIMIENTOS(ID_PATOLOGIA, ID_PERSONA, ID_FICHA_MEDICA) VALUES
                            (1, '00070', 70);
INSERT INTO EX.PADECIMIENTOS(ID_PATOLOGIA, ID_PERSONA, ID_FICHA_MEDICA) VALUES
                            (2, '00070', 70);
INSERT INTO EX.PADECIMIENTOS(ID_PATOLOGIA, ID_PERSONA, ID_FICHA_MEDICA) VALUES
                            (3, '00070', 70);
INSERT INTO EX.PADECIMIENTOS(ID_PATOLOGIA, ID_PERSONA, ID_FICHA_MEDICA) VALUES
                            (4, '00070', 70);
INSERT INTO EX.PADECIMIENTOS(ID_PATOLOGIA, ID_PERSONA, ID_FICHA_MEDICA) VALUES
                            (5, '00070', 70);
INSERT INTO EX.PADECIMIENTOS(ID_PATOLOGIA, ID_PERSONA, ID_FICHA_MEDICA) VALUES
                            (6, '00070', 70);
INSERT INTO EX.PADECIMIENTOS(ID_PATOLOGIA, ID_PERSONA, ID_FICHA_MEDICA) VALUES
                            (7, '00070', 70);
INSERT INTO EX.PADECIMIENTOS(ID_PATOLOGIA, ID_PERSONA, ID_FICHA_MEDICA) VALUES
                            (8, '00070', 70);
INSERT INTO EX.SINTOMAS(FECHA_INICIO, ID_SINTOMA, ID_PERSONA, ID_FICHA_MEDICA) VALUES
                            (TO_DATE('2020-01-04','YYYY-MM-DD'), 1, '00070', 70);
INSERT INTO EX.SINTOMAS(FECHA_INICIO, ID_SINTOMA, ID_PERSONA, ID_FICHA_MEDICA) VALUES
                            (TO_DATE('2020-06-26','YYYY-MM-DD'), 2, '00070', 70);
INSERT INTO EX.SINTOMAS(FECHA_INICIO, ID_SINTOMA, ID_PERSONA, ID_FICHA_MEDICA) VALUES
                            (TO_DATE('2020-06-15','YYYY-MM-DD'), 3, '00070', 70);
INSERT INTO EX.SINTOMAS(FECHA_INICIO, ID_SINTOMA, ID_PERSONA, ID_FICHA_MEDICA) VALUES
                            (TO_DATE('2020-05-07','YYYY-MM-DD'), 4, '00070', 70);
INSERT INTO EX.SINTOMAS(FECHA_INICIO, ID_SINTOMA, ID_PERSONA, ID_FICHA_MEDICA) VALUES
                            (TO_DATE('2020-02-22','YYYY-MM-DD'), 5, '00070', 70);
INSERT INTO EX.SINTOMAS(FECHA_INICIO, ID_SINTOMA, ID_PERSONA, ID_FICHA_MEDICA) VALUES
                            (TO_DATE('2020-06-26','YYYY-MM-DD'), 6, '00070', 70);
INSERT INTO EX.SINTOMAS(FECHA_INICIO, ID_SINTOMA, ID_PERSONA, ID_FICHA_MEDICA) VALUES
                            (TO_DATE('2020-03-24','YYYY-MM-DD'), 7, '00070', 70);
INSERT INTO EX.SINTOMAS(FECHA_INICIO, ID_SINTOMA, ID_PERSONA, ID_FICHA_MEDICA) VALUES
                            (TO_DATE('2020-05-16','YYYY-MM-DD'), 8, '00070', 70);
INSERT INTO EX.SINTOMAS(FECHA_INICIO, ID_SINTOMA, ID_PERSONA, ID_FICHA_MEDICA) VALUES
                            (TO_DATE('2020-06-08','YYYY-MM-DD'), 9, '00070', 70);
INSERT INTO EX.SINTOMAS(FECHA_INICIO, ID_SINTOMA, ID_PERSONA, ID_FICHA_MEDICA) VALUES
                            (TO_DATE('2020-06-03','YYYY-MM-DD'), 10, '00070', 70);
INSERT INTO EX.PERSONA(DOC_IDENTIDAD, NOMBRE, NOMBRE1, APELLIDO, APELLIDO1, FECHA_NAC, GENERO, FOTO) VALUES
                  ('00071', 'Kimberly', 'Mariah', 'Hill', 'Scott', TO_DATE('2009-08-13','YYYY-MM-DD'), 'f', NULL);
INSERT INTO EX.HISTORICO_RESIDENCIA(FECHA_INICIO, ID_LUGAR, ID_PERSONA, FECHA_FIN) VALUES
                  (TO_DATE('2006-12-21','YYYY-MM-DD'), 20, '00071', NULL);
INSERT INTO EX.FICHA_MEDICA(ID, ID_PERSONA, ID_CENTRO_SALUD, ID_LUGAR, ESTADO, FECHA_INFECCION, FECHA_RECUPERACION) VALUES
                                             (71, '00071', 5, 20, 'desconido', NULL, NULL);
INSERT INTO EX.PADECIMIENTOS(ID_PATOLOGIA, ID_PERSONA, ID_FICHA_MEDICA) VALUES
                            (1, '00071', 71);
INSERT INTO EX.PADECIMIENTOS(ID_PATOLOGIA, ID_PERSONA, ID_FICHA_MEDICA) VALUES
                            (2, '00071', 71);
INSERT INTO EX.PADECIMIENTOS(ID_PATOLOGIA, ID_PERSONA, ID_FICHA_MEDICA) VALUES
                            (3, '00071', 71);
INSERT INTO EX.PADECIMIENTOS(ID_PATOLOGIA, ID_PERSONA, ID_FICHA_MEDICA) VALUES
                            (4, '00071', 71);
INSERT INTO EX.PADECIMIENTOS(ID_PATOLOGIA, ID_PERSONA, ID_FICHA_MEDICA) VALUES
                            (5, '00071', 71);
INSERT INTO EX.PADECIMIENTOS(ID_PATOLOGIA, ID_PERSONA, ID_FICHA_MEDICA) VALUES
                            (6, '00071', 71);
INSERT INTO EX.PADECIMIENTOS(ID_PATOLOGIA, ID_PERSONA, ID_FICHA_MEDICA) VALUES
                            (7, '00071', 71);
INSERT INTO EX.PERSONA(DOC_IDENTIDAD, NOMBRE, NOMBRE1, APELLIDO, APELLIDO1, FECHA_NAC, GENERO, FOTO) VALUES
                  ('00072', 'Virginia', 'Christina', 'Summers', 'Castillo', TO_DATE('1986-06-16','YYYY-MM-DD'), 'm', NULL);
INSERT INTO EX.HISTORICO_RESIDENCIA(FECHA_INICIO, ID_LUGAR, ID_PERSONA, FECHA_FIN) VALUES
                  (TO_DATE('1976-11-01','YYYY-MM-DD'), 39, '00072', NULL);
INSERT INTO EX.FICHA_MEDICA(ID, ID_PERSONA, ID_CENTRO_SALUD, ID_LUGAR, ESTADO, FECHA_INFECCION, FECHA_RECUPERACION) VALUES
                                             (72, '00072', 24, 39, 'desconido', NULL, NULL);
INSERT INTO EX.PADECIMIENTOS(ID_PATOLOGIA, ID_PERSONA, ID_FICHA_MEDICA) VALUES
                            (1, '00072', 72);
INSERT INTO EX.PADECIMIENTOS(ID_PATOLOGIA, ID_PERSONA, ID_FICHA_MEDICA) VALUES
                            (2, '00072', 72);
INSERT INTO EX.PADECIMIENTOS(ID_PATOLOGIA, ID_PERSONA, ID_FICHA_MEDICA) VALUES
                            (3, '00072', 72);
INSERT INTO EX.PADECIMIENTOS(ID_PATOLOGIA, ID_PERSONA, ID_FICHA_MEDICA) VALUES
                            (4, '00072', 72);
INSERT INTO EX.PADECIMIENTOS(ID_PATOLOGIA, ID_PERSONA, ID_FICHA_MEDICA) VALUES
                            (5, '00072', 72);
INSERT INTO EX.PADECIMIENTOS(ID_PATOLOGIA, ID_PERSONA, ID_FICHA_MEDICA) VALUES
                            (6, '00072', 72);
INSERT INTO EX.PADECIMIENTOS(ID_PATOLOGIA, ID_PERSONA, ID_FICHA_MEDICA) VALUES
                            (7, '00072', 72);
INSERT INTO EX.PADECIMIENTOS(ID_PATOLOGIA, ID_PERSONA, ID_FICHA_MEDICA) VALUES
                            (8, '00072', 72);
INSERT INTO EX.SINTOMAS(FECHA_INICIO, ID_SINTOMA, ID_PERSONA, ID_FICHA_MEDICA) VALUES
                            (TO_DATE('2020-02-05','YYYY-MM-DD'), 1, '00072', 72);
INSERT INTO EX.SINTOMAS(FECHA_INICIO, ID_SINTOMA, ID_PERSONA, ID_FICHA_MEDICA) VALUES
                            (TO_DATE('2020-02-05','YYYY-MM-DD'), 2, '00072', 72);
INSERT INTO EX.PERSONA(DOC_IDENTIDAD, NOMBRE, NOMBRE1, APELLIDO, APELLIDO1, FECHA_NAC, GENERO, FOTO) VALUES
                  ('00073', 'Frank', 'Robert', 'Coleman', 'Wright', TO_DATE('1995-08-22','YYYY-MM-DD'), 'f', NULL);
INSERT INTO EX.HISTORICO_RESIDENCIA(FECHA_INICIO, ID_LUGAR, ID_PERSONA, FECHA_FIN) VALUES
                  (TO_DATE('2017-09-18','YYYY-MM-DD'), 37, '00073', NULL);
INSERT INTO EX.FICHA_MEDICA(ID, ID_PERSONA, ID_CENTRO_SALUD, ID_LUGAR, ESTADO, FECHA_INFECCION, FECHA_RECUPERACION) VALUES
                                             (73, '00073', 22, 37, 'desconido', NULL, NULL);
INSERT INTO EX.PERSONA(DOC_IDENTIDAD, NOMBRE, NOMBRE1, APELLIDO, APELLIDO1, FECHA_NAC, GENERO, FOTO) VALUES
                  ('00074', 'Sarah', 'Michelle', 'Mcgrath', 'Clarke', TO_DATE('1981-07-06','YYYY-MM-DD'), 'm', NULL);
INSERT INTO EX.HISTORICO_RESIDENCIA(FECHA_INICIO, ID_LUGAR, ID_PERSONA, FECHA_FIN) VALUES
                  (TO_DATE('2014-02-09','YYYY-MM-DD'), 40, '00074', NULL);
INSERT INTO EX.FICHA_MEDICA(ID, ID_PERSONA, ID_CENTRO_SALUD, ID_LUGAR, ESTADO, FECHA_INFECCION, FECHA_RECUPERACION) VALUES
                                             (74, '00074', 25, 40, 'desconido', NULL, NULL);
INSERT INTO EX.PADECIMIENTOS(ID_PATOLOGIA, ID_PERSONA, ID_FICHA_MEDICA) VALUES
                            (1, '00074', 74);
INSERT INTO EX.PADECIMIENTOS(ID_PATOLOGIA, ID_PERSONA, ID_FICHA_MEDICA) VALUES
                            (2, '00074', 74);
INSERT INTO EX.PADECIMIENTOS(ID_PATOLOGIA, ID_PERSONA, ID_FICHA_MEDICA) VALUES
                            (3, '00074', 74);
INSERT INTO EX.PADECIMIENTOS(ID_PATOLOGIA, ID_PERSONA, ID_FICHA_MEDICA) VALUES
                            (4, '00074', 74);
INSERT INTO EX.PADECIMIENTOS(ID_PATOLOGIA, ID_PERSONA, ID_FICHA_MEDICA) VALUES
                            (5, '00074', 74);
INSERT INTO EX.PADECIMIENTOS(ID_PATOLOGIA, ID_PERSONA, ID_FICHA_MEDICA) VALUES
                            (6, '00074', 74);
INSERT INTO EX.PADECIMIENTOS(ID_PATOLOGIA, ID_PERSONA, ID_FICHA_MEDICA) VALUES
                            (7, '00074', 74);
INSERT INTO EX.PERSONA(DOC_IDENTIDAD, NOMBRE, NOMBRE1, APELLIDO, APELLIDO1, FECHA_NAC, GENERO, FOTO) VALUES
                  ('00075', 'David', 'Kelli', 'Reynolds', 'Robinson', TO_DATE('1996-07-18','YYYY-MM-DD'), 'f', NULL);
INSERT INTO EX.HISTORICO_RESIDENCIA(FECHA_INICIO, ID_LUGAR, ID_PERSONA, FECHA_FIN) VALUES
                  (TO_DATE('1974-05-21','YYYY-MM-DD'), 32, '00075', NULL);
INSERT INTO EX.FICHA_MEDICA(ID, ID_PERSONA, ID_CENTRO_SALUD, ID_LUGAR, ESTADO, FECHA_INFECCION, FECHA_RECUPERACION) VALUES
                                             (75, '00075', 17, 32, 'desconido', NULL, NULL);
INSERT INTO EX.PERSONA(DOC_IDENTIDAD, NOMBRE, NOMBRE1, APELLIDO, APELLIDO1, FECHA_NAC, GENERO, FOTO) VALUES
                  ('00076', 'Lindsey', 'Cynthia', 'Holloway', 'Perry', TO_DATE('2001-05-15','YYYY-MM-DD'), 'm', NULL);
INSERT INTO EX.HISTORICO_RESIDENCIA(FECHA_INICIO, ID_LUGAR, ID_PERSONA, FECHA_FIN) VALUES
                  (TO_DATE('1979-05-30','YYYY-MM-DD'), 27, '00076', NULL);
INSERT INTO EX.FICHA_MEDICA(ID, ID_PERSONA, ID_CENTRO_SALUD, ID_LUGAR, ESTADO, FECHA_INFECCION, FECHA_RECUPERACION) VALUES
                                             (76, '00076', 12, 27, 'desconido', NULL, NULL);
INSERT INTO EX.SINTOMAS(FECHA_INICIO, ID_SINTOMA, ID_PERSONA, ID_FICHA_MEDICA) VALUES
                            (TO_DATE('2020-03-21','YYYY-MM-DD'), 1, '00076', 76);
INSERT INTO EX.SINTOMAS(FECHA_INICIO, ID_SINTOMA, ID_PERSONA, ID_FICHA_MEDICA) VALUES
                            (TO_DATE('2020-05-01','YYYY-MM-DD'), 2, '00076', 76);
INSERT INTO EX.SINTOMAS(FECHA_INICIO, ID_SINTOMA, ID_PERSONA, ID_FICHA_MEDICA) VALUES
                            (TO_DATE('2020-06-25','YYYY-MM-DD'), 3, '00076', 76);
INSERT INTO EX.SINTOMAS(FECHA_INICIO, ID_SINTOMA, ID_PERSONA, ID_FICHA_MEDICA) VALUES
                            (TO_DATE('2020-05-10','YYYY-MM-DD'), 4, '00076', 76);
INSERT INTO EX.SINTOMAS(FECHA_INICIO, ID_SINTOMA, ID_PERSONA, ID_FICHA_MEDICA) VALUES
                            (TO_DATE('2020-03-18','YYYY-MM-DD'), 5, '00076', 76);
INSERT INTO EX.SINTOMAS(FECHA_INICIO, ID_SINTOMA, ID_PERSONA, ID_FICHA_MEDICA) VALUES
                            (TO_DATE('2020-01-22','YYYY-MM-DD'), 6, '00076', 76);
INSERT INTO EX.SINTOMAS(FECHA_INICIO, ID_SINTOMA, ID_PERSONA, ID_FICHA_MEDICA) VALUES
                            (TO_DATE('2020-06-15','YYYY-MM-DD'), 7, '00076', 76);
INSERT INTO EX.SINTOMAS(FECHA_INICIO, ID_SINTOMA, ID_PERSONA, ID_FICHA_MEDICA) VALUES
                            (TO_DATE('2020-01-30','YYYY-MM-DD'), 8, '00076', 76);
INSERT INTO EX.SINTOMAS(FECHA_INICIO, ID_SINTOMA, ID_PERSONA, ID_FICHA_MEDICA) VALUES
                            (TO_DATE('2020-05-14','YYYY-MM-DD'), 9, '00076', 76);
INSERT INTO EX.SINTOMAS(FECHA_INICIO, ID_SINTOMA, ID_PERSONA, ID_FICHA_MEDICA) VALUES
                            (TO_DATE('2020-01-06','YYYY-MM-DD'), 10, '00076', 76);
INSERT INTO EX.SINTOMAS(FECHA_INICIO, ID_SINTOMA, ID_PERSONA, ID_FICHA_MEDICA) VALUES
                            (TO_DATE('2020-03-22','YYYY-MM-DD'), 11, '00076', 76);
INSERT INTO EX.SINTOMAS(FECHA_INICIO, ID_SINTOMA, ID_PERSONA, ID_FICHA_MEDICA) VALUES
                            (TO_DATE('2020-06-13','YYYY-MM-DD'), 12, '00076', 76);
INSERT INTO EX.PERSONA(DOC_IDENTIDAD, NOMBRE, NOMBRE1, APELLIDO, APELLIDO1, FECHA_NAC, GENERO, FOTO) VALUES
                  ('00077', 'Jillian', 'Matthew', 'Sanchez', 'Smith', TO_DATE('2017-07-09','YYYY-MM-DD'), 'f', NULL);
INSERT INTO EX.HISTORICO_RESIDENCIA(FECHA_INICIO, ID_LUGAR, ID_PERSONA, FECHA_FIN) VALUES
                  (TO_DATE('2013-02-28','YYYY-MM-DD'), 24, '00077', NULL);
INSERT INTO EX.FICHA_MEDICA(ID, ID_PERSONA, ID_CENTRO_SALUD, ID_LUGAR, ESTADO, FECHA_INFECCION, FECHA_RECUPERACION) VALUES
                                             (77, '00077', 9, 24, 'desconido', NULL, NULL);
INSERT INTO EX.PERSONA(DOC_IDENTIDAD, NOMBRE, NOMBRE1, APELLIDO, APELLIDO1, FECHA_NAC, GENERO, FOTO) VALUES
                  ('00078', 'Melissa', 'Adam', 'Jefferson', 'Martin', TO_DATE('2003-12-05','YYYY-MM-DD'), 'm', NULL);
INSERT INTO EX.HISTORICO_RESIDENCIA(FECHA_INICIO, ID_LUGAR, ID_PERSONA, FECHA_FIN) VALUES
                  (TO_DATE('1996-12-08','YYYY-MM-DD'), 22, '00078', NULL);
INSERT INTO EX.FICHA_MEDICA(ID, ID_PERSONA, ID_CENTRO_SALUD, ID_LUGAR, ESTADO, FECHA_INFECCION, FECHA_RECUPERACION) VALUES
                                             (78, '00078', 7, 22, 'desconido', NULL, NULL);
INSERT INTO EX.PADECIMIENTOS(ID_PATOLOGIA, ID_PERSONA, ID_FICHA_MEDICA) VALUES
                            (1, '00078', 78);
INSERT INTO EX.PADECIMIENTOS(ID_PATOLOGIA, ID_PERSONA, ID_FICHA_MEDICA) VALUES
                            (2, '00078', 78);
INSERT INTO EX.PADECIMIENTOS(ID_PATOLOGIA, ID_PERSONA, ID_FICHA_MEDICA) VALUES
                            (3, '00078', 78);
INSERT INTO EX.PADECIMIENTOS(ID_PATOLOGIA, ID_PERSONA, ID_FICHA_MEDICA) VALUES
                            (4, '00078', 78);
INSERT INTO EX.PADECIMIENTOS(ID_PATOLOGIA, ID_PERSONA, ID_FICHA_MEDICA) VALUES
                            (5, '00078', 78);
INSERT INTO EX.PADECIMIENTOS(ID_PATOLOGIA, ID_PERSONA, ID_FICHA_MEDICA) VALUES
                            (6, '00078', 78);
INSERT INTO EX.PADECIMIENTOS(ID_PATOLOGIA, ID_PERSONA, ID_FICHA_MEDICA) VALUES
                            (7, '00078', 78);
INSERT INTO EX.PADECIMIENTOS(ID_PATOLOGIA, ID_PERSONA, ID_FICHA_MEDICA) VALUES
                            (8, '00078', 78);
INSERT INTO EX.PADECIMIENTOS(ID_PATOLOGIA, ID_PERSONA, ID_FICHA_MEDICA) VALUES
                            (9, '00078', 78);
INSERT INTO EX.PADECIMIENTOS(ID_PATOLOGIA, ID_PERSONA, ID_FICHA_MEDICA) VALUES
                            (10, '00078', 78);
INSERT INTO EX.PADECIMIENTOS(ID_PATOLOGIA, ID_PERSONA, ID_FICHA_MEDICA) VALUES
                            (11, '00078', 78);
INSERT INTO EX.SINTOMAS(FECHA_INICIO, ID_SINTOMA, ID_PERSONA, ID_FICHA_MEDICA) VALUES
                            (TO_DATE('2020-04-07','YYYY-MM-DD'), 1, '00078', 78);
INSERT INTO EX.SINTOMAS(FECHA_INICIO, ID_SINTOMA, ID_PERSONA, ID_FICHA_MEDICA) VALUES
                            (TO_DATE('2020-04-30','YYYY-MM-DD'), 2, '00078', 78);
INSERT INTO EX.SINTOMAS(FECHA_INICIO, ID_SINTOMA, ID_PERSONA, ID_FICHA_MEDICA) VALUES
                            (TO_DATE('2020-04-10','YYYY-MM-DD'), 3, '00078', 78);
INSERT INTO EX.SINTOMAS(FECHA_INICIO, ID_SINTOMA, ID_PERSONA, ID_FICHA_MEDICA) VALUES
                            (TO_DATE('2020-03-03','YYYY-MM-DD'), 4, '00078', 78);
INSERT INTO EX.SINTOMAS(FECHA_INICIO, ID_SINTOMA, ID_PERSONA, ID_FICHA_MEDICA) VALUES
                            (TO_DATE('2020-03-09','YYYY-MM-DD'), 5, '00078', 78);
INSERT INTO EX.SINTOMAS(FECHA_INICIO, ID_SINTOMA, ID_PERSONA, ID_FICHA_MEDICA) VALUES
                            (TO_DATE('2020-05-10','YYYY-MM-DD'), 6, '00078', 78);
INSERT INTO EX.SINTOMAS(FECHA_INICIO, ID_SINTOMA, ID_PERSONA, ID_FICHA_MEDICA) VALUES
                            (TO_DATE('2020-01-23','YYYY-MM-DD'), 7, '00078', 78);
INSERT INTO EX.PERSONA(DOC_IDENTIDAD, NOMBRE, NOMBRE1, APELLIDO, APELLIDO1, FECHA_NAC, GENERO, FOTO) VALUES
                  ('00079', 'John', 'Kathy', 'Weaver', 'Turner', TO_DATE('1971-03-03','YYYY-MM-DD'), 'f', NULL);
INSERT INTO EX.HISTORICO_RESIDENCIA(FECHA_INICIO, ID_LUGAR, ID_PERSONA, FECHA_FIN) VALUES
                  (TO_DATE('1989-10-18','YYYY-MM-DD'), 39, '00079', NULL);
INSERT INTO EX.FICHA_MEDICA(ID, ID_PERSONA, ID_CENTRO_SALUD, ID_LUGAR, ESTADO, FECHA_INFECCION, FECHA_RECUPERACION) VALUES
                                             (79, '00079', 24, 39, 'desconido', NULL, NULL);
INSERT INTO EX.PADECIMIENTOS(ID_PATOLOGIA, ID_PERSONA, ID_FICHA_MEDICA) VALUES
                            (1, '00079', 79);
INSERT INTO EX.PADECIMIENTOS(ID_PATOLOGIA, ID_PERSONA, ID_FICHA_MEDICA) VALUES
                            (2, '00079', 79);
INSERT INTO EX.PADECIMIENTOS(ID_PATOLOGIA, ID_PERSONA, ID_FICHA_MEDICA) VALUES
                            (3, '00079', 79);
INSERT INTO EX.PADECIMIENTOS(ID_PATOLOGIA, ID_PERSONA, ID_FICHA_MEDICA) VALUES
                            (4, '00079', 79);
INSERT INTO EX.PADECIMIENTOS(ID_PATOLOGIA, ID_PERSONA, ID_FICHA_MEDICA) VALUES
                            (5, '00079', 79);
INSERT INTO EX.PADECIMIENTOS(ID_PATOLOGIA, ID_PERSONA, ID_FICHA_MEDICA) VALUES
                            (6, '00079', 79);
INSERT INTO EX.PADECIMIENTOS(ID_PATOLOGIA, ID_PERSONA, ID_FICHA_MEDICA) VALUES
                            (7, '00079', 79);
INSERT INTO EX.PADECIMIENTOS(ID_PATOLOGIA, ID_PERSONA, ID_FICHA_MEDICA) VALUES
                            (8, '00079', 79);
INSERT INTO EX.PADECIMIENTOS(ID_PATOLOGIA, ID_PERSONA, ID_FICHA_MEDICA) VALUES
                            (9, '00079', 79);
INSERT INTO EX.PADECIMIENTOS(ID_PATOLOGIA, ID_PERSONA, ID_FICHA_MEDICA) VALUES
                            (10, '00079', 79);
INSERT INTO EX.PADECIMIENTOS(ID_PATOLOGIA, ID_PERSONA, ID_FICHA_MEDICA) VALUES
                            (11, '00079', 79);
INSERT INTO EX.PADECIMIENTOS(ID_PATOLOGIA, ID_PERSONA, ID_FICHA_MEDICA) VALUES
                            (12, '00079', 79);
INSERT INTO EX.PADECIMIENTOS(ID_PATOLOGIA, ID_PERSONA, ID_FICHA_MEDICA) VALUES
                            (13, '00079', 79);
INSERT INTO EX.PADECIMIENTOS(ID_PATOLOGIA, ID_PERSONA, ID_FICHA_MEDICA) VALUES
                            (14, '00079', 79);
INSERT INTO EX.PERSONA(DOC_IDENTIDAD, NOMBRE, NOMBRE1, APELLIDO, APELLIDO1, FECHA_NAC, GENERO, FOTO) VALUES
                  ('00080', 'Kimberly', 'Ashley', 'Palmer', 'Barnes', TO_DATE('1999-09-22','YYYY-MM-DD'), 'm', NULL);
INSERT INTO EX.HISTORICO_RESIDENCIA(FECHA_INICIO, ID_LUGAR, ID_PERSONA, FECHA_FIN) VALUES
                  (TO_DATE('1989-03-10','YYYY-MM-DD'), 44, '00080', NULL);
INSERT INTO EX.FICHA_MEDICA(ID, ID_PERSONA, ID_CENTRO_SALUD, ID_LUGAR, ESTADO, FECHA_INFECCION, FECHA_RECUPERACION) VALUES
                                             (80, '00080', 29, 44, 'desconido', NULL, NULL);
INSERT INTO EX.PADECIMIENTOS(ID_PATOLOGIA, ID_PERSONA, ID_FICHA_MEDICA) VALUES
                            (1, '00080', 80);
INSERT INTO EX.PADECIMIENTOS(ID_PATOLOGIA, ID_PERSONA, ID_FICHA_MEDICA) VALUES
                            (2, '00080', 80);
INSERT INTO EX.PADECIMIENTOS(ID_PATOLOGIA, ID_PERSONA, ID_FICHA_MEDICA) VALUES
                            (3, '00080', 80);
INSERT INTO EX.PADECIMIENTOS(ID_PATOLOGIA, ID_PERSONA, ID_FICHA_MEDICA) VALUES
                            (4, '00080', 80);
INSERT INTO EX.PADECIMIENTOS(ID_PATOLOGIA, ID_PERSONA, ID_FICHA_MEDICA) VALUES
                            (5, '00080', 80);
INSERT INTO EX.PADECIMIENTOS(ID_PATOLOGIA, ID_PERSONA, ID_FICHA_MEDICA) VALUES
                            (6, '00080', 80);
INSERT INTO EX.PADECIMIENTOS(ID_PATOLOGIA, ID_PERSONA, ID_FICHA_MEDICA) VALUES
                            (7, '00080', 80);
INSERT INTO EX.PADECIMIENTOS(ID_PATOLOGIA, ID_PERSONA, ID_FICHA_MEDICA) VALUES
                            (8, '00080', 80);
INSERT INTO EX.SINTOMAS(FECHA_INICIO, ID_SINTOMA, ID_PERSONA, ID_FICHA_MEDICA) VALUES
                            (TO_DATE('2020-01-20','YYYY-MM-DD'), 1, '00080', 80);
INSERT INTO EX.SINTOMAS(FECHA_INICIO, ID_SINTOMA, ID_PERSONA, ID_FICHA_MEDICA) VALUES
                            (TO_DATE('2020-02-11','YYYY-MM-DD'), 2, '00080', 80);
INSERT INTO EX.SINTOMAS(FECHA_INICIO, ID_SINTOMA, ID_PERSONA, ID_FICHA_MEDICA) VALUES
                            (TO_DATE('2020-04-04','YYYY-MM-DD'), 3, '00080', 80);
INSERT INTO EX.SINTOMAS(FECHA_INICIO, ID_SINTOMA, ID_PERSONA, ID_FICHA_MEDICA) VALUES
                            (TO_DATE('2020-01-17','YYYY-MM-DD'), 4, '00080', 80);
INSERT INTO EX.SINTOMAS(FECHA_INICIO, ID_SINTOMA, ID_PERSONA, ID_FICHA_MEDICA) VALUES
                            (TO_DATE('2020-04-25','YYYY-MM-DD'), 5, '00080', 80);
INSERT INTO EX.SINTOMAS(FECHA_INICIO, ID_SINTOMA, ID_PERSONA, ID_FICHA_MEDICA) VALUES
                            (TO_DATE('2020-02-02','YYYY-MM-DD'), 6, '00080', 80);
INSERT INTO EX.SINTOMAS(FECHA_INICIO, ID_SINTOMA, ID_PERSONA, ID_FICHA_MEDICA) VALUES
                            (TO_DATE('2020-02-11','YYYY-MM-DD'), 7, '00080', 80);
INSERT INTO EX.SINTOMAS(FECHA_INICIO, ID_SINTOMA, ID_PERSONA, ID_FICHA_MEDICA) VALUES
                            (TO_DATE('2020-02-13','YYYY-MM-DD'), 8, '00080', 80);
INSERT INTO EX.SINTOMAS(FECHA_INICIO, ID_SINTOMA, ID_PERSONA, ID_FICHA_MEDICA) VALUES
                            (TO_DATE('2020-02-24','YYYY-MM-DD'), 9, '00080', 80);
INSERT INTO EX.SINTOMAS(FECHA_INICIO, ID_SINTOMA, ID_PERSONA, ID_FICHA_MEDICA) VALUES
                            (TO_DATE('2020-01-05','YYYY-MM-DD'), 10, '00080', 80);
INSERT INTO EX.SINTOMAS(FECHA_INICIO, ID_SINTOMA, ID_PERSONA, ID_FICHA_MEDICA) VALUES
                            (TO_DATE('2020-03-28','YYYY-MM-DD'), 11, '00080', 80);
INSERT INTO EX.SINTOMAS(FECHA_INICIO, ID_SINTOMA, ID_PERSONA, ID_FICHA_MEDICA) VALUES
                            (TO_DATE('2020-02-02','YYYY-MM-DD'), 12, '00080', 80);
INSERT INTO EX.SINTOMAS(FECHA_INICIO, ID_SINTOMA, ID_PERSONA, ID_FICHA_MEDICA) VALUES
                            (TO_DATE('2020-02-21','YYYY-MM-DD'), 13, '00080', 80);
INSERT INTO EX.PERSONA(DOC_IDENTIDAD, NOMBRE, NOMBRE1, APELLIDO, APELLIDO1, FECHA_NAC, GENERO, FOTO) VALUES
                  ('00081', 'Chelsea', 'Amy', 'Higgins', 'Gregory', TO_DATE('1983-05-08','YYYY-MM-DD'), 'f', NULL);
INSERT INTO EX.HISTORICO_RESIDENCIA(FECHA_INICIO, ID_LUGAR, ID_PERSONA, FECHA_FIN) VALUES
                  (TO_DATE('1996-11-13','YYYY-MM-DD'), 45, '00081', NULL);
INSERT INTO EX.FICHA_MEDICA(ID, ID_PERSONA, ID_CENTRO_SALUD, ID_LUGAR, ESTADO, FECHA_INFECCION, FECHA_RECUPERACION) VALUES
                                             (81, '00081', 30, 45, 'desconido', NULL, NULL);
INSERT INTO EX.PADECIMIENTOS(ID_PATOLOGIA, ID_PERSONA, ID_FICHA_MEDICA) VALUES
                            (1, '00081', 81);
INSERT INTO EX.PADECIMIENTOS(ID_PATOLOGIA, ID_PERSONA, ID_FICHA_MEDICA) VALUES
                            (2, '00081', 81);
INSERT INTO EX.PADECIMIENTOS(ID_PATOLOGIA, ID_PERSONA, ID_FICHA_MEDICA) VALUES
                            (3, '00081', 81);
INSERT INTO EX.PADECIMIENTOS(ID_PATOLOGIA, ID_PERSONA, ID_FICHA_MEDICA) VALUES
                            (4, '00081', 81);
INSERT INTO EX.PADECIMIENTOS(ID_PATOLOGIA, ID_PERSONA, ID_FICHA_MEDICA) VALUES
                            (5, '00081', 81);
INSERT INTO EX.PADECIMIENTOS(ID_PATOLOGIA, ID_PERSONA, ID_FICHA_MEDICA) VALUES
                            (6, '00081', 81);
INSERT INTO EX.PADECIMIENTOS(ID_PATOLOGIA, ID_PERSONA, ID_FICHA_MEDICA) VALUES
                            (7, '00081', 81);
INSERT INTO EX.PADECIMIENTOS(ID_PATOLOGIA, ID_PERSONA, ID_FICHA_MEDICA) VALUES
                            (8, '00081', 81);
INSERT INTO EX.PADECIMIENTOS(ID_PATOLOGIA, ID_PERSONA, ID_FICHA_MEDICA) VALUES
                            (9, '00081', 81);
INSERT INTO EX.PADECIMIENTOS(ID_PATOLOGIA, ID_PERSONA, ID_FICHA_MEDICA) VALUES
                            (10, '00081', 81);
INSERT INTO EX.PADECIMIENTOS(ID_PATOLOGIA, ID_PERSONA, ID_FICHA_MEDICA) VALUES
                            (11, '00081', 81);
INSERT INTO EX.PADECIMIENTOS(ID_PATOLOGIA, ID_PERSONA, ID_FICHA_MEDICA) VALUES
                            (12, '00081', 81);
INSERT INTO EX.PERSONA(DOC_IDENTIDAD, NOMBRE, NOMBRE1, APELLIDO, APELLIDO1, FECHA_NAC, GENERO, FOTO) VALUES
                  ('00082', 'Craig', 'Daniel', 'Jacobson', 'Pearson', TO_DATE('1981-11-15','YYYY-MM-DD'), 'm', NULL);
INSERT INTO EX.HISTORICO_RESIDENCIA(FECHA_INICIO, ID_LUGAR, ID_PERSONA, FECHA_FIN) VALUES
                  (TO_DATE('1995-07-15','YYYY-MM-DD'), 41, '00082', NULL);
INSERT INTO EX.FICHA_MEDICA(ID, ID_PERSONA, ID_CENTRO_SALUD, ID_LUGAR, ESTADO, FECHA_INFECCION, FECHA_RECUPERACION) VALUES
                                             (82, '00082', 26, 41, 'desconido', NULL, NULL);
INSERT INTO EX.SINTOMAS(FECHA_INICIO, ID_SINTOMA, ID_PERSONA, ID_FICHA_MEDICA) VALUES
                            (TO_DATE('2020-04-20','YYYY-MM-DD'), 1, '00082', 82);
INSERT INTO EX.SINTOMAS(FECHA_INICIO, ID_SINTOMA, ID_PERSONA, ID_FICHA_MEDICA) VALUES
                            (TO_DATE('2020-04-27','YYYY-MM-DD'), 2, '00082', 82);
INSERT INTO EX.SINTOMAS(FECHA_INICIO, ID_SINTOMA, ID_PERSONA, ID_FICHA_MEDICA) VALUES
                            (TO_DATE('2020-04-21','YYYY-MM-DD'), 3, '00082', 82);
INSERT INTO EX.SINTOMAS(FECHA_INICIO, ID_SINTOMA, ID_PERSONA, ID_FICHA_MEDICA) VALUES
                            (TO_DATE('2020-06-24','YYYY-MM-DD'), 4, '00082', 82);
INSERT INTO EX.SINTOMAS(FECHA_INICIO, ID_SINTOMA, ID_PERSONA, ID_FICHA_MEDICA) VALUES
                            (TO_DATE('2020-03-09','YYYY-MM-DD'), 5, '00082', 82);
INSERT INTO EX.SINTOMAS(FECHA_INICIO, ID_SINTOMA, ID_PERSONA, ID_FICHA_MEDICA) VALUES
                            (TO_DATE('2020-03-13','YYYY-MM-DD'), 6, '00082', 82);
INSERT INTO EX.SINTOMAS(FECHA_INICIO, ID_SINTOMA, ID_PERSONA, ID_FICHA_MEDICA) VALUES
                            (TO_DATE('2020-04-26','YYYY-MM-DD'), 7, '00082', 82);
INSERT INTO EX.SINTOMAS(FECHA_INICIO, ID_SINTOMA, ID_PERSONA, ID_FICHA_MEDICA) VALUES
                            (TO_DATE('2020-05-05','YYYY-MM-DD'), 8, '00082', 82);
INSERT INTO EX.SINTOMAS(FECHA_INICIO, ID_SINTOMA, ID_PERSONA, ID_FICHA_MEDICA) VALUES
                            (TO_DATE('2020-05-02','YYYY-MM-DD'), 9, '00082', 82);
INSERT INTO EX.PERSONA(DOC_IDENTIDAD, NOMBRE, NOMBRE1, APELLIDO, APELLIDO1, FECHA_NAC, GENERO, FOTO) VALUES
                  ('00083', 'Jennifer', 'Jonathan', 'Hood', 'Hodges', TO_DATE('1993-08-23','YYYY-MM-DD'), 'f', NULL);
INSERT INTO EX.HISTORICO_RESIDENCIA(FECHA_INICIO, ID_LUGAR, ID_PERSONA, FECHA_FIN) VALUES
                  (TO_DATE('1978-11-08','YYYY-MM-DD'), 19, '00083', NULL);
INSERT INTO EX.FICHA_MEDICA(ID, ID_PERSONA, ID_CENTRO_SALUD, ID_LUGAR, ESTADO, FECHA_INFECCION, FECHA_RECUPERACION) VALUES
                                             (83, '00083', 4, 19, 'desconido', NULL, NULL);
INSERT INTO EX.PERSONA(DOC_IDENTIDAD, NOMBRE, NOMBRE1, APELLIDO, APELLIDO1, FECHA_NAC, GENERO, FOTO) VALUES
                  ('00084', 'James', 'Lori', 'Garcia', 'Richardson', TO_DATE('1993-11-11','YYYY-MM-DD'), 'm', NULL);
INSERT INTO EX.HISTORICO_RESIDENCIA(FECHA_INICIO, ID_LUGAR, ID_PERSONA, FECHA_FIN) VALUES
                  (TO_DATE('2004-02-02','YYYY-MM-DD'), 34, '00084', NULL);
INSERT INTO EX.FICHA_MEDICA(ID, ID_PERSONA, ID_CENTRO_SALUD, ID_LUGAR, ESTADO, FECHA_INFECCION, FECHA_RECUPERACION) VALUES
                                             (84, '00084', 19, 34, 'desconido', NULL, NULL);
INSERT INTO EX.SINTOMAS(FECHA_INICIO, ID_SINTOMA, ID_PERSONA, ID_FICHA_MEDICA) VALUES
                            (TO_DATE('2020-02-07','YYYY-MM-DD'), 1, '00084', 84);
INSERT INTO EX.SINTOMAS(FECHA_INICIO, ID_SINTOMA, ID_PERSONA, ID_FICHA_MEDICA) VALUES
                            (TO_DATE('2020-06-04','YYYY-MM-DD'), 2, '00084', 84);
INSERT INTO EX.SINTOMAS(FECHA_INICIO, ID_SINTOMA, ID_PERSONA, ID_FICHA_MEDICA) VALUES
                            (TO_DATE('2020-01-19','YYYY-MM-DD'), 3, '00084', 84);
INSERT INTO EX.SINTOMAS(FECHA_INICIO, ID_SINTOMA, ID_PERSONA, ID_FICHA_MEDICA) VALUES
                            (TO_DATE('2020-02-21','YYYY-MM-DD'), 4, '00084', 84);
INSERT INTO EX.SINTOMAS(FECHA_INICIO, ID_SINTOMA, ID_PERSONA, ID_FICHA_MEDICA) VALUES
                            (TO_DATE('2020-05-29','YYYY-MM-DD'), 5, '00084', 84);
INSERT INTO EX.SINTOMAS(FECHA_INICIO, ID_SINTOMA, ID_PERSONA, ID_FICHA_MEDICA) VALUES
                            (TO_DATE('2020-05-20','YYYY-MM-DD'), 6, '00084', 84);
INSERT INTO EX.SINTOMAS(FECHA_INICIO, ID_SINTOMA, ID_PERSONA, ID_FICHA_MEDICA) VALUES
                            (TO_DATE('2020-05-07','YYYY-MM-DD'), 7, '00084', 84);
INSERT INTO EX.SINTOMAS(FECHA_INICIO, ID_SINTOMA, ID_PERSONA, ID_FICHA_MEDICA) VALUES
                            (TO_DATE('2020-06-08','YYYY-MM-DD'), 8, '00084', 84);
INSERT INTO EX.SINTOMAS(FECHA_INICIO, ID_SINTOMA, ID_PERSONA, ID_FICHA_MEDICA) VALUES
                            (TO_DATE('2020-03-01','YYYY-MM-DD'), 9, '00084', 84);
INSERT INTO EX.SINTOMAS(FECHA_INICIO, ID_SINTOMA, ID_PERSONA, ID_FICHA_MEDICA) VALUES
                            (TO_DATE('2020-04-03','YYYY-MM-DD'), 10, '00084', 84);
INSERT INTO EX.SINTOMAS(FECHA_INICIO, ID_SINTOMA, ID_PERSONA, ID_FICHA_MEDICA) VALUES
                            (TO_DATE('2020-02-10','YYYY-MM-DD'), 11, '00084', 84);
INSERT INTO EX.SINTOMAS(FECHA_INICIO, ID_SINTOMA, ID_PERSONA, ID_FICHA_MEDICA) VALUES
                            (TO_DATE('2020-03-04','YYYY-MM-DD'), 12, '00084', 84);
INSERT INTO EX.SINTOMAS(FECHA_INICIO, ID_SINTOMA, ID_PERSONA, ID_FICHA_MEDICA) VALUES
                            (TO_DATE('2020-01-09','YYYY-MM-DD'), 13, '00084', 84);
INSERT INTO EX.SINTOMAS(FECHA_INICIO, ID_SINTOMA, ID_PERSONA, ID_FICHA_MEDICA) VALUES
                            (TO_DATE('2020-05-03','YYYY-MM-DD'), 14, '00084', 84);
INSERT INTO EX.PERSONA(DOC_IDENTIDAD, NOMBRE, NOMBRE1, APELLIDO, APELLIDO1, FECHA_NAC, GENERO, FOTO) VALUES
                  ('00085', 'Kristen', 'Robert', 'Lowery', 'Guerrero', TO_DATE('2015-10-08','YYYY-MM-DD'), 'f', NULL);
INSERT INTO EX.HISTORICO_RESIDENCIA(FECHA_INICIO, ID_LUGAR, ID_PERSONA, FECHA_FIN) VALUES
                  (TO_DATE('2000-06-20','YYYY-MM-DD'), 21, '00085', NULL);
INSERT INTO EX.FICHA_MEDICA(ID, ID_PERSONA, ID_CENTRO_SALUD, ID_LUGAR, ESTADO, FECHA_INFECCION, FECHA_RECUPERACION) VALUES
                                             (85, '00085', 6, 21, 'desconido', NULL, NULL);
INSERT INTO EX.SINTOMAS(FECHA_INICIO, ID_SINTOMA, ID_PERSONA, ID_FICHA_MEDICA) VALUES
                            (TO_DATE('2020-04-04','YYYY-MM-DD'), 1, '00085', 85);
INSERT INTO EX.SINTOMAS(FECHA_INICIO, ID_SINTOMA, ID_PERSONA, ID_FICHA_MEDICA) VALUES
                            (TO_DATE('2020-04-26','YYYY-MM-DD'), 2, '00085', 85);
INSERT INTO EX.SINTOMAS(FECHA_INICIO, ID_SINTOMA, ID_PERSONA, ID_FICHA_MEDICA) VALUES
                            (TO_DATE('2020-02-24','YYYY-MM-DD'), 3, '00085', 85);
INSERT INTO EX.SINTOMAS(FECHA_INICIO, ID_SINTOMA, ID_PERSONA, ID_FICHA_MEDICA) VALUES
                            (TO_DATE('2020-01-22','YYYY-MM-DD'), 4, '00085', 85);
INSERT INTO EX.SINTOMAS(FECHA_INICIO, ID_SINTOMA, ID_PERSONA, ID_FICHA_MEDICA) VALUES
                            (TO_DATE('2020-03-18','YYYY-MM-DD'), 5, '00085', 85);
INSERT INTO EX.SINTOMAS(FECHA_INICIO, ID_SINTOMA, ID_PERSONA, ID_FICHA_MEDICA) VALUES
                            (TO_DATE('2020-02-28','YYYY-MM-DD'), 6, '00085', 85);
INSERT INTO EX.SINTOMAS(FECHA_INICIO, ID_SINTOMA, ID_PERSONA, ID_FICHA_MEDICA) VALUES
                            (TO_DATE('2020-06-06','YYYY-MM-DD'), 7, '00085', 85);
INSERT INTO EX.SINTOMAS(FECHA_INICIO, ID_SINTOMA, ID_PERSONA, ID_FICHA_MEDICA) VALUES
                            (TO_DATE('2020-03-31','YYYY-MM-DD'), 8, '00085', 85);
INSERT INTO EX.SINTOMAS(FECHA_INICIO, ID_SINTOMA, ID_PERSONA, ID_FICHA_MEDICA) VALUES
                            (TO_DATE('2020-06-15','YYYY-MM-DD'), 9, '00085', 85);
INSERT INTO EX.SINTOMAS(FECHA_INICIO, ID_SINTOMA, ID_PERSONA, ID_FICHA_MEDICA) VALUES
                            (TO_DATE('2020-05-07','YYYY-MM-DD'), 10, '00085', 85);
INSERT INTO EX.SINTOMAS(FECHA_INICIO, ID_SINTOMA, ID_PERSONA, ID_FICHA_MEDICA) VALUES
                            (TO_DATE('2020-03-15','YYYY-MM-DD'), 11, '00085', 85);
INSERT INTO EX.SINTOMAS(FECHA_INICIO, ID_SINTOMA, ID_PERSONA, ID_FICHA_MEDICA) VALUES
                            (TO_DATE('2020-06-25','YYYY-MM-DD'), 12, '00085', 85);
INSERT INTO EX.SINTOMAS(FECHA_INICIO, ID_SINTOMA, ID_PERSONA, ID_FICHA_MEDICA) VALUES
                            (TO_DATE('2020-05-10','YYYY-MM-DD'), 13, '00085', 85);
INSERT INTO EX.PERSONA(DOC_IDENTIDAD, NOMBRE, NOMBRE1, APELLIDO, APELLIDO1, FECHA_NAC, GENERO, FOTO) VALUES
                  ('00086', 'Edward', 'Robert', 'Anderson', 'Ross', TO_DATE('1971-05-14','YYYY-MM-DD'), 'm', NULL);
INSERT INTO EX.HISTORICO_RESIDENCIA(FECHA_INICIO, ID_LUGAR, ID_PERSONA, FECHA_FIN) VALUES
                  (TO_DATE('2006-06-04','YYYY-MM-DD'), 25, '00086', NULL);
INSERT INTO EX.FICHA_MEDICA(ID, ID_PERSONA, ID_CENTRO_SALUD, ID_LUGAR, ESTADO, FECHA_INFECCION, FECHA_RECUPERACION) VALUES
                                             (86, '00086', 10, 25, 'desconido', NULL, NULL);
INSERT INTO EX.PADECIMIENTOS(ID_PATOLOGIA, ID_PERSONA, ID_FICHA_MEDICA) VALUES
                            (1, '00086', 86);
INSERT INTO EX.PADECIMIENTOS(ID_PATOLOGIA, ID_PERSONA, ID_FICHA_MEDICA) VALUES
                            (2, '00086', 86);
INSERT INTO EX.PERSONA(DOC_IDENTIDAD, NOMBRE, NOMBRE1, APELLIDO, APELLIDO1, FECHA_NAC, GENERO, FOTO) VALUES
                  ('00087', 'Kimberly', 'Jeremy', 'Beck', 'Cox', TO_DATE('2006-01-20','YYYY-MM-DD'), 'f', NULL);
INSERT INTO EX.HISTORICO_RESIDENCIA(FECHA_INICIO, ID_LUGAR, ID_PERSONA, FECHA_FIN) VALUES
                  (TO_DATE('2015-04-11','YYYY-MM-DD'), 35, '00087', NULL);
INSERT INTO EX.FICHA_MEDICA(ID, ID_PERSONA, ID_CENTRO_SALUD, ID_LUGAR, ESTADO, FECHA_INFECCION, FECHA_RECUPERACION) VALUES
                                             (87, '00087', 20, 35, 'desconido', NULL, NULL);
INSERT INTO EX.PERSONA(DOC_IDENTIDAD, NOMBRE, NOMBRE1, APELLIDO, APELLIDO1, FECHA_NAC, GENERO, FOTO) VALUES
                  ('00088', 'Eric', 'Frank', 'Williams', 'Richardson', TO_DATE('1976-11-29','YYYY-MM-DD'), 'm', NULL);
INSERT INTO EX.HISTORICO_RESIDENCIA(FECHA_INICIO, ID_LUGAR, ID_PERSONA, FECHA_FIN) VALUES
                  (TO_DATE('1985-01-24','YYYY-MM-DD'), 32, '00088', NULL);
INSERT INTO EX.FICHA_MEDICA(ID, ID_PERSONA, ID_CENTRO_SALUD, ID_LUGAR, ESTADO, FECHA_INFECCION, FECHA_RECUPERACION) VALUES
                                             (88, '00088', 17, 32, 'desconido', NULL, NULL);
INSERT INTO EX.SINTOMAS(FECHA_INICIO, ID_SINTOMA, ID_PERSONA, ID_FICHA_MEDICA) VALUES
                            (TO_DATE('2020-06-26','YYYY-MM-DD'), 1, '00088', 88);
INSERT INTO EX.SINTOMAS(FECHA_INICIO, ID_SINTOMA, ID_PERSONA, ID_FICHA_MEDICA) VALUES
                            (TO_DATE('2020-01-10','YYYY-MM-DD'), 2, '00088', 88);
INSERT INTO EX.SINTOMAS(FECHA_INICIO, ID_SINTOMA, ID_PERSONA, ID_FICHA_MEDICA) VALUES
                            (TO_DATE('2020-01-27','YYYY-MM-DD'), 3, '00088', 88);
INSERT INTO EX.SINTOMAS(FECHA_INICIO, ID_SINTOMA, ID_PERSONA, ID_FICHA_MEDICA) VALUES
                            (TO_DATE('2020-03-17','YYYY-MM-DD'), 4, '00088', 88);
INSERT INTO EX.SINTOMAS(FECHA_INICIO, ID_SINTOMA, ID_PERSONA, ID_FICHA_MEDICA) VALUES
                            (TO_DATE('2020-02-13','YYYY-MM-DD'), 5, '00088', 88);
INSERT INTO EX.SINTOMAS(FECHA_INICIO, ID_SINTOMA, ID_PERSONA, ID_FICHA_MEDICA) VALUES
                            (TO_DATE('2020-05-26','YYYY-MM-DD'), 6, '00088', 88);
INSERT INTO EX.SINTOMAS(FECHA_INICIO, ID_SINTOMA, ID_PERSONA, ID_FICHA_MEDICA) VALUES
                            (TO_DATE('2020-06-15','YYYY-MM-DD'), 7, '00088', 88);
INSERT INTO EX.SINTOMAS(FECHA_INICIO, ID_SINTOMA, ID_PERSONA, ID_FICHA_MEDICA) VALUES
                            (TO_DATE('2020-04-05','YYYY-MM-DD'), 8, '00088', 88);
INSERT INTO EX.SINTOMAS(FECHA_INICIO, ID_SINTOMA, ID_PERSONA, ID_FICHA_MEDICA) VALUES
                            (TO_DATE('2020-03-25','YYYY-MM-DD'), 9, '00088', 88);
INSERT INTO EX.SINTOMAS(FECHA_INICIO, ID_SINTOMA, ID_PERSONA, ID_FICHA_MEDICA) VALUES
                            (TO_DATE('2020-05-03','YYYY-MM-DD'), 10, '00088', 88);
INSERT INTO EX.SINTOMAS(FECHA_INICIO, ID_SINTOMA, ID_PERSONA, ID_FICHA_MEDICA) VALUES
                            (TO_DATE('2020-05-24','YYYY-MM-DD'), 11, '00088', 88);
INSERT INTO EX.SINTOMAS(FECHA_INICIO, ID_SINTOMA, ID_PERSONA, ID_FICHA_MEDICA) VALUES
                            (TO_DATE('2020-01-13','YYYY-MM-DD'), 12, '00088', 88);
INSERT INTO EX.PERSONA(DOC_IDENTIDAD, NOMBRE, NOMBRE1, APELLIDO, APELLIDO1, FECHA_NAC, GENERO, FOTO) VALUES
                  ('00089', 'Jackie', 'Andrea', 'Mitchell', 'Davis', TO_DATE('2011-09-05','YYYY-MM-DD'), 'f', NULL);
INSERT INTO EX.HISTORICO_RESIDENCIA(FECHA_INICIO, ID_LUGAR, ID_PERSONA, FECHA_FIN) VALUES
                  (TO_DATE('1981-11-01','YYYY-MM-DD'), 43, '00089', NULL);
INSERT INTO EX.FICHA_MEDICA(ID, ID_PERSONA, ID_CENTRO_SALUD, ID_LUGAR, ESTADO, FECHA_INFECCION, FECHA_RECUPERACION) VALUES
                                             (89, '00089', 28, 43, 'desconido', NULL, NULL);
INSERT INTO EX.PERSONA(DOC_IDENTIDAD, NOMBRE, NOMBRE1, APELLIDO, APELLIDO1, FECHA_NAC, GENERO, FOTO) VALUES
                  ('00090', 'Timothy', 'Stacey', 'Crosby', 'Jackson', TO_DATE('1979-08-07','YYYY-MM-DD'), 'm', NULL);
INSERT INTO EX.HISTORICO_RESIDENCIA(FECHA_INICIO, ID_LUGAR, ID_PERSONA, FECHA_FIN) VALUES
                  (TO_DATE('2005-07-16','YYYY-MM-DD'), 35, '00090', NULL);
INSERT INTO EX.FICHA_MEDICA(ID, ID_PERSONA, ID_CENTRO_SALUD, ID_LUGAR, ESTADO, FECHA_INFECCION, FECHA_RECUPERACION) VALUES
                                             (90, '00090', 20, 35, 'desconido', NULL, NULL);
INSERT INTO EX.PERSONA(DOC_IDENTIDAD, NOMBRE, NOMBRE1, APELLIDO, APELLIDO1, FECHA_NAC, GENERO, FOTO) VALUES
                  ('00091', 'Anthony', 'Andrea', 'Hopkins', 'Smith', TO_DATE('1997-03-24','YYYY-MM-DD'), 'f', NULL);
INSERT INTO EX.HISTORICO_RESIDENCIA(FECHA_INICIO, ID_LUGAR, ID_PERSONA, FECHA_FIN) VALUES
                  (TO_DATE('1975-05-12','YYYY-MM-DD'), 43, '00091', NULL);
INSERT INTO EX.FICHA_MEDICA(ID, ID_PERSONA, ID_CENTRO_SALUD, ID_LUGAR, ESTADO, FECHA_INFECCION, FECHA_RECUPERACION) VALUES
                                             (91, '00091', 28, 43, 'desconido', NULL, NULL);
INSERT INTO EX.PADECIMIENTOS(ID_PATOLOGIA, ID_PERSONA, ID_FICHA_MEDICA) VALUES
                            (1, '00091', 91);
INSERT INTO EX.PADECIMIENTOS(ID_PATOLOGIA, ID_PERSONA, ID_FICHA_MEDICA) VALUES
                            (2, '00091', 91);
INSERT INTO EX.PADECIMIENTOS(ID_PATOLOGIA, ID_PERSONA, ID_FICHA_MEDICA) VALUES
                            (3, '00091', 91);
INSERT INTO EX.PADECIMIENTOS(ID_PATOLOGIA, ID_PERSONA, ID_FICHA_MEDICA) VALUES
                            (4, '00091', 91);
INSERT INTO EX.PADECIMIENTOS(ID_PATOLOGIA, ID_PERSONA, ID_FICHA_MEDICA) VALUES
                            (5, '00091', 91);
INSERT INTO EX.PADECIMIENTOS(ID_PATOLOGIA, ID_PERSONA, ID_FICHA_MEDICA) VALUES
                            (6, '00091', 91);
INSERT INTO EX.PADECIMIENTOS(ID_PATOLOGIA, ID_PERSONA, ID_FICHA_MEDICA) VALUES
                            (7, '00091', 91);
INSERT INTO EX.PADECIMIENTOS(ID_PATOLOGIA, ID_PERSONA, ID_FICHA_MEDICA) VALUES
                            (8, '00091', 91);
INSERT INTO EX.PADECIMIENTOS(ID_PATOLOGIA, ID_PERSONA, ID_FICHA_MEDICA) VALUES
                            (9, '00091', 91);
INSERT INTO EX.PERSONA(DOC_IDENTIDAD, NOMBRE, NOMBRE1, APELLIDO, APELLIDO1, FECHA_NAC, GENERO, FOTO) VALUES
                  ('00092', 'Donna', 'Andrea', 'Porter', 'Hampton', TO_DATE('1982-07-22','YYYY-MM-DD'), 'm', NULL);
INSERT INTO EX.HISTORICO_RESIDENCIA(FECHA_INICIO, ID_LUGAR, ID_PERSONA, FECHA_FIN) VALUES
                  (TO_DATE('1973-12-01','YYYY-MM-DD'), 38, '00092', NULL);
INSERT INTO EX.FICHA_MEDICA(ID, ID_PERSONA, ID_CENTRO_SALUD, ID_LUGAR, ESTADO, FECHA_INFECCION, FECHA_RECUPERACION) VALUES
                                             (92, '00092', 23, 38, 'desconido', NULL, NULL);
INSERT INTO EX.PADECIMIENTOS(ID_PATOLOGIA, ID_PERSONA, ID_FICHA_MEDICA) VALUES
                            (1, '00092', 92);
INSERT INTO EX.PADECIMIENTOS(ID_PATOLOGIA, ID_PERSONA, ID_FICHA_MEDICA) VALUES
                            (2, '00092', 92);
INSERT INTO EX.PADECIMIENTOS(ID_PATOLOGIA, ID_PERSONA, ID_FICHA_MEDICA) VALUES
                            (3, '00092', 92);
INSERT INTO EX.PADECIMIENTOS(ID_PATOLOGIA, ID_PERSONA, ID_FICHA_MEDICA) VALUES
                            (4, '00092', 92);
INSERT INTO EX.PADECIMIENTOS(ID_PATOLOGIA, ID_PERSONA, ID_FICHA_MEDICA) VALUES
                            (5, '00092', 92);
INSERT INTO EX.PADECIMIENTOS(ID_PATOLOGIA, ID_PERSONA, ID_FICHA_MEDICA) VALUES
                            (6, '00092', 92);
INSERT INTO EX.PADECIMIENTOS(ID_PATOLOGIA, ID_PERSONA, ID_FICHA_MEDICA) VALUES
                            (7, '00092', 92);
INSERT INTO EX.PADECIMIENTOS(ID_PATOLOGIA, ID_PERSONA, ID_FICHA_MEDICA) VALUES
                            (8, '00092', 92);
INSERT INTO EX.PADECIMIENTOS(ID_PATOLOGIA, ID_PERSONA, ID_FICHA_MEDICA) VALUES
                            (9, '00092', 92);
INSERT INTO EX.PADECIMIENTOS(ID_PATOLOGIA, ID_PERSONA, ID_FICHA_MEDICA) VALUES
                            (10, '00092', 92);
INSERT INTO EX.PADECIMIENTOS(ID_PATOLOGIA, ID_PERSONA, ID_FICHA_MEDICA) VALUES
                            (11, '00092', 92);
INSERT INTO EX.PADECIMIENTOS(ID_PATOLOGIA, ID_PERSONA, ID_FICHA_MEDICA) VALUES
                            (12, '00092', 92);
INSERT INTO EX.PADECIMIENTOS(ID_PATOLOGIA, ID_PERSONA, ID_FICHA_MEDICA) VALUES
                            (13, '00092', 92);
INSERT INTO EX.SINTOMAS(FECHA_INICIO, ID_SINTOMA, ID_PERSONA, ID_FICHA_MEDICA) VALUES
                            (TO_DATE('2020-05-19','YYYY-MM-DD'), 1, '00092', 92);
INSERT INTO EX.SINTOMAS(FECHA_INICIO, ID_SINTOMA, ID_PERSONA, ID_FICHA_MEDICA) VALUES
                            (TO_DATE('2020-05-01','YYYY-MM-DD'), 2, '00092', 92);
INSERT INTO EX.SINTOMAS(FECHA_INICIO, ID_SINTOMA, ID_PERSONA, ID_FICHA_MEDICA) VALUES
                            (TO_DATE('2020-05-14','YYYY-MM-DD'), 3, '00092', 92);
INSERT INTO EX.SINTOMAS(FECHA_INICIO, ID_SINTOMA, ID_PERSONA, ID_FICHA_MEDICA) VALUES
                            (TO_DATE('2020-05-06','YYYY-MM-DD'), 4, '00092', 92);
INSERT INTO EX.SINTOMAS(FECHA_INICIO, ID_SINTOMA, ID_PERSONA, ID_FICHA_MEDICA) VALUES
                            (TO_DATE('2020-04-05','YYYY-MM-DD'), 5, '00092', 92);
INSERT INTO EX.SINTOMAS(FECHA_INICIO, ID_SINTOMA, ID_PERSONA, ID_FICHA_MEDICA) VALUES
                            (TO_DATE('2020-01-07','YYYY-MM-DD'), 6, '00092', 92);
INSERT INTO EX.SINTOMAS(FECHA_INICIO, ID_SINTOMA, ID_PERSONA, ID_FICHA_MEDICA) VALUES
                            (TO_DATE('2020-02-06','YYYY-MM-DD'), 7, '00092', 92);
INSERT INTO EX.SINTOMAS(FECHA_INICIO, ID_SINTOMA, ID_PERSONA, ID_FICHA_MEDICA) VALUES
                            (TO_DATE('2020-01-27','YYYY-MM-DD'), 8, '00092', 92);
INSERT INTO EX.SINTOMAS(FECHA_INICIO, ID_SINTOMA, ID_PERSONA, ID_FICHA_MEDICA) VALUES
                            (TO_DATE('2020-06-12','YYYY-MM-DD'), 9, '00092', 92);
INSERT INTO EX.SINTOMAS(FECHA_INICIO, ID_SINTOMA, ID_PERSONA, ID_FICHA_MEDICA) VALUES
                            (TO_DATE('2020-01-02','YYYY-MM-DD'), 10, '00092', 92);
INSERT INTO EX.PERSONA(DOC_IDENTIDAD, NOMBRE, NOMBRE1, APELLIDO, APELLIDO1, FECHA_NAC, GENERO, FOTO) VALUES
                  ('00093', 'Melanie', 'Jeffrey', 'Pacheco', 'Morales', TO_DATE('2006-01-18','YYYY-MM-DD'), 'f', NULL);
INSERT INTO EX.HISTORICO_RESIDENCIA(FECHA_INICIO, ID_LUGAR, ID_PERSONA, FECHA_FIN) VALUES
                  (TO_DATE('2004-02-27','YYYY-MM-DD'), 30, '00093', NULL);
INSERT INTO EX.FICHA_MEDICA(ID, ID_PERSONA, ID_CENTRO_SALUD, ID_LUGAR, ESTADO, FECHA_INFECCION, FECHA_RECUPERACION) VALUES
                                             (93, '00093', 15, 30, 'desconido', NULL, NULL);
INSERT INTO EX.PADECIMIENTOS(ID_PATOLOGIA, ID_PERSONA, ID_FICHA_MEDICA) VALUES
                            (1, '00093', 93);
INSERT INTO EX.PADECIMIENTOS(ID_PATOLOGIA, ID_PERSONA, ID_FICHA_MEDICA) VALUES
                            (2, '00093', 93);
INSERT INTO EX.PADECIMIENTOS(ID_PATOLOGIA, ID_PERSONA, ID_FICHA_MEDICA) VALUES
                            (3, '00093', 93);
INSERT INTO EX.PADECIMIENTOS(ID_PATOLOGIA, ID_PERSONA, ID_FICHA_MEDICA) VALUES
                            (4, '00093', 93);
INSERT INTO EX.PADECIMIENTOS(ID_PATOLOGIA, ID_PERSONA, ID_FICHA_MEDICA) VALUES
                            (5, '00093', 93);
INSERT INTO EX.PADECIMIENTOS(ID_PATOLOGIA, ID_PERSONA, ID_FICHA_MEDICA) VALUES
                            (6, '00093', 93);
INSERT INTO EX.PADECIMIENTOS(ID_PATOLOGIA, ID_PERSONA, ID_FICHA_MEDICA) VALUES
                            (7, '00093', 93);
INSERT INTO EX.PADECIMIENTOS(ID_PATOLOGIA, ID_PERSONA, ID_FICHA_MEDICA) VALUES
                            (8, '00093', 93);
INSERT INTO EX.PADECIMIENTOS(ID_PATOLOGIA, ID_PERSONA, ID_FICHA_MEDICA) VALUES
                            (9, '00093', 93);
INSERT INTO EX.PERSONA(DOC_IDENTIDAD, NOMBRE, NOMBRE1, APELLIDO, APELLIDO1, FECHA_NAC, GENERO, FOTO) VALUES
                  ('00094', 'Jacob', 'Christine', 'Campbell', 'Jones', TO_DATE('2005-01-25','YYYY-MM-DD'), 'm', NULL);
INSERT INTO EX.HISTORICO_RESIDENCIA(FECHA_INICIO, ID_LUGAR, ID_PERSONA, FECHA_FIN) VALUES
                  (TO_DATE('2006-08-07','YYYY-MM-DD'), 25, '00094', NULL);
INSERT INTO EX.FICHA_MEDICA(ID, ID_PERSONA, ID_CENTRO_SALUD, ID_LUGAR, ESTADO, FECHA_INFECCION, FECHA_RECUPERACION) VALUES
                                             (94, '00094', 10, 25, 'desconido', NULL, NULL);
INSERT INTO EX.PADECIMIENTOS(ID_PATOLOGIA, ID_PERSONA, ID_FICHA_MEDICA) VALUES
                            (1, '00094', 94);
INSERT INTO EX.PADECIMIENTOS(ID_PATOLOGIA, ID_PERSONA, ID_FICHA_MEDICA) VALUES
                            (2, '00094', 94);
INSERT INTO EX.PADECIMIENTOS(ID_PATOLOGIA, ID_PERSONA, ID_FICHA_MEDICA) VALUES
                            (3, '00094', 94);
INSERT INTO EX.PADECIMIENTOS(ID_PATOLOGIA, ID_PERSONA, ID_FICHA_MEDICA) VALUES
                            (4, '00094', 94);
INSERT INTO EX.PADECIMIENTOS(ID_PATOLOGIA, ID_PERSONA, ID_FICHA_MEDICA) VALUES
                            (5, '00094', 94);
INSERT INTO EX.PADECIMIENTOS(ID_PATOLOGIA, ID_PERSONA, ID_FICHA_MEDICA) VALUES
                            (6, '00094', 94);
INSERT INTO EX.PADECIMIENTOS(ID_PATOLOGIA, ID_PERSONA, ID_FICHA_MEDICA) VALUES
                            (7, '00094', 94);
INSERT INTO EX.PADECIMIENTOS(ID_PATOLOGIA, ID_PERSONA, ID_FICHA_MEDICA) VALUES
                            (8, '00094', 94);
INSERT INTO EX.PADECIMIENTOS(ID_PATOLOGIA, ID_PERSONA, ID_FICHA_MEDICA) VALUES
                            (9, '00094', 94);
INSERT INTO EX.PADECIMIENTOS(ID_PATOLOGIA, ID_PERSONA, ID_FICHA_MEDICA) VALUES
                            (10, '00094', 94);
INSERT INTO EX.SINTOMAS(FECHA_INICIO, ID_SINTOMA, ID_PERSONA, ID_FICHA_MEDICA) VALUES
                            (TO_DATE('2020-02-07','YYYY-MM-DD'), 1, '00094', 94);
INSERT INTO EX.SINTOMAS(FECHA_INICIO, ID_SINTOMA, ID_PERSONA, ID_FICHA_MEDICA) VALUES
                            (TO_DATE('2020-05-18','YYYY-MM-DD'), 2, '00094', 94);
INSERT INTO EX.SINTOMAS(FECHA_INICIO, ID_SINTOMA, ID_PERSONA, ID_FICHA_MEDICA) VALUES
                            (TO_DATE('2020-05-14','YYYY-MM-DD'), 3, '00094', 94);
INSERT INTO EX.SINTOMAS(FECHA_INICIO, ID_SINTOMA, ID_PERSONA, ID_FICHA_MEDICA) VALUES
                            (TO_DATE('2020-04-10','YYYY-MM-DD'), 4, '00094', 94);
INSERT INTO EX.SINTOMAS(FECHA_INICIO, ID_SINTOMA, ID_PERSONA, ID_FICHA_MEDICA) VALUES
                            (TO_DATE('2020-04-22','YYYY-MM-DD'), 5, '00094', 94);
INSERT INTO EX.SINTOMAS(FECHA_INICIO, ID_SINTOMA, ID_PERSONA, ID_FICHA_MEDICA) VALUES
                            (TO_DATE('2020-03-29','YYYY-MM-DD'), 6, '00094', 94);
INSERT INTO EX.SINTOMAS(FECHA_INICIO, ID_SINTOMA, ID_PERSONA, ID_FICHA_MEDICA) VALUES
                            (TO_DATE('2020-03-10','YYYY-MM-DD'), 7, '00094', 94);
INSERT INTO EX.SINTOMAS(FECHA_INICIO, ID_SINTOMA, ID_PERSONA, ID_FICHA_MEDICA) VALUES
                            (TO_DATE('2020-05-21','YYYY-MM-DD'), 8, '00094', 94);
INSERT INTO EX.SINTOMAS(FECHA_INICIO, ID_SINTOMA, ID_PERSONA, ID_FICHA_MEDICA) VALUES
                            (TO_DATE('2020-04-15','YYYY-MM-DD'), 9, '00094', 94);
INSERT INTO EX.SINTOMAS(FECHA_INICIO, ID_SINTOMA, ID_PERSONA, ID_FICHA_MEDICA) VALUES
                            (TO_DATE('2020-05-25','YYYY-MM-DD'), 10, '00094', 94);
INSERT INTO EX.SINTOMAS(FECHA_INICIO, ID_SINTOMA, ID_PERSONA, ID_FICHA_MEDICA) VALUES
                            (TO_DATE('2020-02-01','YYYY-MM-DD'), 11, '00094', 94);
INSERT INTO EX.PERSONA(DOC_IDENTIDAD, NOMBRE, NOMBRE1, APELLIDO, APELLIDO1, FECHA_NAC, GENERO, FOTO) VALUES
                  ('00095', 'Edward', 'Steven', 'Adams', 'Johnson', TO_DATE('1982-06-13','YYYY-MM-DD'), 'f', NULL);
INSERT INTO EX.HISTORICO_RESIDENCIA(FECHA_INICIO, ID_LUGAR, ID_PERSONA, FECHA_FIN) VALUES
                  (TO_DATE('2009-12-26','YYYY-MM-DD'), 31, '00095', NULL);
INSERT INTO EX.FICHA_MEDICA(ID, ID_PERSONA, ID_CENTRO_SALUD, ID_LUGAR, ESTADO, FECHA_INFECCION, FECHA_RECUPERACION) VALUES
                                             (95, '00095', 16, 31, 'desconido', NULL, NULL);
INSERT INTO EX.PADECIMIENTOS(ID_PATOLOGIA, ID_PERSONA, ID_FICHA_MEDICA) VALUES
                            (1, '00095', 95);
INSERT INTO EX.PADECIMIENTOS(ID_PATOLOGIA, ID_PERSONA, ID_FICHA_MEDICA) VALUES
                            (2, '00095', 95);
INSERT INTO EX.PADECIMIENTOS(ID_PATOLOGIA, ID_PERSONA, ID_FICHA_MEDICA) VALUES
                            (3, '00095', 95);
INSERT INTO EX.PADECIMIENTOS(ID_PATOLOGIA, ID_PERSONA, ID_FICHA_MEDICA) VALUES
                            (4, '00095', 95);
INSERT INTO EX.PADECIMIENTOS(ID_PATOLOGIA, ID_PERSONA, ID_FICHA_MEDICA) VALUES
                            (5, '00095', 95);
INSERT INTO EX.PADECIMIENTOS(ID_PATOLOGIA, ID_PERSONA, ID_FICHA_MEDICA) VALUES
                            (6, '00095', 95);
INSERT INTO EX.PADECIMIENTOS(ID_PATOLOGIA, ID_PERSONA, ID_FICHA_MEDICA) VALUES
                            (7, '00095', 95);
INSERT INTO EX.PADECIMIENTOS(ID_PATOLOGIA, ID_PERSONA, ID_FICHA_MEDICA) VALUES
                            (8, '00095', 95);
INSERT INTO EX.PADECIMIENTOS(ID_PATOLOGIA, ID_PERSONA, ID_FICHA_MEDICA) VALUES
                            (9, '00095', 95);
INSERT INTO EX.SINTOMAS(FECHA_INICIO, ID_SINTOMA, ID_PERSONA, ID_FICHA_MEDICA) VALUES
                            (TO_DATE('2020-05-29','YYYY-MM-DD'), 1, '00095', 95);
INSERT INTO EX.PERSONA(DOC_IDENTIDAD, NOMBRE, NOMBRE1, APELLIDO, APELLIDO1, FECHA_NAC, GENERO, FOTO) VALUES
                  ('00096', 'Preston', 'Michelle', 'Smith', 'Curry', TO_DATE('1999-02-06','YYYY-MM-DD'), 'm', NULL);
INSERT INTO EX.HISTORICO_RESIDENCIA(FECHA_INICIO, ID_LUGAR, ID_PERSONA, FECHA_FIN) VALUES
                  (TO_DATE('1988-01-24','YYYY-MM-DD'), 23, '00096', NULL);
INSERT INTO EX.FICHA_MEDICA(ID, ID_PERSONA, ID_CENTRO_SALUD, ID_LUGAR, ESTADO, FECHA_INFECCION, FECHA_RECUPERACION) VALUES
                                             (96, '00096', 8, 23, 'desconido', NULL, NULL);
INSERT INTO EX.PADECIMIENTOS(ID_PATOLOGIA, ID_PERSONA, ID_FICHA_MEDICA) VALUES
                            (1, '00096', 96);
INSERT INTO EX.PERSONA(DOC_IDENTIDAD, NOMBRE, NOMBRE1, APELLIDO, APELLIDO1, FECHA_NAC, GENERO, FOTO) VALUES
                  ('00097', 'Paula', 'Jeremiah', 'Coleman', 'Rios', TO_DATE('2009-05-01','YYYY-MM-DD'), 'f', NULL);
INSERT INTO EX.HISTORICO_RESIDENCIA(FECHA_INICIO, ID_LUGAR, ID_PERSONA, FECHA_FIN) VALUES
                  (TO_DATE('2011-10-21','YYYY-MM-DD'), 42, '00097', NULL);
INSERT INTO EX.FICHA_MEDICA(ID, ID_PERSONA, ID_CENTRO_SALUD, ID_LUGAR, ESTADO, FECHA_INFECCION, FECHA_RECUPERACION) VALUES
                                             (97, '00097', 27, 42, 'desconido', NULL, NULL);
INSERT INTO EX.SINTOMAS(FECHA_INICIO, ID_SINTOMA, ID_PERSONA, ID_FICHA_MEDICA) VALUES
                            (TO_DATE('2020-01-09','YYYY-MM-DD'), 1, '00097', 97);
INSERT INTO EX.SINTOMAS(FECHA_INICIO, ID_SINTOMA, ID_PERSONA, ID_FICHA_MEDICA) VALUES
                            (TO_DATE('2020-02-03','YYYY-MM-DD'), 2, '00097', 97);
INSERT INTO EX.SINTOMAS(FECHA_INICIO, ID_SINTOMA, ID_PERSONA, ID_FICHA_MEDICA) VALUES
                            (TO_DATE('2020-06-09','YYYY-MM-DD'), 3, '00097', 97);
INSERT INTO EX.SINTOMAS(FECHA_INICIO, ID_SINTOMA, ID_PERSONA, ID_FICHA_MEDICA) VALUES
                            (TO_DATE('2020-06-06','YYYY-MM-DD'), 4, '00097', 97);
INSERT INTO EX.SINTOMAS(FECHA_INICIO, ID_SINTOMA, ID_PERSONA, ID_FICHA_MEDICA) VALUES
                            (TO_DATE('2020-01-15','YYYY-MM-DD'), 5, '00097', 97);
INSERT INTO EX.SINTOMAS(FECHA_INICIO, ID_SINTOMA, ID_PERSONA, ID_FICHA_MEDICA) VALUES
                            (TO_DATE('2020-06-23','YYYY-MM-DD'), 6, '00097', 97);
INSERT INTO EX.SINTOMAS(FECHA_INICIO, ID_SINTOMA, ID_PERSONA, ID_FICHA_MEDICA) VALUES
                            (TO_DATE('2020-04-09','YYYY-MM-DD'), 7, '00097', 97);
INSERT INTO EX.SINTOMAS(FECHA_INICIO, ID_SINTOMA, ID_PERSONA, ID_FICHA_MEDICA) VALUES
                            (TO_DATE('2020-03-01','YYYY-MM-DD'), 8, '00097', 97);
INSERT INTO EX.SINTOMAS(FECHA_INICIO, ID_SINTOMA, ID_PERSONA, ID_FICHA_MEDICA) VALUES
                            (TO_DATE('2020-05-10','YYYY-MM-DD'), 9, '00097', 97);
INSERT INTO EX.PERSONA(DOC_IDENTIDAD, NOMBRE, NOMBRE1, APELLIDO, APELLIDO1, FECHA_NAC, GENERO, FOTO) VALUES
                  ('00098', 'Ruth', 'Teresa', 'Bryant', 'Stark', TO_DATE('1987-01-02','YYYY-MM-DD'), 'm', NULL);
INSERT INTO EX.HISTORICO_RESIDENCIA(FECHA_INICIO, ID_LUGAR, ID_PERSONA, FECHA_FIN) VALUES
                  (TO_DATE('2005-11-27','YYYY-MM-DD'), 35, '00098', NULL);
INSERT INTO EX.FICHA_MEDICA(ID, ID_PERSONA, ID_CENTRO_SALUD, ID_LUGAR, ESTADO, FECHA_INFECCION, FECHA_RECUPERACION) VALUES
                                             (98, '00098', 20, 35, 'desconido', NULL, NULL);
INSERT INTO EX.PADECIMIENTOS(ID_PATOLOGIA, ID_PERSONA, ID_FICHA_MEDICA) VALUES
                            (1, '00098', 98);
INSERT INTO EX.PADECIMIENTOS(ID_PATOLOGIA, ID_PERSONA, ID_FICHA_MEDICA) VALUES
                            (2, '00098', 98);
INSERT INTO EX.PADECIMIENTOS(ID_PATOLOGIA, ID_PERSONA, ID_FICHA_MEDICA) VALUES
                            (3, '00098', 98);
INSERT INTO EX.PADECIMIENTOS(ID_PATOLOGIA, ID_PERSONA, ID_FICHA_MEDICA) VALUES
                            (4, '00098', 98);
INSERT INTO EX.PADECIMIENTOS(ID_PATOLOGIA, ID_PERSONA, ID_FICHA_MEDICA) VALUES
                            (5, '00098', 98);
INSERT INTO EX.PADECIMIENTOS(ID_PATOLOGIA, ID_PERSONA, ID_FICHA_MEDICA) VALUES
                            (6, '00098', 98);
INSERT INTO EX.PADECIMIENTOS(ID_PATOLOGIA, ID_PERSONA, ID_FICHA_MEDICA) VALUES
                            (7, '00098', 98);
INSERT INTO EX.PADECIMIENTOS(ID_PATOLOGIA, ID_PERSONA, ID_FICHA_MEDICA) VALUES
                            (8, '00098', 98);
INSERT INTO EX.PADECIMIENTOS(ID_PATOLOGIA, ID_PERSONA, ID_FICHA_MEDICA) VALUES
                            (9, '00098', 98);
INSERT INTO EX.PADECIMIENTOS(ID_PATOLOGIA, ID_PERSONA, ID_FICHA_MEDICA) VALUES
                            (10, '00098', 98);
INSERT INTO EX.PADECIMIENTOS(ID_PATOLOGIA, ID_PERSONA, ID_FICHA_MEDICA) VALUES
                            (11, '00098', 98);
INSERT INTO EX.PADECIMIENTOS(ID_PATOLOGIA, ID_PERSONA, ID_FICHA_MEDICA) VALUES
                            (12, '00098', 98);
INSERT INTO EX.PADECIMIENTOS(ID_PATOLOGIA, ID_PERSONA, ID_FICHA_MEDICA) VALUES
                            (13, '00098', 98);
INSERT INTO EX.PERSONA(DOC_IDENTIDAD, NOMBRE, NOMBRE1, APELLIDO, APELLIDO1, FECHA_NAC, GENERO, FOTO) VALUES
                  ('00099', 'Michael', 'Lisa', 'Murphy', 'Pennington', TO_DATE('1981-05-23','YYYY-MM-DD'), 'f', NULL);
INSERT INTO EX.HISTORICO_RESIDENCIA(FECHA_INICIO, ID_LUGAR, ID_PERSONA, FECHA_FIN) VALUES
                  (TO_DATE('1974-03-27','YYYY-MM-DD'), 33, '00099', NULL);
INSERT INTO EX.FICHA_MEDICA(ID, ID_PERSONA, ID_CENTRO_SALUD, ID_LUGAR, ESTADO, FECHA_INFECCION, FECHA_RECUPERACION) VALUES
                                             (99, '00099', 18, 33, 'desconido', NULL, NULL);
INSERT INTO EX.SINTOMAS(FECHA_INICIO, ID_SINTOMA, ID_PERSONA, ID_FICHA_MEDICA) VALUES
                            (TO_DATE('2020-01-18','YYYY-MM-DD'), 1, '00099', 99);
INSERT INTO EX.SINTOMAS(FECHA_INICIO, ID_SINTOMA, ID_PERSONA, ID_FICHA_MEDICA) VALUES
                            (TO_DATE('2020-04-24','YYYY-MM-DD'), 2, '00099', 99);
INSERT INTO EX.SINTOMAS(FECHA_INICIO, ID_SINTOMA, ID_PERSONA, ID_FICHA_MEDICA) VALUES
                            (TO_DATE('2020-05-30','YYYY-MM-DD'), 3, '00099', 99);
INSERT INTO EX.SINTOMAS(FECHA_INICIO, ID_SINTOMA, ID_PERSONA, ID_FICHA_MEDICA) VALUES
                            (TO_DATE('2020-01-19','YYYY-MM-DD'), 4, '00099', 99);
INSERT INTO EX.PERSONA(DOC_IDENTIDAD, NOMBRE, NOMBRE1, APELLIDO, APELLIDO1, FECHA_NAC, GENERO, FOTO) VALUES
                  ('00100', 'Matthew', 'Bill', 'Flores', 'Parker', TO_DATE('1977-10-04','YYYY-MM-DD'), 'm', NULL);
INSERT INTO EX.HISTORICO_RESIDENCIA(FECHA_INICIO, ID_LUGAR, ID_PERSONA, FECHA_FIN) VALUES
                  (TO_DATE('2014-04-26','YYYY-MM-DD'), 21, '00100', NULL);
INSERT INTO EX.FICHA_MEDICA(ID, ID_PERSONA, ID_CENTRO_SALUD, ID_LUGAR, ESTADO, FECHA_INFECCION, FECHA_RECUPERACION) VALUES
                                             (100, '00100', 6, 21, 'desconido', NULL, NULL);
INSERT INTO EX.PERSONA(DOC_IDENTIDAD, NOMBRE, NOMBRE1, APELLIDO, APELLIDO1, FECHA_NAC, GENERO, FOTO) VALUES
                  ('00101', 'Timothy', 'Seth', 'Wallace', 'Davis', TO_DATE('1987-02-01','YYYY-MM-DD'), 'f', NULL);
INSERT INTO EX.HISTORICO_RESIDENCIA(FECHA_INICIO, ID_LUGAR, ID_PERSONA, FECHA_FIN) VALUES
                  (TO_DATE('1991-04-26','YYYY-MM-DD'), 45, '00101', NULL);
INSERT INTO EX.FICHA_MEDICA(ID, ID_PERSONA, ID_CENTRO_SALUD, ID_LUGAR, ESTADO, FECHA_INFECCION, FECHA_RECUPERACION) VALUES
                                             (101, '00101', 30, 45, 'desconido', NULL, NULL);
INSERT INTO EX.PERSONA(DOC_IDENTIDAD, NOMBRE, NOMBRE1, APELLIDO, APELLIDO1, FECHA_NAC, GENERO, FOTO) VALUES
                  ('00102', 'Gary', 'Alyssa', 'Miller', 'Jackson', TO_DATE('1972-08-05','YYYY-MM-DD'), 'm', NULL);
INSERT INTO EX.HISTORICO_RESIDENCIA(FECHA_INICIO, ID_LUGAR, ID_PERSONA, FECHA_FIN) VALUES
                  (TO_DATE('1991-03-09','YYYY-MM-DD'), 40, '00102', NULL);
INSERT INTO EX.FICHA_MEDICA(ID, ID_PERSONA, ID_CENTRO_SALUD, ID_LUGAR, ESTADO, FECHA_INFECCION, FECHA_RECUPERACION) VALUES
                                             (102, '00102', 25, 40, 'desconido', NULL, NULL);
INSERT INTO EX.PADECIMIENTOS(ID_PATOLOGIA, ID_PERSONA, ID_FICHA_MEDICA) VALUES
                            (1, '00102', 102);
INSERT INTO EX.PADECIMIENTOS(ID_PATOLOGIA, ID_PERSONA, ID_FICHA_MEDICA) VALUES
                            (2, '00102', 102);
INSERT INTO EX.SINTOMAS(FECHA_INICIO, ID_SINTOMA, ID_PERSONA, ID_FICHA_MEDICA) VALUES
                            (TO_DATE('2020-05-23','YYYY-MM-DD'), 1, '00102', 102);
INSERT INTO EX.SINTOMAS(FECHA_INICIO, ID_SINTOMA, ID_PERSONA, ID_FICHA_MEDICA) VALUES
                            (TO_DATE('2020-01-05','YYYY-MM-DD'), 2, '00102', 102);
INSERT INTO EX.SINTOMAS(FECHA_INICIO, ID_SINTOMA, ID_PERSONA, ID_FICHA_MEDICA) VALUES
                            (TO_DATE('2020-05-08','YYYY-MM-DD'), 3, '00102', 102);
INSERT INTO EX.SINTOMAS(FECHA_INICIO, ID_SINTOMA, ID_PERSONA, ID_FICHA_MEDICA) VALUES
                            (TO_DATE('2020-05-20','YYYY-MM-DD'), 4, '00102', 102);
INSERT INTO EX.SINTOMAS(FECHA_INICIO, ID_SINTOMA, ID_PERSONA, ID_FICHA_MEDICA) VALUES
                            (TO_DATE('2020-01-21','YYYY-MM-DD'), 5, '00102', 102);
INSERT INTO EX.SINTOMAS(FECHA_INICIO, ID_SINTOMA, ID_PERSONA, ID_FICHA_MEDICA) VALUES
                            (TO_DATE('2020-02-27','YYYY-MM-DD'), 6, '00102', 102);
INSERT INTO EX.SINTOMAS(FECHA_INICIO, ID_SINTOMA, ID_PERSONA, ID_FICHA_MEDICA) VALUES
                            (TO_DATE('2020-06-02','YYYY-MM-DD'), 7, '00102', 102);
INSERT INTO EX.SINTOMAS(FECHA_INICIO, ID_SINTOMA, ID_PERSONA, ID_FICHA_MEDICA) VALUES
                            (TO_DATE('2020-04-26','YYYY-MM-DD'), 8, '00102', 102);
INSERT INTO EX.SINTOMAS(FECHA_INICIO, ID_SINTOMA, ID_PERSONA, ID_FICHA_MEDICA) VALUES
                            (TO_DATE('2020-01-08','YYYY-MM-DD'), 9, '00102', 102);
INSERT INTO EX.SINTOMAS(FECHA_INICIO, ID_SINTOMA, ID_PERSONA, ID_FICHA_MEDICA) VALUES
                            (TO_DATE('2020-01-17','YYYY-MM-DD'), 10, '00102', 102);
INSERT INTO EX.SINTOMAS(FECHA_INICIO, ID_SINTOMA, ID_PERSONA, ID_FICHA_MEDICA) VALUES
                            (TO_DATE('2020-02-22','YYYY-MM-DD'), 11, '00102', 102);
INSERT INTO EX.SINTOMAS(FECHA_INICIO, ID_SINTOMA, ID_PERSONA, ID_FICHA_MEDICA) VALUES
                            (TO_DATE('2020-04-07','YYYY-MM-DD'), 12, '00102', 102);
INSERT INTO EX.SINTOMAS(FECHA_INICIO, ID_SINTOMA, ID_PERSONA, ID_FICHA_MEDICA) VALUES
                            (TO_DATE('2020-01-27','YYYY-MM-DD'), 13, '00102', 102);
INSERT INTO EX.PERSONA(DOC_IDENTIDAD, NOMBRE, NOMBRE1, APELLIDO, APELLIDO1, FECHA_NAC, GENERO, FOTO) VALUES
                  ('00103', 'Justin', 'Sarah', 'Smith', 'Church', TO_DATE('2014-05-05','YYYY-MM-DD'), 'f', NULL);
INSERT INTO EX.HISTORICO_RESIDENCIA(FECHA_INICIO, ID_LUGAR, ID_PERSONA, FECHA_FIN) VALUES
                  (TO_DATE('1998-08-12','YYYY-MM-DD'), 27, '00103', NULL);
INSERT INTO EX.FICHA_MEDICA(ID, ID_PERSONA, ID_CENTRO_SALUD, ID_LUGAR, ESTADO, FECHA_INFECCION, FECHA_RECUPERACION) VALUES
                                             (103, '00103', 12, 27, 'desconido', NULL, NULL);
INSERT INTO EX.SINTOMAS(FECHA_INICIO, ID_SINTOMA, ID_PERSONA, ID_FICHA_MEDICA) VALUES
                            (TO_DATE('2020-06-09','YYYY-MM-DD'), 1, '00103', 103);
INSERT INTO EX.SINTOMAS(FECHA_INICIO, ID_SINTOMA, ID_PERSONA, ID_FICHA_MEDICA) VALUES
                            (TO_DATE('2020-06-07','YYYY-MM-DD'), 2, '00103', 103);
INSERT INTO EX.SINTOMAS(FECHA_INICIO, ID_SINTOMA, ID_PERSONA, ID_FICHA_MEDICA) VALUES
                            (TO_DATE('2020-05-17','YYYY-MM-DD'), 3, '00103', 103);
INSERT INTO EX.SINTOMAS(FECHA_INICIO, ID_SINTOMA, ID_PERSONA, ID_FICHA_MEDICA) VALUES
                            (TO_DATE('2020-04-18','YYYY-MM-DD'), 4, '00103', 103);
INSERT INTO EX.SINTOMAS(FECHA_INICIO, ID_SINTOMA, ID_PERSONA, ID_FICHA_MEDICA) VALUES
                            (TO_DATE('2020-01-14','YYYY-MM-DD'), 5, '00103', 103);
INSERT INTO EX.SINTOMAS(FECHA_INICIO, ID_SINTOMA, ID_PERSONA, ID_FICHA_MEDICA) VALUES
                            (TO_DATE('2020-02-13','YYYY-MM-DD'), 6, '00103', 103);
INSERT INTO EX.SINTOMAS(FECHA_INICIO, ID_SINTOMA, ID_PERSONA, ID_FICHA_MEDICA) VALUES
                            (TO_DATE('2020-02-19','YYYY-MM-DD'), 7, '00103', 103);
INSERT INTO EX.SINTOMAS(FECHA_INICIO, ID_SINTOMA, ID_PERSONA, ID_FICHA_MEDICA) VALUES
                            (TO_DATE('2020-04-02','YYYY-MM-DD'), 8, '00103', 103);
INSERT INTO EX.SINTOMAS(FECHA_INICIO, ID_SINTOMA, ID_PERSONA, ID_FICHA_MEDICA) VALUES
                            (TO_DATE('2020-05-09','YYYY-MM-DD'), 9, '00103', 103);
INSERT INTO EX.SINTOMAS(FECHA_INICIO, ID_SINTOMA, ID_PERSONA, ID_FICHA_MEDICA) VALUES
                            (TO_DATE('2020-02-03','YYYY-MM-DD'), 10, '00103', 103);
INSERT INTO EX.SINTOMAS(FECHA_INICIO, ID_SINTOMA, ID_PERSONA, ID_FICHA_MEDICA) VALUES
                            (TO_DATE('2020-06-20','YYYY-MM-DD'), 11, '00103', 103);
INSERT INTO EX.SINTOMAS(FECHA_INICIO, ID_SINTOMA, ID_PERSONA, ID_FICHA_MEDICA) VALUES
                            (TO_DATE('2020-02-10','YYYY-MM-DD'), 12, '00103', 103);
INSERT INTO EX.SINTOMAS(FECHA_INICIO, ID_SINTOMA, ID_PERSONA, ID_FICHA_MEDICA) VALUES
                            (TO_DATE('2020-03-13','YYYY-MM-DD'), 13, '00103', 103);
INSERT INTO EX.SINTOMAS(FECHA_INICIO, ID_SINTOMA, ID_PERSONA, ID_FICHA_MEDICA) VALUES
                            (TO_DATE('2020-04-11','YYYY-MM-DD'), 14, '00103', 103);
INSERT INTO EX.SINTOMAS(FECHA_INICIO, ID_SINTOMA, ID_PERSONA, ID_FICHA_MEDICA) VALUES
                            (TO_DATE('2020-01-26','YYYY-MM-DD'), 15, '00103', 103);
INSERT INTO EX.SINTOMAS(FECHA_INICIO, ID_SINTOMA, ID_PERSONA, ID_FICHA_MEDICA) VALUES
                            (TO_DATE('2020-03-27','YYYY-MM-DD'), 16, '00103', 103);
INSERT INTO EX.SINTOMAS(FECHA_INICIO, ID_SINTOMA, ID_PERSONA, ID_FICHA_MEDICA) VALUES
                            (TO_DATE('2020-03-29','YYYY-MM-DD'), 17, '00103', 103);
INSERT INTO EX.SINTOMAS(FECHA_INICIO, ID_SINTOMA, ID_PERSONA, ID_FICHA_MEDICA) VALUES
                            (TO_DATE('2020-01-12','YYYY-MM-DD'), 18, '00103', 103);
INSERT INTO EX.PERSONA(DOC_IDENTIDAD, NOMBRE, NOMBRE1, APELLIDO, APELLIDO1, FECHA_NAC, GENERO, FOTO) VALUES
                  ('00104', 'Daniel', 'Kristen', 'Mitchell', 'Moore', TO_DATE('1996-04-05','YYYY-MM-DD'), 'm', NULL);
INSERT INTO EX.HISTORICO_RESIDENCIA(FECHA_INICIO, ID_LUGAR, ID_PERSONA, FECHA_FIN) VALUES
                  (TO_DATE('1998-08-14','YYYY-MM-DD'), 28, '00104', NULL);
INSERT INTO EX.FICHA_MEDICA(ID, ID_PERSONA, ID_CENTRO_SALUD, ID_LUGAR, ESTADO, FECHA_INFECCION, FECHA_RECUPERACION) VALUES
                                             (104, '00104', 13, 28, 'desconido', NULL, NULL);
INSERT INTO EX.PERSONA(DOC_IDENTIDAD, NOMBRE, NOMBRE1, APELLIDO, APELLIDO1, FECHA_NAC, GENERO, FOTO) VALUES
                  ('00105', 'Tamara', 'Victoria', 'Marshall', 'Harris', TO_DATE('1998-05-06','YYYY-MM-DD'), 'f', NULL);
INSERT INTO EX.HISTORICO_RESIDENCIA(FECHA_INICIO, ID_LUGAR, ID_PERSONA, FECHA_FIN) VALUES
                  (TO_DATE('2015-04-15','YYYY-MM-DD'), 37, '00105', NULL);
INSERT INTO EX.FICHA_MEDICA(ID, ID_PERSONA, ID_CENTRO_SALUD, ID_LUGAR, ESTADO, FECHA_INFECCION, FECHA_RECUPERACION) VALUES
                                             (105, '00105', 22, 37, 'desconido', NULL, NULL);
INSERT INTO EX.PADECIMIENTOS(ID_PATOLOGIA, ID_PERSONA, ID_FICHA_MEDICA) VALUES
                            (1, '00105', 105);
INSERT INTO EX.PADECIMIENTOS(ID_PATOLOGIA, ID_PERSONA, ID_FICHA_MEDICA) VALUES
                            (2, '00105', 105);
INSERT INTO EX.PADECIMIENTOS(ID_PATOLOGIA, ID_PERSONA, ID_FICHA_MEDICA) VALUES
                            (3, '00105', 105);
INSERT INTO EX.PADECIMIENTOS(ID_PATOLOGIA, ID_PERSONA, ID_FICHA_MEDICA) VALUES
                            (4, '00105', 105);
INSERT INTO EX.PADECIMIENTOS(ID_PATOLOGIA, ID_PERSONA, ID_FICHA_MEDICA) VALUES
                            (5, '00105', 105);
INSERT INTO EX.PADECIMIENTOS(ID_PATOLOGIA, ID_PERSONA, ID_FICHA_MEDICA) VALUES
                            (6, '00105', 105);
INSERT INTO EX.PADECIMIENTOS(ID_PATOLOGIA, ID_PERSONA, ID_FICHA_MEDICA) VALUES
                            (7, '00105', 105);
INSERT INTO EX.PADECIMIENTOS(ID_PATOLOGIA, ID_PERSONA, ID_FICHA_MEDICA) VALUES
                            (8, '00105', 105);
INSERT INTO EX.PADECIMIENTOS(ID_PATOLOGIA, ID_PERSONA, ID_FICHA_MEDICA) VALUES
                            (9, '00105', 105);
INSERT INTO EX.PERSONA(DOC_IDENTIDAD, NOMBRE, NOMBRE1, APELLIDO, APELLIDO1, FECHA_NAC, GENERO, FOTO) VALUES
                  ('00106', 'Monica', 'Billy', 'Herrera', 'Yang', TO_DATE('1990-05-09','YYYY-MM-DD'), 'm', NULL);
INSERT INTO EX.HISTORICO_RESIDENCIA(FECHA_INICIO, ID_LUGAR, ID_PERSONA, FECHA_FIN) VALUES
                  (TO_DATE('1973-09-11','YYYY-MM-DD'), 26, '00106', NULL);
INSERT INTO EX.FICHA_MEDICA(ID, ID_PERSONA, ID_CENTRO_SALUD, ID_LUGAR, ESTADO, FECHA_INFECCION, FECHA_RECUPERACION) VALUES
                                             (106, '00106', 11, 26, 'desconido', NULL, NULL);
INSERT INTO EX.PERSONA(DOC_IDENTIDAD, NOMBRE, NOMBRE1, APELLIDO, APELLIDO1, FECHA_NAC, GENERO, FOTO) VALUES
                  ('00107', 'Regina', 'John', 'Perez', 'Williamson', TO_DATE('1988-07-23','YYYY-MM-DD'), 'f', NULL);
INSERT INTO EX.HISTORICO_RESIDENCIA(FECHA_INICIO, ID_LUGAR, ID_PERSONA, FECHA_FIN) VALUES
                  (TO_DATE('1991-08-11','YYYY-MM-DD'), 19, '00107', NULL);
INSERT INTO EX.FICHA_MEDICA(ID, ID_PERSONA, ID_CENTRO_SALUD, ID_LUGAR, ESTADO, FECHA_INFECCION, FECHA_RECUPERACION) VALUES
                                             (107, '00107', 4, 19, 'desconido', NULL, NULL);
INSERT INTO EX.SINTOMAS(FECHA_INICIO, ID_SINTOMA, ID_PERSONA, ID_FICHA_MEDICA) VALUES
                            (TO_DATE('2020-01-21','YYYY-MM-DD'), 1, '00107', 107);
INSERT INTO EX.SINTOMAS(FECHA_INICIO, ID_SINTOMA, ID_PERSONA, ID_FICHA_MEDICA) VALUES
                            (TO_DATE('2020-03-16','YYYY-MM-DD'), 2, '00107', 107);
INSERT INTO EX.SINTOMAS(FECHA_INICIO, ID_SINTOMA, ID_PERSONA, ID_FICHA_MEDICA) VALUES
                            (TO_DATE('2020-01-18','YYYY-MM-DD'), 3, '00107', 107);
INSERT INTO EX.SINTOMAS(FECHA_INICIO, ID_SINTOMA, ID_PERSONA, ID_FICHA_MEDICA) VALUES
                            (TO_DATE('2020-04-13','YYYY-MM-DD'), 4, '00107', 107);
INSERT INTO EX.SINTOMAS(FECHA_INICIO, ID_SINTOMA, ID_PERSONA, ID_FICHA_MEDICA) VALUES
                            (TO_DATE('2020-06-22','YYYY-MM-DD'), 5, '00107', 107);
INSERT INTO EX.SINTOMAS(FECHA_INICIO, ID_SINTOMA, ID_PERSONA, ID_FICHA_MEDICA) VALUES
                            (TO_DATE('2020-02-29','YYYY-MM-DD'), 6, '00107', 107);
INSERT INTO EX.SINTOMAS(FECHA_INICIO, ID_SINTOMA, ID_PERSONA, ID_FICHA_MEDICA) VALUES
                            (TO_DATE('2020-05-13','YYYY-MM-DD'), 7, '00107', 107);
INSERT INTO EX.SINTOMAS(FECHA_INICIO, ID_SINTOMA, ID_PERSONA, ID_FICHA_MEDICA) VALUES
                            (TO_DATE('2020-06-15','YYYY-MM-DD'), 8, '00107', 107);
INSERT INTO EX.SINTOMAS(FECHA_INICIO, ID_SINTOMA, ID_PERSONA, ID_FICHA_MEDICA) VALUES
                            (TO_DATE('2020-06-18','YYYY-MM-DD'), 9, '00107', 107);
INSERT INTO EX.SINTOMAS(FECHA_INICIO, ID_SINTOMA, ID_PERSONA, ID_FICHA_MEDICA) VALUES
                            (TO_DATE('2020-02-26','YYYY-MM-DD'), 10, '00107', 107);
INSERT INTO EX.SINTOMAS(FECHA_INICIO, ID_SINTOMA, ID_PERSONA, ID_FICHA_MEDICA) VALUES
                            (TO_DATE('2020-02-24','YYYY-MM-DD'), 11, '00107', 107);
INSERT INTO EX.SINTOMAS(FECHA_INICIO, ID_SINTOMA, ID_PERSONA, ID_FICHA_MEDICA) VALUES
                            (TO_DATE('2020-04-19','YYYY-MM-DD'), 12, '00107', 107);
INSERT INTO EX.SINTOMAS(FECHA_INICIO, ID_SINTOMA, ID_PERSONA, ID_FICHA_MEDICA) VALUES
                            (TO_DATE('2020-02-27','YYYY-MM-DD'), 13, '00107', 107);
INSERT INTO EX.SINTOMAS(FECHA_INICIO, ID_SINTOMA, ID_PERSONA, ID_FICHA_MEDICA) VALUES
                            (TO_DATE('2020-04-02','YYYY-MM-DD'), 14, '00107', 107);
INSERT INTO EX.SINTOMAS(FECHA_INICIO, ID_SINTOMA, ID_PERSONA, ID_FICHA_MEDICA) VALUES
                            (TO_DATE('2020-02-27','YYYY-MM-DD'), 15, '00107', 107);
INSERT INTO EX.SINTOMAS(FECHA_INICIO, ID_SINTOMA, ID_PERSONA, ID_FICHA_MEDICA) VALUES
                            (TO_DATE('2020-05-16','YYYY-MM-DD'), 16, '00107', 107);
INSERT INTO EX.SINTOMAS(FECHA_INICIO, ID_SINTOMA, ID_PERSONA, ID_FICHA_MEDICA) VALUES
                            (TO_DATE('2020-01-03','YYYY-MM-DD'), 17, '00107', 107);
INSERT INTO EX.PERSONA(DOC_IDENTIDAD, NOMBRE, NOMBRE1, APELLIDO, APELLIDO1, FECHA_NAC, GENERO, FOTO) VALUES
                  ('00108', 'Victoria', 'Amber', 'Carey', 'Fuller', TO_DATE('2019-08-09','YYYY-MM-DD'), 'm', NULL);
INSERT INTO EX.HISTORICO_RESIDENCIA(FECHA_INICIO, ID_LUGAR, ID_PERSONA, FECHA_FIN) VALUES
                  (TO_DATE('2020-03-28','YYYY-MM-DD'), 18, '00108', NULL);
INSERT INTO EX.FICHA_MEDICA(ID, ID_PERSONA, ID_CENTRO_SALUD, ID_LUGAR, ESTADO, FECHA_INFECCION, FECHA_RECUPERACION) VALUES
                                             (108, '00108', 3, 18, 'desconido', NULL, NULL);
INSERT INTO EX.PERSONA(DOC_IDENTIDAD, NOMBRE, NOMBRE1, APELLIDO, APELLIDO1, FECHA_NAC, GENERO, FOTO) VALUES
                  ('00109', 'Paul', 'Misty', 'Atkins', 'Dunn', TO_DATE('2014-04-17','YYYY-MM-DD'), 'f', NULL);
INSERT INTO EX.HISTORICO_RESIDENCIA(FECHA_INICIO, ID_LUGAR, ID_PERSONA, FECHA_FIN) VALUES
                  (TO_DATE('2018-02-17','YYYY-MM-DD'), 29, '00109', NULL);
INSERT INTO EX.FICHA_MEDICA(ID, ID_PERSONA, ID_CENTRO_SALUD, ID_LUGAR, ESTADO, FECHA_INFECCION, FECHA_RECUPERACION) VALUES
                                             (109, '00109', 14, 29, 'desconido', NULL, NULL);
INSERT INTO EX.PERSONA(DOC_IDENTIDAD, NOMBRE, NOMBRE1, APELLIDO, APELLIDO1, FECHA_NAC, GENERO, FOTO) VALUES
                  ('00110', 'Alexander', 'Michael', 'Preston', 'Ramos', TO_DATE('1982-10-12','YYYY-MM-DD'), 'm', NULL);
INSERT INTO EX.HISTORICO_RESIDENCIA(FECHA_INICIO, ID_LUGAR, ID_PERSONA, FECHA_FIN) VALUES
                  (TO_DATE('2019-06-04','YYYY-MM-DD'), 25, '00110', NULL);
INSERT INTO EX.FICHA_MEDICA(ID, ID_PERSONA, ID_CENTRO_SALUD, ID_LUGAR, ESTADO, FECHA_INFECCION, FECHA_RECUPERACION) VALUES
                                             (110, '00110', 10, 25, 'desconido', NULL, NULL);
INSERT INTO EX.SINTOMAS(FECHA_INICIO, ID_SINTOMA, ID_PERSONA, ID_FICHA_MEDICA) VALUES
                            (TO_DATE('2020-02-11','YYYY-MM-DD'), 1, '00110', 110);
INSERT INTO EX.SINTOMAS(FECHA_INICIO, ID_SINTOMA, ID_PERSONA, ID_FICHA_MEDICA) VALUES
                            (TO_DATE('2020-05-08','YYYY-MM-DD'), 2, '00110', 110);
INSERT INTO EX.SINTOMAS(FECHA_INICIO, ID_SINTOMA, ID_PERSONA, ID_FICHA_MEDICA) VALUES
                            (TO_DATE('2020-01-16','YYYY-MM-DD'), 3, '00110', 110);
INSERT INTO EX.SINTOMAS(FECHA_INICIO, ID_SINTOMA, ID_PERSONA, ID_FICHA_MEDICA) VALUES
                            (TO_DATE('2020-05-08','YYYY-MM-DD'), 4, '00110', 110);
INSERT INTO EX.SINTOMAS(FECHA_INICIO, ID_SINTOMA, ID_PERSONA, ID_FICHA_MEDICA) VALUES
                            (TO_DATE('2020-05-19','YYYY-MM-DD'), 5, '00110', 110);
INSERT INTO EX.SINTOMAS(FECHA_INICIO, ID_SINTOMA, ID_PERSONA, ID_FICHA_MEDICA) VALUES
                            (TO_DATE('2020-05-29','YYYY-MM-DD'), 6, '00110', 110);
INSERT INTO EX.SINTOMAS(FECHA_INICIO, ID_SINTOMA, ID_PERSONA, ID_FICHA_MEDICA) VALUES
                            (TO_DATE('2020-01-05','YYYY-MM-DD'), 7, '00110', 110);
INSERT INTO EX.SINTOMAS(FECHA_INICIO, ID_SINTOMA, ID_PERSONA, ID_FICHA_MEDICA) VALUES
                            (TO_DATE('2020-06-07','YYYY-MM-DD'), 8, '00110', 110);
INSERT INTO EX.PERSONA(DOC_IDENTIDAD, NOMBRE, NOMBRE1, APELLIDO, APELLIDO1, FECHA_NAC, GENERO, FOTO) VALUES
                  ('00111', 'Bryce', 'Ashley', 'Price', 'Adams', TO_DATE('2001-03-15','YYYY-MM-DD'), 'f', NULL);
INSERT INTO EX.HISTORICO_RESIDENCIA(FECHA_INICIO, ID_LUGAR, ID_PERSONA, FECHA_FIN) VALUES
                  (TO_DATE('2009-12-01','YYYY-MM-DD'), 43, '00111', NULL);
INSERT INTO EX.FICHA_MEDICA(ID, ID_PERSONA, ID_CENTRO_SALUD, ID_LUGAR, ESTADO, FECHA_INFECCION, FECHA_RECUPERACION) VALUES
                                             (111, '00111', 28, 43, 'desconido', NULL, NULL);
INSERT INTO EX.PADECIMIENTOS(ID_PATOLOGIA, ID_PERSONA, ID_FICHA_MEDICA) VALUES
                            (1, '00111', 111);
INSERT INTO EX.PADECIMIENTOS(ID_PATOLOGIA, ID_PERSONA, ID_FICHA_MEDICA) VALUES
                            (2, '00111', 111);
INSERT INTO EX.PADECIMIENTOS(ID_PATOLOGIA, ID_PERSONA, ID_FICHA_MEDICA) VALUES
                            (3, '00111', 111);
INSERT INTO EX.PADECIMIENTOS(ID_PATOLOGIA, ID_PERSONA, ID_FICHA_MEDICA) VALUES
                            (4, '00111', 111);
INSERT INTO EX.PERSONA(DOC_IDENTIDAD, NOMBRE, NOMBRE1, APELLIDO, APELLIDO1, FECHA_NAC, GENERO, FOTO) VALUES
                  ('00112', 'Daniel', 'Larry', 'Woods', 'Bennett', TO_DATE('2000-05-23','YYYY-MM-DD'), 'm', NULL);
INSERT INTO EX.HISTORICO_RESIDENCIA(FECHA_INICIO, ID_LUGAR, ID_PERSONA, FECHA_FIN) VALUES
                  (TO_DATE('1990-09-05','YYYY-MM-DD'), 45, '00112', NULL);
INSERT INTO EX.FICHA_MEDICA(ID, ID_PERSONA, ID_CENTRO_SALUD, ID_LUGAR, ESTADO, FECHA_INFECCION, FECHA_RECUPERACION) VALUES
                                             (112, '00112', 30, 45, 'desconido', NULL, NULL);
INSERT INTO EX.PADECIMIENTOS(ID_PATOLOGIA, ID_PERSONA, ID_FICHA_MEDICA) VALUES
                            (1, '00112', 112);
INSERT INTO EX.PADECIMIENTOS(ID_PATOLOGIA, ID_PERSONA, ID_FICHA_MEDICA) VALUES
                            (2, '00112', 112);
INSERT INTO EX.PADECIMIENTOS(ID_PATOLOGIA, ID_PERSONA, ID_FICHA_MEDICA) VALUES
                            (3, '00112', 112);
INSERT INTO EX.PADECIMIENTOS(ID_PATOLOGIA, ID_PERSONA, ID_FICHA_MEDICA) VALUES
                            (4, '00112', 112);
INSERT INTO EX.PADECIMIENTOS(ID_PATOLOGIA, ID_PERSONA, ID_FICHA_MEDICA) VALUES
                            (5, '00112', 112);
INSERT INTO EX.PADECIMIENTOS(ID_PATOLOGIA, ID_PERSONA, ID_FICHA_MEDICA) VALUES
                            (6, '00112', 112);
INSERT INTO EX.PADECIMIENTOS(ID_PATOLOGIA, ID_PERSONA, ID_FICHA_MEDICA) VALUES
                            (7, '00112', 112);
INSERT INTO EX.PADECIMIENTOS(ID_PATOLOGIA, ID_PERSONA, ID_FICHA_MEDICA) VALUES
                            (8, '00112', 112);
INSERT INTO EX.PADECIMIENTOS(ID_PATOLOGIA, ID_PERSONA, ID_FICHA_MEDICA) VALUES
                            (9, '00112', 112);
INSERT INTO EX.PADECIMIENTOS(ID_PATOLOGIA, ID_PERSONA, ID_FICHA_MEDICA) VALUES
                            (10, '00112', 112);
INSERT INTO EX.PADECIMIENTOS(ID_PATOLOGIA, ID_PERSONA, ID_FICHA_MEDICA) VALUES
                            (11, '00112', 112);
INSERT INTO EX.PADECIMIENTOS(ID_PATOLOGIA, ID_PERSONA, ID_FICHA_MEDICA) VALUES
                            (12, '00112', 112);
INSERT INTO EX.PERSONA(DOC_IDENTIDAD, NOMBRE, NOMBRE1, APELLIDO, APELLIDO1, FECHA_NAC, GENERO, FOTO) VALUES
                  ('00113', 'Cynthia', 'Briana', 'Jennings', 'Maldonado', TO_DATE('1997-10-26','YYYY-MM-DD'), 'f', NULL);
INSERT INTO EX.HISTORICO_RESIDENCIA(FECHA_INICIO, ID_LUGAR, ID_PERSONA, FECHA_FIN) VALUES
                  (TO_DATE('1977-11-28','YYYY-MM-DD'), 43, '00113', NULL);
INSERT INTO EX.FICHA_MEDICA(ID, ID_PERSONA, ID_CENTRO_SALUD, ID_LUGAR, ESTADO, FECHA_INFECCION, FECHA_RECUPERACION) VALUES
                                             (113, '00113', 28, 43, 'desconido', NULL, NULL);
INSERT INTO EX.PERSONA(DOC_IDENTIDAD, NOMBRE, NOMBRE1, APELLIDO, APELLIDO1, FECHA_NAC, GENERO, FOTO) VALUES
                  ('00114', 'Gary', 'Sandra', 'Stone', 'Bonilla', TO_DATE('2006-03-12','YYYY-MM-DD'), 'm', NULL);
INSERT INTO EX.HISTORICO_RESIDENCIA(FECHA_INICIO, ID_LUGAR, ID_PERSONA, FECHA_FIN) VALUES
                  (TO_DATE('1992-01-18','YYYY-MM-DD'), 21, '00114', NULL);
INSERT INTO EX.FICHA_MEDICA(ID, ID_PERSONA, ID_CENTRO_SALUD, ID_LUGAR, ESTADO, FECHA_INFECCION, FECHA_RECUPERACION) VALUES
                                             (114, '00114', 6, 21, 'desconido', NULL, NULL);
INSERT INTO EX.PADECIMIENTOS(ID_PATOLOGIA, ID_PERSONA, ID_FICHA_MEDICA) VALUES
                            (1, '00114', 114);
INSERT INTO EX.PADECIMIENTOS(ID_PATOLOGIA, ID_PERSONA, ID_FICHA_MEDICA) VALUES
                            (2, '00114', 114);
INSERT INTO EX.PADECIMIENTOS(ID_PATOLOGIA, ID_PERSONA, ID_FICHA_MEDICA) VALUES
                            (3, '00114', 114);
INSERT INTO EX.PADECIMIENTOS(ID_PATOLOGIA, ID_PERSONA, ID_FICHA_MEDICA) VALUES
                            (4, '00114', 114);
INSERT INTO EX.PADECIMIENTOS(ID_PATOLOGIA, ID_PERSONA, ID_FICHA_MEDICA) VALUES
                            (5, '00114', 114);
INSERT INTO EX.PADECIMIENTOS(ID_PATOLOGIA, ID_PERSONA, ID_FICHA_MEDICA) VALUES
                            (6, '00114', 114);
INSERT INTO EX.PADECIMIENTOS(ID_PATOLOGIA, ID_PERSONA, ID_FICHA_MEDICA) VALUES
                            (7, '00114', 114);
INSERT INTO EX.PADECIMIENTOS(ID_PATOLOGIA, ID_PERSONA, ID_FICHA_MEDICA) VALUES
                            (8, '00114', 114);
INSERT INTO EX.PADECIMIENTOS(ID_PATOLOGIA, ID_PERSONA, ID_FICHA_MEDICA) VALUES
                            (9, '00114', 114);
INSERT INTO EX.PADECIMIENTOS(ID_PATOLOGIA, ID_PERSONA, ID_FICHA_MEDICA) VALUES
                            (10, '00114', 114);
INSERT INTO EX.PADECIMIENTOS(ID_PATOLOGIA, ID_PERSONA, ID_FICHA_MEDICA) VALUES
                            (11, '00114', 114);
INSERT INTO EX.PADECIMIENTOS(ID_PATOLOGIA, ID_PERSONA, ID_FICHA_MEDICA) VALUES
                            (12, '00114', 114);
INSERT INTO EX.PADECIMIENTOS(ID_PATOLOGIA, ID_PERSONA, ID_FICHA_MEDICA) VALUES
                            (13, '00114', 114);
INSERT INTO EX.PERSONA(DOC_IDENTIDAD, NOMBRE, NOMBRE1, APELLIDO, APELLIDO1, FECHA_NAC, GENERO, FOTO) VALUES
                  ('00115', 'Cathy', 'Angela', 'Parsons', 'Owens', TO_DATE('1982-07-30','YYYY-MM-DD'), 'f', NULL);
INSERT INTO EX.HISTORICO_RESIDENCIA(FECHA_INICIO, ID_LUGAR, ID_PERSONA, FECHA_FIN) VALUES
                  (TO_DATE('1970-03-19','YYYY-MM-DD'), 19, '00115', NULL);
INSERT INTO EX.FICHA_MEDICA(ID, ID_PERSONA, ID_CENTRO_SALUD, ID_LUGAR, ESTADO, FECHA_INFECCION, FECHA_RECUPERACION) VALUES
                                             (115, '00115', 4, 19, 'desconido', NULL, NULL);
INSERT INTO EX.PADECIMIENTOS(ID_PATOLOGIA, ID_PERSONA, ID_FICHA_MEDICA) VALUES
                            (1, '00115', 115);
INSERT INTO EX.PADECIMIENTOS(ID_PATOLOGIA, ID_PERSONA, ID_FICHA_MEDICA) VALUES
                            (2, '00115', 115);
INSERT INTO EX.PADECIMIENTOS(ID_PATOLOGIA, ID_PERSONA, ID_FICHA_MEDICA) VALUES
                            (3, '00115', 115);
INSERT INTO EX.PADECIMIENTOS(ID_PATOLOGIA, ID_PERSONA, ID_FICHA_MEDICA) VALUES
                            (4, '00115', 115);
INSERT INTO EX.PADECIMIENTOS(ID_PATOLOGIA, ID_PERSONA, ID_FICHA_MEDICA) VALUES
                            (5, '00115', 115);
INSERT INTO EX.PADECIMIENTOS(ID_PATOLOGIA, ID_PERSONA, ID_FICHA_MEDICA) VALUES
                            (6, '00115', 115);
INSERT INTO EX.PADECIMIENTOS(ID_PATOLOGIA, ID_PERSONA, ID_FICHA_MEDICA) VALUES
                            (7, '00115', 115);
INSERT INTO EX.PADECIMIENTOS(ID_PATOLOGIA, ID_PERSONA, ID_FICHA_MEDICA) VALUES
                            (8, '00115', 115);
INSERT INTO EX.PADECIMIENTOS(ID_PATOLOGIA, ID_PERSONA, ID_FICHA_MEDICA) VALUES
                            (9, '00115', 115);
INSERT INTO EX.SINTOMAS(FECHA_INICIO, ID_SINTOMA, ID_PERSONA, ID_FICHA_MEDICA) VALUES
                            (TO_DATE('2020-01-27','YYYY-MM-DD'), 1, '00115', 115);
INSERT INTO EX.SINTOMAS(FECHA_INICIO, ID_SINTOMA, ID_PERSONA, ID_FICHA_MEDICA) VALUES
                            (TO_DATE('2020-04-17','YYYY-MM-DD'), 2, '00115', 115);
INSERT INTO EX.SINTOMAS(FECHA_INICIO, ID_SINTOMA, ID_PERSONA, ID_FICHA_MEDICA) VALUES
                            (TO_DATE('2020-02-01','YYYY-MM-DD'), 3, '00115', 115);
INSERT INTO EX.SINTOMAS(FECHA_INICIO, ID_SINTOMA, ID_PERSONA, ID_FICHA_MEDICA) VALUES
                            (TO_DATE('2020-05-17','YYYY-MM-DD'), 4, '00115', 115);
INSERT INTO EX.SINTOMAS(FECHA_INICIO, ID_SINTOMA, ID_PERSONA, ID_FICHA_MEDICA) VALUES
                            (TO_DATE('2020-04-30','YYYY-MM-DD'), 5, '00115', 115);
INSERT INTO EX.SINTOMAS(FECHA_INICIO, ID_SINTOMA, ID_PERSONA, ID_FICHA_MEDICA) VALUES
                            (TO_DATE('2020-04-03','YYYY-MM-DD'), 6, '00115', 115);
INSERT INTO EX.SINTOMAS(FECHA_INICIO, ID_SINTOMA, ID_PERSONA, ID_FICHA_MEDICA) VALUES
                            (TO_DATE('2020-01-21','YYYY-MM-DD'), 7, '00115', 115);
INSERT INTO EX.SINTOMAS(FECHA_INICIO, ID_SINTOMA, ID_PERSONA, ID_FICHA_MEDICA) VALUES
                            (TO_DATE('2020-01-18','YYYY-MM-DD'), 8, '00115', 115);
INSERT INTO EX.SINTOMAS(FECHA_INICIO, ID_SINTOMA, ID_PERSONA, ID_FICHA_MEDICA) VALUES
                            (TO_DATE('2020-03-15','YYYY-MM-DD'), 9, '00115', 115);
INSERT INTO EX.SINTOMAS(FECHA_INICIO, ID_SINTOMA, ID_PERSONA, ID_FICHA_MEDICA) VALUES
                            (TO_DATE('2020-06-05','YYYY-MM-DD'), 10, '00115', 115);
INSERT INTO EX.SINTOMAS(FECHA_INICIO, ID_SINTOMA, ID_PERSONA, ID_FICHA_MEDICA) VALUES
                            (TO_DATE('2020-05-18','YYYY-MM-DD'), 11, '00115', 115);
INSERT INTO EX.SINTOMAS(FECHA_INICIO, ID_SINTOMA, ID_PERSONA, ID_FICHA_MEDICA) VALUES
                            (TO_DATE('2020-01-25','YYYY-MM-DD'), 12, '00115', 115);
INSERT INTO EX.SINTOMAS(FECHA_INICIO, ID_SINTOMA, ID_PERSONA, ID_FICHA_MEDICA) VALUES
                            (TO_DATE('2020-03-09','YYYY-MM-DD'), 13, '00115', 115);
INSERT INTO EX.SINTOMAS(FECHA_INICIO, ID_SINTOMA, ID_PERSONA, ID_FICHA_MEDICA) VALUES
                            (TO_DATE('2020-01-09','YYYY-MM-DD'), 14, '00115', 115);
INSERT INTO EX.SINTOMAS(FECHA_INICIO, ID_SINTOMA, ID_PERSONA, ID_FICHA_MEDICA) VALUES
                            (TO_DATE('2020-03-28','YYYY-MM-DD'), 15, '00115', 115);
INSERT INTO EX.SINTOMAS(FECHA_INICIO, ID_SINTOMA, ID_PERSONA, ID_FICHA_MEDICA) VALUES
                            (TO_DATE('2020-03-20','YYYY-MM-DD'), 16, '00115', 115);
INSERT INTO EX.SINTOMAS(FECHA_INICIO, ID_SINTOMA, ID_PERSONA, ID_FICHA_MEDICA) VALUES
                            (TO_DATE('2020-01-15','YYYY-MM-DD'), 17, '00115', 115);
INSERT INTO EX.PERSONA(DOC_IDENTIDAD, NOMBRE, NOMBRE1, APELLIDO, APELLIDO1, FECHA_NAC, GENERO, FOTO) VALUES
                  ('00116', 'Amy', 'Carlos', 'Soto', 'Benson', TO_DATE('2009-10-06','YYYY-MM-DD'), 'm', NULL);
INSERT INTO EX.HISTORICO_RESIDENCIA(FECHA_INICIO, ID_LUGAR, ID_PERSONA, FECHA_FIN) VALUES
                  (TO_DATE('2000-11-28','YYYY-MM-DD'), 22, '00116', NULL);
INSERT INTO EX.FICHA_MEDICA(ID, ID_PERSONA, ID_CENTRO_SALUD, ID_LUGAR, ESTADO, FECHA_INFECCION, FECHA_RECUPERACION) VALUES
                                             (116, '00116', 7, 22, 'desconido', NULL, NULL);
INSERT INTO EX.PADECIMIENTOS(ID_PATOLOGIA, ID_PERSONA, ID_FICHA_MEDICA) VALUES
                            (1, '00116', 116);
INSERT INTO EX.PERSONA(DOC_IDENTIDAD, NOMBRE, NOMBRE1, APELLIDO, APELLIDO1, FECHA_NAC, GENERO, FOTO) VALUES
                  ('00117', 'Luke', 'Ryan', 'Miller', 'Livingston', TO_DATE('1979-10-19','YYYY-MM-DD'), 'f', NULL);
INSERT INTO EX.HISTORICO_RESIDENCIA(FECHA_INICIO, ID_LUGAR, ID_PERSONA, FECHA_FIN) VALUES
                  (TO_DATE('1991-01-28','YYYY-MM-DD'), 25, '00117', NULL);
INSERT INTO EX.FICHA_MEDICA(ID, ID_PERSONA, ID_CENTRO_SALUD, ID_LUGAR, ESTADO, FECHA_INFECCION, FECHA_RECUPERACION) VALUES
                                             (117, '00117', 10, 25, 'desconido', NULL, NULL);
INSERT INTO EX.PADECIMIENTOS(ID_PATOLOGIA, ID_PERSONA, ID_FICHA_MEDICA) VALUES
                            (1, '00117', 117);
INSERT INTO EX.PADECIMIENTOS(ID_PATOLOGIA, ID_PERSONA, ID_FICHA_MEDICA) VALUES
                            (2, '00117', 117);
INSERT INTO EX.PADECIMIENTOS(ID_PATOLOGIA, ID_PERSONA, ID_FICHA_MEDICA) VALUES
                            (3, '00117', 117);
INSERT INTO EX.PADECIMIENTOS(ID_PATOLOGIA, ID_PERSONA, ID_FICHA_MEDICA) VALUES
                            (4, '00117', 117);
INSERT INTO EX.PADECIMIENTOS(ID_PATOLOGIA, ID_PERSONA, ID_FICHA_MEDICA) VALUES
                            (5, '00117', 117);
INSERT INTO EX.PADECIMIENTOS(ID_PATOLOGIA, ID_PERSONA, ID_FICHA_MEDICA) VALUES
                            (6, '00117', 117);
INSERT INTO EX.PADECIMIENTOS(ID_PATOLOGIA, ID_PERSONA, ID_FICHA_MEDICA) VALUES
                            (7, '00117', 117);
INSERT INTO EX.SINTOMAS(FECHA_INICIO, ID_SINTOMA, ID_PERSONA, ID_FICHA_MEDICA) VALUES
                            (TO_DATE('2020-03-02','YYYY-MM-DD'), 1, '00117', 117);
INSERT INTO EX.SINTOMAS(FECHA_INICIO, ID_SINTOMA, ID_PERSONA, ID_FICHA_MEDICA) VALUES
                            (TO_DATE('2020-03-14','YYYY-MM-DD'), 2, '00117', 117);
INSERT INTO EX.SINTOMAS(FECHA_INICIO, ID_SINTOMA, ID_PERSONA, ID_FICHA_MEDICA) VALUES
                            (TO_DATE('2020-01-27','YYYY-MM-DD'), 3, '00117', 117);
INSERT INTO EX.SINTOMAS(FECHA_INICIO, ID_SINTOMA, ID_PERSONA, ID_FICHA_MEDICA) VALUES
                            (TO_DATE('2020-06-05','YYYY-MM-DD'), 4, '00117', 117);
INSERT INTO EX.SINTOMAS(FECHA_INICIO, ID_SINTOMA, ID_PERSONA, ID_FICHA_MEDICA) VALUES
                            (TO_DATE('2020-03-16','YYYY-MM-DD'), 5, '00117', 117);
INSERT INTO EX.SINTOMAS(FECHA_INICIO, ID_SINTOMA, ID_PERSONA, ID_FICHA_MEDICA) VALUES
                            (TO_DATE('2020-04-19','YYYY-MM-DD'), 6, '00117', 117);
INSERT INTO EX.SINTOMAS(FECHA_INICIO, ID_SINTOMA, ID_PERSONA, ID_FICHA_MEDICA) VALUES
                            (TO_DATE('2020-04-15','YYYY-MM-DD'), 7, '00117', 117);
INSERT INTO EX.SINTOMAS(FECHA_INICIO, ID_SINTOMA, ID_PERSONA, ID_FICHA_MEDICA) VALUES
                            (TO_DATE('2020-03-16','YYYY-MM-DD'), 8, '00117', 117);
INSERT INTO EX.SINTOMAS(FECHA_INICIO, ID_SINTOMA, ID_PERSONA, ID_FICHA_MEDICA) VALUES
                            (TO_DATE('2020-03-12','YYYY-MM-DD'), 9, '00117', 117);
INSERT INTO EX.SINTOMAS(FECHA_INICIO, ID_SINTOMA, ID_PERSONA, ID_FICHA_MEDICA) VALUES
                            (TO_DATE('2020-03-18','YYYY-MM-DD'), 10, '00117', 117);
INSERT INTO EX.SINTOMAS(FECHA_INICIO, ID_SINTOMA, ID_PERSONA, ID_FICHA_MEDICA) VALUES
                            (TO_DATE('2020-05-14','YYYY-MM-DD'), 11, '00117', 117);
INSERT INTO EX.SINTOMAS(FECHA_INICIO, ID_SINTOMA, ID_PERSONA, ID_FICHA_MEDICA) VALUES
                            (TO_DATE('2020-06-04','YYYY-MM-DD'), 12, '00117', 117);
INSERT INTO EX.SINTOMAS(FECHA_INICIO, ID_SINTOMA, ID_PERSONA, ID_FICHA_MEDICA) VALUES
                            (TO_DATE('2020-06-07','YYYY-MM-DD'), 13, '00117', 117);
INSERT INTO EX.SINTOMAS(FECHA_INICIO, ID_SINTOMA, ID_PERSONA, ID_FICHA_MEDICA) VALUES
                            (TO_DATE('2020-04-09','YYYY-MM-DD'), 14, '00117', 117);
INSERT INTO EX.SINTOMAS(FECHA_INICIO, ID_SINTOMA, ID_PERSONA, ID_FICHA_MEDICA) VALUES
                            (TO_DATE('2020-01-29','YYYY-MM-DD'), 15, '00117', 117);
INSERT INTO EX.PERSONA(DOC_IDENTIDAD, NOMBRE, NOMBRE1, APELLIDO, APELLIDO1, FECHA_NAC, GENERO, FOTO) VALUES
                  ('00118', 'Joy', 'Jennifer', 'Gaines', 'Williams', TO_DATE('2004-01-15','YYYY-MM-DD'), 'm', NULL);
INSERT INTO EX.HISTORICO_RESIDENCIA(FECHA_INICIO, ID_LUGAR, ID_PERSONA, FECHA_FIN) VALUES
                  (TO_DATE('2002-11-10','YYYY-MM-DD'), 45, '00118', NULL);
INSERT INTO EX.FICHA_MEDICA(ID, ID_PERSONA, ID_CENTRO_SALUD, ID_LUGAR, ESTADO, FECHA_INFECCION, FECHA_RECUPERACION) VALUES
                                             (118, '00118', 30, 45, 'desconido', NULL, NULL);
INSERT INTO EX.PADECIMIENTOS(ID_PATOLOGIA, ID_PERSONA, ID_FICHA_MEDICA) VALUES
                            (1, '00118', 118);
INSERT INTO EX.SINTOMAS(FECHA_INICIO, ID_SINTOMA, ID_PERSONA, ID_FICHA_MEDICA) VALUES
                            (TO_DATE('2020-03-25','YYYY-MM-DD'), 1, '00118', 118);
INSERT INTO EX.SINTOMAS(FECHA_INICIO, ID_SINTOMA, ID_PERSONA, ID_FICHA_MEDICA) VALUES
                            (TO_DATE('2020-06-30','YYYY-MM-DD'), 2, '00118', 118);
INSERT INTO EX.SINTOMAS(FECHA_INICIO, ID_SINTOMA, ID_PERSONA, ID_FICHA_MEDICA) VALUES
                            (TO_DATE('2020-03-29','YYYY-MM-DD'), 3, '00118', 118);
INSERT INTO EX.SINTOMAS(FECHA_INICIO, ID_SINTOMA, ID_PERSONA, ID_FICHA_MEDICA) VALUES
                            (TO_DATE('2020-04-16','YYYY-MM-DD'), 4, '00118', 118);
INSERT INTO EX.SINTOMAS(FECHA_INICIO, ID_SINTOMA, ID_PERSONA, ID_FICHA_MEDICA) VALUES
                            (TO_DATE('2020-06-17','YYYY-MM-DD'), 5, '00118', 118);
INSERT INTO EX.SINTOMAS(FECHA_INICIO, ID_SINTOMA, ID_PERSONA, ID_FICHA_MEDICA) VALUES
                            (TO_DATE('2020-04-28','YYYY-MM-DD'), 6, '00118', 118);
INSERT INTO EX.SINTOMAS(FECHA_INICIO, ID_SINTOMA, ID_PERSONA, ID_FICHA_MEDICA) VALUES
                            (TO_DATE('2020-03-15','YYYY-MM-DD'), 7, '00118', 118);
INSERT INTO EX.SINTOMAS(FECHA_INICIO, ID_SINTOMA, ID_PERSONA, ID_FICHA_MEDICA) VALUES
                            (TO_DATE('2020-01-09','YYYY-MM-DD'), 8, '00118', 118);
INSERT INTO EX.SINTOMAS(FECHA_INICIO, ID_SINTOMA, ID_PERSONA, ID_FICHA_MEDICA) VALUES
                            (TO_DATE('2020-01-21','YYYY-MM-DD'), 9, '00118', 118);
INSERT INTO EX.SINTOMAS(FECHA_INICIO, ID_SINTOMA, ID_PERSONA, ID_FICHA_MEDICA) VALUES
                            (TO_DATE('2020-05-28','YYYY-MM-DD'), 10, '00118', 118);
INSERT INTO EX.SINTOMAS(FECHA_INICIO, ID_SINTOMA, ID_PERSONA, ID_FICHA_MEDICA) VALUES
                            (TO_DATE('2020-05-30','YYYY-MM-DD'), 11, '00118', 118);
INSERT INTO EX.SINTOMAS(FECHA_INICIO, ID_SINTOMA, ID_PERSONA, ID_FICHA_MEDICA) VALUES
                            (TO_DATE('2020-06-20','YYYY-MM-DD'), 12, '00118', 118);
INSERT INTO EX.SINTOMAS(FECHA_INICIO, ID_SINTOMA, ID_PERSONA, ID_FICHA_MEDICA) VALUES
                            (TO_DATE('2020-06-14','YYYY-MM-DD'), 13, '00118', 118);
INSERT INTO EX.PERSONA(DOC_IDENTIDAD, NOMBRE, NOMBRE1, APELLIDO, APELLIDO1, FECHA_NAC, GENERO, FOTO) VALUES
                  ('00119', 'John', 'Ronald', 'Mercado', 'Maxwell', TO_DATE('1987-12-02','YYYY-MM-DD'), 'f', NULL);
INSERT INTO EX.HISTORICO_RESIDENCIA(FECHA_INICIO, ID_LUGAR, ID_PERSONA, FECHA_FIN) VALUES
                  (TO_DATE('1973-01-21','YYYY-MM-DD'), 37, '00119', NULL);
INSERT INTO EX.FICHA_MEDICA(ID, ID_PERSONA, ID_CENTRO_SALUD, ID_LUGAR, ESTADO, FECHA_INFECCION, FECHA_RECUPERACION) VALUES
                                             (119, '00119', 22, 37, 'desconido', NULL, NULL);
INSERT INTO EX.PERSONA(DOC_IDENTIDAD, NOMBRE, NOMBRE1, APELLIDO, APELLIDO1, FECHA_NAC, GENERO, FOTO) VALUES
                  ('00120', 'Regina', 'Terri', 'Hayes', 'Richardson', TO_DATE('2016-08-22','YYYY-MM-DD'), 'm', NULL);
INSERT INTO EX.HISTORICO_RESIDENCIA(FECHA_INICIO, ID_LUGAR, ID_PERSONA, FECHA_FIN) VALUES
                  (TO_DATE('1989-08-21','YYYY-MM-DD'), 21, '00120', NULL);
INSERT INTO EX.FICHA_MEDICA(ID, ID_PERSONA, ID_CENTRO_SALUD, ID_LUGAR, ESTADO, FECHA_INFECCION, FECHA_RECUPERACION) VALUES
                                             (120, '00120', 6, 21, 'desconido', NULL, NULL);
INSERT INTO EX.PADECIMIENTOS(ID_PATOLOGIA, ID_PERSONA, ID_FICHA_MEDICA) VALUES
                            (1, '00120', 120);
INSERT INTO EX.PADECIMIENTOS(ID_PATOLOGIA, ID_PERSONA, ID_FICHA_MEDICA) VALUES
                            (2, '00120', 120);
INSERT INTO EX.PADECIMIENTOS(ID_PATOLOGIA, ID_PERSONA, ID_FICHA_MEDICA) VALUES
                            (3, '00120', 120);
INSERT INTO EX.PADECIMIENTOS(ID_PATOLOGIA, ID_PERSONA, ID_FICHA_MEDICA) VALUES
                            (4, '00120', 120);
INSERT INTO EX.PADECIMIENTOS(ID_PATOLOGIA, ID_PERSONA, ID_FICHA_MEDICA) VALUES
                            (5, '00120', 120);
INSERT INTO EX.PADECIMIENTOS(ID_PATOLOGIA, ID_PERSONA, ID_FICHA_MEDICA) VALUES
                            (6, '00120', 120);
INSERT INTO EX.SINTOMAS(FECHA_INICIO, ID_SINTOMA, ID_PERSONA, ID_FICHA_MEDICA) VALUES
                            (TO_DATE('2020-01-14','YYYY-MM-DD'), 1, '00120', 120);
INSERT INTO EX.SINTOMAS(FECHA_INICIO, ID_SINTOMA, ID_PERSONA, ID_FICHA_MEDICA) VALUES
                            (TO_DATE('2020-06-17','YYYY-MM-DD'), 2, '00120', 120);
INSERT INTO EX.SINTOMAS(FECHA_INICIO, ID_SINTOMA, ID_PERSONA, ID_FICHA_MEDICA) VALUES
                            (TO_DATE('2020-04-27','YYYY-MM-DD'), 3, '00120', 120);
INSERT INTO EX.SINTOMAS(FECHA_INICIO, ID_SINTOMA, ID_PERSONA, ID_FICHA_MEDICA) VALUES
                            (TO_DATE('2020-04-11','YYYY-MM-DD'), 4, '00120', 120);
INSERT INTO EX.SINTOMAS(FECHA_INICIO, ID_SINTOMA, ID_PERSONA, ID_FICHA_MEDICA) VALUES
                            (TO_DATE('2020-02-25','YYYY-MM-DD'), 5, '00120', 120);
INSERT INTO EX.SINTOMAS(FECHA_INICIO, ID_SINTOMA, ID_PERSONA, ID_FICHA_MEDICA) VALUES
                            (TO_DATE('2020-06-29','YYYY-MM-DD'), 6, '00120', 120);
INSERT INTO EX.SINTOMAS(FECHA_INICIO, ID_SINTOMA, ID_PERSONA, ID_FICHA_MEDICA) VALUES
                            (TO_DATE('2020-02-05','YYYY-MM-DD'), 7, '00120', 120);
INSERT INTO EX.SINTOMAS(FECHA_INICIO, ID_SINTOMA, ID_PERSONA, ID_FICHA_MEDICA) VALUES
                            (TO_DATE('2020-01-17','YYYY-MM-DD'), 8, '00120', 120);
INSERT INTO EX.SINTOMAS(FECHA_INICIO, ID_SINTOMA, ID_PERSONA, ID_FICHA_MEDICA) VALUES
                            (TO_DATE('2020-04-01','YYYY-MM-DD'), 9, '00120', 120);
INSERT INTO EX.SINTOMAS(FECHA_INICIO, ID_SINTOMA, ID_PERSONA, ID_FICHA_MEDICA) VALUES
                            (TO_DATE('2020-04-09','YYYY-MM-DD'), 10, '00120', 120);
INSERT INTO EX.SINTOMAS(FECHA_INICIO, ID_SINTOMA, ID_PERSONA, ID_FICHA_MEDICA) VALUES
                            (TO_DATE('2020-01-20','YYYY-MM-DD'), 11, '00120', 120);
INSERT INTO EX.SINTOMAS(FECHA_INICIO, ID_SINTOMA, ID_PERSONA, ID_FICHA_MEDICA) VALUES
                            (TO_DATE('2020-03-05','YYYY-MM-DD'), 12, '00120', 120);
INSERT INTO EX.SINTOMAS(FECHA_INICIO, ID_SINTOMA, ID_PERSONA, ID_FICHA_MEDICA) VALUES
                            (TO_DATE('2020-06-15','YYYY-MM-DD'), 13, '00120', 120);
INSERT INTO EX.SINTOMAS(FECHA_INICIO, ID_SINTOMA, ID_PERSONA, ID_FICHA_MEDICA) VALUES
                            (TO_DATE('2020-06-19','YYYY-MM-DD'), 14, '00120', 120);
INSERT INTO EX.SINTOMAS(FECHA_INICIO, ID_SINTOMA, ID_PERSONA, ID_FICHA_MEDICA) VALUES
                            (TO_DATE('2020-03-07','YYYY-MM-DD'), 15, '00120', 120);
INSERT INTO EX.PERSONA(DOC_IDENTIDAD, NOMBRE, NOMBRE1, APELLIDO, APELLIDO1, FECHA_NAC, GENERO, FOTO) VALUES
                  ('00121', 'April', 'Ethan', 'Wiggins', 'Davis', TO_DATE('2009-06-21','YYYY-MM-DD'), 'f', NULL);
INSERT INTO EX.HISTORICO_RESIDENCIA(FECHA_INICIO, ID_LUGAR, ID_PERSONA, FECHA_FIN) VALUES
                  (TO_DATE('2005-01-05','YYYY-MM-DD'), 40, '00121', NULL);
INSERT INTO EX.FICHA_MEDICA(ID, ID_PERSONA, ID_CENTRO_SALUD, ID_LUGAR, ESTADO, FECHA_INFECCION, FECHA_RECUPERACION) VALUES
                                             (121, '00121', 25, 40, 'desconido', NULL, NULL);
INSERT INTO EX.PERSONA(DOC_IDENTIDAD, NOMBRE, NOMBRE1, APELLIDO, APELLIDO1, FECHA_NAC, GENERO, FOTO) VALUES
                  ('00122', 'Andrew', 'Jorge', 'Soto', 'Potts', TO_DATE('1986-10-20','YYYY-MM-DD'), 'm', NULL);
INSERT INTO EX.HISTORICO_RESIDENCIA(FECHA_INICIO, ID_LUGAR, ID_PERSONA, FECHA_FIN) VALUES
                  (TO_DATE('1996-01-31','YYYY-MM-DD'), 38, '00122', NULL);
INSERT INTO EX.FICHA_MEDICA(ID, ID_PERSONA, ID_CENTRO_SALUD, ID_LUGAR, ESTADO, FECHA_INFECCION, FECHA_RECUPERACION) VALUES
                                             (122, '00122', 23, 38, 'desconido', NULL, NULL);
INSERT INTO EX.PERSONA(DOC_IDENTIDAD, NOMBRE, NOMBRE1, APELLIDO, APELLIDO1, FECHA_NAC, GENERO, FOTO) VALUES
                  ('00123', 'Linda', 'Pamela', 'Bailey', 'Reynolds', TO_DATE('1974-08-15','YYYY-MM-DD'), 'f', NULL);
INSERT INTO EX.HISTORICO_RESIDENCIA(FECHA_INICIO, ID_LUGAR, ID_PERSONA, FECHA_FIN) VALUES
                  (TO_DATE('1985-10-21','YYYY-MM-DD'), 20, '00123', NULL);
INSERT INTO EX.FICHA_MEDICA(ID, ID_PERSONA, ID_CENTRO_SALUD, ID_LUGAR, ESTADO, FECHA_INFECCION, FECHA_RECUPERACION) VALUES
                                             (123, '00123', 5, 20, 'desconido', NULL, NULL);
INSERT INTO EX.PADECIMIENTOS(ID_PATOLOGIA, ID_PERSONA, ID_FICHA_MEDICA) VALUES
                            (1, '00123', 123);
INSERT INTO EX.PADECIMIENTOS(ID_PATOLOGIA, ID_PERSONA, ID_FICHA_MEDICA) VALUES
                            (2, '00123', 123);
INSERT INTO EX.PADECIMIENTOS(ID_PATOLOGIA, ID_PERSONA, ID_FICHA_MEDICA) VALUES
                            (3, '00123', 123);
INSERT INTO EX.PADECIMIENTOS(ID_PATOLOGIA, ID_PERSONA, ID_FICHA_MEDICA) VALUES
                            (4, '00123', 123);
INSERT INTO EX.PADECIMIENTOS(ID_PATOLOGIA, ID_PERSONA, ID_FICHA_MEDICA) VALUES
                            (5, '00123', 123);
INSERT INTO EX.PADECIMIENTOS(ID_PATOLOGIA, ID_PERSONA, ID_FICHA_MEDICA) VALUES
                            (6, '00123', 123);
INSERT INTO EX.PADECIMIENTOS(ID_PATOLOGIA, ID_PERSONA, ID_FICHA_MEDICA) VALUES
                            (7, '00123', 123);
INSERT INTO EX.PADECIMIENTOS(ID_PATOLOGIA, ID_PERSONA, ID_FICHA_MEDICA) VALUES
                            (8, '00123', 123);
INSERT INTO EX.PADECIMIENTOS(ID_PATOLOGIA, ID_PERSONA, ID_FICHA_MEDICA) VALUES
                            (9, '00123', 123);
INSERT INTO EX.PADECIMIENTOS(ID_PATOLOGIA, ID_PERSONA, ID_FICHA_MEDICA) VALUES
                            (10, '00123', 123);
INSERT INTO EX.PERSONA(DOC_IDENTIDAD, NOMBRE, NOMBRE1, APELLIDO, APELLIDO1, FECHA_NAC, GENERO, FOTO) VALUES
                  ('00124', 'Jenna', 'Angela', 'Burke', 'Howard', TO_DATE('1983-02-04','YYYY-MM-DD'), 'm', NULL);
INSERT INTO EX.HISTORICO_RESIDENCIA(FECHA_INICIO, ID_LUGAR, ID_PERSONA, FECHA_FIN) VALUES
                  (TO_DATE('2019-06-06','YYYY-MM-DD'), 25, '00124', NULL);
INSERT INTO EX.FICHA_MEDICA(ID, ID_PERSONA, ID_CENTRO_SALUD, ID_LUGAR, ESTADO, FECHA_INFECCION, FECHA_RECUPERACION) VALUES
                                             (124, '00124', 10, 25, 'desconido', NULL, NULL);
INSERT INTO EX.PADECIMIENTOS(ID_PATOLOGIA, ID_PERSONA, ID_FICHA_MEDICA) VALUES
                            (1, '00124', 124);
INSERT INTO EX.PADECIMIENTOS(ID_PATOLOGIA, ID_PERSONA, ID_FICHA_MEDICA) VALUES
                            (2, '00124', 124);
INSERT INTO EX.PADECIMIENTOS(ID_PATOLOGIA, ID_PERSONA, ID_FICHA_MEDICA) VALUES
                            (3, '00124', 124);
INSERT INTO EX.PADECIMIENTOS(ID_PATOLOGIA, ID_PERSONA, ID_FICHA_MEDICA) VALUES
                            (4, '00124', 124);
INSERT INTO EX.PADECIMIENTOS(ID_PATOLOGIA, ID_PERSONA, ID_FICHA_MEDICA) VALUES
                            (5, '00124', 124);
INSERT INTO EX.PADECIMIENTOS(ID_PATOLOGIA, ID_PERSONA, ID_FICHA_MEDICA) VALUES
                            (6, '00124', 124);
INSERT INTO EX.PADECIMIENTOS(ID_PATOLOGIA, ID_PERSONA, ID_FICHA_MEDICA) VALUES
                            (7, '00124', 124);
INSERT INTO EX.PERSONA(DOC_IDENTIDAD, NOMBRE, NOMBRE1, APELLIDO, APELLIDO1, FECHA_NAC, GENERO, FOTO) VALUES
                  ('00125', 'Thomas', 'Jessica', 'Brown', 'Miller', TO_DATE('2008-12-17','YYYY-MM-DD'), 'f', NULL);
INSERT INTO EX.HISTORICO_RESIDENCIA(FECHA_INICIO, ID_LUGAR, ID_PERSONA, FECHA_FIN) VALUES
                  (TO_DATE('1975-01-06','YYYY-MM-DD'), 25, '00125', NULL);
INSERT INTO EX.FICHA_MEDICA(ID, ID_PERSONA, ID_CENTRO_SALUD, ID_LUGAR, ESTADO, FECHA_INFECCION, FECHA_RECUPERACION) VALUES
                                             (125, '00125', 10, 25, 'desconido', NULL, NULL);
INSERT INTO EX.PADECIMIENTOS(ID_PATOLOGIA, ID_PERSONA, ID_FICHA_MEDICA) VALUES
                            (1, '00125', 125);
INSERT INTO EX.PADECIMIENTOS(ID_PATOLOGIA, ID_PERSONA, ID_FICHA_MEDICA) VALUES
                            (2, '00125', 125);
INSERT INTO EX.PADECIMIENTOS(ID_PATOLOGIA, ID_PERSONA, ID_FICHA_MEDICA) VALUES
                            (3, '00125', 125);
INSERT INTO EX.PADECIMIENTOS(ID_PATOLOGIA, ID_PERSONA, ID_FICHA_MEDICA) VALUES
                            (4, '00125', 125);
INSERT INTO EX.PADECIMIENTOS(ID_PATOLOGIA, ID_PERSONA, ID_FICHA_MEDICA) VALUES
                            (5, '00125', 125);
INSERT INTO EX.PADECIMIENTOS(ID_PATOLOGIA, ID_PERSONA, ID_FICHA_MEDICA) VALUES
                            (6, '00125', 125);
INSERT INTO EX.SINTOMAS(FECHA_INICIO, ID_SINTOMA, ID_PERSONA, ID_FICHA_MEDICA) VALUES
                            (TO_DATE('2020-05-24','YYYY-MM-DD'), 1, '00125', 125);
INSERT INTO EX.SINTOMAS(FECHA_INICIO, ID_SINTOMA, ID_PERSONA, ID_FICHA_MEDICA) VALUES
                            (TO_DATE('2020-02-20','YYYY-MM-DD'), 2, '00125', 125);
INSERT INTO EX.SINTOMAS(FECHA_INICIO, ID_SINTOMA, ID_PERSONA, ID_FICHA_MEDICA) VALUES
                            (TO_DATE('2020-04-20','YYYY-MM-DD'), 3, '00125', 125);
INSERT INTO EX.SINTOMAS(FECHA_INICIO, ID_SINTOMA, ID_PERSONA, ID_FICHA_MEDICA) VALUES
                            (TO_DATE('2020-03-04','YYYY-MM-DD'), 4, '00125', 125);
INSERT INTO EX.SINTOMAS(FECHA_INICIO, ID_SINTOMA, ID_PERSONA, ID_FICHA_MEDICA) VALUES
                            (TO_DATE('2020-05-17','YYYY-MM-DD'), 5, '00125', 125);
INSERT INTO EX.SINTOMAS(FECHA_INICIO, ID_SINTOMA, ID_PERSONA, ID_FICHA_MEDICA) VALUES
                            (TO_DATE('2020-04-14','YYYY-MM-DD'), 6, '00125', 125);
INSERT INTO EX.SINTOMAS(FECHA_INICIO, ID_SINTOMA, ID_PERSONA, ID_FICHA_MEDICA) VALUES
                            (TO_DATE('2020-06-27','YYYY-MM-DD'), 7, '00125', 125);
INSERT INTO EX.PERSONA(DOC_IDENTIDAD, NOMBRE, NOMBRE1, APELLIDO, APELLIDO1, FECHA_NAC, GENERO, FOTO) VALUES
                  ('00126', 'Ryan', 'Sharon', 'Ramirez', 'Miller', TO_DATE('2013-01-24','YYYY-MM-DD'), 'm', NULL);
INSERT INTO EX.HISTORICO_RESIDENCIA(FECHA_INICIO, ID_LUGAR, ID_PERSONA, FECHA_FIN) VALUES
                  (TO_DATE('1994-01-28','YYYY-MM-DD'), 32, '00126', NULL);
INSERT INTO EX.FICHA_MEDICA(ID, ID_PERSONA, ID_CENTRO_SALUD, ID_LUGAR, ESTADO, FECHA_INFECCION, FECHA_RECUPERACION) VALUES
                                             (126, '00126', 17, 32, 'desconido', NULL, NULL);
INSERT INTO EX.PERSONA(DOC_IDENTIDAD, NOMBRE, NOMBRE1, APELLIDO, APELLIDO1, FECHA_NAC, GENERO, FOTO) VALUES
                  ('00127', 'Michelle', 'Matthew', 'Galloway', 'Carter', TO_DATE('2019-09-09','YYYY-MM-DD'), 'f', NULL);
INSERT INTO EX.HISTORICO_RESIDENCIA(FECHA_INICIO, ID_LUGAR, ID_PERSONA, FECHA_FIN) VALUES
                  (TO_DATE('2006-04-18','YYYY-MM-DD'), 19, '00127', NULL);
INSERT INTO EX.FICHA_MEDICA(ID, ID_PERSONA, ID_CENTRO_SALUD, ID_LUGAR, ESTADO, FECHA_INFECCION, FECHA_RECUPERACION) VALUES
                                             (127, '00127', 4, 19, 'desconido', NULL, NULL);
INSERT INTO EX.SINTOMAS(FECHA_INICIO, ID_SINTOMA, ID_PERSONA, ID_FICHA_MEDICA) VALUES
                            (TO_DATE('2020-01-14','YYYY-MM-DD'), 1, '00127', 127);
INSERT INTO EX.SINTOMAS(FECHA_INICIO, ID_SINTOMA, ID_PERSONA, ID_FICHA_MEDICA) VALUES
                            (TO_DATE('2020-03-13','YYYY-MM-DD'), 2, '00127', 127);
INSERT INTO EX.SINTOMAS(FECHA_INICIO, ID_SINTOMA, ID_PERSONA, ID_FICHA_MEDICA) VALUES
                            (TO_DATE('2020-02-18','YYYY-MM-DD'), 3, '00127', 127);
INSERT INTO EX.SINTOMAS(FECHA_INICIO, ID_SINTOMA, ID_PERSONA, ID_FICHA_MEDICA) VALUES
                            (TO_DATE('2020-04-09','YYYY-MM-DD'), 4, '00127', 127);
INSERT INTO EX.SINTOMAS(FECHA_INICIO, ID_SINTOMA, ID_PERSONA, ID_FICHA_MEDICA) VALUES
                            (TO_DATE('2020-04-15','YYYY-MM-DD'), 5, '00127', 127);
INSERT INTO EX.SINTOMAS(FECHA_INICIO, ID_SINTOMA, ID_PERSONA, ID_FICHA_MEDICA) VALUES
                            (TO_DATE('2020-05-30','YYYY-MM-DD'), 6, '00127', 127);
INSERT INTO EX.SINTOMAS(FECHA_INICIO, ID_SINTOMA, ID_PERSONA, ID_FICHA_MEDICA) VALUES
                            (TO_DATE('2020-06-25','YYYY-MM-DD'), 7, '00127', 127);
INSERT INTO EX.SINTOMAS(FECHA_INICIO, ID_SINTOMA, ID_PERSONA, ID_FICHA_MEDICA) VALUES
                            (TO_DATE('2020-04-11','YYYY-MM-DD'), 8, '00127', 127);
INSERT INTO EX.SINTOMAS(FECHA_INICIO, ID_SINTOMA, ID_PERSONA, ID_FICHA_MEDICA) VALUES
                            (TO_DATE('2020-03-13','YYYY-MM-DD'), 9, '00127', 127);
INSERT INTO EX.SINTOMAS(FECHA_INICIO, ID_SINTOMA, ID_PERSONA, ID_FICHA_MEDICA) VALUES
                            (TO_DATE('2020-04-28','YYYY-MM-DD'), 10, '00127', 127);
INSERT INTO EX.SINTOMAS(FECHA_INICIO, ID_SINTOMA, ID_PERSONA, ID_FICHA_MEDICA) VALUES
                            (TO_DATE('2020-04-16','YYYY-MM-DD'), 11, '00127', 127);
INSERT INTO EX.SINTOMAS(FECHA_INICIO, ID_SINTOMA, ID_PERSONA, ID_FICHA_MEDICA) VALUES
                            (TO_DATE('2020-06-08','YYYY-MM-DD'), 12, '00127', 127);
INSERT INTO EX.PERSONA(DOC_IDENTIDAD, NOMBRE, NOMBRE1, APELLIDO, APELLIDO1, FECHA_NAC, GENERO, FOTO) VALUES
                  ('00128', 'Julie', 'David', 'Phillips', 'Anderson', TO_DATE('1996-12-20','YYYY-MM-DD'), 'm', NULL);
INSERT INTO EX.HISTORICO_RESIDENCIA(FECHA_INICIO, ID_LUGAR, ID_PERSONA, FECHA_FIN) VALUES
                  (TO_DATE('1988-08-15','YYYY-MM-DD'), 44, '00128', NULL);
INSERT INTO EX.FICHA_MEDICA(ID, ID_PERSONA, ID_CENTRO_SALUD, ID_LUGAR, ESTADO, FECHA_INFECCION, FECHA_RECUPERACION) VALUES
                                             (128, '00128', 29, 44, 'desconido', NULL, NULL);
INSERT INTO EX.PERSONA(DOC_IDENTIDAD, NOMBRE, NOMBRE1, APELLIDO, APELLIDO1, FECHA_NAC, GENERO, FOTO) VALUES
                  ('00129', 'Angela', 'Nicolas', 'Holmes', 'Gregory', TO_DATE('1979-01-14','YYYY-MM-DD'), 'f', NULL);
INSERT INTO EX.HISTORICO_RESIDENCIA(FECHA_INICIO, ID_LUGAR, ID_PERSONA, FECHA_FIN) VALUES
                  (TO_DATE('2004-09-06','YYYY-MM-DD'), 28, '00129', NULL);
INSERT INTO EX.FICHA_MEDICA(ID, ID_PERSONA, ID_CENTRO_SALUD, ID_LUGAR, ESTADO, FECHA_INFECCION, FECHA_RECUPERACION) VALUES
                                             (129, '00129', 13, 28, 'desconido', NULL, NULL);
INSERT INTO EX.PADECIMIENTOS(ID_PATOLOGIA, ID_PERSONA, ID_FICHA_MEDICA) VALUES
                            (1, '00129', 129);
INSERT INTO EX.PADECIMIENTOS(ID_PATOLOGIA, ID_PERSONA, ID_FICHA_MEDICA) VALUES
                            (2, '00129', 129);
INSERT INTO EX.PADECIMIENTOS(ID_PATOLOGIA, ID_PERSONA, ID_FICHA_MEDICA) VALUES
                            (3, '00129', 129);
INSERT INTO EX.PADECIMIENTOS(ID_PATOLOGIA, ID_PERSONA, ID_FICHA_MEDICA) VALUES
                            (4, '00129', 129);
INSERT INTO EX.PADECIMIENTOS(ID_PATOLOGIA, ID_PERSONA, ID_FICHA_MEDICA) VALUES
                            (5, '00129', 129);
INSERT INTO EX.PADECIMIENTOS(ID_PATOLOGIA, ID_PERSONA, ID_FICHA_MEDICA) VALUES
                            (6, '00129', 129);
INSERT INTO EX.PADECIMIENTOS(ID_PATOLOGIA, ID_PERSONA, ID_FICHA_MEDICA) VALUES
                            (7, '00129', 129);
INSERT INTO EX.PADECIMIENTOS(ID_PATOLOGIA, ID_PERSONA, ID_FICHA_MEDICA) VALUES
                            (8, '00129', 129);
INSERT INTO EX.PADECIMIENTOS(ID_PATOLOGIA, ID_PERSONA, ID_FICHA_MEDICA) VALUES
                            (9, '00129', 129);
INSERT INTO EX.SINTOMAS(FECHA_INICIO, ID_SINTOMA, ID_PERSONA, ID_FICHA_MEDICA) VALUES
                            (TO_DATE('2020-02-29','YYYY-MM-DD'), 1, '00129', 129);
INSERT INTO EX.SINTOMAS(FECHA_INICIO, ID_SINTOMA, ID_PERSONA, ID_FICHA_MEDICA) VALUES
                            (TO_DATE('2020-01-22','YYYY-MM-DD'), 2, '00129', 129);
INSERT INTO EX.SINTOMAS(FECHA_INICIO, ID_SINTOMA, ID_PERSONA, ID_FICHA_MEDICA) VALUES
                            (TO_DATE('2020-04-03','YYYY-MM-DD'), 3, '00129', 129);
INSERT INTO EX.SINTOMAS(FECHA_INICIO, ID_SINTOMA, ID_PERSONA, ID_FICHA_MEDICA) VALUES
                            (TO_DATE('2020-01-03','YYYY-MM-DD'), 4, '00129', 129);
INSERT INTO EX.SINTOMAS(FECHA_INICIO, ID_SINTOMA, ID_PERSONA, ID_FICHA_MEDICA) VALUES
                            (TO_DATE('2020-05-12','YYYY-MM-DD'), 5, '00129', 129);
INSERT INTO EX.SINTOMAS(FECHA_INICIO, ID_SINTOMA, ID_PERSONA, ID_FICHA_MEDICA) VALUES
                            (TO_DATE('2020-05-22','YYYY-MM-DD'), 6, '00129', 129);
INSERT INTO EX.SINTOMAS(FECHA_INICIO, ID_SINTOMA, ID_PERSONA, ID_FICHA_MEDICA) VALUES
                            (TO_DATE('2020-03-03','YYYY-MM-DD'), 7, '00129', 129);
INSERT INTO EX.SINTOMAS(FECHA_INICIO, ID_SINTOMA, ID_PERSONA, ID_FICHA_MEDICA) VALUES
                            (TO_DATE('2020-04-02','YYYY-MM-DD'), 8, '00129', 129);
INSERT INTO EX.SINTOMAS(FECHA_INICIO, ID_SINTOMA, ID_PERSONA, ID_FICHA_MEDICA) VALUES
                            (TO_DATE('2020-06-30','YYYY-MM-DD'), 9, '00129', 129);
INSERT INTO EX.SINTOMAS(FECHA_INICIO, ID_SINTOMA, ID_PERSONA, ID_FICHA_MEDICA) VALUES
                            (TO_DATE('2020-06-22','YYYY-MM-DD'), 10, '00129', 129);
INSERT INTO EX.SINTOMAS(FECHA_INICIO, ID_SINTOMA, ID_PERSONA, ID_FICHA_MEDICA) VALUES
                            (TO_DATE('2020-02-25','YYYY-MM-DD'), 11, '00129', 129);
INSERT INTO EX.SINTOMAS(FECHA_INICIO, ID_SINTOMA, ID_PERSONA, ID_FICHA_MEDICA) VALUES
                            (TO_DATE('2020-04-01','YYYY-MM-DD'), 12, '00129', 129);
INSERT INTO EX.SINTOMAS(FECHA_INICIO, ID_SINTOMA, ID_PERSONA, ID_FICHA_MEDICA) VALUES
                            (TO_DATE('2020-04-15','YYYY-MM-DD'), 13, '00129', 129);
INSERT INTO EX.SINTOMAS(FECHA_INICIO, ID_SINTOMA, ID_PERSONA, ID_FICHA_MEDICA) VALUES
                            (TO_DATE('2020-05-29','YYYY-MM-DD'), 14, '00129', 129);
INSERT INTO EX.PERSONA(DOC_IDENTIDAD, NOMBRE, NOMBRE1, APELLIDO, APELLIDO1, FECHA_NAC, GENERO, FOTO) VALUES
                  ('00130', 'Carla', 'Joseph', 'Avery', 'Hunter', TO_DATE('1990-12-12','YYYY-MM-DD'), 'm', NULL);
INSERT INTO EX.HISTORICO_RESIDENCIA(FECHA_INICIO, ID_LUGAR, ID_PERSONA, FECHA_FIN) VALUES
                  (TO_DATE('1984-09-02','YYYY-MM-DD'), 18, '00130', NULL);
INSERT INTO EX.FICHA_MEDICA(ID, ID_PERSONA, ID_CENTRO_SALUD, ID_LUGAR, ESTADO, FECHA_INFECCION, FECHA_RECUPERACION) VALUES
                                             (130, '00130', 3, 18, 'desconido', NULL, NULL);
INSERT INTO EX.SINTOMAS(FECHA_INICIO, ID_SINTOMA, ID_PERSONA, ID_FICHA_MEDICA) VALUES
                            (TO_DATE('2020-02-10','YYYY-MM-DD'), 1, '00130', 130);
INSERT INTO EX.SINTOMAS(FECHA_INICIO, ID_SINTOMA, ID_PERSONA, ID_FICHA_MEDICA) VALUES
                            (TO_DATE('2020-04-08','YYYY-MM-DD'), 2, '00130', 130);
INSERT INTO EX.SINTOMAS(FECHA_INICIO, ID_SINTOMA, ID_PERSONA, ID_FICHA_MEDICA) VALUES
                            (TO_DATE('2020-02-24','YYYY-MM-DD'), 3, '00130', 130);
INSERT INTO EX.SINTOMAS(FECHA_INICIO, ID_SINTOMA, ID_PERSONA, ID_FICHA_MEDICA) VALUES
                            (TO_DATE('2020-06-17','YYYY-MM-DD'), 4, '00130', 130);
INSERT INTO EX.PERSONA(DOC_IDENTIDAD, NOMBRE, NOMBRE1, APELLIDO, APELLIDO1, FECHA_NAC, GENERO, FOTO) VALUES
                  ('00131', 'Sophia', 'Holly', 'Martin', 'Smith', TO_DATE('1992-04-27','YYYY-MM-DD'), 'f', NULL);
INSERT INTO EX.HISTORICO_RESIDENCIA(FECHA_INICIO, ID_LUGAR, ID_PERSONA, FECHA_FIN) VALUES
                  (TO_DATE('1997-12-25','YYYY-MM-DD'), 28, '00131', NULL);
INSERT INTO EX.FICHA_MEDICA(ID, ID_PERSONA, ID_CENTRO_SALUD, ID_LUGAR, ESTADO, FECHA_INFECCION, FECHA_RECUPERACION) VALUES
                                             (131, '00131', 13, 28, 'desconido', NULL, NULL);
INSERT INTO EX.SINTOMAS(FECHA_INICIO, ID_SINTOMA, ID_PERSONA, ID_FICHA_MEDICA) VALUES
                            (TO_DATE('2020-03-03','YYYY-MM-DD'), 1, '00131', 131);
INSERT INTO EX.SINTOMAS(FECHA_INICIO, ID_SINTOMA, ID_PERSONA, ID_FICHA_MEDICA) VALUES
                            (TO_DATE('2020-02-15','YYYY-MM-DD'), 2, '00131', 131);
INSERT INTO EX.SINTOMAS(FECHA_INICIO, ID_SINTOMA, ID_PERSONA, ID_FICHA_MEDICA) VALUES
                            (TO_DATE('2020-05-17','YYYY-MM-DD'), 3, '00131', 131);
INSERT INTO EX.SINTOMAS(FECHA_INICIO, ID_SINTOMA, ID_PERSONA, ID_FICHA_MEDICA) VALUES
                            (TO_DATE('2020-03-07','YYYY-MM-DD'), 4, '00131', 131);
INSERT INTO EX.SINTOMAS(FECHA_INICIO, ID_SINTOMA, ID_PERSONA, ID_FICHA_MEDICA) VALUES
                            (TO_DATE('2020-04-24','YYYY-MM-DD'), 5, '00131', 131);
INSERT INTO EX.SINTOMAS(FECHA_INICIO, ID_SINTOMA, ID_PERSONA, ID_FICHA_MEDICA) VALUES
                            (TO_DATE('2020-06-23','YYYY-MM-DD'), 6, '00131', 131);
INSERT INTO EX.SINTOMAS(FECHA_INICIO, ID_SINTOMA, ID_PERSONA, ID_FICHA_MEDICA) VALUES
                            (TO_DATE('2020-02-11','YYYY-MM-DD'), 7, '00131', 131);
INSERT INTO EX.SINTOMAS(FECHA_INICIO, ID_SINTOMA, ID_PERSONA, ID_FICHA_MEDICA) VALUES
                            (TO_DATE('2020-06-13','YYYY-MM-DD'), 8, '00131', 131);
INSERT INTO EX.SINTOMAS(FECHA_INICIO, ID_SINTOMA, ID_PERSONA, ID_FICHA_MEDICA) VALUES
                            (TO_DATE('2020-03-14','YYYY-MM-DD'), 9, '00131', 131);
INSERT INTO EX.SINTOMAS(FECHA_INICIO, ID_SINTOMA, ID_PERSONA, ID_FICHA_MEDICA) VALUES
                            (TO_DATE('2020-06-13','YYYY-MM-DD'), 10, '00131', 131);
INSERT INTO EX.PERSONA(DOC_IDENTIDAD, NOMBRE, NOMBRE1, APELLIDO, APELLIDO1, FECHA_NAC, GENERO, FOTO) VALUES
                  ('00132', 'John', 'Nicholas', 'Williams', 'Patel', TO_DATE('1992-12-06','YYYY-MM-DD'), 'm', NULL);
INSERT INTO EX.HISTORICO_RESIDENCIA(FECHA_INICIO, ID_LUGAR, ID_PERSONA, FECHA_FIN) VALUES
                  (TO_DATE('1980-10-29','YYYY-MM-DD'), 24, '00132', NULL);
INSERT INTO EX.FICHA_MEDICA(ID, ID_PERSONA, ID_CENTRO_SALUD, ID_LUGAR, ESTADO, FECHA_INFECCION, FECHA_RECUPERACION) VALUES
                                             (132, '00132', 9, 24, 'desconido', NULL, NULL);
INSERT INTO EX.PERSONA(DOC_IDENTIDAD, NOMBRE, NOMBRE1, APELLIDO, APELLIDO1, FECHA_NAC, GENERO, FOTO) VALUES
                  ('00133', 'Ruth', 'Russell', 'Randall', 'Church', TO_DATE('2018-05-11','YYYY-MM-DD'), 'f', NULL);
INSERT INTO EX.HISTORICO_RESIDENCIA(FECHA_INICIO, ID_LUGAR, ID_PERSONA, FECHA_FIN) VALUES
                  (TO_DATE('2009-01-17','YYYY-MM-DD'), 23, '00133', NULL);
INSERT INTO EX.FICHA_MEDICA(ID, ID_PERSONA, ID_CENTRO_SALUD, ID_LUGAR, ESTADO, FECHA_INFECCION, FECHA_RECUPERACION) VALUES
                                             (133, '00133', 8, 23, 'desconido', NULL, NULL);
INSERT INTO EX.PADECIMIENTOS(ID_PATOLOGIA, ID_PERSONA, ID_FICHA_MEDICA) VALUES
                            (1, '00133', 133);
INSERT INTO EX.PADECIMIENTOS(ID_PATOLOGIA, ID_PERSONA, ID_FICHA_MEDICA) VALUES
                            (2, '00133', 133);
INSERT INTO EX.PADECIMIENTOS(ID_PATOLOGIA, ID_PERSONA, ID_FICHA_MEDICA) VALUES
                            (3, '00133', 133);
INSERT INTO EX.PADECIMIENTOS(ID_PATOLOGIA, ID_PERSONA, ID_FICHA_MEDICA) VALUES
                            (4, '00133', 133);
INSERT INTO EX.PADECIMIENTOS(ID_PATOLOGIA, ID_PERSONA, ID_FICHA_MEDICA) VALUES
                            (5, '00133', 133);
INSERT INTO EX.PADECIMIENTOS(ID_PATOLOGIA, ID_PERSONA, ID_FICHA_MEDICA) VALUES
                            (6, '00133', 133);
INSERT INTO EX.PERSONA(DOC_IDENTIDAD, NOMBRE, NOMBRE1, APELLIDO, APELLIDO1, FECHA_NAC, GENERO, FOTO) VALUES
                  ('00134', 'Jim', 'Mariah', 'Harris', 'Palmer', TO_DATE('2019-07-14','YYYY-MM-DD'), 'm', NULL);
INSERT INTO EX.HISTORICO_RESIDENCIA(FECHA_INICIO, ID_LUGAR, ID_PERSONA, FECHA_FIN) VALUES
                  (TO_DATE('1975-06-15','YYYY-MM-DD'), 38, '00134', NULL);
INSERT INTO EX.FICHA_MEDICA(ID, ID_PERSONA, ID_CENTRO_SALUD, ID_LUGAR, ESTADO, FECHA_INFECCION, FECHA_RECUPERACION) VALUES
                                             (134, '00134', 23, 38, 'desconido', NULL, NULL);
INSERT INTO EX.PERSONA(DOC_IDENTIDAD, NOMBRE, NOMBRE1, APELLIDO, APELLIDO1, FECHA_NAC, GENERO, FOTO) VALUES
                  ('00135', 'Michael', 'Stephanie', 'Chapman', 'Parker', TO_DATE('1982-03-14','YYYY-MM-DD'), 'f', NULL);
INSERT INTO EX.HISTORICO_RESIDENCIA(FECHA_INICIO, ID_LUGAR, ID_PERSONA, FECHA_FIN) VALUES
                  (TO_DATE('2017-05-23','YYYY-MM-DD'), 19, '00135', NULL);
INSERT INTO EX.FICHA_MEDICA(ID, ID_PERSONA, ID_CENTRO_SALUD, ID_LUGAR, ESTADO, FECHA_INFECCION, FECHA_RECUPERACION) VALUES
                                             (135, '00135', 4, 19, 'desconido', NULL, NULL);
INSERT INTO EX.SINTOMAS(FECHA_INICIO, ID_SINTOMA, ID_PERSONA, ID_FICHA_MEDICA) VALUES
                            (TO_DATE('2020-06-23','YYYY-MM-DD'), 1, '00135', 135);
INSERT INTO EX.SINTOMAS(FECHA_INICIO, ID_SINTOMA, ID_PERSONA, ID_FICHA_MEDICA) VALUES
                            (TO_DATE('2020-06-25','YYYY-MM-DD'), 2, '00135', 135);
INSERT INTO EX.SINTOMAS(FECHA_INICIO, ID_SINTOMA, ID_PERSONA, ID_FICHA_MEDICA) VALUES
                            (TO_DATE('2020-01-10','YYYY-MM-DD'), 3, '00135', 135);
INSERT INTO EX.SINTOMAS(FECHA_INICIO, ID_SINTOMA, ID_PERSONA, ID_FICHA_MEDICA) VALUES
                            (TO_DATE('2020-02-17','YYYY-MM-DD'), 4, '00135', 135);
INSERT INTO EX.SINTOMAS(FECHA_INICIO, ID_SINTOMA, ID_PERSONA, ID_FICHA_MEDICA) VALUES
                            (TO_DATE('2020-06-12','YYYY-MM-DD'), 5, '00135', 135);
INSERT INTO EX.SINTOMAS(FECHA_INICIO, ID_SINTOMA, ID_PERSONA, ID_FICHA_MEDICA) VALUES
                            (TO_DATE('2020-02-06','YYYY-MM-DD'), 6, '00135', 135);
INSERT INTO EX.SINTOMAS(FECHA_INICIO, ID_SINTOMA, ID_PERSONA, ID_FICHA_MEDICA) VALUES
                            (TO_DATE('2020-05-24','YYYY-MM-DD'), 7, '00135', 135);
INSERT INTO EX.SINTOMAS(FECHA_INICIO, ID_SINTOMA, ID_PERSONA, ID_FICHA_MEDICA) VALUES
                            (TO_DATE('2020-03-16','YYYY-MM-DD'), 8, '00135', 135);
INSERT INTO EX.SINTOMAS(FECHA_INICIO, ID_SINTOMA, ID_PERSONA, ID_FICHA_MEDICA) VALUES
                            (TO_DATE('2020-03-10','YYYY-MM-DD'), 9, '00135', 135);
INSERT INTO EX.SINTOMAS(FECHA_INICIO, ID_SINTOMA, ID_PERSONA, ID_FICHA_MEDICA) VALUES
                            (TO_DATE('2020-03-20','YYYY-MM-DD'), 10, '00135', 135);
INSERT INTO EX.SINTOMAS(FECHA_INICIO, ID_SINTOMA, ID_PERSONA, ID_FICHA_MEDICA) VALUES
                            (TO_DATE('2020-02-01','YYYY-MM-DD'), 11, '00135', 135);
INSERT INTO EX.SINTOMAS(FECHA_INICIO, ID_SINTOMA, ID_PERSONA, ID_FICHA_MEDICA) VALUES
                            (TO_DATE('2020-01-24','YYYY-MM-DD'), 12, '00135', 135);
INSERT INTO EX.SINTOMAS(FECHA_INICIO, ID_SINTOMA, ID_PERSONA, ID_FICHA_MEDICA) VALUES
                            (TO_DATE('2020-06-30','YYYY-MM-DD'), 13, '00135', 135);
INSERT INTO EX.SINTOMAS(FECHA_INICIO, ID_SINTOMA, ID_PERSONA, ID_FICHA_MEDICA) VALUES
                            (TO_DATE('2020-02-27','YYYY-MM-DD'), 14, '00135', 135);
INSERT INTO EX.SINTOMAS(FECHA_INICIO, ID_SINTOMA, ID_PERSONA, ID_FICHA_MEDICA) VALUES
                            (TO_DATE('2020-04-28','YYYY-MM-DD'), 15, '00135', 135);
INSERT INTO EX.SINTOMAS(FECHA_INICIO, ID_SINTOMA, ID_PERSONA, ID_FICHA_MEDICA) VALUES
                            (TO_DATE('2020-04-23','YYYY-MM-DD'), 16, '00135', 135);
INSERT INTO EX.PERSONA(DOC_IDENTIDAD, NOMBRE, NOMBRE1, APELLIDO, APELLIDO1, FECHA_NAC, GENERO, FOTO) VALUES
                  ('00136', 'Carolyn', 'Sandra', 'Hodges', 'Mitchell', TO_DATE('2000-11-22','YYYY-MM-DD'), 'm', NULL);
INSERT INTO EX.HISTORICO_RESIDENCIA(FECHA_INICIO, ID_LUGAR, ID_PERSONA, FECHA_FIN) VALUES
                  (TO_DATE('1985-02-07','YYYY-MM-DD'), 21, '00136', NULL);
INSERT INTO EX.FICHA_MEDICA(ID, ID_PERSONA, ID_CENTRO_SALUD, ID_LUGAR, ESTADO, FECHA_INFECCION, FECHA_RECUPERACION) VALUES
                                             (136, '00136', 6, 21, 'desconido', NULL, NULL);
INSERT INTO EX.SINTOMAS(FECHA_INICIO, ID_SINTOMA, ID_PERSONA, ID_FICHA_MEDICA) VALUES
                            (TO_DATE('2020-04-06','YYYY-MM-DD'), 1, '00136', 136);
INSERT INTO EX.SINTOMAS(FECHA_INICIO, ID_SINTOMA, ID_PERSONA, ID_FICHA_MEDICA) VALUES
                            (TO_DATE('2020-02-12','YYYY-MM-DD'), 2, '00136', 136);
INSERT INTO EX.SINTOMAS(FECHA_INICIO, ID_SINTOMA, ID_PERSONA, ID_FICHA_MEDICA) VALUES
                            (TO_DATE('2020-06-08','YYYY-MM-DD'), 3, '00136', 136);
INSERT INTO EX.PERSONA(DOC_IDENTIDAD, NOMBRE, NOMBRE1, APELLIDO, APELLIDO1, FECHA_NAC, GENERO, FOTO) VALUES
                  ('00137', 'Clinton', 'Teresa', 'Mendoza', 'Johnson', TO_DATE('2010-06-29','YYYY-MM-DD'), 'f', NULL);
INSERT INTO EX.HISTORICO_RESIDENCIA(FECHA_INICIO, ID_LUGAR, ID_PERSONA, FECHA_FIN) VALUES
                  (TO_DATE('1999-02-24','YYYY-MM-DD'), 30, '00137', NULL);
INSERT INTO EX.FICHA_MEDICA(ID, ID_PERSONA, ID_CENTRO_SALUD, ID_LUGAR, ESTADO, FECHA_INFECCION, FECHA_RECUPERACION) VALUES
                                             (137, '00137', 15, 30, 'desconido', NULL, NULL);
INSERT INTO EX.PADECIMIENTOS(ID_PATOLOGIA, ID_PERSONA, ID_FICHA_MEDICA) VALUES
                            (1, '00137', 137);
INSERT INTO EX.PADECIMIENTOS(ID_PATOLOGIA, ID_PERSONA, ID_FICHA_MEDICA) VALUES
                            (2, '00137', 137);
INSERT INTO EX.PADECIMIENTOS(ID_PATOLOGIA, ID_PERSONA, ID_FICHA_MEDICA) VALUES
                            (3, '00137', 137);
INSERT INTO EX.PADECIMIENTOS(ID_PATOLOGIA, ID_PERSONA, ID_FICHA_MEDICA) VALUES
                            (4, '00137', 137);
INSERT INTO EX.PADECIMIENTOS(ID_PATOLOGIA, ID_PERSONA, ID_FICHA_MEDICA) VALUES
                            (5, '00137', 137);
INSERT INTO EX.PERSONA(DOC_IDENTIDAD, NOMBRE, NOMBRE1, APELLIDO, APELLIDO1, FECHA_NAC, GENERO, FOTO) VALUES
                  ('00138', 'Laura', 'Dana', 'Daniel', 'Ramirez', TO_DATE('2015-01-29','YYYY-MM-DD'), 'm', NULL);
INSERT INTO EX.HISTORICO_RESIDENCIA(FECHA_INICIO, ID_LUGAR, ID_PERSONA, FECHA_FIN) VALUES
                  (TO_DATE('1991-10-19','YYYY-MM-DD'), 27, '00138', NULL);
INSERT INTO EX.FICHA_MEDICA(ID, ID_PERSONA, ID_CENTRO_SALUD, ID_LUGAR, ESTADO, FECHA_INFECCION, FECHA_RECUPERACION) VALUES
                                             (138, '00138', 12, 27, 'desconido', NULL, NULL);
INSERT INTO EX.SINTOMAS(FECHA_INICIO, ID_SINTOMA, ID_PERSONA, ID_FICHA_MEDICA) VALUES
                            (TO_DATE('2020-04-09','YYYY-MM-DD'), 1, '00138', 138);
INSERT INTO EX.SINTOMAS(FECHA_INICIO, ID_SINTOMA, ID_PERSONA, ID_FICHA_MEDICA) VALUES
                            (TO_DATE('2020-01-15','YYYY-MM-DD'), 2, '00138', 138);
INSERT INTO EX.SINTOMAS(FECHA_INICIO, ID_SINTOMA, ID_PERSONA, ID_FICHA_MEDICA) VALUES
                            (TO_DATE('2020-06-11','YYYY-MM-DD'), 3, '00138', 138);
INSERT INTO EX.SINTOMAS(FECHA_INICIO, ID_SINTOMA, ID_PERSONA, ID_FICHA_MEDICA) VALUES
                            (TO_DATE('2020-03-06','YYYY-MM-DD'), 4, '00138', 138);
INSERT INTO EX.SINTOMAS(FECHA_INICIO, ID_SINTOMA, ID_PERSONA, ID_FICHA_MEDICA) VALUES
                            (TO_DATE('2020-02-28','YYYY-MM-DD'), 5, '00138', 138);
INSERT INTO EX.SINTOMAS(FECHA_INICIO, ID_SINTOMA, ID_PERSONA, ID_FICHA_MEDICA) VALUES
                            (TO_DATE('2020-04-23','YYYY-MM-DD'), 6, '00138', 138);
INSERT INTO EX.SINTOMAS(FECHA_INICIO, ID_SINTOMA, ID_PERSONA, ID_FICHA_MEDICA) VALUES
                            (TO_DATE('2020-01-12','YYYY-MM-DD'), 7, '00138', 138);
INSERT INTO EX.SINTOMAS(FECHA_INICIO, ID_SINTOMA, ID_PERSONA, ID_FICHA_MEDICA) VALUES
                            (TO_DATE('2020-06-03','YYYY-MM-DD'), 8, '00138', 138);
INSERT INTO EX.SINTOMAS(FECHA_INICIO, ID_SINTOMA, ID_PERSONA, ID_FICHA_MEDICA) VALUES
                            (TO_DATE('2020-02-01','YYYY-MM-DD'), 9, '00138', 138);
INSERT INTO EX.PERSONA(DOC_IDENTIDAD, NOMBRE, NOMBRE1, APELLIDO, APELLIDO1, FECHA_NAC, GENERO, FOTO) VALUES
                  ('00139', 'Rebecca', 'Amy', 'Johnson', 'Rogers', TO_DATE('2002-09-15','YYYY-MM-DD'), 'f', NULL);
INSERT INTO EX.HISTORICO_RESIDENCIA(FECHA_INICIO, ID_LUGAR, ID_PERSONA, FECHA_FIN) VALUES
                  (TO_DATE('1988-11-05','YYYY-MM-DD'), 29, '00139', NULL);
INSERT INTO EX.FICHA_MEDICA(ID, ID_PERSONA, ID_CENTRO_SALUD, ID_LUGAR, ESTADO, FECHA_INFECCION, FECHA_RECUPERACION) VALUES
                                             (139, '00139', 14, 29, 'desconido', NULL, NULL);
INSERT INTO EX.PERSONA(DOC_IDENTIDAD, NOMBRE, NOMBRE1, APELLIDO, APELLIDO1, FECHA_NAC, GENERO, FOTO) VALUES
                  ('00140', 'Paul', 'Robert', 'Morgan', 'Wells', TO_DATE('2015-12-27','YYYY-MM-DD'), 'm', NULL);
INSERT INTO EX.HISTORICO_RESIDENCIA(FECHA_INICIO, ID_LUGAR, ID_PERSONA, FECHA_FIN) VALUES
                  (TO_DATE('1982-05-18','YYYY-MM-DD'), 37, '00140', NULL);
INSERT INTO EX.FICHA_MEDICA(ID, ID_PERSONA, ID_CENTRO_SALUD, ID_LUGAR, ESTADO, FECHA_INFECCION, FECHA_RECUPERACION) VALUES
                                             (140, '00140', 22, 37, 'desconido', NULL, NULL);
INSERT INTO EX.PERSONA(DOC_IDENTIDAD, NOMBRE, NOMBRE1, APELLIDO, APELLIDO1, FECHA_NAC, GENERO, FOTO) VALUES
                  ('00141', 'Kyle', 'Marissa', 'Smith', 'Cabrera', TO_DATE('2016-02-25','YYYY-MM-DD'), 'f', NULL);
INSERT INTO EX.HISTORICO_RESIDENCIA(FECHA_INICIO, ID_LUGAR, ID_PERSONA, FECHA_FIN) VALUES
                  (TO_DATE('1972-06-10','YYYY-MM-DD'), 25, '00141', NULL);
INSERT INTO EX.FICHA_MEDICA(ID, ID_PERSONA, ID_CENTRO_SALUD, ID_LUGAR, ESTADO, FECHA_INFECCION, FECHA_RECUPERACION) VALUES
                                             (141, '00141', 10, 25, 'desconido', NULL, NULL);
INSERT INTO EX.PERSONA(DOC_IDENTIDAD, NOMBRE, NOMBRE1, APELLIDO, APELLIDO1, FECHA_NAC, GENERO, FOTO) VALUES
                  ('00142', 'Toni', 'William', 'Stewart', 'Peterson', TO_DATE('1978-11-06','YYYY-MM-DD'), 'm', NULL);
INSERT INTO EX.HISTORICO_RESIDENCIA(FECHA_INICIO, ID_LUGAR, ID_PERSONA, FECHA_FIN) VALUES
                  (TO_DATE('1988-12-08','YYYY-MM-DD'), 33, '00142', NULL);
INSERT INTO EX.FICHA_MEDICA(ID, ID_PERSONA, ID_CENTRO_SALUD, ID_LUGAR, ESTADO, FECHA_INFECCION, FECHA_RECUPERACION) VALUES
                                             (142, '00142', 18, 33, 'desconido', NULL, NULL);
INSERT INTO EX.PADECIMIENTOS(ID_PATOLOGIA, ID_PERSONA, ID_FICHA_MEDICA) VALUES
                            (1, '00142', 142);
INSERT INTO EX.PADECIMIENTOS(ID_PATOLOGIA, ID_PERSONA, ID_FICHA_MEDICA) VALUES
                            (2, '00142', 142);
INSERT INTO EX.PADECIMIENTOS(ID_PATOLOGIA, ID_PERSONA, ID_FICHA_MEDICA) VALUES
                            (3, '00142', 142);
INSERT INTO EX.PADECIMIENTOS(ID_PATOLOGIA, ID_PERSONA, ID_FICHA_MEDICA) VALUES
                            (4, '00142', 142);
INSERT INTO EX.PADECIMIENTOS(ID_PATOLOGIA, ID_PERSONA, ID_FICHA_MEDICA) VALUES
                            (5, '00142', 142);
INSERT INTO EX.PADECIMIENTOS(ID_PATOLOGIA, ID_PERSONA, ID_FICHA_MEDICA) VALUES
                            (6, '00142', 142);
INSERT INTO EX.SINTOMAS(FECHA_INICIO, ID_SINTOMA, ID_PERSONA, ID_FICHA_MEDICA) VALUES
                            (TO_DATE('2020-05-22','YYYY-MM-DD'), 1, '00142', 142);
INSERT INTO EX.SINTOMAS(FECHA_INICIO, ID_SINTOMA, ID_PERSONA, ID_FICHA_MEDICA) VALUES
                            (TO_DATE('2020-05-05','YYYY-MM-DD'), 2, '00142', 142);
INSERT INTO EX.SINTOMAS(FECHA_INICIO, ID_SINTOMA, ID_PERSONA, ID_FICHA_MEDICA) VALUES
                            (TO_DATE('2020-04-18','YYYY-MM-DD'), 3, '00142', 142);
INSERT INTO EX.SINTOMAS(FECHA_INICIO, ID_SINTOMA, ID_PERSONA, ID_FICHA_MEDICA) VALUES
                            (TO_DATE('2020-02-13','YYYY-MM-DD'), 4, '00142', 142);
INSERT INTO EX.SINTOMAS(FECHA_INICIO, ID_SINTOMA, ID_PERSONA, ID_FICHA_MEDICA) VALUES
                            (TO_DATE('2020-05-17','YYYY-MM-DD'), 5, '00142', 142);
INSERT INTO EX.SINTOMAS(FECHA_INICIO, ID_SINTOMA, ID_PERSONA, ID_FICHA_MEDICA) VALUES
                            (TO_DATE('2020-02-25','YYYY-MM-DD'), 6, '00142', 142);
INSERT INTO EX.PERSONA(DOC_IDENTIDAD, NOMBRE, NOMBRE1, APELLIDO, APELLIDO1, FECHA_NAC, GENERO, FOTO) VALUES
                  ('00143', 'Daniel', 'Kevin', 'Jackson', 'Adams', TO_DATE('1973-11-19','YYYY-MM-DD'), 'f', NULL);
INSERT INTO EX.HISTORICO_RESIDENCIA(FECHA_INICIO, ID_LUGAR, ID_PERSONA, FECHA_FIN) VALUES
                  (TO_DATE('1978-01-10','YYYY-MM-DD'), 39, '00143', NULL);
INSERT INTO EX.FICHA_MEDICA(ID, ID_PERSONA, ID_CENTRO_SALUD, ID_LUGAR, ESTADO, FECHA_INFECCION, FECHA_RECUPERACION) VALUES
                                             (143, '00143', 24, 39, 'desconido', NULL, NULL);
INSERT INTO EX.PADECIMIENTOS(ID_PATOLOGIA, ID_PERSONA, ID_FICHA_MEDICA) VALUES
                            (1, '00143', 143);
INSERT INTO EX.PADECIMIENTOS(ID_PATOLOGIA, ID_PERSONA, ID_FICHA_MEDICA) VALUES
                            (2, '00143', 143);
INSERT INTO EX.PERSONA(DOC_IDENTIDAD, NOMBRE, NOMBRE1, APELLIDO, APELLIDO1, FECHA_NAC, GENERO, FOTO) VALUES
                  ('00144', 'Audrey', 'Andrew', 'Hamilton', 'Hernandez', TO_DATE('2001-04-11','YYYY-MM-DD'), 'm', NULL);
INSERT INTO EX.HISTORICO_RESIDENCIA(FECHA_INICIO, ID_LUGAR, ID_PERSONA, FECHA_FIN) VALUES
                  (TO_DATE('1984-06-10','YYYY-MM-DD'), 41, '00144', NULL);
INSERT INTO EX.FICHA_MEDICA(ID, ID_PERSONA, ID_CENTRO_SALUD, ID_LUGAR, ESTADO, FECHA_INFECCION, FECHA_RECUPERACION) VALUES
                                             (144, '00144', 26, 41, 'desconido', NULL, NULL);
INSERT INTO EX.SINTOMAS(FECHA_INICIO, ID_SINTOMA, ID_PERSONA, ID_FICHA_MEDICA) VALUES
                            (TO_DATE('2020-02-08','YYYY-MM-DD'), 1, '00144', 144);
INSERT INTO EX.SINTOMAS(FECHA_INICIO, ID_SINTOMA, ID_PERSONA, ID_FICHA_MEDICA) VALUES
                            (TO_DATE('2020-03-20','YYYY-MM-DD'), 2, '00144', 144);
INSERT INTO EX.PERSONA(DOC_IDENTIDAD, NOMBRE, NOMBRE1, APELLIDO, APELLIDO1, FECHA_NAC, GENERO, FOTO) VALUES
                  ('00145', 'Bianca', 'Michael', 'Garcia', 'Byrd', TO_DATE('2009-02-17','YYYY-MM-DD'), 'f', NULL);
INSERT INTO EX.HISTORICO_RESIDENCIA(FECHA_INICIO, ID_LUGAR, ID_PERSONA, FECHA_FIN) VALUES
                  (TO_DATE('1992-09-02','YYYY-MM-DD'), 43, '00145', NULL);
INSERT INTO EX.FICHA_MEDICA(ID, ID_PERSONA, ID_CENTRO_SALUD, ID_LUGAR, ESTADO, FECHA_INFECCION, FECHA_RECUPERACION) VALUES
                                             (145, '00145', 28, 43, 'desconido', NULL, NULL);
INSERT INTO EX.PADECIMIENTOS(ID_PATOLOGIA, ID_PERSONA, ID_FICHA_MEDICA) VALUES
                            (1, '00145', 145);
INSERT INTO EX.PADECIMIENTOS(ID_PATOLOGIA, ID_PERSONA, ID_FICHA_MEDICA) VALUES
                            (2, '00145', 145);
INSERT INTO EX.PADECIMIENTOS(ID_PATOLOGIA, ID_PERSONA, ID_FICHA_MEDICA) VALUES
                            (3, '00145', 145);
INSERT INTO EX.PADECIMIENTOS(ID_PATOLOGIA, ID_PERSONA, ID_FICHA_MEDICA) VALUES
                            (4, '00145', 145);
INSERT INTO EX.PADECIMIENTOS(ID_PATOLOGIA, ID_PERSONA, ID_FICHA_MEDICA) VALUES
                            (5, '00145', 145);
INSERT INTO EX.PADECIMIENTOS(ID_PATOLOGIA, ID_PERSONA, ID_FICHA_MEDICA) VALUES
                            (6, '00145', 145);
INSERT INTO EX.PADECIMIENTOS(ID_PATOLOGIA, ID_PERSONA, ID_FICHA_MEDICA) VALUES
                            (7, '00145', 145);
INSERT INTO EX.PADECIMIENTOS(ID_PATOLOGIA, ID_PERSONA, ID_FICHA_MEDICA) VALUES
                            (8, '00145', 145);
INSERT INTO EX.PADECIMIENTOS(ID_PATOLOGIA, ID_PERSONA, ID_FICHA_MEDICA) VALUES
                            (9, '00145', 145);
INSERT INTO EX.PADECIMIENTOS(ID_PATOLOGIA, ID_PERSONA, ID_FICHA_MEDICA) VALUES
                            (10, '00145', 145);
INSERT INTO EX.PADECIMIENTOS(ID_PATOLOGIA, ID_PERSONA, ID_FICHA_MEDICA) VALUES
                            (11, '00145', 145);
INSERT INTO EX.SINTOMAS(FECHA_INICIO, ID_SINTOMA, ID_PERSONA, ID_FICHA_MEDICA) VALUES
                            (TO_DATE('2020-01-17','YYYY-MM-DD'), 1, '00145', 145);
INSERT INTO EX.SINTOMAS(FECHA_INICIO, ID_SINTOMA, ID_PERSONA, ID_FICHA_MEDICA) VALUES
                            (TO_DATE('2020-06-21','YYYY-MM-DD'), 2, '00145', 145);
INSERT INTO EX.SINTOMAS(FECHA_INICIO, ID_SINTOMA, ID_PERSONA, ID_FICHA_MEDICA) VALUES
                            (TO_DATE('2020-02-29','YYYY-MM-DD'), 3, '00145', 145);
INSERT INTO EX.SINTOMAS(FECHA_INICIO, ID_SINTOMA, ID_PERSONA, ID_FICHA_MEDICA) VALUES
                            (TO_DATE('2020-06-26','YYYY-MM-DD'), 4, '00145', 145);
INSERT INTO EX.SINTOMAS(FECHA_INICIO, ID_SINTOMA, ID_PERSONA, ID_FICHA_MEDICA) VALUES
                            (TO_DATE('2020-02-08','YYYY-MM-DD'), 5, '00145', 145);
INSERT INTO EX.SINTOMAS(FECHA_INICIO, ID_SINTOMA, ID_PERSONA, ID_FICHA_MEDICA) VALUES
                            (TO_DATE('2020-01-12','YYYY-MM-DD'), 6, '00145', 145);
INSERT INTO EX.SINTOMAS(FECHA_INICIO, ID_SINTOMA, ID_PERSONA, ID_FICHA_MEDICA) VALUES
                            (TO_DATE('2020-03-28','YYYY-MM-DD'), 7, '00145', 145);
INSERT INTO EX.SINTOMAS(FECHA_INICIO, ID_SINTOMA, ID_PERSONA, ID_FICHA_MEDICA) VALUES
                            (TO_DATE('2020-03-22','YYYY-MM-DD'), 8, '00145', 145);
INSERT INTO EX.SINTOMAS(FECHA_INICIO, ID_SINTOMA, ID_PERSONA, ID_FICHA_MEDICA) VALUES
                            (TO_DATE('2020-04-22','YYYY-MM-DD'), 9, '00145', 145);
INSERT INTO EX.SINTOMAS(FECHA_INICIO, ID_SINTOMA, ID_PERSONA, ID_FICHA_MEDICA) VALUES
                            (TO_DATE('2020-03-02','YYYY-MM-DD'), 10, '00145', 145);
INSERT INTO EX.SINTOMAS(FECHA_INICIO, ID_SINTOMA, ID_PERSONA, ID_FICHA_MEDICA) VALUES
                            (TO_DATE('2020-06-15','YYYY-MM-DD'), 11, '00145', 145);
INSERT INTO EX.SINTOMAS(FECHA_INICIO, ID_SINTOMA, ID_PERSONA, ID_FICHA_MEDICA) VALUES
                            (TO_DATE('2020-03-04','YYYY-MM-DD'), 12, '00145', 145);
INSERT INTO EX.SINTOMAS(FECHA_INICIO, ID_SINTOMA, ID_PERSONA, ID_FICHA_MEDICA) VALUES
                            (TO_DATE('2020-06-07','YYYY-MM-DD'), 13, '00145', 145);
INSERT INTO EX.SINTOMAS(FECHA_INICIO, ID_SINTOMA, ID_PERSONA, ID_FICHA_MEDICA) VALUES
                            (TO_DATE('2020-02-26','YYYY-MM-DD'), 14, '00145', 145);
INSERT INTO EX.SINTOMAS(FECHA_INICIO, ID_SINTOMA, ID_PERSONA, ID_FICHA_MEDICA) VALUES
                            (TO_DATE('2020-01-11','YYYY-MM-DD'), 15, '00145', 145);
INSERT INTO EX.SINTOMAS(FECHA_INICIO, ID_SINTOMA, ID_PERSONA, ID_FICHA_MEDICA) VALUES
                            (TO_DATE('2020-05-02','YYYY-MM-DD'), 16, '00145', 145);
INSERT INTO EX.SINTOMAS(FECHA_INICIO, ID_SINTOMA, ID_PERSONA, ID_FICHA_MEDICA) VALUES
                            (TO_DATE('2020-01-02','YYYY-MM-DD'), 17, '00145', 145);
INSERT INTO EX.PERSONA(DOC_IDENTIDAD, NOMBRE, NOMBRE1, APELLIDO, APELLIDO1, FECHA_NAC, GENERO, FOTO) VALUES
                  ('00146', 'Laura', 'Adam', 'Tapia', 'Stephens', TO_DATE('1986-10-26','YYYY-MM-DD'), 'm', NULL);
INSERT INTO EX.HISTORICO_RESIDENCIA(FECHA_INICIO, ID_LUGAR, ID_PERSONA, FECHA_FIN) VALUES
                  (TO_DATE('1972-10-18','YYYY-MM-DD'), 32, '00146', NULL);
INSERT INTO EX.FICHA_MEDICA(ID, ID_PERSONA, ID_CENTRO_SALUD, ID_LUGAR, ESTADO, FECHA_INFECCION, FECHA_RECUPERACION) VALUES
                                             (146, '00146', 17, 32, 'desconido', NULL, NULL);
INSERT INTO EX.PADECIMIENTOS(ID_PATOLOGIA, ID_PERSONA, ID_FICHA_MEDICA) VALUES
                            (1, '00146', 146);
INSERT INTO EX.PADECIMIENTOS(ID_PATOLOGIA, ID_PERSONA, ID_FICHA_MEDICA) VALUES
                            (2, '00146', 146);
INSERT INTO EX.PADECIMIENTOS(ID_PATOLOGIA, ID_PERSONA, ID_FICHA_MEDICA) VALUES
                            (3, '00146', 146);
INSERT INTO EX.PADECIMIENTOS(ID_PATOLOGIA, ID_PERSONA, ID_FICHA_MEDICA) VALUES
                            (4, '00146', 146);
INSERT INTO EX.PADECIMIENTOS(ID_PATOLOGIA, ID_PERSONA, ID_FICHA_MEDICA) VALUES
                            (5, '00146', 146);
INSERT INTO EX.PADECIMIENTOS(ID_PATOLOGIA, ID_PERSONA, ID_FICHA_MEDICA) VALUES
                            (6, '00146', 146);
INSERT INTO EX.PADECIMIENTOS(ID_PATOLOGIA, ID_PERSONA, ID_FICHA_MEDICA) VALUES
                            (7, '00146', 146);
INSERT INTO EX.PADECIMIENTOS(ID_PATOLOGIA, ID_PERSONA, ID_FICHA_MEDICA) VALUES
                            (8, '00146', 146);
INSERT INTO EX.PERSONA(DOC_IDENTIDAD, NOMBRE, NOMBRE1, APELLIDO, APELLIDO1, FECHA_NAC, GENERO, FOTO) VALUES
                  ('00147', 'Nicholas', 'Cathy', 'Roberts', 'Parker', TO_DATE('2017-08-23','YYYY-MM-DD'), 'f', NULL);
INSERT INTO EX.HISTORICO_RESIDENCIA(FECHA_INICIO, ID_LUGAR, ID_PERSONA, FECHA_FIN) VALUES
                  (TO_DATE('1989-05-13','YYYY-MM-DD'), 19, '00147', NULL);
INSERT INTO EX.FICHA_MEDICA(ID, ID_PERSONA, ID_CENTRO_SALUD, ID_LUGAR, ESTADO, FECHA_INFECCION, FECHA_RECUPERACION) VALUES
                                             (147, '00147', 4, 19, 'desconido', NULL, NULL);
INSERT INTO EX.PADECIMIENTOS(ID_PATOLOGIA, ID_PERSONA, ID_FICHA_MEDICA) VALUES
                            (1, '00147', 147);
INSERT INTO EX.PADECIMIENTOS(ID_PATOLOGIA, ID_PERSONA, ID_FICHA_MEDICA) VALUES
                            (2, '00147', 147);
INSERT INTO EX.PADECIMIENTOS(ID_PATOLOGIA, ID_PERSONA, ID_FICHA_MEDICA) VALUES
                            (3, '00147', 147);
INSERT INTO EX.PADECIMIENTOS(ID_PATOLOGIA, ID_PERSONA, ID_FICHA_MEDICA) VALUES
                            (4, '00147', 147);
INSERT INTO EX.PADECIMIENTOS(ID_PATOLOGIA, ID_PERSONA, ID_FICHA_MEDICA) VALUES
                            (5, '00147', 147);
INSERT INTO EX.PADECIMIENTOS(ID_PATOLOGIA, ID_PERSONA, ID_FICHA_MEDICA) VALUES
                            (6, '00147', 147);
INSERT INTO EX.PADECIMIENTOS(ID_PATOLOGIA, ID_PERSONA, ID_FICHA_MEDICA) VALUES
                            (7, '00147', 147);
INSERT INTO EX.PADECIMIENTOS(ID_PATOLOGIA, ID_PERSONA, ID_FICHA_MEDICA) VALUES
                            (8, '00147', 147);
INSERT INTO EX.PADECIMIENTOS(ID_PATOLOGIA, ID_PERSONA, ID_FICHA_MEDICA) VALUES
                            (9, '00147', 147);
INSERT INTO EX.PADECIMIENTOS(ID_PATOLOGIA, ID_PERSONA, ID_FICHA_MEDICA) VALUES
                            (10, '00147', 147);
INSERT INTO EX.PADECIMIENTOS(ID_PATOLOGIA, ID_PERSONA, ID_FICHA_MEDICA) VALUES
                            (11, '00147', 147);
INSERT INTO EX.PADECIMIENTOS(ID_PATOLOGIA, ID_PERSONA, ID_FICHA_MEDICA) VALUES
                            (12, '00147', 147);
INSERT INTO EX.PADECIMIENTOS(ID_PATOLOGIA, ID_PERSONA, ID_FICHA_MEDICA) VALUES
                            (13, '00147', 147);
INSERT INTO EX.PADECIMIENTOS(ID_PATOLOGIA, ID_PERSONA, ID_FICHA_MEDICA) VALUES
                            (14, '00147', 147);
INSERT INTO EX.PADECIMIENTOS(ID_PATOLOGIA, ID_PERSONA, ID_FICHA_MEDICA) VALUES
                            (15, '00147', 147);
INSERT INTO EX.SINTOMAS(FECHA_INICIO, ID_SINTOMA, ID_PERSONA, ID_FICHA_MEDICA) VALUES
                            (TO_DATE('2020-01-17','YYYY-MM-DD'), 1, '00147', 147);
INSERT INTO EX.SINTOMAS(FECHA_INICIO, ID_SINTOMA, ID_PERSONA, ID_FICHA_MEDICA) VALUES
                            (TO_DATE('2020-06-16','YYYY-MM-DD'), 2, '00147', 147);
INSERT INTO EX.SINTOMAS(FECHA_INICIO, ID_SINTOMA, ID_PERSONA, ID_FICHA_MEDICA) VALUES
                            (TO_DATE('2020-05-12','YYYY-MM-DD'), 3, '00147', 147);
INSERT INTO EX.SINTOMAS(FECHA_INICIO, ID_SINTOMA, ID_PERSONA, ID_FICHA_MEDICA) VALUES
                            (TO_DATE('2020-01-29','YYYY-MM-DD'), 4, '00147', 147);
INSERT INTO EX.SINTOMAS(FECHA_INICIO, ID_SINTOMA, ID_PERSONA, ID_FICHA_MEDICA) VALUES
                            (TO_DATE('2020-06-30','YYYY-MM-DD'), 5, '00147', 147);
INSERT INTO EX.SINTOMAS(FECHA_INICIO, ID_SINTOMA, ID_PERSONA, ID_FICHA_MEDICA) VALUES
                            (TO_DATE('2020-02-25','YYYY-MM-DD'), 6, '00147', 147);
INSERT INTO EX.SINTOMAS(FECHA_INICIO, ID_SINTOMA, ID_PERSONA, ID_FICHA_MEDICA) VALUES
                            (TO_DATE('2020-06-21','YYYY-MM-DD'), 7, '00147', 147);
INSERT INTO EX.SINTOMAS(FECHA_INICIO, ID_SINTOMA, ID_PERSONA, ID_FICHA_MEDICA) VALUES
                            (TO_DATE('2020-05-30','YYYY-MM-DD'), 8, '00147', 147);
INSERT INTO EX.SINTOMAS(FECHA_INICIO, ID_SINTOMA, ID_PERSONA, ID_FICHA_MEDICA) VALUES
                            (TO_DATE('2020-01-24','YYYY-MM-DD'), 9, '00147', 147);
INSERT INTO EX.SINTOMAS(FECHA_INICIO, ID_SINTOMA, ID_PERSONA, ID_FICHA_MEDICA) VALUES
                            (TO_DATE('2020-03-10','YYYY-MM-DD'), 10, '00147', 147);
INSERT INTO EX.SINTOMAS(FECHA_INICIO, ID_SINTOMA, ID_PERSONA, ID_FICHA_MEDICA) VALUES
                            (TO_DATE('2020-06-15','YYYY-MM-DD'), 11, '00147', 147);
INSERT INTO EX.SINTOMAS(FECHA_INICIO, ID_SINTOMA, ID_PERSONA, ID_FICHA_MEDICA) VALUES
                            (TO_DATE('2020-05-02','YYYY-MM-DD'), 12, '00147', 147);
INSERT INTO EX.SINTOMAS(FECHA_INICIO, ID_SINTOMA, ID_PERSONA, ID_FICHA_MEDICA) VALUES
                            (TO_DATE('2020-05-19','YYYY-MM-DD'), 13, '00147', 147);
INSERT INTO EX.SINTOMAS(FECHA_INICIO, ID_SINTOMA, ID_PERSONA, ID_FICHA_MEDICA) VALUES
                            (TO_DATE('2020-06-23','YYYY-MM-DD'), 14, '00147', 147);
INSERT INTO EX.PERSONA(DOC_IDENTIDAD, NOMBRE, NOMBRE1, APELLIDO, APELLIDO1, FECHA_NAC, GENERO, FOTO) VALUES
                  ('00148', 'Stephanie', 'John', 'Gonzales', 'Jones', TO_DATE('1985-08-26','YYYY-MM-DD'), 'm', NULL);
INSERT INTO EX.HISTORICO_RESIDENCIA(FECHA_INICIO, ID_LUGAR, ID_PERSONA, FECHA_FIN) VALUES
                  (TO_DATE('1971-04-06','YYYY-MM-DD'), 23, '00148', NULL);
INSERT INTO EX.FICHA_MEDICA(ID, ID_PERSONA, ID_CENTRO_SALUD, ID_LUGAR, ESTADO, FECHA_INFECCION, FECHA_RECUPERACION) VALUES
                                             (148, '00148', 8, 23, 'desconido', NULL, NULL);
INSERT INTO EX.PADECIMIENTOS(ID_PATOLOGIA, ID_PERSONA, ID_FICHA_MEDICA) VALUES
                            (1, '00148', 148);
INSERT INTO EX.PADECIMIENTOS(ID_PATOLOGIA, ID_PERSONA, ID_FICHA_MEDICA) VALUES
                            (2, '00148', 148);
INSERT INTO EX.PADECIMIENTOS(ID_PATOLOGIA, ID_PERSONA, ID_FICHA_MEDICA) VALUES
                            (3, '00148', 148);
INSERT INTO EX.PADECIMIENTOS(ID_PATOLOGIA, ID_PERSONA, ID_FICHA_MEDICA) VALUES
                            (4, '00148', 148);
INSERT INTO EX.PADECIMIENTOS(ID_PATOLOGIA, ID_PERSONA, ID_FICHA_MEDICA) VALUES
                            (5, '00148', 148);
INSERT INTO EX.PADECIMIENTOS(ID_PATOLOGIA, ID_PERSONA, ID_FICHA_MEDICA) VALUES
                            (6, '00148', 148);
INSERT INTO EX.PADECIMIENTOS(ID_PATOLOGIA, ID_PERSONA, ID_FICHA_MEDICA) VALUES
                            (7, '00148', 148);
INSERT INTO EX.PADECIMIENTOS(ID_PATOLOGIA, ID_PERSONA, ID_FICHA_MEDICA) VALUES
                            (8, '00148', 148);
INSERT INTO EX.PADECIMIENTOS(ID_PATOLOGIA, ID_PERSONA, ID_FICHA_MEDICA) VALUES
                            (9, '00148', 148);
INSERT INTO EX.PADECIMIENTOS(ID_PATOLOGIA, ID_PERSONA, ID_FICHA_MEDICA) VALUES
                            (10, '00148', 148);
INSERT INTO EX.PERSONA(DOC_IDENTIDAD, NOMBRE, NOMBRE1, APELLIDO, APELLIDO1, FECHA_NAC, GENERO, FOTO) VALUES
                  ('00149', 'Jasmine', 'Timothy', 'Hernandez', 'Ramsey', TO_DATE('1981-06-15','YYYY-MM-DD'), 'f', NULL);
INSERT INTO EX.HISTORICO_RESIDENCIA(FECHA_INICIO, ID_LUGAR, ID_PERSONA, FECHA_FIN) VALUES
                  (TO_DATE('1998-08-26','YYYY-MM-DD'), 23, '00149', NULL);
INSERT INTO EX.FICHA_MEDICA(ID, ID_PERSONA, ID_CENTRO_SALUD, ID_LUGAR, ESTADO, FECHA_INFECCION, FECHA_RECUPERACION) VALUES
                                             (149, '00149', 8, 23, 'desconido', NULL, NULL);
INSERT INTO EX.PADECIMIENTOS(ID_PATOLOGIA, ID_PERSONA, ID_FICHA_MEDICA) VALUES
                            (1, '00149', 149);
INSERT INTO EX.PADECIMIENTOS(ID_PATOLOGIA, ID_PERSONA, ID_FICHA_MEDICA) VALUES
                            (2, '00149', 149);
INSERT INTO EX.PADECIMIENTOS(ID_PATOLOGIA, ID_PERSONA, ID_FICHA_MEDICA) VALUES
                            (3, '00149', 149);
INSERT INTO EX.PADECIMIENTOS(ID_PATOLOGIA, ID_PERSONA, ID_FICHA_MEDICA) VALUES
                            (4, '00149', 149);
INSERT INTO EX.PADECIMIENTOS(ID_PATOLOGIA, ID_PERSONA, ID_FICHA_MEDICA) VALUES
                            (5, '00149', 149);
INSERT INTO EX.PADECIMIENTOS(ID_PATOLOGIA, ID_PERSONA, ID_FICHA_MEDICA) VALUES
                            (6, '00149', 149);
INSERT INTO EX.PADECIMIENTOS(ID_PATOLOGIA, ID_PERSONA, ID_FICHA_MEDICA) VALUES
                            (7, '00149', 149);
INSERT INTO EX.PADECIMIENTOS(ID_PATOLOGIA, ID_PERSONA, ID_FICHA_MEDICA) VALUES
                            (8, '00149', 149);
INSERT INTO EX.PADECIMIENTOS(ID_PATOLOGIA, ID_PERSONA, ID_FICHA_MEDICA) VALUES
                            (9, '00149', 149);
INSERT INTO EX.PADECIMIENTOS(ID_PATOLOGIA, ID_PERSONA, ID_FICHA_MEDICA) VALUES
                            (10, '00149', 149);
INSERT INTO EX.PADECIMIENTOS(ID_PATOLOGIA, ID_PERSONA, ID_FICHA_MEDICA) VALUES
                            (11, '00149', 149);
INSERT INTO EX.SINTOMAS(FECHA_INICIO, ID_SINTOMA, ID_PERSONA, ID_FICHA_MEDICA) VALUES
                            (TO_DATE('2020-03-29','YYYY-MM-DD'), 1, '00149', 149);
INSERT INTO EX.SINTOMAS(FECHA_INICIO, ID_SINTOMA, ID_PERSONA, ID_FICHA_MEDICA) VALUES
                            (TO_DATE('2020-01-31','YYYY-MM-DD'), 2, '00149', 149);
INSERT INTO EX.SINTOMAS(FECHA_INICIO, ID_SINTOMA, ID_PERSONA, ID_FICHA_MEDICA) VALUES
                            (TO_DATE('2020-01-16','YYYY-MM-DD'), 3, '00149', 149);
INSERT INTO EX.SINTOMAS(FECHA_INICIO, ID_SINTOMA, ID_PERSONA, ID_FICHA_MEDICA) VALUES
                            (TO_DATE('2020-05-25','YYYY-MM-DD'), 4, '00149', 149);
INSERT INTO EX.SINTOMAS(FECHA_INICIO, ID_SINTOMA, ID_PERSONA, ID_FICHA_MEDICA) VALUES
                            (TO_DATE('2020-06-18','YYYY-MM-DD'), 5, '00149', 149);
INSERT INTO EX.SINTOMAS(FECHA_INICIO, ID_SINTOMA, ID_PERSONA, ID_FICHA_MEDICA) VALUES
                            (TO_DATE('2020-04-30','YYYY-MM-DD'), 6, '00149', 149);
INSERT INTO EX.SINTOMAS(FECHA_INICIO, ID_SINTOMA, ID_PERSONA, ID_FICHA_MEDICA) VALUES
                            (TO_DATE('2020-05-04','YYYY-MM-DD'), 7, '00149', 149);
INSERT INTO EX.SINTOMAS(FECHA_INICIO, ID_SINTOMA, ID_PERSONA, ID_FICHA_MEDICA) VALUES
                            (TO_DATE('2020-01-13','YYYY-MM-DD'), 8, '00149', 149);
INSERT INTO EX.SINTOMAS(FECHA_INICIO, ID_SINTOMA, ID_PERSONA, ID_FICHA_MEDICA) VALUES
                            (TO_DATE('2020-04-20','YYYY-MM-DD'), 9, '00149', 149);
INSERT INTO EX.SINTOMAS(FECHA_INICIO, ID_SINTOMA, ID_PERSONA, ID_FICHA_MEDICA) VALUES
                            (TO_DATE('2020-02-16','YYYY-MM-DD'), 10, '00149', 149);
INSERT INTO EX.SINTOMAS(FECHA_INICIO, ID_SINTOMA, ID_PERSONA, ID_FICHA_MEDICA) VALUES
                            (TO_DATE('2020-01-30','YYYY-MM-DD'), 11, '00149', 149);
INSERT INTO EX.SINTOMAS(FECHA_INICIO, ID_SINTOMA, ID_PERSONA, ID_FICHA_MEDICA) VALUES
                            (TO_DATE('2020-02-03','YYYY-MM-DD'), 12, '00149', 149);
INSERT INTO EX.SINTOMAS(FECHA_INICIO, ID_SINTOMA, ID_PERSONA, ID_FICHA_MEDICA) VALUES
                            (TO_DATE('2020-01-16','YYYY-MM-DD'), 13, '00149', 149);
INSERT INTO EX.SINTOMAS(FECHA_INICIO, ID_SINTOMA, ID_PERSONA, ID_FICHA_MEDICA) VALUES
                            (TO_DATE('2020-01-03','YYYY-MM-DD'), 14, '00149', 149);
INSERT INTO EX.SINTOMAS(FECHA_INICIO, ID_SINTOMA, ID_PERSONA, ID_FICHA_MEDICA) VALUES
                            (TO_DATE('2020-02-26','YYYY-MM-DD'), 15, '00149', 149);
INSERT INTO EX.SINTOMAS(FECHA_INICIO, ID_SINTOMA, ID_PERSONA, ID_FICHA_MEDICA) VALUES
                            (TO_DATE('2020-03-27','YYYY-MM-DD'), 16, '00149', 149);
INSERT INTO EX.SINTOMAS(FECHA_INICIO, ID_SINTOMA, ID_PERSONA, ID_FICHA_MEDICA) VALUES
                            (TO_DATE('2020-06-13','YYYY-MM-DD'), 17, '00149', 149);
INSERT INTO EX.SINTOMAS(FECHA_INICIO, ID_SINTOMA, ID_PERSONA, ID_FICHA_MEDICA) VALUES
                            (TO_DATE('2020-05-11','YYYY-MM-DD'), 18, '00149', 149);
INSERT INTO EX.PERSONA(DOC_IDENTIDAD, NOMBRE, NOMBRE1, APELLIDO, APELLIDO1, FECHA_NAC, GENERO, FOTO) VALUES
                  ('00150', 'Tammy', 'Joseph', 'White', 'Wilkinson', TO_DATE('2002-01-18','YYYY-MM-DD'), 'm', NULL);
INSERT INTO EX.HISTORICO_RESIDENCIA(FECHA_INICIO, ID_LUGAR, ID_PERSONA, FECHA_FIN) VALUES
                  (TO_DATE('2012-01-22','YYYY-MM-DD'), 22, '00150', NULL);
INSERT INTO EX.FICHA_MEDICA(ID, ID_PERSONA, ID_CENTRO_SALUD, ID_LUGAR, ESTADO, FECHA_INFECCION, FECHA_RECUPERACION) VALUES
                                             (150, '00150', 7, 22, 'desconido', NULL, NULL);
INSERT INTO EX.PADECIMIENTOS(ID_PATOLOGIA, ID_PERSONA, ID_FICHA_MEDICA) VALUES
                            (1, '00150', 150);
INSERT INTO EX.PADECIMIENTOS(ID_PATOLOGIA, ID_PERSONA, ID_FICHA_MEDICA) VALUES
                            (2, '00150', 150);
INSERT INTO EX.PADECIMIENTOS(ID_PATOLOGIA, ID_PERSONA, ID_FICHA_MEDICA) VALUES
                            (3, '00150', 150);
INSERT INTO EX.PADECIMIENTOS(ID_PATOLOGIA, ID_PERSONA, ID_FICHA_MEDICA) VALUES
                            (4, '00150', 150);
INSERT INTO EX.PADECIMIENTOS(ID_PATOLOGIA, ID_PERSONA, ID_FICHA_MEDICA) VALUES
                            (5, '00150', 150);
INSERT INTO EX.PADECIMIENTOS(ID_PATOLOGIA, ID_PERSONA, ID_FICHA_MEDICA) VALUES
                            (6, '00150', 150);
INSERT INTO EX.PADECIMIENTOS(ID_PATOLOGIA, ID_PERSONA, ID_FICHA_MEDICA) VALUES
                            (7, '00150', 150);
INSERT INTO EX.PADECIMIENTOS(ID_PATOLOGIA, ID_PERSONA, ID_FICHA_MEDICA) VALUES
                            (8, '00150', 150);
INSERT INTO EX.PADECIMIENTOS(ID_PATOLOGIA, ID_PERSONA, ID_FICHA_MEDICA) VALUES
                            (9, '00150', 150);
INSERT INTO EX.PADECIMIENTOS(ID_PATOLOGIA, ID_PERSONA, ID_FICHA_MEDICA) VALUES
                            (10, '00150', 150);
INSERT INTO EX.PADECIMIENTOS(ID_PATOLOGIA, ID_PERSONA, ID_FICHA_MEDICA) VALUES
                            (11, '00150', 150);
INSERT INTO EX.PADECIMIENTOS(ID_PATOLOGIA, ID_PERSONA, ID_FICHA_MEDICA) VALUES
                            (12, '00150', 150);
INSERT INTO EX.PADECIMIENTOS(ID_PATOLOGIA, ID_PERSONA, ID_FICHA_MEDICA) VALUES
                            (13, '00150', 150);
INSERT INTO EX.PERSONA(DOC_IDENTIDAD, NOMBRE, NOMBRE1, APELLIDO, APELLIDO1, FECHA_NAC, GENERO, FOTO) VALUES
                  ('00151', 'Linda', 'James', 'Thompson', 'Ferrell', TO_DATE('1994-06-22','YYYY-MM-DD'), 'f', NULL);
INSERT INTO EX.HISTORICO_RESIDENCIA(FECHA_INICIO, ID_LUGAR, ID_PERSONA, FECHA_FIN) VALUES
                  (TO_DATE('1985-05-20','YYYY-MM-DD'), 34, '00151', NULL);
INSERT INTO EX.FICHA_MEDICA(ID, ID_PERSONA, ID_CENTRO_SALUD, ID_LUGAR, ESTADO, FECHA_INFECCION, FECHA_RECUPERACION) VALUES
                                             (151, '00151', 19, 34, 'desconido', NULL, NULL);
INSERT INTO EX.PERSONA(DOC_IDENTIDAD, NOMBRE, NOMBRE1, APELLIDO, APELLIDO1, FECHA_NAC, GENERO, FOTO) VALUES
                  ('00152', 'Lacey', 'Michael', 'Brandt', 'Leon', TO_DATE('1973-06-10','YYYY-MM-DD'), 'm', NULL);
INSERT INTO EX.HISTORICO_RESIDENCIA(FECHA_INICIO, ID_LUGAR, ID_PERSONA, FECHA_FIN) VALUES
                  (TO_DATE('1971-09-22','YYYY-MM-DD'), 22, '00152', NULL);
INSERT INTO EX.FICHA_MEDICA(ID, ID_PERSONA, ID_CENTRO_SALUD, ID_LUGAR, ESTADO, FECHA_INFECCION, FECHA_RECUPERACION) VALUES
                                             (152, '00152', 7, 22, 'desconido', NULL, NULL);
INSERT INTO EX.PERSONA(DOC_IDENTIDAD, NOMBRE, NOMBRE1, APELLIDO, APELLIDO1, FECHA_NAC, GENERO, FOTO) VALUES
                  ('00153', 'Sarah', 'Sonya', 'Stone', 'Mcdonald', TO_DATE('1982-01-02','YYYY-MM-DD'), 'f', NULL);
INSERT INTO EX.HISTORICO_RESIDENCIA(FECHA_INICIO, ID_LUGAR, ID_PERSONA, FECHA_FIN) VALUES
                  (TO_DATE('2009-02-14','YYYY-MM-DD'), 19, '00153', NULL);
INSERT INTO EX.FICHA_MEDICA(ID, ID_PERSONA, ID_CENTRO_SALUD, ID_LUGAR, ESTADO, FECHA_INFECCION, FECHA_RECUPERACION) VALUES
                                             (153, '00153', 4, 19, 'desconido', NULL, NULL);
INSERT INTO EX.PERSONA(DOC_IDENTIDAD, NOMBRE, NOMBRE1, APELLIDO, APELLIDO1, FECHA_NAC, GENERO, FOTO) VALUES
                  ('00154', 'Jose', 'Beverly', 'Guerra', 'Brooks', TO_DATE('2006-11-27','YYYY-MM-DD'), 'm', NULL);
INSERT INTO EX.HISTORICO_RESIDENCIA(FECHA_INICIO, ID_LUGAR, ID_PERSONA, FECHA_FIN) VALUES
                  (TO_DATE('1987-02-25','YYYY-MM-DD'), 18, '00154', NULL);
INSERT INTO EX.FICHA_MEDICA(ID, ID_PERSONA, ID_CENTRO_SALUD, ID_LUGAR, ESTADO, FECHA_INFECCION, FECHA_RECUPERACION) VALUES
                                             (154, '00154', 3, 18, 'desconido', NULL, NULL);
INSERT INTO EX.SINTOMAS(FECHA_INICIO, ID_SINTOMA, ID_PERSONA, ID_FICHA_MEDICA) VALUES
                            (TO_DATE('2020-05-18','YYYY-MM-DD'), 1, '00154', 154);
INSERT INTO EX.SINTOMAS(FECHA_INICIO, ID_SINTOMA, ID_PERSONA, ID_FICHA_MEDICA) VALUES
                            (TO_DATE('2020-03-24','YYYY-MM-DD'), 2, '00154', 154);
INSERT INTO EX.SINTOMAS(FECHA_INICIO, ID_SINTOMA, ID_PERSONA, ID_FICHA_MEDICA) VALUES
                            (TO_DATE('2020-02-28','YYYY-MM-DD'), 3, '00154', 154);
INSERT INTO EX.SINTOMAS(FECHA_INICIO, ID_SINTOMA, ID_PERSONA, ID_FICHA_MEDICA) VALUES
                            (TO_DATE('2020-02-01','YYYY-MM-DD'), 4, '00154', 154);
INSERT INTO EX.SINTOMAS(FECHA_INICIO, ID_SINTOMA, ID_PERSONA, ID_FICHA_MEDICA) VALUES
                            (TO_DATE('2020-02-18','YYYY-MM-DD'), 5, '00154', 154);
INSERT INTO EX.SINTOMAS(FECHA_INICIO, ID_SINTOMA, ID_PERSONA, ID_FICHA_MEDICA) VALUES
                            (TO_DATE('2020-06-08','YYYY-MM-DD'), 6, '00154', 154);
INSERT INTO EX.SINTOMAS(FECHA_INICIO, ID_SINTOMA, ID_PERSONA, ID_FICHA_MEDICA) VALUES
                            (TO_DATE('2020-04-09','YYYY-MM-DD'), 7, '00154', 154);
INSERT INTO EX.SINTOMAS(FECHA_INICIO, ID_SINTOMA, ID_PERSONA, ID_FICHA_MEDICA) VALUES
                            (TO_DATE('2020-03-15','YYYY-MM-DD'), 8, '00154', 154);
INSERT INTO EX.SINTOMAS(FECHA_INICIO, ID_SINTOMA, ID_PERSONA, ID_FICHA_MEDICA) VALUES
                            (TO_DATE('2020-02-21','YYYY-MM-DD'), 9, '00154', 154);
INSERT INTO EX.PERSONA(DOC_IDENTIDAD, NOMBRE, NOMBRE1, APELLIDO, APELLIDO1, FECHA_NAC, GENERO, FOTO) VALUES
                  ('00155', 'Cameron', 'Rachael', 'Moore', 'Lewis', TO_DATE('1999-12-01','YYYY-MM-DD'), 'f', NULL);
INSERT INTO EX.HISTORICO_RESIDENCIA(FECHA_INICIO, ID_LUGAR, ID_PERSONA, FECHA_FIN) VALUES
                  (TO_DATE('2016-06-28','YYYY-MM-DD'), 21, '00155', NULL);
INSERT INTO EX.FICHA_MEDICA(ID, ID_PERSONA, ID_CENTRO_SALUD, ID_LUGAR, ESTADO, FECHA_INFECCION, FECHA_RECUPERACION) VALUES
                                             (155, '00155', 6, 21, 'desconido', NULL, NULL);
INSERT INTO EX.PERSONA(DOC_IDENTIDAD, NOMBRE, NOMBRE1, APELLIDO, APELLIDO1, FECHA_NAC, GENERO, FOTO) VALUES
                  ('00156', 'John', 'Heidi', 'Love', 'Butler', TO_DATE('1993-11-16','YYYY-MM-DD'), 'm', NULL);
INSERT INTO EX.HISTORICO_RESIDENCIA(FECHA_INICIO, ID_LUGAR, ID_PERSONA, FECHA_FIN) VALUES
                  (TO_DATE('1980-03-07','YYYY-MM-DD'), 35, '00156', NULL);
INSERT INTO EX.FICHA_MEDICA(ID, ID_PERSONA, ID_CENTRO_SALUD, ID_LUGAR, ESTADO, FECHA_INFECCION, FECHA_RECUPERACION) VALUES
                                             (156, '00156', 20, 35, 'desconido', NULL, NULL);
INSERT INTO EX.PERSONA(DOC_IDENTIDAD, NOMBRE, NOMBRE1, APELLIDO, APELLIDO1, FECHA_NAC, GENERO, FOTO) VALUES
                  ('00157', 'David', 'Stacy', 'Hicks', 'Jones', TO_DATE('2016-03-03','YYYY-MM-DD'), 'f', NULL);
INSERT INTO EX.HISTORICO_RESIDENCIA(FECHA_INICIO, ID_LUGAR, ID_PERSONA, FECHA_FIN) VALUES
                  (TO_DATE('2018-03-20','YYYY-MM-DD'), 45, '00157', NULL);
INSERT INTO EX.FICHA_MEDICA(ID, ID_PERSONA, ID_CENTRO_SALUD, ID_LUGAR, ESTADO, FECHA_INFECCION, FECHA_RECUPERACION) VALUES
                                             (157, '00157', 30, 45, 'desconido', NULL, NULL);
INSERT INTO EX.PERSONA(DOC_IDENTIDAD, NOMBRE, NOMBRE1, APELLIDO, APELLIDO1, FECHA_NAC, GENERO, FOTO) VALUES
                  ('00158', 'Loretta', 'Joel', 'Lawrence', 'Dixon', TO_DATE('2001-07-22','YYYY-MM-DD'), 'm', NULL);
INSERT INTO EX.HISTORICO_RESIDENCIA(FECHA_INICIO, ID_LUGAR, ID_PERSONA, FECHA_FIN) VALUES
                  (TO_DATE('1986-10-10','YYYY-MM-DD'), 34, '00158', NULL);
INSERT INTO EX.FICHA_MEDICA(ID, ID_PERSONA, ID_CENTRO_SALUD, ID_LUGAR, ESTADO, FECHA_INFECCION, FECHA_RECUPERACION) VALUES
                                             (158, '00158', 19, 34, 'desconido', NULL, NULL);
INSERT INTO EX.SINTOMAS(FECHA_INICIO, ID_SINTOMA, ID_PERSONA, ID_FICHA_MEDICA) VALUES
                            (TO_DATE('2020-03-17','YYYY-MM-DD'), 1, '00158', 158);
INSERT INTO EX.SINTOMAS(FECHA_INICIO, ID_SINTOMA, ID_PERSONA, ID_FICHA_MEDICA) VALUES
                            (TO_DATE('2020-02-06','YYYY-MM-DD'), 2, '00158', 158);
INSERT INTO EX.SINTOMAS(FECHA_INICIO, ID_SINTOMA, ID_PERSONA, ID_FICHA_MEDICA) VALUES
                            (TO_DATE('2020-02-04','YYYY-MM-DD'), 3, '00158', 158);
INSERT INTO EX.SINTOMAS(FECHA_INICIO, ID_SINTOMA, ID_PERSONA, ID_FICHA_MEDICA) VALUES
                            (TO_DATE('2020-04-28','YYYY-MM-DD'), 4, '00158', 158);
INSERT INTO EX.SINTOMAS(FECHA_INICIO, ID_SINTOMA, ID_PERSONA, ID_FICHA_MEDICA) VALUES
                            (TO_DATE('2020-04-21','YYYY-MM-DD'), 5, '00158', 158);
INSERT INTO EX.SINTOMAS(FECHA_INICIO, ID_SINTOMA, ID_PERSONA, ID_FICHA_MEDICA) VALUES
                            (TO_DATE('2020-06-25','YYYY-MM-DD'), 6, '00158', 158);
INSERT INTO EX.SINTOMAS(FECHA_INICIO, ID_SINTOMA, ID_PERSONA, ID_FICHA_MEDICA) VALUES
                            (TO_DATE('2020-01-30','YYYY-MM-DD'), 7, '00158', 158);
INSERT INTO EX.SINTOMAS(FECHA_INICIO, ID_SINTOMA, ID_PERSONA, ID_FICHA_MEDICA) VALUES
                            (TO_DATE('2020-01-19','YYYY-MM-DD'), 8, '00158', 158);
INSERT INTO EX.SINTOMAS(FECHA_INICIO, ID_SINTOMA, ID_PERSONA, ID_FICHA_MEDICA) VALUES
                            (TO_DATE('2020-06-13','YYYY-MM-DD'), 9, '00158', 158);
INSERT INTO EX.PERSONA(DOC_IDENTIDAD, NOMBRE, NOMBRE1, APELLIDO, APELLIDO1, FECHA_NAC, GENERO, FOTO) VALUES
                  ('00159', 'Vincent', 'Amy', 'Sampson', 'Harris', TO_DATE('2003-05-25','YYYY-MM-DD'), 'f', NULL);
INSERT INTO EX.HISTORICO_RESIDENCIA(FECHA_INICIO, ID_LUGAR, ID_PERSONA, FECHA_FIN) VALUES
                  (TO_DATE('1986-01-13','YYYY-MM-DD'), 39, '00159', NULL);
INSERT INTO EX.FICHA_MEDICA(ID, ID_PERSONA, ID_CENTRO_SALUD, ID_LUGAR, ESTADO, FECHA_INFECCION, FECHA_RECUPERACION) VALUES
                                             (159, '00159', 24, 39, 'desconido', NULL, NULL);
INSERT INTO EX.SINTOMAS(FECHA_INICIO, ID_SINTOMA, ID_PERSONA, ID_FICHA_MEDICA) VALUES
                            (TO_DATE('2020-05-03','YYYY-MM-DD'), 1, '00159', 159);
INSERT INTO EX.SINTOMAS(FECHA_INICIO, ID_SINTOMA, ID_PERSONA, ID_FICHA_MEDICA) VALUES
                            (TO_DATE('2020-01-25','YYYY-MM-DD'), 2, '00159', 159);
INSERT INTO EX.SINTOMAS(FECHA_INICIO, ID_SINTOMA, ID_PERSONA, ID_FICHA_MEDICA) VALUES
                            (TO_DATE('2020-03-07','YYYY-MM-DD'), 3, '00159', 159);
INSERT INTO EX.SINTOMAS(FECHA_INICIO, ID_SINTOMA, ID_PERSONA, ID_FICHA_MEDICA) VALUES
                            (TO_DATE('2020-04-30','YYYY-MM-DD'), 4, '00159', 159);
INSERT INTO EX.SINTOMAS(FECHA_INICIO, ID_SINTOMA, ID_PERSONA, ID_FICHA_MEDICA) VALUES
                            (TO_DATE('2020-05-17','YYYY-MM-DD'), 5, '00159', 159);
INSERT INTO EX.SINTOMAS(FECHA_INICIO, ID_SINTOMA, ID_PERSONA, ID_FICHA_MEDICA) VALUES
                            (TO_DATE('2020-01-02','YYYY-MM-DD'), 6, '00159', 159);
INSERT INTO EX.SINTOMAS(FECHA_INICIO, ID_SINTOMA, ID_PERSONA, ID_FICHA_MEDICA) VALUES
                            (TO_DATE('2020-01-19','YYYY-MM-DD'), 7, '00159', 159);
INSERT INTO EX.SINTOMAS(FECHA_INICIO, ID_SINTOMA, ID_PERSONA, ID_FICHA_MEDICA) VALUES
                            (TO_DATE('2020-01-01','YYYY-MM-DD'), 8, '00159', 159);
INSERT INTO EX.SINTOMAS(FECHA_INICIO, ID_SINTOMA, ID_PERSONA, ID_FICHA_MEDICA) VALUES
                            (TO_DATE('2020-04-11','YYYY-MM-DD'), 9, '00159', 159);
INSERT INTO EX.SINTOMAS(FECHA_INICIO, ID_SINTOMA, ID_PERSONA, ID_FICHA_MEDICA) VALUES
                            (TO_DATE('2020-01-29','YYYY-MM-DD'), 10, '00159', 159);
INSERT INTO EX.SINTOMAS(FECHA_INICIO, ID_SINTOMA, ID_PERSONA, ID_FICHA_MEDICA) VALUES
                            (TO_DATE('2020-06-13','YYYY-MM-DD'), 11, '00159', 159);
INSERT INTO EX.SINTOMAS(FECHA_INICIO, ID_SINTOMA, ID_PERSONA, ID_FICHA_MEDICA) VALUES
                            (TO_DATE('2020-03-17','YYYY-MM-DD'), 12, '00159', 159);
INSERT INTO EX.PERSONA(DOC_IDENTIDAD, NOMBRE, NOMBRE1, APELLIDO, APELLIDO1, FECHA_NAC, GENERO, FOTO) VALUES
                  ('00160', 'Thomas', 'Victoria', 'Ramirez', 'Howard', TO_DATE('2004-05-31','YYYY-MM-DD'), 'm', NULL);
INSERT INTO EX.HISTORICO_RESIDENCIA(FECHA_INICIO, ID_LUGAR, ID_PERSONA, FECHA_FIN) VALUES
                  (TO_DATE('1998-03-07','YYYY-MM-DD'), 35, '00160', NULL);
INSERT INTO EX.FICHA_MEDICA(ID, ID_PERSONA, ID_CENTRO_SALUD, ID_LUGAR, ESTADO, FECHA_INFECCION, FECHA_RECUPERACION) VALUES
                                             (160, '00160', 20, 35, 'desconido', NULL, NULL);
INSERT INTO EX.PADECIMIENTOS(ID_PATOLOGIA, ID_PERSONA, ID_FICHA_MEDICA) VALUES
                            (1, '00160', 160);
INSERT INTO EX.PADECIMIENTOS(ID_PATOLOGIA, ID_PERSONA, ID_FICHA_MEDICA) VALUES
                            (2, '00160', 160);
INSERT INTO EX.PADECIMIENTOS(ID_PATOLOGIA, ID_PERSONA, ID_FICHA_MEDICA) VALUES
                            (3, '00160', 160);
INSERT INTO EX.PADECIMIENTOS(ID_PATOLOGIA, ID_PERSONA, ID_FICHA_MEDICA) VALUES
                            (4, '00160', 160);
INSERT INTO EX.PERSONA(DOC_IDENTIDAD, NOMBRE, NOMBRE1, APELLIDO, APELLIDO1, FECHA_NAC, GENERO, FOTO) VALUES
                  ('00161', 'Jill', 'Kaitlyn', 'Shepard', 'Ponce', TO_DATE('1992-01-13','YYYY-MM-DD'), 'f', NULL);
INSERT INTO EX.HISTORICO_RESIDENCIA(FECHA_INICIO, ID_LUGAR, ID_PERSONA, FECHA_FIN) VALUES
                  (TO_DATE('2006-01-15','YYYY-MM-DD'), 21, '00161', NULL);
INSERT INTO EX.FICHA_MEDICA(ID, ID_PERSONA, ID_CENTRO_SALUD, ID_LUGAR, ESTADO, FECHA_INFECCION, FECHA_RECUPERACION) VALUES
                                             (161, '00161', 6, 21, 'desconido', NULL, NULL);
INSERT INTO EX.PADECIMIENTOS(ID_PATOLOGIA, ID_PERSONA, ID_FICHA_MEDICA) VALUES
                            (1, '00161', 161);
INSERT INTO EX.PADECIMIENTOS(ID_PATOLOGIA, ID_PERSONA, ID_FICHA_MEDICA) VALUES
                            (2, '00161', 161);
INSERT INTO EX.PADECIMIENTOS(ID_PATOLOGIA, ID_PERSONA, ID_FICHA_MEDICA) VALUES
                            (3, '00161', 161);
INSERT INTO EX.SINTOMAS(FECHA_INICIO, ID_SINTOMA, ID_PERSONA, ID_FICHA_MEDICA) VALUES
                            (TO_DATE('2020-02-22','YYYY-MM-DD'), 1, '00161', 161);
INSERT INTO EX.SINTOMAS(FECHA_INICIO, ID_SINTOMA, ID_PERSONA, ID_FICHA_MEDICA) VALUES
                            (TO_DATE('2020-05-28','YYYY-MM-DD'), 2, '00161', 161);
INSERT INTO EX.SINTOMAS(FECHA_INICIO, ID_SINTOMA, ID_PERSONA, ID_FICHA_MEDICA) VALUES
                            (TO_DATE('2020-05-12','YYYY-MM-DD'), 3, '00161', 161);
INSERT INTO EX.SINTOMAS(FECHA_INICIO, ID_SINTOMA, ID_PERSONA, ID_FICHA_MEDICA) VALUES
                            (TO_DATE('2020-03-28','YYYY-MM-DD'), 4, '00161', 161);
INSERT INTO EX.SINTOMAS(FECHA_INICIO, ID_SINTOMA, ID_PERSONA, ID_FICHA_MEDICA) VALUES
                            (TO_DATE('2020-05-27','YYYY-MM-DD'), 5, '00161', 161);
INSERT INTO EX.PERSONA(DOC_IDENTIDAD, NOMBRE, NOMBRE1, APELLIDO, APELLIDO1, FECHA_NAC, GENERO, FOTO) VALUES
                  ('00162', 'Holly', 'Darrell', 'Mendoza', 'Williamson', TO_DATE('2016-10-11','YYYY-MM-DD'), 'm', NULL);
INSERT INTO EX.HISTORICO_RESIDENCIA(FECHA_INICIO, ID_LUGAR, ID_PERSONA, FECHA_FIN) VALUES
                  (TO_DATE('1978-12-20','YYYY-MM-DD'), 39, '00162', NULL);
INSERT INTO EX.FICHA_MEDICA(ID, ID_PERSONA, ID_CENTRO_SALUD, ID_LUGAR, ESTADO, FECHA_INFECCION, FECHA_RECUPERACION) VALUES
                                             (162, '00162', 24, 39, 'desconido', NULL, NULL);
INSERT INTO EX.PADECIMIENTOS(ID_PATOLOGIA, ID_PERSONA, ID_FICHA_MEDICA) VALUES
                            (1, '00162', 162);
INSERT INTO EX.PADECIMIENTOS(ID_PATOLOGIA, ID_PERSONA, ID_FICHA_MEDICA) VALUES
                            (2, '00162', 162);
INSERT INTO EX.PADECIMIENTOS(ID_PATOLOGIA, ID_PERSONA, ID_FICHA_MEDICA) VALUES
                            (3, '00162', 162);
INSERT INTO EX.SINTOMAS(FECHA_INICIO, ID_SINTOMA, ID_PERSONA, ID_FICHA_MEDICA) VALUES
                            (TO_DATE('2020-01-13','YYYY-MM-DD'), 1, '00162', 162);
INSERT INTO EX.SINTOMAS(FECHA_INICIO, ID_SINTOMA, ID_PERSONA, ID_FICHA_MEDICA) VALUES
                            (TO_DATE('2020-01-17','YYYY-MM-DD'), 2, '00162', 162);
INSERT INTO EX.SINTOMAS(FECHA_INICIO, ID_SINTOMA, ID_PERSONA, ID_FICHA_MEDICA) VALUES
                            (TO_DATE('2020-06-23','YYYY-MM-DD'), 3, '00162', 162);
INSERT INTO EX.SINTOMAS(FECHA_INICIO, ID_SINTOMA, ID_PERSONA, ID_FICHA_MEDICA) VALUES
                            (TO_DATE('2020-03-21','YYYY-MM-DD'), 4, '00162', 162);
INSERT INTO EX.SINTOMAS(FECHA_INICIO, ID_SINTOMA, ID_PERSONA, ID_FICHA_MEDICA) VALUES
                            (TO_DATE('2020-05-30','YYYY-MM-DD'), 5, '00162', 162);
INSERT INTO EX.SINTOMAS(FECHA_INICIO, ID_SINTOMA, ID_PERSONA, ID_FICHA_MEDICA) VALUES
                            (TO_DATE('2020-06-08','YYYY-MM-DD'), 6, '00162', 162);
INSERT INTO EX.SINTOMAS(FECHA_INICIO, ID_SINTOMA, ID_PERSONA, ID_FICHA_MEDICA) VALUES
                            (TO_DATE('2020-02-27','YYYY-MM-DD'), 7, '00162', 162);
INSERT INTO EX.SINTOMAS(FECHA_INICIO, ID_SINTOMA, ID_PERSONA, ID_FICHA_MEDICA) VALUES
                            (TO_DATE('2020-01-11','YYYY-MM-DD'), 8, '00162', 162);
INSERT INTO EX.SINTOMAS(FECHA_INICIO, ID_SINTOMA, ID_PERSONA, ID_FICHA_MEDICA) VALUES
                            (TO_DATE('2020-02-17','YYYY-MM-DD'), 9, '00162', 162);
INSERT INTO EX.SINTOMAS(FECHA_INICIO, ID_SINTOMA, ID_PERSONA, ID_FICHA_MEDICA) VALUES
                            (TO_DATE('2020-01-02','YYYY-MM-DD'), 10, '00162', 162);
INSERT INTO EX.SINTOMAS(FECHA_INICIO, ID_SINTOMA, ID_PERSONA, ID_FICHA_MEDICA) VALUES
                            (TO_DATE('2020-05-31','YYYY-MM-DD'), 11, '00162', 162);
INSERT INTO EX.SINTOMAS(FECHA_INICIO, ID_SINTOMA, ID_PERSONA, ID_FICHA_MEDICA) VALUES
                            (TO_DATE('2020-03-30','YYYY-MM-DD'), 12, '00162', 162);
INSERT INTO EX.SINTOMAS(FECHA_INICIO, ID_SINTOMA, ID_PERSONA, ID_FICHA_MEDICA) VALUES
                            (TO_DATE('2020-01-20','YYYY-MM-DD'), 13, '00162', 162);
INSERT INTO EX.SINTOMAS(FECHA_INICIO, ID_SINTOMA, ID_PERSONA, ID_FICHA_MEDICA) VALUES
                            (TO_DATE('2020-03-12','YYYY-MM-DD'), 14, '00162', 162);
INSERT INTO EX.SINTOMAS(FECHA_INICIO, ID_SINTOMA, ID_PERSONA, ID_FICHA_MEDICA) VALUES
                            (TO_DATE('2020-01-06','YYYY-MM-DD'), 15, '00162', 162);
INSERT INTO EX.SINTOMAS(FECHA_INICIO, ID_SINTOMA, ID_PERSONA, ID_FICHA_MEDICA) VALUES
                            (TO_DATE('2020-02-22','YYYY-MM-DD'), 16, '00162', 162);
INSERT INTO EX.PERSONA(DOC_IDENTIDAD, NOMBRE, NOMBRE1, APELLIDO, APELLIDO1, FECHA_NAC, GENERO, FOTO) VALUES
                  ('00163', 'Cody', 'Gabriel', 'Hudson', 'Tanner', TO_DATE('2011-10-29','YYYY-MM-DD'), 'f', NULL);
INSERT INTO EX.HISTORICO_RESIDENCIA(FECHA_INICIO, ID_LUGAR, ID_PERSONA, FECHA_FIN) VALUES
                  (TO_DATE('1984-04-13','YYYY-MM-DD'), 35, '00163', NULL);
INSERT INTO EX.FICHA_MEDICA(ID, ID_PERSONA, ID_CENTRO_SALUD, ID_LUGAR, ESTADO, FECHA_INFECCION, FECHA_RECUPERACION) VALUES
                                             (163, '00163', 20, 35, 'desconido', NULL, NULL);
INSERT INTO EX.PADECIMIENTOS(ID_PATOLOGIA, ID_PERSONA, ID_FICHA_MEDICA) VALUES
                            (1, '00163', 163);
INSERT INTO EX.PADECIMIENTOS(ID_PATOLOGIA, ID_PERSONA, ID_FICHA_MEDICA) VALUES
                            (2, '00163', 163);
INSERT INTO EX.PADECIMIENTOS(ID_PATOLOGIA, ID_PERSONA, ID_FICHA_MEDICA) VALUES
                            (3, '00163', 163);
INSERT INTO EX.PADECIMIENTOS(ID_PATOLOGIA, ID_PERSONA, ID_FICHA_MEDICA) VALUES
                            (4, '00163', 163);
INSERT INTO EX.PADECIMIENTOS(ID_PATOLOGIA, ID_PERSONA, ID_FICHA_MEDICA) VALUES
                            (5, '00163', 163);
INSERT INTO EX.PADECIMIENTOS(ID_PATOLOGIA, ID_PERSONA, ID_FICHA_MEDICA) VALUES
                            (6, '00163', 163);
INSERT INTO EX.PADECIMIENTOS(ID_PATOLOGIA, ID_PERSONA, ID_FICHA_MEDICA) VALUES
                            (7, '00163', 163);
INSERT INTO EX.SINTOMAS(FECHA_INICIO, ID_SINTOMA, ID_PERSONA, ID_FICHA_MEDICA) VALUES
                            (TO_DATE('2020-05-18','YYYY-MM-DD'), 1, '00163', 163);
INSERT INTO EX.SINTOMAS(FECHA_INICIO, ID_SINTOMA, ID_PERSONA, ID_FICHA_MEDICA) VALUES
                            (TO_DATE('2020-06-20','YYYY-MM-DD'), 2, '00163', 163);
INSERT INTO EX.SINTOMAS(FECHA_INICIO, ID_SINTOMA, ID_PERSONA, ID_FICHA_MEDICA) VALUES
                            (TO_DATE('2020-02-11','YYYY-MM-DD'), 3, '00163', 163);
INSERT INTO EX.SINTOMAS(FECHA_INICIO, ID_SINTOMA, ID_PERSONA, ID_FICHA_MEDICA) VALUES
                            (TO_DATE('2020-02-09','YYYY-MM-DD'), 4, '00163', 163);
INSERT INTO EX.SINTOMAS(FECHA_INICIO, ID_SINTOMA, ID_PERSONA, ID_FICHA_MEDICA) VALUES
                            (TO_DATE('2020-05-21','YYYY-MM-DD'), 5, '00163', 163);
INSERT INTO EX.SINTOMAS(FECHA_INICIO, ID_SINTOMA, ID_PERSONA, ID_FICHA_MEDICA) VALUES
                            (TO_DATE('2020-03-20','YYYY-MM-DD'), 6, '00163', 163);
INSERT INTO EX.SINTOMAS(FECHA_INICIO, ID_SINTOMA, ID_PERSONA, ID_FICHA_MEDICA) VALUES
                            (TO_DATE('2020-02-15','YYYY-MM-DD'), 7, '00163', 163);
INSERT INTO EX.SINTOMAS(FECHA_INICIO, ID_SINTOMA, ID_PERSONA, ID_FICHA_MEDICA) VALUES
                            (TO_DATE('2020-04-03','YYYY-MM-DD'), 8, '00163', 163);
INSERT INTO EX.SINTOMAS(FECHA_INICIO, ID_SINTOMA, ID_PERSONA, ID_FICHA_MEDICA) VALUES
                            (TO_DATE('2020-03-19','YYYY-MM-DD'), 9, '00163', 163);
INSERT INTO EX.SINTOMAS(FECHA_INICIO, ID_SINTOMA, ID_PERSONA, ID_FICHA_MEDICA) VALUES
                            (TO_DATE('2020-01-22','YYYY-MM-DD'), 10, '00163', 163);
INSERT INTO EX.SINTOMAS(FECHA_INICIO, ID_SINTOMA, ID_PERSONA, ID_FICHA_MEDICA) VALUES
                            (TO_DATE('2020-05-12','YYYY-MM-DD'), 11, '00163', 163);
INSERT INTO EX.SINTOMAS(FECHA_INICIO, ID_SINTOMA, ID_PERSONA, ID_FICHA_MEDICA) VALUES
                            (TO_DATE('2020-06-09','YYYY-MM-DD'), 12, '00163', 163);
INSERT INTO EX.SINTOMAS(FECHA_INICIO, ID_SINTOMA, ID_PERSONA, ID_FICHA_MEDICA) VALUES
                            (TO_DATE('2020-05-21','YYYY-MM-DD'), 13, '00163', 163);
INSERT INTO EX.SINTOMAS(FECHA_INICIO, ID_SINTOMA, ID_PERSONA, ID_FICHA_MEDICA) VALUES
                            (TO_DATE('2020-01-14','YYYY-MM-DD'), 14, '00163', 163);
INSERT INTO EX.SINTOMAS(FECHA_INICIO, ID_SINTOMA, ID_PERSONA, ID_FICHA_MEDICA) VALUES
                            (TO_DATE('2020-04-23','YYYY-MM-DD'), 15, '00163', 163);
INSERT INTO EX.PERSONA(DOC_IDENTIDAD, NOMBRE, NOMBRE1, APELLIDO, APELLIDO1, FECHA_NAC, GENERO, FOTO) VALUES
                  ('00164', 'Clifford', 'Dawn', 'Norman', 'Thomas', TO_DATE('2006-11-04','YYYY-MM-DD'), 'm', NULL);
INSERT INTO EX.HISTORICO_RESIDENCIA(FECHA_INICIO, ID_LUGAR, ID_PERSONA, FECHA_FIN) VALUES
                  (TO_DATE('1989-12-20','YYYY-MM-DD'), 32, '00164', NULL);
INSERT INTO EX.FICHA_MEDICA(ID, ID_PERSONA, ID_CENTRO_SALUD, ID_LUGAR, ESTADO, FECHA_INFECCION, FECHA_RECUPERACION) VALUES
                                             (164, '00164', 17, 32, 'desconido', NULL, NULL);
INSERT INTO EX.PADECIMIENTOS(ID_PATOLOGIA, ID_PERSONA, ID_FICHA_MEDICA) VALUES
                            (1, '00164', 164);
INSERT INTO EX.PADECIMIENTOS(ID_PATOLOGIA, ID_PERSONA, ID_FICHA_MEDICA) VALUES
                            (2, '00164', 164);
INSERT INTO EX.PADECIMIENTOS(ID_PATOLOGIA, ID_PERSONA, ID_FICHA_MEDICA) VALUES
                            (3, '00164', 164);
INSERT INTO EX.PADECIMIENTOS(ID_PATOLOGIA, ID_PERSONA, ID_FICHA_MEDICA) VALUES
                            (4, '00164', 164);
INSERT INTO EX.PADECIMIENTOS(ID_PATOLOGIA, ID_PERSONA, ID_FICHA_MEDICA) VALUES
                            (5, '00164', 164);
INSERT INTO EX.PADECIMIENTOS(ID_PATOLOGIA, ID_PERSONA, ID_FICHA_MEDICA) VALUES
                            (6, '00164', 164);
INSERT INTO EX.PADECIMIENTOS(ID_PATOLOGIA, ID_PERSONA, ID_FICHA_MEDICA) VALUES
                            (7, '00164', 164);
INSERT INTO EX.PADECIMIENTOS(ID_PATOLOGIA, ID_PERSONA, ID_FICHA_MEDICA) VALUES
                            (8, '00164', 164);
INSERT INTO EX.PADECIMIENTOS(ID_PATOLOGIA, ID_PERSONA, ID_FICHA_MEDICA) VALUES
                            (9, '00164', 164);
INSERT INTO EX.PERSONA(DOC_IDENTIDAD, NOMBRE, NOMBRE1, APELLIDO, APELLIDO1, FECHA_NAC, GENERO, FOTO) VALUES
                  ('00165', 'Ellen', 'Larry', 'Miller', 'Arnold', TO_DATE('1973-05-29','YYYY-MM-DD'), 'f', NULL);
INSERT INTO EX.HISTORICO_RESIDENCIA(FECHA_INICIO, ID_LUGAR, ID_PERSONA, FECHA_FIN) VALUES
                  (TO_DATE('1996-04-21','YYYY-MM-DD'), 32, '00165', NULL);
INSERT INTO EX.FICHA_MEDICA(ID, ID_PERSONA, ID_CENTRO_SALUD, ID_LUGAR, ESTADO, FECHA_INFECCION, FECHA_RECUPERACION) VALUES
                                             (165, '00165', 17, 32, 'desconido', NULL, NULL);
INSERT INTO EX.PERSONA(DOC_IDENTIDAD, NOMBRE, NOMBRE1, APELLIDO, APELLIDO1, FECHA_NAC, GENERO, FOTO) VALUES
                  ('00166', 'Devin', 'David', 'Chavez', 'Ortiz', TO_DATE('1993-01-11','YYYY-MM-DD'), 'm', NULL);
INSERT INTO EX.HISTORICO_RESIDENCIA(FECHA_INICIO, ID_LUGAR, ID_PERSONA, FECHA_FIN) VALUES
                  (TO_DATE('1998-04-01','YYYY-MM-DD'), 18, '00166', NULL);
INSERT INTO EX.FICHA_MEDICA(ID, ID_PERSONA, ID_CENTRO_SALUD, ID_LUGAR, ESTADO, FECHA_INFECCION, FECHA_RECUPERACION) VALUES
                                             (166, '00166', 3, 18, 'desconido', NULL, NULL);
INSERT INTO EX.PADECIMIENTOS(ID_PATOLOGIA, ID_PERSONA, ID_FICHA_MEDICA) VALUES
                            (1, '00166', 166);
INSERT INTO EX.PADECIMIENTOS(ID_PATOLOGIA, ID_PERSONA, ID_FICHA_MEDICA) VALUES
                            (2, '00166', 166);
INSERT INTO EX.PADECIMIENTOS(ID_PATOLOGIA, ID_PERSONA, ID_FICHA_MEDICA) VALUES
                            (3, '00166', 166);
INSERT INTO EX.PERSONA(DOC_IDENTIDAD, NOMBRE, NOMBRE1, APELLIDO, APELLIDO1, FECHA_NAC, GENERO, FOTO) VALUES
                  ('00167', 'Richard', 'Kevin', 'Horn', 'Contreras', TO_DATE('1977-12-13','YYYY-MM-DD'), 'f', NULL);
INSERT INTO EX.HISTORICO_RESIDENCIA(FECHA_INICIO, ID_LUGAR, ID_PERSONA, FECHA_FIN) VALUES
                  (TO_DATE('2015-01-16','YYYY-MM-DD'), 28, '00167', NULL);
INSERT INTO EX.FICHA_MEDICA(ID, ID_PERSONA, ID_CENTRO_SALUD, ID_LUGAR, ESTADO, FECHA_INFECCION, FECHA_RECUPERACION) VALUES
                                             (167, '00167', 13, 28, 'desconido', NULL, NULL);
INSERT INTO EX.PERSONA(DOC_IDENTIDAD, NOMBRE, NOMBRE1, APELLIDO, APELLIDO1, FECHA_NAC, GENERO, FOTO) VALUES
                  ('00168', 'Andrew', 'Brian', 'Smith', 'Meza', TO_DATE('2009-08-22','YYYY-MM-DD'), 'm', NULL);
INSERT INTO EX.HISTORICO_RESIDENCIA(FECHA_INICIO, ID_LUGAR, ID_PERSONA, FECHA_FIN) VALUES
                  (TO_DATE('1993-09-25','YYYY-MM-DD'), 29, '00168', NULL);
INSERT INTO EX.FICHA_MEDICA(ID, ID_PERSONA, ID_CENTRO_SALUD, ID_LUGAR, ESTADO, FECHA_INFECCION, FECHA_RECUPERACION) VALUES
                                             (168, '00168', 14, 29, 'desconido', NULL, NULL);
INSERT INTO EX.PERSONA(DOC_IDENTIDAD, NOMBRE, NOMBRE1, APELLIDO, APELLIDO1, FECHA_NAC, GENERO, FOTO) VALUES
                  ('00169', 'Stephen', 'Kristin', 'Olson', 'Marks', TO_DATE('2000-08-06','YYYY-MM-DD'), 'f', NULL);
INSERT INTO EX.HISTORICO_RESIDENCIA(FECHA_INICIO, ID_LUGAR, ID_PERSONA, FECHA_FIN) VALUES
                  (TO_DATE('1970-09-20','YYYY-MM-DD'), 27, '00169', NULL);
INSERT INTO EX.FICHA_MEDICA(ID, ID_PERSONA, ID_CENTRO_SALUD, ID_LUGAR, ESTADO, FECHA_INFECCION, FECHA_RECUPERACION) VALUES
                                             (169, '00169', 12, 27, 'desconido', NULL, NULL);
INSERT INTO EX.PADECIMIENTOS(ID_PATOLOGIA, ID_PERSONA, ID_FICHA_MEDICA) VALUES
                            (1, '00169', 169);
INSERT INTO EX.SINTOMAS(FECHA_INICIO, ID_SINTOMA, ID_PERSONA, ID_FICHA_MEDICA) VALUES
                            (TO_DATE('2020-06-19','YYYY-MM-DD'), 1, '00169', 169);
INSERT INTO EX.SINTOMAS(FECHA_INICIO, ID_SINTOMA, ID_PERSONA, ID_FICHA_MEDICA) VALUES
                            (TO_DATE('2020-02-25','YYYY-MM-DD'), 2, '00169', 169);
INSERT INTO EX.SINTOMAS(FECHA_INICIO, ID_SINTOMA, ID_PERSONA, ID_FICHA_MEDICA) VALUES
                            (TO_DATE('2020-05-20','YYYY-MM-DD'), 3, '00169', 169);
INSERT INTO EX.SINTOMAS(FECHA_INICIO, ID_SINTOMA, ID_PERSONA, ID_FICHA_MEDICA) VALUES
                            (TO_DATE('2020-02-28','YYYY-MM-DD'), 4, '00169', 169);
INSERT INTO EX.SINTOMAS(FECHA_INICIO, ID_SINTOMA, ID_PERSONA, ID_FICHA_MEDICA) VALUES
                            (TO_DATE('2020-06-28','YYYY-MM-DD'), 5, '00169', 169);
INSERT INTO EX.SINTOMAS(FECHA_INICIO, ID_SINTOMA, ID_PERSONA, ID_FICHA_MEDICA) VALUES
                            (TO_DATE('2020-05-16','YYYY-MM-DD'), 6, '00169', 169);
INSERT INTO EX.SINTOMAS(FECHA_INICIO, ID_SINTOMA, ID_PERSONA, ID_FICHA_MEDICA) VALUES
                            (TO_DATE('2020-02-16','YYYY-MM-DD'), 7, '00169', 169);
INSERT INTO EX.SINTOMAS(FECHA_INICIO, ID_SINTOMA, ID_PERSONA, ID_FICHA_MEDICA) VALUES
                            (TO_DATE('2020-05-18','YYYY-MM-DD'), 8, '00169', 169);
INSERT INTO EX.SINTOMAS(FECHA_INICIO, ID_SINTOMA, ID_PERSONA, ID_FICHA_MEDICA) VALUES
                            (TO_DATE('2020-03-25','YYYY-MM-DD'), 9, '00169', 169);
INSERT INTO EX.SINTOMAS(FECHA_INICIO, ID_SINTOMA, ID_PERSONA, ID_FICHA_MEDICA) VALUES
                            (TO_DATE('2020-06-05','YYYY-MM-DD'), 10, '00169', 169);
INSERT INTO EX.SINTOMAS(FECHA_INICIO, ID_SINTOMA, ID_PERSONA, ID_FICHA_MEDICA) VALUES
                            (TO_DATE('2020-05-17','YYYY-MM-DD'), 11, '00169', 169);
INSERT INTO EX.PERSONA(DOC_IDENTIDAD, NOMBRE, NOMBRE1, APELLIDO, APELLIDO1, FECHA_NAC, GENERO, FOTO) VALUES
                  ('00170', 'Rebecca', 'Kara', 'Porter', 'Brown', TO_DATE('2018-04-09','YYYY-MM-DD'), 'm', NULL);
INSERT INTO EX.HISTORICO_RESIDENCIA(FECHA_INICIO, ID_LUGAR, ID_PERSONA, FECHA_FIN) VALUES
                  (TO_DATE('2004-10-03','YYYY-MM-DD'), 19, '00170', NULL);
INSERT INTO EX.FICHA_MEDICA(ID, ID_PERSONA, ID_CENTRO_SALUD, ID_LUGAR, ESTADO, FECHA_INFECCION, FECHA_RECUPERACION) VALUES
                                             (170, '00170', 4, 19, 'desconido', NULL, NULL);
INSERT INTO EX.PADECIMIENTOS(ID_PATOLOGIA, ID_PERSONA, ID_FICHA_MEDICA) VALUES
                            (1, '00170', 170);
INSERT INTO EX.PADECIMIENTOS(ID_PATOLOGIA, ID_PERSONA, ID_FICHA_MEDICA) VALUES
                            (2, '00170', 170);
INSERT INTO EX.PADECIMIENTOS(ID_PATOLOGIA, ID_PERSONA, ID_FICHA_MEDICA) VALUES
                            (3, '00170', 170);
INSERT INTO EX.PADECIMIENTOS(ID_PATOLOGIA, ID_PERSONA, ID_FICHA_MEDICA) VALUES
                            (4, '00170', 170);
INSERT INTO EX.PADECIMIENTOS(ID_PATOLOGIA, ID_PERSONA, ID_FICHA_MEDICA) VALUES
                            (5, '00170', 170);
INSERT INTO EX.PERSONA(DOC_IDENTIDAD, NOMBRE, NOMBRE1, APELLIDO, APELLIDO1, FECHA_NAC, GENERO, FOTO) VALUES
                  ('00171', 'Jessica', 'Elizabeth', 'Hodges', 'Gray', TO_DATE('2019-09-01','YYYY-MM-DD'), 'f', NULL);
INSERT INTO EX.HISTORICO_RESIDENCIA(FECHA_INICIO, ID_LUGAR, ID_PERSONA, FECHA_FIN) VALUES
                  (TO_DATE('1971-04-28','YYYY-MM-DD'), 44, '00171', NULL);
INSERT INTO EX.FICHA_MEDICA(ID, ID_PERSONA, ID_CENTRO_SALUD, ID_LUGAR, ESTADO, FECHA_INFECCION, FECHA_RECUPERACION) VALUES
                                             (171, '00171', 29, 44, 'desconido', NULL, NULL);
INSERT INTO EX.PERSONA(DOC_IDENTIDAD, NOMBRE, NOMBRE1, APELLIDO, APELLIDO1, FECHA_NAC, GENERO, FOTO) VALUES
                  ('00172', 'Alexis', 'Maria', 'Schultz', 'Smith', TO_DATE('1985-07-05','YYYY-MM-DD'), 'm', NULL);
INSERT INTO EX.HISTORICO_RESIDENCIA(FECHA_INICIO, ID_LUGAR, ID_PERSONA, FECHA_FIN) VALUES
                  (TO_DATE('1980-09-05','YYYY-MM-DD'), 30, '00172', NULL);
INSERT INTO EX.FICHA_MEDICA(ID, ID_PERSONA, ID_CENTRO_SALUD, ID_LUGAR, ESTADO, FECHA_INFECCION, FECHA_RECUPERACION) VALUES
                                             (172, '00172', 15, 30, 'desconido', NULL, NULL);
INSERT INTO EX.SINTOMAS(FECHA_INICIO, ID_SINTOMA, ID_PERSONA, ID_FICHA_MEDICA) VALUES
                            (TO_DATE('2020-03-03','YYYY-MM-DD'), 1, '00172', 172);
INSERT INTO EX.SINTOMAS(FECHA_INICIO, ID_SINTOMA, ID_PERSONA, ID_FICHA_MEDICA) VALUES
                            (TO_DATE('2020-05-08','YYYY-MM-DD'), 2, '00172', 172);
INSERT INTO EX.SINTOMAS(FECHA_INICIO, ID_SINTOMA, ID_PERSONA, ID_FICHA_MEDICA) VALUES
                            (TO_DATE('2020-06-09','YYYY-MM-DD'), 3, '00172', 172);
INSERT INTO EX.SINTOMAS(FECHA_INICIO, ID_SINTOMA, ID_PERSONA, ID_FICHA_MEDICA) VALUES
                            (TO_DATE('2020-05-10','YYYY-MM-DD'), 4, '00172', 172);
INSERT INTO EX.SINTOMAS(FECHA_INICIO, ID_SINTOMA, ID_PERSONA, ID_FICHA_MEDICA) VALUES
                            (TO_DATE('2020-02-23','YYYY-MM-DD'), 5, '00172', 172);
INSERT INTO EX.SINTOMAS(FECHA_INICIO, ID_SINTOMA, ID_PERSONA, ID_FICHA_MEDICA) VALUES
                            (TO_DATE('2020-06-10','YYYY-MM-DD'), 6, '00172', 172);
INSERT INTO EX.SINTOMAS(FECHA_INICIO, ID_SINTOMA, ID_PERSONA, ID_FICHA_MEDICA) VALUES
                            (TO_DATE('2020-04-17','YYYY-MM-DD'), 7, '00172', 172);
INSERT INTO EX.SINTOMAS(FECHA_INICIO, ID_SINTOMA, ID_PERSONA, ID_FICHA_MEDICA) VALUES
                            (TO_DATE('2020-05-20','YYYY-MM-DD'), 8, '00172', 172);
INSERT INTO EX.SINTOMAS(FECHA_INICIO, ID_SINTOMA, ID_PERSONA, ID_FICHA_MEDICA) VALUES
                            (TO_DATE('2020-03-01','YYYY-MM-DD'), 9, '00172', 172);
INSERT INTO EX.SINTOMAS(FECHA_INICIO, ID_SINTOMA, ID_PERSONA, ID_FICHA_MEDICA) VALUES
                            (TO_DATE('2020-05-08','YYYY-MM-DD'), 10, '00172', 172);
INSERT INTO EX.SINTOMAS(FECHA_INICIO, ID_SINTOMA, ID_PERSONA, ID_FICHA_MEDICA) VALUES
                            (TO_DATE('2020-06-24','YYYY-MM-DD'), 11, '00172', 172);
INSERT INTO EX.SINTOMAS(FECHA_INICIO, ID_SINTOMA, ID_PERSONA, ID_FICHA_MEDICA) VALUES
                            (TO_DATE('2020-05-21','YYYY-MM-DD'), 12, '00172', 172);
INSERT INTO EX.SINTOMAS(FECHA_INICIO, ID_SINTOMA, ID_PERSONA, ID_FICHA_MEDICA) VALUES
                            (TO_DATE('2020-03-25','YYYY-MM-DD'), 13, '00172', 172);
INSERT INTO EX.SINTOMAS(FECHA_INICIO, ID_SINTOMA, ID_PERSONA, ID_FICHA_MEDICA) VALUES
                            (TO_DATE('2020-06-08','YYYY-MM-DD'), 14, '00172', 172);
INSERT INTO EX.PERSONA(DOC_IDENTIDAD, NOMBRE, NOMBRE1, APELLIDO, APELLIDO1, FECHA_NAC, GENERO, FOTO) VALUES
                  ('00173', 'Roberta', 'Sarah', 'Hawkins', 'Davis', TO_DATE('2012-08-25','YYYY-MM-DD'), 'f', NULL);
INSERT INTO EX.HISTORICO_RESIDENCIA(FECHA_INICIO, ID_LUGAR, ID_PERSONA, FECHA_FIN) VALUES
                  (TO_DATE('2003-07-02','YYYY-MM-DD'), 36, '00173', NULL);
INSERT INTO EX.FICHA_MEDICA(ID, ID_PERSONA, ID_CENTRO_SALUD, ID_LUGAR, ESTADO, FECHA_INFECCION, FECHA_RECUPERACION) VALUES
                                             (173, '00173', 21, 36, 'desconido', NULL, NULL);
INSERT INTO EX.PADECIMIENTOS(ID_PATOLOGIA, ID_PERSONA, ID_FICHA_MEDICA) VALUES
                            (1, '00173', 173);
INSERT INTO EX.PERSONA(DOC_IDENTIDAD, NOMBRE, NOMBRE1, APELLIDO, APELLIDO1, FECHA_NAC, GENERO, FOTO) VALUES
                  ('00174', 'Christine', 'David', 'Perry', 'Kim', TO_DATE('1984-11-16','YYYY-MM-DD'), 'm', NULL);
INSERT INTO EX.HISTORICO_RESIDENCIA(FECHA_INICIO, ID_LUGAR, ID_PERSONA, FECHA_FIN) VALUES
                  (TO_DATE('1972-04-04','YYYY-MM-DD'), 22, '00174', NULL);
INSERT INTO EX.FICHA_MEDICA(ID, ID_PERSONA, ID_CENTRO_SALUD, ID_LUGAR, ESTADO, FECHA_INFECCION, FECHA_RECUPERACION) VALUES
                                             (174, '00174', 7, 22, 'desconido', NULL, NULL);
INSERT INTO EX.PADECIMIENTOS(ID_PATOLOGIA, ID_PERSONA, ID_FICHA_MEDICA) VALUES
                            (1, '00174', 174);
INSERT INTO EX.PADECIMIENTOS(ID_PATOLOGIA, ID_PERSONA, ID_FICHA_MEDICA) VALUES
                            (2, '00174', 174);
INSERT INTO EX.PADECIMIENTOS(ID_PATOLOGIA, ID_PERSONA, ID_FICHA_MEDICA) VALUES
                            (3, '00174', 174);
INSERT INTO EX.PADECIMIENTOS(ID_PATOLOGIA, ID_PERSONA, ID_FICHA_MEDICA) VALUES
                            (4, '00174', 174);
INSERT INTO EX.PADECIMIENTOS(ID_PATOLOGIA, ID_PERSONA, ID_FICHA_MEDICA) VALUES
                            (5, '00174', 174);
INSERT INTO EX.SINTOMAS(FECHA_INICIO, ID_SINTOMA, ID_PERSONA, ID_FICHA_MEDICA) VALUES
                            (TO_DATE('2020-02-21','YYYY-MM-DD'), 1, '00174', 174);
INSERT INTO EX.SINTOMAS(FECHA_INICIO, ID_SINTOMA, ID_PERSONA, ID_FICHA_MEDICA) VALUES
                            (TO_DATE('2020-02-07','YYYY-MM-DD'), 2, '00174', 174);
INSERT INTO EX.SINTOMAS(FECHA_INICIO, ID_SINTOMA, ID_PERSONA, ID_FICHA_MEDICA) VALUES
                            (TO_DATE('2020-05-25','YYYY-MM-DD'), 3, '00174', 174);
INSERT INTO EX.PERSONA(DOC_IDENTIDAD, NOMBRE, NOMBRE1, APELLIDO, APELLIDO1, FECHA_NAC, GENERO, FOTO) VALUES
                  ('00175', 'Jamie', 'Catherine', 'Harper', 'Perez', TO_DATE('1971-11-26','YYYY-MM-DD'), 'f', NULL);
INSERT INTO EX.HISTORICO_RESIDENCIA(FECHA_INICIO, ID_LUGAR, ID_PERSONA, FECHA_FIN) VALUES
                  (TO_DATE('1975-01-30','YYYY-MM-DD'), 35, '00175', NULL);
INSERT INTO EX.FICHA_MEDICA(ID, ID_PERSONA, ID_CENTRO_SALUD, ID_LUGAR, ESTADO, FECHA_INFECCION, FECHA_RECUPERACION) VALUES
                                             (175, '00175', 20, 35, 'desconido', NULL, NULL);
INSERT INTO EX.PADECIMIENTOS(ID_PATOLOGIA, ID_PERSONA, ID_FICHA_MEDICA) VALUES
                            (1, '00175', 175);
INSERT INTO EX.PADECIMIENTOS(ID_PATOLOGIA, ID_PERSONA, ID_FICHA_MEDICA) VALUES
                            (2, '00175', 175);
INSERT INTO EX.PADECIMIENTOS(ID_PATOLOGIA, ID_PERSONA, ID_FICHA_MEDICA) VALUES
                            (3, '00175', 175);
INSERT INTO EX.PADECIMIENTOS(ID_PATOLOGIA, ID_PERSONA, ID_FICHA_MEDICA) VALUES
                            (4, '00175', 175);
INSERT INTO EX.PADECIMIENTOS(ID_PATOLOGIA, ID_PERSONA, ID_FICHA_MEDICA) VALUES
                            (5, '00175', 175);
INSERT INTO EX.PADECIMIENTOS(ID_PATOLOGIA, ID_PERSONA, ID_FICHA_MEDICA) VALUES
                            (6, '00175', 175);
INSERT INTO EX.PADECIMIENTOS(ID_PATOLOGIA, ID_PERSONA, ID_FICHA_MEDICA) VALUES
                            (7, '00175', 175);
INSERT INTO EX.PADECIMIENTOS(ID_PATOLOGIA, ID_PERSONA, ID_FICHA_MEDICA) VALUES
                            (8, '00175', 175);
INSERT INTO EX.PADECIMIENTOS(ID_PATOLOGIA, ID_PERSONA, ID_FICHA_MEDICA) VALUES
                            (9, '00175', 175);
INSERT INTO EX.PADECIMIENTOS(ID_PATOLOGIA, ID_PERSONA, ID_FICHA_MEDICA) VALUES
                            (10, '00175', 175);
INSERT INTO EX.PERSONA(DOC_IDENTIDAD, NOMBRE, NOMBRE1, APELLIDO, APELLIDO1, FECHA_NAC, GENERO, FOTO) VALUES
                  ('00176', 'Justin', 'Autumn', 'Buck', 'Bell', TO_DATE('2018-06-09','YYYY-MM-DD'), 'm', NULL);
INSERT INTO EX.HISTORICO_RESIDENCIA(FECHA_INICIO, ID_LUGAR, ID_PERSONA, FECHA_FIN) VALUES
                  (TO_DATE('1978-10-17','YYYY-MM-DD'), 28, '00176', NULL);
INSERT INTO EX.FICHA_MEDICA(ID, ID_PERSONA, ID_CENTRO_SALUD, ID_LUGAR, ESTADO, FECHA_INFECCION, FECHA_RECUPERACION) VALUES
                                             (176, '00176', 13, 28, 'desconido', NULL, NULL);
INSERT INTO EX.SINTOMAS(FECHA_INICIO, ID_SINTOMA, ID_PERSONA, ID_FICHA_MEDICA) VALUES
                            (TO_DATE('2020-03-29','YYYY-MM-DD'), 1, '00176', 176);
INSERT INTO EX.SINTOMAS(FECHA_INICIO, ID_SINTOMA, ID_PERSONA, ID_FICHA_MEDICA) VALUES
                            (TO_DATE('2020-05-26','YYYY-MM-DD'), 2, '00176', 176);
INSERT INTO EX.SINTOMAS(FECHA_INICIO, ID_SINTOMA, ID_PERSONA, ID_FICHA_MEDICA) VALUES
                            (TO_DATE('2020-03-17','YYYY-MM-DD'), 3, '00176', 176);
INSERT INTO EX.SINTOMAS(FECHA_INICIO, ID_SINTOMA, ID_PERSONA, ID_FICHA_MEDICA) VALUES
                            (TO_DATE('2020-01-31','YYYY-MM-DD'), 4, '00176', 176);
INSERT INTO EX.SINTOMAS(FECHA_INICIO, ID_SINTOMA, ID_PERSONA, ID_FICHA_MEDICA) VALUES
                            (TO_DATE('2020-02-28','YYYY-MM-DD'), 5, '00176', 176);
INSERT INTO EX.PERSONA(DOC_IDENTIDAD, NOMBRE, NOMBRE1, APELLIDO, APELLIDO1, FECHA_NAC, GENERO, FOTO) VALUES
                  ('00177', 'Kelly', 'Victor', 'Diaz', 'Oliver', TO_DATE('1987-06-19','YYYY-MM-DD'), 'f', NULL);
INSERT INTO EX.HISTORICO_RESIDENCIA(FECHA_INICIO, ID_LUGAR, ID_PERSONA, FECHA_FIN) VALUES
                  (TO_DATE('1997-02-10','YYYY-MM-DD'), 44, '00177', NULL);
INSERT INTO EX.FICHA_MEDICA(ID, ID_PERSONA, ID_CENTRO_SALUD, ID_LUGAR, ESTADO, FECHA_INFECCION, FECHA_RECUPERACION) VALUES
                                             (177, '00177', 29, 44, 'desconido', NULL, NULL);
INSERT INTO EX.PADECIMIENTOS(ID_PATOLOGIA, ID_PERSONA, ID_FICHA_MEDICA) VALUES
                            (1, '00177', 177);
INSERT INTO EX.PADECIMIENTOS(ID_PATOLOGIA, ID_PERSONA, ID_FICHA_MEDICA) VALUES
                            (2, '00177', 177);
INSERT INTO EX.PADECIMIENTOS(ID_PATOLOGIA, ID_PERSONA, ID_FICHA_MEDICA) VALUES
                            (3, '00177', 177);
INSERT INTO EX.PERSONA(DOC_IDENTIDAD, NOMBRE, NOMBRE1, APELLIDO, APELLIDO1, FECHA_NAC, GENERO, FOTO) VALUES
                  ('00178', 'Daniel', 'Caitlin', 'Hernandez', 'Davis', TO_DATE('1971-10-04','YYYY-MM-DD'), 'm', NULL);
INSERT INTO EX.HISTORICO_RESIDENCIA(FECHA_INICIO, ID_LUGAR, ID_PERSONA, FECHA_FIN) VALUES
                  (TO_DATE('1998-02-23','YYYY-MM-DD'), 19, '00178', NULL);
INSERT INTO EX.FICHA_MEDICA(ID, ID_PERSONA, ID_CENTRO_SALUD, ID_LUGAR, ESTADO, FECHA_INFECCION, FECHA_RECUPERACION) VALUES
                                             (178, '00178', 4, 19, 'desconido', NULL, NULL);
INSERT INTO EX.SINTOMAS(FECHA_INICIO, ID_SINTOMA, ID_PERSONA, ID_FICHA_MEDICA) VALUES
                            (TO_DATE('2020-02-10','YYYY-MM-DD'), 1, '00178', 178);
INSERT INTO EX.SINTOMAS(FECHA_INICIO, ID_SINTOMA, ID_PERSONA, ID_FICHA_MEDICA) VALUES
                            (TO_DATE('2020-06-17','YYYY-MM-DD'), 2, '00178', 178);
INSERT INTO EX.SINTOMAS(FECHA_INICIO, ID_SINTOMA, ID_PERSONA, ID_FICHA_MEDICA) VALUES
                            (TO_DATE('2020-05-04','YYYY-MM-DD'), 3, '00178', 178);
INSERT INTO EX.SINTOMAS(FECHA_INICIO, ID_SINTOMA, ID_PERSONA, ID_FICHA_MEDICA) VALUES
                            (TO_DATE('2020-05-26','YYYY-MM-DD'), 4, '00178', 178);
INSERT INTO EX.SINTOMAS(FECHA_INICIO, ID_SINTOMA, ID_PERSONA, ID_FICHA_MEDICA) VALUES
                            (TO_DATE('2020-05-09','YYYY-MM-DD'), 5, '00178', 178);
INSERT INTO EX.SINTOMAS(FECHA_INICIO, ID_SINTOMA, ID_PERSONA, ID_FICHA_MEDICA) VALUES
                            (TO_DATE('2020-06-22','YYYY-MM-DD'), 6, '00178', 178);
INSERT INTO EX.SINTOMAS(FECHA_INICIO, ID_SINTOMA, ID_PERSONA, ID_FICHA_MEDICA) VALUES
                            (TO_DATE('2020-05-18','YYYY-MM-DD'), 7, '00178', 178);
INSERT INTO EX.PERSONA(DOC_IDENTIDAD, NOMBRE, NOMBRE1, APELLIDO, APELLIDO1, FECHA_NAC, GENERO, FOTO) VALUES
                  ('00179', 'Katherine', 'Helen', 'Parks', 'Meyer', TO_DATE('1995-05-07','YYYY-MM-DD'), 'f', NULL);
INSERT INTO EX.HISTORICO_RESIDENCIA(FECHA_INICIO, ID_LUGAR, ID_PERSONA, FECHA_FIN) VALUES
                  (TO_DATE('1971-02-15','YYYY-MM-DD'), 34, '00179', NULL);
INSERT INTO EX.FICHA_MEDICA(ID, ID_PERSONA, ID_CENTRO_SALUD, ID_LUGAR, ESTADO, FECHA_INFECCION, FECHA_RECUPERACION) VALUES
                                             (179, '00179', 19, 34, 'desconido', NULL, NULL);
INSERT INTO EX.PERSONA(DOC_IDENTIDAD, NOMBRE, NOMBRE1, APELLIDO, APELLIDO1, FECHA_NAC, GENERO, FOTO) VALUES
                  ('00180', 'Tasha', 'Cody', 'Miles', 'Franco', TO_DATE('1991-11-14','YYYY-MM-DD'), 'm', NULL);
INSERT INTO EX.HISTORICO_RESIDENCIA(FECHA_INICIO, ID_LUGAR, ID_PERSONA, FECHA_FIN) VALUES
                  (TO_DATE('2017-01-21','YYYY-MM-DD'), 28, '00180', NULL);
INSERT INTO EX.FICHA_MEDICA(ID, ID_PERSONA, ID_CENTRO_SALUD, ID_LUGAR, ESTADO, FECHA_INFECCION, FECHA_RECUPERACION) VALUES
                                             (180, '00180', 13, 28, 'desconido', NULL, NULL);
INSERT INTO EX.SINTOMAS(FECHA_INICIO, ID_SINTOMA, ID_PERSONA, ID_FICHA_MEDICA) VALUES
                            (TO_DATE('2020-06-30','YYYY-MM-DD'), 1, '00180', 180);
INSERT INTO EX.SINTOMAS(FECHA_INICIO, ID_SINTOMA, ID_PERSONA, ID_FICHA_MEDICA) VALUES
                            (TO_DATE('2020-02-21','YYYY-MM-DD'), 2, '00180', 180);
INSERT INTO EX.SINTOMAS(FECHA_INICIO, ID_SINTOMA, ID_PERSONA, ID_FICHA_MEDICA) VALUES
                            (TO_DATE('2020-04-06','YYYY-MM-DD'), 3, '00180', 180);
INSERT INTO EX.SINTOMAS(FECHA_INICIO, ID_SINTOMA, ID_PERSONA, ID_FICHA_MEDICA) VALUES
                            (TO_DATE('2020-02-06','YYYY-MM-DD'), 4, '00180', 180);
INSERT INTO EX.SINTOMAS(FECHA_INICIO, ID_SINTOMA, ID_PERSONA, ID_FICHA_MEDICA) VALUES
                            (TO_DATE('2020-06-11','YYYY-MM-DD'), 5, '00180', 180);
INSERT INTO EX.SINTOMAS(FECHA_INICIO, ID_SINTOMA, ID_PERSONA, ID_FICHA_MEDICA) VALUES
                            (TO_DATE('2020-05-01','YYYY-MM-DD'), 6, '00180', 180);
INSERT INTO EX.SINTOMAS(FECHA_INICIO, ID_SINTOMA, ID_PERSONA, ID_FICHA_MEDICA) VALUES
                            (TO_DATE('2020-05-29','YYYY-MM-DD'), 7, '00180', 180);
INSERT INTO EX.SINTOMAS(FECHA_INICIO, ID_SINTOMA, ID_PERSONA, ID_FICHA_MEDICA) VALUES
                            (TO_DATE('2020-01-29','YYYY-MM-DD'), 8, '00180', 180);
INSERT INTO EX.SINTOMAS(FECHA_INICIO, ID_SINTOMA, ID_PERSONA, ID_FICHA_MEDICA) VALUES
                            (TO_DATE('2020-02-08','YYYY-MM-DD'), 9, '00180', 180);
INSERT INTO EX.PERSONA(DOC_IDENTIDAD, NOMBRE, NOMBRE1, APELLIDO, APELLIDO1, FECHA_NAC, GENERO, FOTO) VALUES
                  ('00181', 'Kim', 'Gabriella', 'Yang', 'Mclaughlin', TO_DATE('1998-01-31','YYYY-MM-DD'), 'f', NULL);
INSERT INTO EX.HISTORICO_RESIDENCIA(FECHA_INICIO, ID_LUGAR, ID_PERSONA, FECHA_FIN) VALUES
                  (TO_DATE('1986-05-09','YYYY-MM-DD'), 27, '00181', NULL);
INSERT INTO EX.FICHA_MEDICA(ID, ID_PERSONA, ID_CENTRO_SALUD, ID_LUGAR, ESTADO, FECHA_INFECCION, FECHA_RECUPERACION) VALUES
                                             (181, '00181', 12, 27, 'desconido', NULL, NULL);
INSERT INTO EX.PADECIMIENTOS(ID_PATOLOGIA, ID_PERSONA, ID_FICHA_MEDICA) VALUES
                            (1, '00181', 181);
INSERT INTO EX.PADECIMIENTOS(ID_PATOLOGIA, ID_PERSONA, ID_FICHA_MEDICA) VALUES
                            (2, '00181', 181);
INSERT INTO EX.PADECIMIENTOS(ID_PATOLOGIA, ID_PERSONA, ID_FICHA_MEDICA) VALUES
                            (3, '00181', 181);
INSERT INTO EX.PADECIMIENTOS(ID_PATOLOGIA, ID_PERSONA, ID_FICHA_MEDICA) VALUES
                            (4, '00181', 181);
INSERT INTO EX.PADECIMIENTOS(ID_PATOLOGIA, ID_PERSONA, ID_FICHA_MEDICA) VALUES
                            (5, '00181', 181);
INSERT INTO EX.PADECIMIENTOS(ID_PATOLOGIA, ID_PERSONA, ID_FICHA_MEDICA) VALUES
                            (6, '00181', 181);
INSERT INTO EX.PADECIMIENTOS(ID_PATOLOGIA, ID_PERSONA, ID_FICHA_MEDICA) VALUES
                            (7, '00181', 181);
INSERT INTO EX.PADECIMIENTOS(ID_PATOLOGIA, ID_PERSONA, ID_FICHA_MEDICA) VALUES
                            (8, '00181', 181);
INSERT INTO EX.PADECIMIENTOS(ID_PATOLOGIA, ID_PERSONA, ID_FICHA_MEDICA) VALUES
                            (9, '00181', 181);
INSERT INTO EX.PADECIMIENTOS(ID_PATOLOGIA, ID_PERSONA, ID_FICHA_MEDICA) VALUES
                            (10, '00181', 181);
INSERT INTO EX.PADECIMIENTOS(ID_PATOLOGIA, ID_PERSONA, ID_FICHA_MEDICA) VALUES
                            (11, '00181', 181);
INSERT INTO EX.PADECIMIENTOS(ID_PATOLOGIA, ID_PERSONA, ID_FICHA_MEDICA) VALUES
                            (12, '00181', 181);
INSERT INTO EX.PADECIMIENTOS(ID_PATOLOGIA, ID_PERSONA, ID_FICHA_MEDICA) VALUES
                            (13, '00181', 181);
INSERT INTO EX.PADECIMIENTOS(ID_PATOLOGIA, ID_PERSONA, ID_FICHA_MEDICA) VALUES
                            (14, '00181', 181);
INSERT INTO EX.PADECIMIENTOS(ID_PATOLOGIA, ID_PERSONA, ID_FICHA_MEDICA) VALUES
                            (15, '00181', 181);
INSERT INTO EX.PERSONA(DOC_IDENTIDAD, NOMBRE, NOMBRE1, APELLIDO, APELLIDO1, FECHA_NAC, GENERO, FOTO) VALUES
                  ('00182', 'Mark', 'Joseph', 'Webster', 'Hayes', TO_DATE('2009-04-09','YYYY-MM-DD'), 'm', NULL);
INSERT INTO EX.HISTORICO_RESIDENCIA(FECHA_INICIO, ID_LUGAR, ID_PERSONA, FECHA_FIN) VALUES
                  (TO_DATE('2001-08-12','YYYY-MM-DD'), 31, '00182', NULL);
INSERT INTO EX.FICHA_MEDICA(ID, ID_PERSONA, ID_CENTRO_SALUD, ID_LUGAR, ESTADO, FECHA_INFECCION, FECHA_RECUPERACION) VALUES
                                             (182, '00182', 16, 31, 'desconido', NULL, NULL);
INSERT INTO EX.SINTOMAS(FECHA_INICIO, ID_SINTOMA, ID_PERSONA, ID_FICHA_MEDICA) VALUES
                            (TO_DATE('2020-05-04','YYYY-MM-DD'), 1, '00182', 182);
INSERT INTO EX.SINTOMAS(FECHA_INICIO, ID_SINTOMA, ID_PERSONA, ID_FICHA_MEDICA) VALUES
                            (TO_DATE('2020-05-06','YYYY-MM-DD'), 2, '00182', 182);
INSERT INTO EX.SINTOMAS(FECHA_INICIO, ID_SINTOMA, ID_PERSONA, ID_FICHA_MEDICA) VALUES
                            (TO_DATE('2020-04-16','YYYY-MM-DD'), 3, '00182', 182);
INSERT INTO EX.SINTOMAS(FECHA_INICIO, ID_SINTOMA, ID_PERSONA, ID_FICHA_MEDICA) VALUES
                            (TO_DATE('2020-01-09','YYYY-MM-DD'), 4, '00182', 182);
INSERT INTO EX.SINTOMAS(FECHA_INICIO, ID_SINTOMA, ID_PERSONA, ID_FICHA_MEDICA) VALUES
                            (TO_DATE('2020-04-17','YYYY-MM-DD'), 5, '00182', 182);
INSERT INTO EX.SINTOMAS(FECHA_INICIO, ID_SINTOMA, ID_PERSONA, ID_FICHA_MEDICA) VALUES
                            (TO_DATE('2020-01-05','YYYY-MM-DD'), 6, '00182', 182);
INSERT INTO EX.SINTOMAS(FECHA_INICIO, ID_SINTOMA, ID_PERSONA, ID_FICHA_MEDICA) VALUES
                            (TO_DATE('2020-02-06','YYYY-MM-DD'), 7, '00182', 182);
INSERT INTO EX.SINTOMAS(FECHA_INICIO, ID_SINTOMA, ID_PERSONA, ID_FICHA_MEDICA) VALUES
                            (TO_DATE('2020-02-03','YYYY-MM-DD'), 8, '00182', 182);
INSERT INTO EX.SINTOMAS(FECHA_INICIO, ID_SINTOMA, ID_PERSONA, ID_FICHA_MEDICA) VALUES
                            (TO_DATE('2020-05-11','YYYY-MM-DD'), 9, '00182', 182);
INSERT INTO EX.SINTOMAS(FECHA_INICIO, ID_SINTOMA, ID_PERSONA, ID_FICHA_MEDICA) VALUES
                            (TO_DATE('2020-06-20','YYYY-MM-DD'), 10, '00182', 182);
INSERT INTO EX.SINTOMAS(FECHA_INICIO, ID_SINTOMA, ID_PERSONA, ID_FICHA_MEDICA) VALUES
                            (TO_DATE('2020-06-04','YYYY-MM-DD'), 11, '00182', 182);
INSERT INTO EX.SINTOMAS(FECHA_INICIO, ID_SINTOMA, ID_PERSONA, ID_FICHA_MEDICA) VALUES
                            (TO_DATE('2020-01-29','YYYY-MM-DD'), 12, '00182', 182);
INSERT INTO EX.SINTOMAS(FECHA_INICIO, ID_SINTOMA, ID_PERSONA, ID_FICHA_MEDICA) VALUES
                            (TO_DATE('2020-02-25','YYYY-MM-DD'), 13, '00182', 182);
INSERT INTO EX.SINTOMAS(FECHA_INICIO, ID_SINTOMA, ID_PERSONA, ID_FICHA_MEDICA) VALUES
                            (TO_DATE('2020-01-11','YYYY-MM-DD'), 14, '00182', 182);
INSERT INTO EX.SINTOMAS(FECHA_INICIO, ID_SINTOMA, ID_PERSONA, ID_FICHA_MEDICA) VALUES
                            (TO_DATE('2020-04-09','YYYY-MM-DD'), 15, '00182', 182);
INSERT INTO EX.SINTOMAS(FECHA_INICIO, ID_SINTOMA, ID_PERSONA, ID_FICHA_MEDICA) VALUES
                            (TO_DATE('2020-06-19','YYYY-MM-DD'), 16, '00182', 182);
INSERT INTO EX.SINTOMAS(FECHA_INICIO, ID_SINTOMA, ID_PERSONA, ID_FICHA_MEDICA) VALUES
                            (TO_DATE('2020-06-01','YYYY-MM-DD'), 17, '00182', 182);
INSERT INTO EX.PERSONA(DOC_IDENTIDAD, NOMBRE, NOMBRE1, APELLIDO, APELLIDO1, FECHA_NAC, GENERO, FOTO) VALUES
                  ('00183', 'Michael', 'Natalie', 'Johnson', 'Williams', TO_DATE('2011-08-16','YYYY-MM-DD'), 'f', NULL);
INSERT INTO EX.HISTORICO_RESIDENCIA(FECHA_INICIO, ID_LUGAR, ID_PERSONA, FECHA_FIN) VALUES
                  (TO_DATE('1971-05-31','YYYY-MM-DD'), 19, '00183', NULL);
INSERT INTO EX.FICHA_MEDICA(ID, ID_PERSONA, ID_CENTRO_SALUD, ID_LUGAR, ESTADO, FECHA_INFECCION, FECHA_RECUPERACION) VALUES
                                             (183, '00183', 4, 19, 'desconido', NULL, NULL);
INSERT INTO EX.SINTOMAS(FECHA_INICIO, ID_SINTOMA, ID_PERSONA, ID_FICHA_MEDICA) VALUES
                            (TO_DATE('2020-01-25','YYYY-MM-DD'), 1, '00183', 183);
INSERT INTO EX.SINTOMAS(FECHA_INICIO, ID_SINTOMA, ID_PERSONA, ID_FICHA_MEDICA) VALUES
                            (TO_DATE('2020-02-05','YYYY-MM-DD'), 2, '00183', 183);
INSERT INTO EX.SINTOMAS(FECHA_INICIO, ID_SINTOMA, ID_PERSONA, ID_FICHA_MEDICA) VALUES
                            (TO_DATE('2020-04-09','YYYY-MM-DD'), 3, '00183', 183);
INSERT INTO EX.SINTOMAS(FECHA_INICIO, ID_SINTOMA, ID_PERSONA, ID_FICHA_MEDICA) VALUES
                            (TO_DATE('2020-03-01','YYYY-MM-DD'), 4, '00183', 183);
INSERT INTO EX.SINTOMAS(FECHA_INICIO, ID_SINTOMA, ID_PERSONA, ID_FICHA_MEDICA) VALUES
                            (TO_DATE('2020-01-19','YYYY-MM-DD'), 5, '00183', 183);
INSERT INTO EX.SINTOMAS(FECHA_INICIO, ID_SINTOMA, ID_PERSONA, ID_FICHA_MEDICA) VALUES
                            (TO_DATE('2020-05-26','YYYY-MM-DD'), 6, '00183', 183);
INSERT INTO EX.SINTOMAS(FECHA_INICIO, ID_SINTOMA, ID_PERSONA, ID_FICHA_MEDICA) VALUES
                            (TO_DATE('2020-02-03','YYYY-MM-DD'), 7, '00183', 183);
INSERT INTO EX.SINTOMAS(FECHA_INICIO, ID_SINTOMA, ID_PERSONA, ID_FICHA_MEDICA) VALUES
                            (TO_DATE('2020-06-06','YYYY-MM-DD'), 8, '00183', 183);
INSERT INTO EX.SINTOMAS(FECHA_INICIO, ID_SINTOMA, ID_PERSONA, ID_FICHA_MEDICA) VALUES
                            (TO_DATE('2020-02-18','YYYY-MM-DD'), 9, '00183', 183);
INSERT INTO EX.PERSONA(DOC_IDENTIDAD, NOMBRE, NOMBRE1, APELLIDO, APELLIDO1, FECHA_NAC, GENERO, FOTO) VALUES
                  ('00184', 'Alexander', 'Morgan', 'Ramirez', 'Moore', TO_DATE('1971-02-05','YYYY-MM-DD'), 'm', NULL);
INSERT INTO EX.HISTORICO_RESIDENCIA(FECHA_INICIO, ID_LUGAR, ID_PERSONA, FECHA_FIN) VALUES
                  (TO_DATE('2001-04-07','YYYY-MM-DD'), 28, '00184', NULL);
INSERT INTO EX.FICHA_MEDICA(ID, ID_PERSONA, ID_CENTRO_SALUD, ID_LUGAR, ESTADO, FECHA_INFECCION, FECHA_RECUPERACION) VALUES
                                             (184, '00184', 13, 28, 'desconido', NULL, NULL);
INSERT INTO EX.PERSONA(DOC_IDENTIDAD, NOMBRE, NOMBRE1, APELLIDO, APELLIDO1, FECHA_NAC, GENERO, FOTO) VALUES
                  ('00185', 'Ryan', 'Jennifer', 'Delacruz', 'Mccormick', TO_DATE('1998-08-20','YYYY-MM-DD'), 'f', NULL);
INSERT INTO EX.HISTORICO_RESIDENCIA(FECHA_INICIO, ID_LUGAR, ID_PERSONA, FECHA_FIN) VALUES
                  (TO_DATE('1998-09-12','YYYY-MM-DD'), 21, '00185', NULL);
INSERT INTO EX.FICHA_MEDICA(ID, ID_PERSONA, ID_CENTRO_SALUD, ID_LUGAR, ESTADO, FECHA_INFECCION, FECHA_RECUPERACION) VALUES
                                             (185, '00185', 6, 21, 'desconido', NULL, NULL);
INSERT INTO EX.PADECIMIENTOS(ID_PATOLOGIA, ID_PERSONA, ID_FICHA_MEDICA) VALUES
                            (1, '00185', 185);
INSERT INTO EX.PADECIMIENTOS(ID_PATOLOGIA, ID_PERSONA, ID_FICHA_MEDICA) VALUES
                            (2, '00185', 185);
INSERT INTO EX.PADECIMIENTOS(ID_PATOLOGIA, ID_PERSONA, ID_FICHA_MEDICA) VALUES
                            (3, '00185', 185);
INSERT INTO EX.PADECIMIENTOS(ID_PATOLOGIA, ID_PERSONA, ID_FICHA_MEDICA) VALUES
                            (4, '00185', 185);
INSERT INTO EX.PADECIMIENTOS(ID_PATOLOGIA, ID_PERSONA, ID_FICHA_MEDICA) VALUES
                            (5, '00185', 185);
INSERT INTO EX.PADECIMIENTOS(ID_PATOLOGIA, ID_PERSONA, ID_FICHA_MEDICA) VALUES
                            (6, '00185', 185);
INSERT INTO EX.PADECIMIENTOS(ID_PATOLOGIA, ID_PERSONA, ID_FICHA_MEDICA) VALUES
                            (7, '00185', 185);
INSERT INTO EX.PADECIMIENTOS(ID_PATOLOGIA, ID_PERSONA, ID_FICHA_MEDICA) VALUES
                            (8, '00185', 185);
INSERT INTO EX.PADECIMIENTOS(ID_PATOLOGIA, ID_PERSONA, ID_FICHA_MEDICA) VALUES
                            (9, '00185', 185);
INSERT INTO EX.PADECIMIENTOS(ID_PATOLOGIA, ID_PERSONA, ID_FICHA_MEDICA) VALUES
                            (10, '00185', 185);
INSERT INTO EX.PADECIMIENTOS(ID_PATOLOGIA, ID_PERSONA, ID_FICHA_MEDICA) VALUES
                            (11, '00185', 185);
INSERT INTO EX.SINTOMAS(FECHA_INICIO, ID_SINTOMA, ID_PERSONA, ID_FICHA_MEDICA) VALUES
                            (TO_DATE('2020-03-14','YYYY-MM-DD'), 1, '00185', 185);
INSERT INTO EX.SINTOMAS(FECHA_INICIO, ID_SINTOMA, ID_PERSONA, ID_FICHA_MEDICA) VALUES
                            (TO_DATE('2020-05-07','YYYY-MM-DD'), 2, '00185', 185);
INSERT INTO EX.SINTOMAS(FECHA_INICIO, ID_SINTOMA, ID_PERSONA, ID_FICHA_MEDICA) VALUES
                            (TO_DATE('2020-02-29','YYYY-MM-DD'), 3, '00185', 185);
INSERT INTO EX.SINTOMAS(FECHA_INICIO, ID_SINTOMA, ID_PERSONA, ID_FICHA_MEDICA) VALUES
                            (TO_DATE('2020-01-03','YYYY-MM-DD'), 4, '00185', 185);
INSERT INTO EX.SINTOMAS(FECHA_INICIO, ID_SINTOMA, ID_PERSONA, ID_FICHA_MEDICA) VALUES
                            (TO_DATE('2020-03-07','YYYY-MM-DD'), 5, '00185', 185);
INSERT INTO EX.SINTOMAS(FECHA_INICIO, ID_SINTOMA, ID_PERSONA, ID_FICHA_MEDICA) VALUES
                            (TO_DATE('2020-06-15','YYYY-MM-DD'), 6, '00185', 185);
INSERT INTO EX.SINTOMAS(FECHA_INICIO, ID_SINTOMA, ID_PERSONA, ID_FICHA_MEDICA) VALUES
                            (TO_DATE('2020-05-19','YYYY-MM-DD'), 7, '00185', 185);
INSERT INTO EX.SINTOMAS(FECHA_INICIO, ID_SINTOMA, ID_PERSONA, ID_FICHA_MEDICA) VALUES
                            (TO_DATE('2020-03-24','YYYY-MM-DD'), 8, '00185', 185);
INSERT INTO EX.SINTOMAS(FECHA_INICIO, ID_SINTOMA, ID_PERSONA, ID_FICHA_MEDICA) VALUES
                            (TO_DATE('2020-04-10','YYYY-MM-DD'), 9, '00185', 185);
INSERT INTO EX.PERSONA(DOC_IDENTIDAD, NOMBRE, NOMBRE1, APELLIDO, APELLIDO1, FECHA_NAC, GENERO, FOTO) VALUES
                  ('00186', 'Tyler', 'Angela', 'Schwartz', 'Valencia', TO_DATE('2009-09-09','YYYY-MM-DD'), 'm', NULL);
INSERT INTO EX.HISTORICO_RESIDENCIA(FECHA_INICIO, ID_LUGAR, ID_PERSONA, FECHA_FIN) VALUES
                  (TO_DATE('1981-04-11','YYYY-MM-DD'), 36, '00186', NULL);
INSERT INTO EX.FICHA_MEDICA(ID, ID_PERSONA, ID_CENTRO_SALUD, ID_LUGAR, ESTADO, FECHA_INFECCION, FECHA_RECUPERACION) VALUES
                                             (186, '00186', 21, 36, 'desconido', NULL, NULL);
INSERT INTO EX.PADECIMIENTOS(ID_PATOLOGIA, ID_PERSONA, ID_FICHA_MEDICA) VALUES
                            (1, '00186', 186);
INSERT INTO EX.PADECIMIENTOS(ID_PATOLOGIA, ID_PERSONA, ID_FICHA_MEDICA) VALUES
                            (2, '00186', 186);
INSERT INTO EX.PADECIMIENTOS(ID_PATOLOGIA, ID_PERSONA, ID_FICHA_MEDICA) VALUES
                            (3, '00186', 186);
INSERT INTO EX.PADECIMIENTOS(ID_PATOLOGIA, ID_PERSONA, ID_FICHA_MEDICA) VALUES
                            (4, '00186', 186);
INSERT INTO EX.PADECIMIENTOS(ID_PATOLOGIA, ID_PERSONA, ID_FICHA_MEDICA) VALUES
                            (5, '00186', 186);
INSERT INTO EX.PADECIMIENTOS(ID_PATOLOGIA, ID_PERSONA, ID_FICHA_MEDICA) VALUES
                            (6, '00186', 186);
INSERT INTO EX.PADECIMIENTOS(ID_PATOLOGIA, ID_PERSONA, ID_FICHA_MEDICA) VALUES
                            (7, '00186', 186);
INSERT INTO EX.PADECIMIENTOS(ID_PATOLOGIA, ID_PERSONA, ID_FICHA_MEDICA) VALUES
                            (8, '00186', 186);
INSERT INTO EX.PADECIMIENTOS(ID_PATOLOGIA, ID_PERSONA, ID_FICHA_MEDICA) VALUES
                            (9, '00186', 186);
INSERT INTO EX.PADECIMIENTOS(ID_PATOLOGIA, ID_PERSONA, ID_FICHA_MEDICA) VALUES
                            (10, '00186', 186);
INSERT INTO EX.PADECIMIENTOS(ID_PATOLOGIA, ID_PERSONA, ID_FICHA_MEDICA) VALUES
                            (11, '00186', 186);
INSERT INTO EX.PADECIMIENTOS(ID_PATOLOGIA, ID_PERSONA, ID_FICHA_MEDICA) VALUES
                            (12, '00186', 186);
INSERT INTO EX.PADECIMIENTOS(ID_PATOLOGIA, ID_PERSONA, ID_FICHA_MEDICA) VALUES
                            (13, '00186', 186);
INSERT INTO EX.PERSONA(DOC_IDENTIDAD, NOMBRE, NOMBRE1, APELLIDO, APELLIDO1, FECHA_NAC, GENERO, FOTO) VALUES
                  ('00187', 'David', 'Ann', 'Boyd', 'Hoffman', TO_DATE('1998-03-21','YYYY-MM-DD'), 'f', NULL);
INSERT INTO EX.HISTORICO_RESIDENCIA(FECHA_INICIO, ID_LUGAR, ID_PERSONA, FECHA_FIN) VALUES
                  (TO_DATE('1986-02-19','YYYY-MM-DD'), 45, '00187', NULL);
INSERT INTO EX.FICHA_MEDICA(ID, ID_PERSONA, ID_CENTRO_SALUD, ID_LUGAR, ESTADO, FECHA_INFECCION, FECHA_RECUPERACION) VALUES
                                             (187, '00187', 30, 45, 'desconido', NULL, NULL);
INSERT INTO EX.SINTOMAS(FECHA_INICIO, ID_SINTOMA, ID_PERSONA, ID_FICHA_MEDICA) VALUES
                            (TO_DATE('2020-03-02','YYYY-MM-DD'), 1, '00187', 187);
INSERT INTO EX.SINTOMAS(FECHA_INICIO, ID_SINTOMA, ID_PERSONA, ID_FICHA_MEDICA) VALUES
                            (TO_DATE('2020-04-27','YYYY-MM-DD'), 2, '00187', 187);
INSERT INTO EX.SINTOMAS(FECHA_INICIO, ID_SINTOMA, ID_PERSONA, ID_FICHA_MEDICA) VALUES
                            (TO_DATE('2020-06-13','YYYY-MM-DD'), 3, '00187', 187);
INSERT INTO EX.SINTOMAS(FECHA_INICIO, ID_SINTOMA, ID_PERSONA, ID_FICHA_MEDICA) VALUES
                            (TO_DATE('2020-06-04','YYYY-MM-DD'), 4, '00187', 187);
INSERT INTO EX.SINTOMAS(FECHA_INICIO, ID_SINTOMA, ID_PERSONA, ID_FICHA_MEDICA) VALUES
                            (TO_DATE('2020-03-24','YYYY-MM-DD'), 5, '00187', 187);
INSERT INTO EX.SINTOMAS(FECHA_INICIO, ID_SINTOMA, ID_PERSONA, ID_FICHA_MEDICA) VALUES
                            (TO_DATE('2020-05-21','YYYY-MM-DD'), 6, '00187', 187);
INSERT INTO EX.PERSONA(DOC_IDENTIDAD, NOMBRE, NOMBRE1, APELLIDO, APELLIDO1, FECHA_NAC, GENERO, FOTO) VALUES
                  ('00188', 'Regina', 'Amanda', 'Green', 'Davis', TO_DATE('2011-11-12','YYYY-MM-DD'), 'm', NULL);
INSERT INTO EX.HISTORICO_RESIDENCIA(FECHA_INICIO, ID_LUGAR, ID_PERSONA, FECHA_FIN) VALUES
                  (TO_DATE('1997-06-21','YYYY-MM-DD'), 27, '00188', NULL);
INSERT INTO EX.FICHA_MEDICA(ID, ID_PERSONA, ID_CENTRO_SALUD, ID_LUGAR, ESTADO, FECHA_INFECCION, FECHA_RECUPERACION) VALUES
                                             (188, '00188', 12, 27, 'desconido', NULL, NULL);
INSERT INTO EX.PERSONA(DOC_IDENTIDAD, NOMBRE, NOMBRE1, APELLIDO, APELLIDO1, FECHA_NAC, GENERO, FOTO) VALUES
                  ('00189', 'Lauren', 'Danielle', 'Martinez', 'Boyle', TO_DATE('1986-08-29','YYYY-MM-DD'), 'f', NULL);
INSERT INTO EX.HISTORICO_RESIDENCIA(FECHA_INICIO, ID_LUGAR, ID_PERSONA, FECHA_FIN) VALUES
                  (TO_DATE('2001-09-23','YYYY-MM-DD'), 40, '00189', NULL);
INSERT INTO EX.FICHA_MEDICA(ID, ID_PERSONA, ID_CENTRO_SALUD, ID_LUGAR, ESTADO, FECHA_INFECCION, FECHA_RECUPERACION) VALUES
                                             (189, '00189', 25, 40, 'desconido', NULL, NULL);
INSERT INTO EX.PERSONA(DOC_IDENTIDAD, NOMBRE, NOMBRE1, APELLIDO, APELLIDO1, FECHA_NAC, GENERO, FOTO) VALUES
                  ('00190', 'Christine', 'Patricia', 'Butler', 'Beltran', TO_DATE('1997-05-27','YYYY-MM-DD'), 'm', NULL);
INSERT INTO EX.HISTORICO_RESIDENCIA(FECHA_INICIO, ID_LUGAR, ID_PERSONA, FECHA_FIN) VALUES
                  (TO_DATE('1991-07-20','YYYY-MM-DD'), 45, '00190', NULL);
INSERT INTO EX.FICHA_MEDICA(ID, ID_PERSONA, ID_CENTRO_SALUD, ID_LUGAR, ESTADO, FECHA_INFECCION, FECHA_RECUPERACION) VALUES
                                             (190, '00190', 30, 45, 'desconido', NULL, NULL);
INSERT INTO EX.PADECIMIENTOS(ID_PATOLOGIA, ID_PERSONA, ID_FICHA_MEDICA) VALUES
                            (1, '00190', 190);
INSERT INTO EX.PADECIMIENTOS(ID_PATOLOGIA, ID_PERSONA, ID_FICHA_MEDICA) VALUES
                            (2, '00190', 190);
INSERT INTO EX.PADECIMIENTOS(ID_PATOLOGIA, ID_PERSONA, ID_FICHA_MEDICA) VALUES
                            (3, '00190', 190);
INSERT INTO EX.PADECIMIENTOS(ID_PATOLOGIA, ID_PERSONA, ID_FICHA_MEDICA) VALUES
                            (4, '00190', 190);
INSERT INTO EX.PADECIMIENTOS(ID_PATOLOGIA, ID_PERSONA, ID_FICHA_MEDICA) VALUES
                            (5, '00190', 190);
INSERT INTO EX.PADECIMIENTOS(ID_PATOLOGIA, ID_PERSONA, ID_FICHA_MEDICA) VALUES
                            (6, '00190', 190);
INSERT INTO EX.PADECIMIENTOS(ID_PATOLOGIA, ID_PERSONA, ID_FICHA_MEDICA) VALUES
                            (7, '00190', 190);
INSERT INTO EX.PADECIMIENTOS(ID_PATOLOGIA, ID_PERSONA, ID_FICHA_MEDICA) VALUES
                            (8, '00190', 190);
INSERT INTO EX.PADECIMIENTOS(ID_PATOLOGIA, ID_PERSONA, ID_FICHA_MEDICA) VALUES
                            (9, '00190', 190);
INSERT INTO EX.PADECIMIENTOS(ID_PATOLOGIA, ID_PERSONA, ID_FICHA_MEDICA) VALUES
                            (10, '00190', 190);
INSERT INTO EX.PADECIMIENTOS(ID_PATOLOGIA, ID_PERSONA, ID_FICHA_MEDICA) VALUES
                            (11, '00190', 190);
INSERT INTO EX.PADECIMIENTOS(ID_PATOLOGIA, ID_PERSONA, ID_FICHA_MEDICA) VALUES
                            (12, '00190', 190);
INSERT INTO EX.PADECIMIENTOS(ID_PATOLOGIA, ID_PERSONA, ID_FICHA_MEDICA) VALUES
                            (13, '00190', 190);
INSERT INTO EX.PADECIMIENTOS(ID_PATOLOGIA, ID_PERSONA, ID_FICHA_MEDICA) VALUES
                            (14, '00190', 190);
INSERT INTO EX.SINTOMAS(FECHA_INICIO, ID_SINTOMA, ID_PERSONA, ID_FICHA_MEDICA) VALUES
                            (TO_DATE('2020-04-12','YYYY-MM-DD'), 1, '00190', 190);
INSERT INTO EX.SINTOMAS(FECHA_INICIO, ID_SINTOMA, ID_PERSONA, ID_FICHA_MEDICA) VALUES
                            (TO_DATE('2020-03-22','YYYY-MM-DD'), 2, '00190', 190);
INSERT INTO EX.SINTOMAS(FECHA_INICIO, ID_SINTOMA, ID_PERSONA, ID_FICHA_MEDICA) VALUES
                            (TO_DATE('2020-06-25','YYYY-MM-DD'), 3, '00190', 190);
INSERT INTO EX.SINTOMAS(FECHA_INICIO, ID_SINTOMA, ID_PERSONA, ID_FICHA_MEDICA) VALUES
                            (TO_DATE('2020-02-07','YYYY-MM-DD'), 4, '00190', 190);
INSERT INTO EX.SINTOMAS(FECHA_INICIO, ID_SINTOMA, ID_PERSONA, ID_FICHA_MEDICA) VALUES
                            (TO_DATE('2020-01-03','YYYY-MM-DD'), 5, '00190', 190);
INSERT INTO EX.SINTOMAS(FECHA_INICIO, ID_SINTOMA, ID_PERSONA, ID_FICHA_MEDICA) VALUES
                            (TO_DATE('2020-01-15','YYYY-MM-DD'), 6, '00190', 190);
INSERT INTO EX.SINTOMAS(FECHA_INICIO, ID_SINTOMA, ID_PERSONA, ID_FICHA_MEDICA) VALUES
                            (TO_DATE('2020-06-25','YYYY-MM-DD'), 7, '00190', 190);
INSERT INTO EX.SINTOMAS(FECHA_INICIO, ID_SINTOMA, ID_PERSONA, ID_FICHA_MEDICA) VALUES
                            (TO_DATE('2020-05-10','YYYY-MM-DD'), 8, '00190', 190);
INSERT INTO EX.PERSONA(DOC_IDENTIDAD, NOMBRE, NOMBRE1, APELLIDO, APELLIDO1, FECHA_NAC, GENERO, FOTO) VALUES
                  ('00191', 'Robert', 'Dorothy', 'Gilbert', 'West', TO_DATE('2013-01-12','YYYY-MM-DD'), 'f', NULL);
INSERT INTO EX.HISTORICO_RESIDENCIA(FECHA_INICIO, ID_LUGAR, ID_PERSONA, FECHA_FIN) VALUES
                  (TO_DATE('2003-01-23','YYYY-MM-DD'), 39, '00191', NULL);
INSERT INTO EX.FICHA_MEDICA(ID, ID_PERSONA, ID_CENTRO_SALUD, ID_LUGAR, ESTADO, FECHA_INFECCION, FECHA_RECUPERACION) VALUES
                                             (191, '00191', 24, 39, 'desconido', NULL, NULL);
INSERT INTO EX.PERSONA(DOC_IDENTIDAD, NOMBRE, NOMBRE1, APELLIDO, APELLIDO1, FECHA_NAC, GENERO, FOTO) VALUES
                  ('00192', 'Donald', 'Michelle', 'Burnett', 'Moore', TO_DATE('1971-07-10','YYYY-MM-DD'), 'm', NULL);
INSERT INTO EX.HISTORICO_RESIDENCIA(FECHA_INICIO, ID_LUGAR, ID_PERSONA, FECHA_FIN) VALUES
                  (TO_DATE('1979-10-11','YYYY-MM-DD'), 38, '00192', NULL);
INSERT INTO EX.FICHA_MEDICA(ID, ID_PERSONA, ID_CENTRO_SALUD, ID_LUGAR, ESTADO, FECHA_INFECCION, FECHA_RECUPERACION) VALUES
                                             (192, '00192', 23, 38, 'desconido', NULL, NULL);
INSERT INTO EX.SINTOMAS(FECHA_INICIO, ID_SINTOMA, ID_PERSONA, ID_FICHA_MEDICA) VALUES
                            (TO_DATE('2020-01-22','YYYY-MM-DD'), 1, '00192', 192);
INSERT INTO EX.SINTOMAS(FECHA_INICIO, ID_SINTOMA, ID_PERSONA, ID_FICHA_MEDICA) VALUES
                            (TO_DATE('2020-04-28','YYYY-MM-DD'), 2, '00192', 192);
INSERT INTO EX.SINTOMAS(FECHA_INICIO, ID_SINTOMA, ID_PERSONA, ID_FICHA_MEDICA) VALUES
                            (TO_DATE('2020-04-20','YYYY-MM-DD'), 3, '00192', 192);
INSERT INTO EX.SINTOMAS(FECHA_INICIO, ID_SINTOMA, ID_PERSONA, ID_FICHA_MEDICA) VALUES
                            (TO_DATE('2020-04-29','YYYY-MM-DD'), 4, '00192', 192);
INSERT INTO EX.SINTOMAS(FECHA_INICIO, ID_SINTOMA, ID_PERSONA, ID_FICHA_MEDICA) VALUES
                            (TO_DATE('2020-01-13','YYYY-MM-DD'), 5, '00192', 192);
INSERT INTO EX.SINTOMAS(FECHA_INICIO, ID_SINTOMA, ID_PERSONA, ID_FICHA_MEDICA) VALUES
                            (TO_DATE('2020-03-26','YYYY-MM-DD'), 6, '00192', 192);
INSERT INTO EX.PERSONA(DOC_IDENTIDAD, NOMBRE, NOMBRE1, APELLIDO, APELLIDO1, FECHA_NAC, GENERO, FOTO) VALUES
                  ('00193', 'Oscar', 'Chad', 'Parker', 'Hill', TO_DATE('1976-10-01','YYYY-MM-DD'), 'f', NULL);
INSERT INTO EX.HISTORICO_RESIDENCIA(FECHA_INICIO, ID_LUGAR, ID_PERSONA, FECHA_FIN) VALUES
                  (TO_DATE('2002-04-19','YYYY-MM-DD'), 41, '00193', NULL);
INSERT INTO EX.FICHA_MEDICA(ID, ID_PERSONA, ID_CENTRO_SALUD, ID_LUGAR, ESTADO, FECHA_INFECCION, FECHA_RECUPERACION) VALUES
                                             (193, '00193', 26, 41, 'desconido', NULL, NULL);
INSERT INTO EX.PADECIMIENTOS(ID_PATOLOGIA, ID_PERSONA, ID_FICHA_MEDICA) VALUES
                            (1, '00193', 193);
INSERT INTO EX.PADECIMIENTOS(ID_PATOLOGIA, ID_PERSONA, ID_FICHA_MEDICA) VALUES
                            (2, '00193', 193);
INSERT INTO EX.PADECIMIENTOS(ID_PATOLOGIA, ID_PERSONA, ID_FICHA_MEDICA) VALUES
                            (3, '00193', 193);
INSERT INTO EX.PADECIMIENTOS(ID_PATOLOGIA, ID_PERSONA, ID_FICHA_MEDICA) VALUES
                            (4, '00193', 193);
INSERT INTO EX.PADECIMIENTOS(ID_PATOLOGIA, ID_PERSONA, ID_FICHA_MEDICA) VALUES
                            (5, '00193', 193);
INSERT INTO EX.PADECIMIENTOS(ID_PATOLOGIA, ID_PERSONA, ID_FICHA_MEDICA) VALUES
                            (6, '00193', 193);
INSERT INTO EX.PADECIMIENTOS(ID_PATOLOGIA, ID_PERSONA, ID_FICHA_MEDICA) VALUES
                            (7, '00193', 193);
INSERT INTO EX.PADECIMIENTOS(ID_PATOLOGIA, ID_PERSONA, ID_FICHA_MEDICA) VALUES
                            (8, '00193', 193);
INSERT INTO EX.PADECIMIENTOS(ID_PATOLOGIA, ID_PERSONA, ID_FICHA_MEDICA) VALUES
                            (9, '00193', 193);
INSERT INTO EX.PADECIMIENTOS(ID_PATOLOGIA, ID_PERSONA, ID_FICHA_MEDICA) VALUES
                            (10, '00193', 193);
INSERT INTO EX.PADECIMIENTOS(ID_PATOLOGIA, ID_PERSONA, ID_FICHA_MEDICA) VALUES
                            (11, '00193', 193);
INSERT INTO EX.PADECIMIENTOS(ID_PATOLOGIA, ID_PERSONA, ID_FICHA_MEDICA) VALUES
                            (12, '00193', 193);
INSERT INTO EX.SINTOMAS(FECHA_INICIO, ID_SINTOMA, ID_PERSONA, ID_FICHA_MEDICA) VALUES
                            (TO_DATE('2020-03-14','YYYY-MM-DD'), 1, '00193', 193);
INSERT INTO EX.SINTOMAS(FECHA_INICIO, ID_SINTOMA, ID_PERSONA, ID_FICHA_MEDICA) VALUES
                            (TO_DATE('2020-04-29','YYYY-MM-DD'), 2, '00193', 193);
INSERT INTO EX.SINTOMAS(FECHA_INICIO, ID_SINTOMA, ID_PERSONA, ID_FICHA_MEDICA) VALUES
                            (TO_DATE('2020-05-02','YYYY-MM-DD'), 3, '00193', 193);
INSERT INTO EX.SINTOMAS(FECHA_INICIO, ID_SINTOMA, ID_PERSONA, ID_FICHA_MEDICA) VALUES
                            (TO_DATE('2020-06-11','YYYY-MM-DD'), 4, '00193', 193);
INSERT INTO EX.SINTOMAS(FECHA_INICIO, ID_SINTOMA, ID_PERSONA, ID_FICHA_MEDICA) VALUES
                            (TO_DATE('2020-01-09','YYYY-MM-DD'), 5, '00193', 193);
INSERT INTO EX.SINTOMAS(FECHA_INICIO, ID_SINTOMA, ID_PERSONA, ID_FICHA_MEDICA) VALUES
                            (TO_DATE('2020-05-17','YYYY-MM-DD'), 6, '00193', 193);
INSERT INTO EX.SINTOMAS(FECHA_INICIO, ID_SINTOMA, ID_PERSONA, ID_FICHA_MEDICA) VALUES
                            (TO_DATE('2020-06-02','YYYY-MM-DD'), 7, '00193', 193);
INSERT INTO EX.SINTOMAS(FECHA_INICIO, ID_SINTOMA, ID_PERSONA, ID_FICHA_MEDICA) VALUES
                            (TO_DATE('2020-06-18','YYYY-MM-DD'), 8, '00193', 193);
INSERT INTO EX.SINTOMAS(FECHA_INICIO, ID_SINTOMA, ID_PERSONA, ID_FICHA_MEDICA) VALUES
                            (TO_DATE('2020-04-03','YYYY-MM-DD'), 9, '00193', 193);
INSERT INTO EX.SINTOMAS(FECHA_INICIO, ID_SINTOMA, ID_PERSONA, ID_FICHA_MEDICA) VALUES
                            (TO_DATE('2020-02-26','YYYY-MM-DD'), 10, '00193', 193);
INSERT INTO EX.SINTOMAS(FECHA_INICIO, ID_SINTOMA, ID_PERSONA, ID_FICHA_MEDICA) VALUES
                            (TO_DATE('2020-06-28','YYYY-MM-DD'), 11, '00193', 193);
INSERT INTO EX.SINTOMAS(FECHA_INICIO, ID_SINTOMA, ID_PERSONA, ID_FICHA_MEDICA) VALUES
                            (TO_DATE('2020-04-01','YYYY-MM-DD'), 12, '00193', 193);
INSERT INTO EX.SINTOMAS(FECHA_INICIO, ID_SINTOMA, ID_PERSONA, ID_FICHA_MEDICA) VALUES
                            (TO_DATE('2020-02-16','YYYY-MM-DD'), 13, '00193', 193);
INSERT INTO EX.SINTOMAS(FECHA_INICIO, ID_SINTOMA, ID_PERSONA, ID_FICHA_MEDICA) VALUES
                            (TO_DATE('2020-03-20','YYYY-MM-DD'), 14, '00193', 193);
INSERT INTO EX.SINTOMAS(FECHA_INICIO, ID_SINTOMA, ID_PERSONA, ID_FICHA_MEDICA) VALUES
                            (TO_DATE('2020-06-14','YYYY-MM-DD'), 15, '00193', 193);
INSERT INTO EX.SINTOMAS(FECHA_INICIO, ID_SINTOMA, ID_PERSONA, ID_FICHA_MEDICA) VALUES
                            (TO_DATE('2020-05-10','YYYY-MM-DD'), 16, '00193', 193);
INSERT INTO EX.SINTOMAS(FECHA_INICIO, ID_SINTOMA, ID_PERSONA, ID_FICHA_MEDICA) VALUES
                            (TO_DATE('2020-02-14','YYYY-MM-DD'), 17, '00193', 193);
INSERT INTO EX.SINTOMAS(FECHA_INICIO, ID_SINTOMA, ID_PERSONA, ID_FICHA_MEDICA) VALUES
                            (TO_DATE('2020-02-09','YYYY-MM-DD'), 18, '00193', 193);
INSERT INTO EX.SINTOMAS(FECHA_INICIO, ID_SINTOMA, ID_PERSONA, ID_FICHA_MEDICA) VALUES
                            (TO_DATE('2020-04-24','YYYY-MM-DD'), 19, '00193', 193);
INSERT INTO EX.PERSONA(DOC_IDENTIDAD, NOMBRE, NOMBRE1, APELLIDO, APELLIDO1, FECHA_NAC, GENERO, FOTO) VALUES
                  ('00194', 'Whitney', 'James', 'Bishop', 'Russell', TO_DATE('2012-06-29','YYYY-MM-DD'), 'm', NULL);
INSERT INTO EX.HISTORICO_RESIDENCIA(FECHA_INICIO, ID_LUGAR, ID_PERSONA, FECHA_FIN) VALUES
                  (TO_DATE('1980-02-02','YYYY-MM-DD'), 41, '00194', NULL);
INSERT INTO EX.FICHA_MEDICA(ID, ID_PERSONA, ID_CENTRO_SALUD, ID_LUGAR, ESTADO, FECHA_INFECCION, FECHA_RECUPERACION) VALUES
                                             (194, '00194', 26, 41, 'desconido', NULL, NULL);
INSERT INTO EX.PADECIMIENTOS(ID_PATOLOGIA, ID_PERSONA, ID_FICHA_MEDICA) VALUES
                            (1, '00194', 194);
INSERT INTO EX.PADECIMIENTOS(ID_PATOLOGIA, ID_PERSONA, ID_FICHA_MEDICA) VALUES
                            (2, '00194', 194);
INSERT INTO EX.PADECIMIENTOS(ID_PATOLOGIA, ID_PERSONA, ID_FICHA_MEDICA) VALUES
                            (3, '00194', 194);
INSERT INTO EX.PADECIMIENTOS(ID_PATOLOGIA, ID_PERSONA, ID_FICHA_MEDICA) VALUES
                            (4, '00194', 194);
INSERT INTO EX.PADECIMIENTOS(ID_PATOLOGIA, ID_PERSONA, ID_FICHA_MEDICA) VALUES
                            (5, '00194', 194);
INSERT INTO EX.PADECIMIENTOS(ID_PATOLOGIA, ID_PERSONA, ID_FICHA_MEDICA) VALUES
                            (6, '00194', 194);
INSERT INTO EX.PADECIMIENTOS(ID_PATOLOGIA, ID_PERSONA, ID_FICHA_MEDICA) VALUES
                            (7, '00194', 194);
INSERT INTO EX.PADECIMIENTOS(ID_PATOLOGIA, ID_PERSONA, ID_FICHA_MEDICA) VALUES
                            (8, '00194', 194);
INSERT INTO EX.PADECIMIENTOS(ID_PATOLOGIA, ID_PERSONA, ID_FICHA_MEDICA) VALUES
                            (9, '00194', 194);
INSERT INTO EX.PADECIMIENTOS(ID_PATOLOGIA, ID_PERSONA, ID_FICHA_MEDICA) VALUES
                            (10, '00194', 194);
INSERT INTO EX.PADECIMIENTOS(ID_PATOLOGIA, ID_PERSONA, ID_FICHA_MEDICA) VALUES
                            (11, '00194', 194);
INSERT INTO EX.PADECIMIENTOS(ID_PATOLOGIA, ID_PERSONA, ID_FICHA_MEDICA) VALUES
                            (12, '00194', 194);
INSERT INTO EX.PERSONA(DOC_IDENTIDAD, NOMBRE, NOMBRE1, APELLIDO, APELLIDO1, FECHA_NAC, GENERO, FOTO) VALUES
                  ('00195', 'Matthew', 'Joshua', 'Cooper', 'Clark', TO_DATE('2018-03-19','YYYY-MM-DD'), 'f', NULL);
INSERT INTO EX.HISTORICO_RESIDENCIA(FECHA_INICIO, ID_LUGAR, ID_PERSONA, FECHA_FIN) VALUES
                  (TO_DATE('1979-12-26','YYYY-MM-DD'), 34, '00195', NULL);
INSERT INTO EX.FICHA_MEDICA(ID, ID_PERSONA, ID_CENTRO_SALUD, ID_LUGAR, ESTADO, FECHA_INFECCION, FECHA_RECUPERACION) VALUES
                                             (195, '00195', 19, 34, 'desconido', NULL, NULL);
INSERT INTO EX.PADECIMIENTOS(ID_PATOLOGIA, ID_PERSONA, ID_FICHA_MEDICA) VALUES
                            (1, '00195', 195);
INSERT INTO EX.PADECIMIENTOS(ID_PATOLOGIA, ID_PERSONA, ID_FICHA_MEDICA) VALUES
                            (2, '00195', 195);
INSERT INTO EX.PADECIMIENTOS(ID_PATOLOGIA, ID_PERSONA, ID_FICHA_MEDICA) VALUES
                            (3, '00195', 195);
INSERT INTO EX.PADECIMIENTOS(ID_PATOLOGIA, ID_PERSONA, ID_FICHA_MEDICA) VALUES
                            (4, '00195', 195);
INSERT INTO EX.PADECIMIENTOS(ID_PATOLOGIA, ID_PERSONA, ID_FICHA_MEDICA) VALUES
                            (5, '00195', 195);
INSERT INTO EX.PADECIMIENTOS(ID_PATOLOGIA, ID_PERSONA, ID_FICHA_MEDICA) VALUES
                            (6, '00195', 195);
INSERT INTO EX.PADECIMIENTOS(ID_PATOLOGIA, ID_PERSONA, ID_FICHA_MEDICA) VALUES
                            (7, '00195', 195);
INSERT INTO EX.PADECIMIENTOS(ID_PATOLOGIA, ID_PERSONA, ID_FICHA_MEDICA) VALUES
                            (8, '00195', 195);
INSERT INTO EX.PADECIMIENTOS(ID_PATOLOGIA, ID_PERSONA, ID_FICHA_MEDICA) VALUES
                            (9, '00195', 195);
INSERT INTO EX.PADECIMIENTOS(ID_PATOLOGIA, ID_PERSONA, ID_FICHA_MEDICA) VALUES
                            (10, '00195', 195);
INSERT INTO EX.PERSONA(DOC_IDENTIDAD, NOMBRE, NOMBRE1, APELLIDO, APELLIDO1, FECHA_NAC, GENERO, FOTO) VALUES
                  ('00196', 'Maria', 'Jamie', 'Kim', 'Thomas', TO_DATE('1979-09-13','YYYY-MM-DD'), 'm', NULL);
INSERT INTO EX.HISTORICO_RESIDENCIA(FECHA_INICIO, ID_LUGAR, ID_PERSONA, FECHA_FIN) VALUES
                  (TO_DATE('1981-10-20','YYYY-MM-DD'), 23, '00196', NULL);
INSERT INTO EX.FICHA_MEDICA(ID, ID_PERSONA, ID_CENTRO_SALUD, ID_LUGAR, ESTADO, FECHA_INFECCION, FECHA_RECUPERACION) VALUES
                                             (196, '00196', 8, 23, 'desconido', NULL, NULL);
INSERT INTO EX.PERSONA(DOC_IDENTIDAD, NOMBRE, NOMBRE1, APELLIDO, APELLIDO1, FECHA_NAC, GENERO, FOTO) VALUES
                  ('00197', 'Amanda', 'Anthony', 'Wilson', 'Weaver', TO_DATE('1991-12-26','YYYY-MM-DD'), 'f', NULL);
INSERT INTO EX.HISTORICO_RESIDENCIA(FECHA_INICIO, ID_LUGAR, ID_PERSONA, FECHA_FIN) VALUES
                  (TO_DATE('2018-11-29','YYYY-MM-DD'), 23, '00197', NULL);
INSERT INTO EX.FICHA_MEDICA(ID, ID_PERSONA, ID_CENTRO_SALUD, ID_LUGAR, ESTADO, FECHA_INFECCION, FECHA_RECUPERACION) VALUES
                                             (197, '00197', 8, 23, 'desconido', NULL, NULL);
INSERT INTO EX.SINTOMAS(FECHA_INICIO, ID_SINTOMA, ID_PERSONA, ID_FICHA_MEDICA) VALUES
                            (TO_DATE('2020-06-22','YYYY-MM-DD'), 1, '00197', 197);
INSERT INTO EX.SINTOMAS(FECHA_INICIO, ID_SINTOMA, ID_PERSONA, ID_FICHA_MEDICA) VALUES
                            (TO_DATE('2020-05-09','YYYY-MM-DD'), 2, '00197', 197);
INSERT INTO EX.SINTOMAS(FECHA_INICIO, ID_SINTOMA, ID_PERSONA, ID_FICHA_MEDICA) VALUES
                            (TO_DATE('2020-05-07','YYYY-MM-DD'), 3, '00197', 197);
INSERT INTO EX.SINTOMAS(FECHA_INICIO, ID_SINTOMA, ID_PERSONA, ID_FICHA_MEDICA) VALUES
                            (TO_DATE('2020-03-20','YYYY-MM-DD'), 4, '00197', 197);
INSERT INTO EX.SINTOMAS(FECHA_INICIO, ID_SINTOMA, ID_PERSONA, ID_FICHA_MEDICA) VALUES
                            (TO_DATE('2020-06-20','YYYY-MM-DD'), 5, '00197', 197);
INSERT INTO EX.SINTOMAS(FECHA_INICIO, ID_SINTOMA, ID_PERSONA, ID_FICHA_MEDICA) VALUES
                            (TO_DATE('2020-01-16','YYYY-MM-DD'), 6, '00197', 197);
INSERT INTO EX.SINTOMAS(FECHA_INICIO, ID_SINTOMA, ID_PERSONA, ID_FICHA_MEDICA) VALUES
                            (TO_DATE('2020-04-28','YYYY-MM-DD'), 7, '00197', 197);
INSERT INTO EX.SINTOMAS(FECHA_INICIO, ID_SINTOMA, ID_PERSONA, ID_FICHA_MEDICA) VALUES
                            (TO_DATE('2020-02-29','YYYY-MM-DD'), 8, '00197', 197);
INSERT INTO EX.SINTOMAS(FECHA_INICIO, ID_SINTOMA, ID_PERSONA, ID_FICHA_MEDICA) VALUES
                            (TO_DATE('2020-04-03','YYYY-MM-DD'), 9, '00197', 197);
INSERT INTO EX.SINTOMAS(FECHA_INICIO, ID_SINTOMA, ID_PERSONA, ID_FICHA_MEDICA) VALUES
                            (TO_DATE('2020-03-03','YYYY-MM-DD'), 10, '00197', 197);
INSERT INTO EX.PERSONA(DOC_IDENTIDAD, NOMBRE, NOMBRE1, APELLIDO, APELLIDO1, FECHA_NAC, GENERO, FOTO) VALUES
                  ('00198', 'Kim', 'Brittany', 'Fuller', 'Smith', TO_DATE('1998-03-30','YYYY-MM-DD'), 'm', NULL);
INSERT INTO EX.HISTORICO_RESIDENCIA(FECHA_INICIO, ID_LUGAR, ID_PERSONA, FECHA_FIN) VALUES
                  (TO_DATE('1977-09-05','YYYY-MM-DD'), 39, '00198', NULL);
INSERT INTO EX.FICHA_MEDICA(ID, ID_PERSONA, ID_CENTRO_SALUD, ID_LUGAR, ESTADO, FECHA_INFECCION, FECHA_RECUPERACION) VALUES
                                             (198, '00198', 24, 39, 'desconido', NULL, NULL);
INSERT INTO EX.PADECIMIENTOS(ID_PATOLOGIA, ID_PERSONA, ID_FICHA_MEDICA) VALUES
                            (1, '00198', 198);
INSERT INTO EX.SINTOMAS(FECHA_INICIO, ID_SINTOMA, ID_PERSONA, ID_FICHA_MEDICA) VALUES
                            (TO_DATE('2020-01-09','YYYY-MM-DD'), 1, '00198', 198);
INSERT INTO EX.SINTOMAS(FECHA_INICIO, ID_SINTOMA, ID_PERSONA, ID_FICHA_MEDICA) VALUES
                            (TO_DATE('2020-06-07','YYYY-MM-DD'), 2, '00198', 198);
INSERT INTO EX.SINTOMAS(FECHA_INICIO, ID_SINTOMA, ID_PERSONA, ID_FICHA_MEDICA) VALUES
                            (TO_DATE('2020-04-20','YYYY-MM-DD'), 3, '00198', 198);
INSERT INTO EX.SINTOMAS(FECHA_INICIO, ID_SINTOMA, ID_PERSONA, ID_FICHA_MEDICA) VALUES
                            (TO_DATE('2020-03-31','YYYY-MM-DD'), 4, '00198', 198);
INSERT INTO EX.SINTOMAS(FECHA_INICIO, ID_SINTOMA, ID_PERSONA, ID_FICHA_MEDICA) VALUES
                            (TO_DATE('2020-05-02','YYYY-MM-DD'), 5, '00198', 198);
INSERT INTO EX.SINTOMAS(FECHA_INICIO, ID_SINTOMA, ID_PERSONA, ID_FICHA_MEDICA) VALUES
                            (TO_DATE('2020-02-26','YYYY-MM-DD'), 6, '00198', 198);
INSERT INTO EX.SINTOMAS(FECHA_INICIO, ID_SINTOMA, ID_PERSONA, ID_FICHA_MEDICA) VALUES
                            (TO_DATE('2020-05-05','YYYY-MM-DD'), 7, '00198', 198);
INSERT INTO EX.SINTOMAS(FECHA_INICIO, ID_SINTOMA, ID_PERSONA, ID_FICHA_MEDICA) VALUES
                            (TO_DATE('2020-02-15','YYYY-MM-DD'), 8, '00198', 198);
INSERT INTO EX.PERSONA(DOC_IDENTIDAD, NOMBRE, NOMBRE1, APELLIDO, APELLIDO1, FECHA_NAC, GENERO, FOTO) VALUES
                  ('00199', 'Mark', 'Joe', 'Perez', 'Martinez', TO_DATE('2019-01-31','YYYY-MM-DD'), 'f', NULL);
INSERT INTO EX.HISTORICO_RESIDENCIA(FECHA_INICIO, ID_LUGAR, ID_PERSONA, FECHA_FIN) VALUES
                  (TO_DATE('1974-09-26','YYYY-MM-DD'), 36, '00199', NULL);
INSERT INTO EX.FICHA_MEDICA(ID, ID_PERSONA, ID_CENTRO_SALUD, ID_LUGAR, ESTADO, FECHA_INFECCION, FECHA_RECUPERACION) VALUES
                                             (199, '00199', 21, 36, 'desconido', NULL, NULL);
INSERT INTO EX.SINTOMAS(FECHA_INICIO, ID_SINTOMA, ID_PERSONA, ID_FICHA_MEDICA) VALUES
                            (TO_DATE('2020-06-24','YYYY-MM-DD'), 1, '00199', 199);
INSERT INTO EX.SINTOMAS(FECHA_INICIO, ID_SINTOMA, ID_PERSONA, ID_FICHA_MEDICA) VALUES
                            (TO_DATE('2020-02-04','YYYY-MM-DD'), 2, '00199', 199);
INSERT INTO EX.SINTOMAS(FECHA_INICIO, ID_SINTOMA, ID_PERSONA, ID_FICHA_MEDICA) VALUES
                            (TO_DATE('2020-06-01','YYYY-MM-DD'), 3, '00199', 199);
INSERT INTO EX.SINTOMAS(FECHA_INICIO, ID_SINTOMA, ID_PERSONA, ID_FICHA_MEDICA) VALUES
                            (TO_DATE('2020-04-13','YYYY-MM-DD'), 4, '00199', 199);
INSERT INTO EX.SINTOMAS(FECHA_INICIO, ID_SINTOMA, ID_PERSONA, ID_FICHA_MEDICA) VALUES
                            (TO_DATE('2020-03-05','YYYY-MM-DD'), 5, '00199', 199);
INSERT INTO EX.SINTOMAS(FECHA_INICIO, ID_SINTOMA, ID_PERSONA, ID_FICHA_MEDICA) VALUES
                            (TO_DATE('2020-05-06','YYYY-MM-DD'), 6, '00199', 199);
INSERT INTO EX.SINTOMAS(FECHA_INICIO, ID_SINTOMA, ID_PERSONA, ID_FICHA_MEDICA) VALUES
                            (TO_DATE('2020-02-20','YYYY-MM-DD'), 7, '00199', 199);
INSERT INTO EX.SINTOMAS(FECHA_INICIO, ID_SINTOMA, ID_PERSONA, ID_FICHA_MEDICA) VALUES
                            (TO_DATE('2020-02-21','YYYY-MM-DD'), 8, '00199', 199);
INSERT INTO EX.SINTOMAS(FECHA_INICIO, ID_SINTOMA, ID_PERSONA, ID_FICHA_MEDICA) VALUES
                            (TO_DATE('2020-06-23','YYYY-MM-DD'), 9, '00199', 199);
INSERT INTO EX.SINTOMAS(FECHA_INICIO, ID_SINTOMA, ID_PERSONA, ID_FICHA_MEDICA) VALUES
                            (TO_DATE('2020-02-29','YYYY-MM-DD'), 10, '00199', 199);
INSERT INTO EX.SINTOMAS(FECHA_INICIO, ID_SINTOMA, ID_PERSONA, ID_FICHA_MEDICA) VALUES
                            (TO_DATE('2020-06-03','YYYY-MM-DD'), 11, '00199', 199);
INSERT INTO EX.SINTOMAS(FECHA_INICIO, ID_SINTOMA, ID_PERSONA, ID_FICHA_MEDICA) VALUES
                            (TO_DATE('2020-04-01','YYYY-MM-DD'), 12, '00199', 199);
INSERT INTO EX.SINTOMAS(FECHA_INICIO, ID_SINTOMA, ID_PERSONA, ID_FICHA_MEDICA) VALUES
                            (TO_DATE('2020-01-09','YYYY-MM-DD'), 13, '00199', 199);
INSERT INTO EX.SINTOMAS(FECHA_INICIO, ID_SINTOMA, ID_PERSONA, ID_FICHA_MEDICA) VALUES
                            (TO_DATE('2020-03-29','YYYY-MM-DD'), 14, '00199', 199);
INSERT INTO EX.SINTOMAS(FECHA_INICIO, ID_SINTOMA, ID_PERSONA, ID_FICHA_MEDICA) VALUES
                            (TO_DATE('2020-04-17','YYYY-MM-DD'), 15, '00199', 199);
INSERT INTO EX.SINTOMAS(FECHA_INICIO, ID_SINTOMA, ID_PERSONA, ID_FICHA_MEDICA) VALUES
                            (TO_DATE('2020-06-27','YYYY-MM-DD'), 16, '00199', 199);
INSERT INTO EX.SINTOMAS(FECHA_INICIO, ID_SINTOMA, ID_PERSONA, ID_FICHA_MEDICA) VALUES
                            (TO_DATE('2020-02-22','YYYY-MM-DD'), 17, '00199', 199);
INSERT INTO EX.PERSONA(DOC_IDENTIDAD, NOMBRE, NOMBRE1, APELLIDO, APELLIDO1, FECHA_NAC, GENERO, FOTO) VALUES
                  ('00200', 'Brandi', 'Rhonda', 'Robinson', 'Rose', TO_DATE('1986-10-20','YYYY-MM-DD'), 'm', NULL);
INSERT INTO EX.HISTORICO_RESIDENCIA(FECHA_INICIO, ID_LUGAR, ID_PERSONA, FECHA_FIN) VALUES
                  (TO_DATE('1977-05-01','YYYY-MM-DD'), 33, '00200', NULL);
INSERT INTO EX.FICHA_MEDICA(ID, ID_PERSONA, ID_CENTRO_SALUD, ID_LUGAR, ESTADO, FECHA_INFECCION, FECHA_RECUPERACION) VALUES
                                             (200, '00200', 18, 33, 'desconido', NULL, NULL);
INSERT INTO EX.PADECIMIENTOS(ID_PATOLOGIA, ID_PERSONA, ID_FICHA_MEDICA) VALUES
                            (1, '00200', 200);
INSERT INTO EX.PADECIMIENTOS(ID_PATOLOGIA, ID_PERSONA, ID_FICHA_MEDICA) VALUES
                            (2, '00200', 200);
INSERT INTO EX.PADECIMIENTOS(ID_PATOLOGIA, ID_PERSONA, ID_FICHA_MEDICA) VALUES
                            (3, '00200', 200);
INSERT INTO EX.PADECIMIENTOS(ID_PATOLOGIA, ID_PERSONA, ID_FICHA_MEDICA) VALUES
                            (4, '00200', 200);
INSERT INTO EX.PADECIMIENTOS(ID_PATOLOGIA, ID_PERSONA, ID_FICHA_MEDICA) VALUES
                            (5, '00200', 200);
INSERT INTO EX.PADECIMIENTOS(ID_PATOLOGIA, ID_PERSONA, ID_FICHA_MEDICA) VALUES
                            (6, '00200', 200);
INSERT INTO EX.PERSONA(DOC_IDENTIDAD, NOMBRE, NOMBRE1, APELLIDO, APELLIDO1, FECHA_NAC, GENERO, FOTO) VALUES
                  ('00201', 'Brett', 'Ryan', 'Conner', 'Blackwell', TO_DATE('2004-04-24','YYYY-MM-DD'), 'f', NULL);
INSERT INTO EX.HISTORICO_RESIDENCIA(FECHA_INICIO, ID_LUGAR, ID_PERSONA, FECHA_FIN) VALUES
                  (TO_DATE('2009-03-27','YYYY-MM-DD'), 27, '00201', NULL);
INSERT INTO EX.FICHA_MEDICA(ID, ID_PERSONA, ID_CENTRO_SALUD, ID_LUGAR, ESTADO, FECHA_INFECCION, FECHA_RECUPERACION) VALUES
                                             (201, '00201', 12, 27, 'desconido', NULL, NULL);
INSERT INTO EX.PADECIMIENTOS(ID_PATOLOGIA, ID_PERSONA, ID_FICHA_MEDICA) VALUES
                            (1, '00201', 201);
INSERT INTO EX.PERSONA(DOC_IDENTIDAD, NOMBRE, NOMBRE1, APELLIDO, APELLIDO1, FECHA_NAC, GENERO, FOTO) VALUES
                  ('00202', 'Kelly', 'Michelle', 'Miller', 'Martinez', TO_DATE('2001-06-14','YYYY-MM-DD'), 'm', NULL);
INSERT INTO EX.HISTORICO_RESIDENCIA(FECHA_INICIO, ID_LUGAR, ID_PERSONA, FECHA_FIN) VALUES
                  (TO_DATE('1974-03-07','YYYY-MM-DD'), 27, '00202', NULL);
INSERT INTO EX.FICHA_MEDICA(ID, ID_PERSONA, ID_CENTRO_SALUD, ID_LUGAR, ESTADO, FECHA_INFECCION, FECHA_RECUPERACION) VALUES
                                             (202, '00202', 12, 27, 'desconido', NULL, NULL);
INSERT INTO EX.SINTOMAS(FECHA_INICIO, ID_SINTOMA, ID_PERSONA, ID_FICHA_MEDICA) VALUES
                            (TO_DATE('2020-06-06','YYYY-MM-DD'), 1, '00202', 202);
INSERT INTO EX.SINTOMAS(FECHA_INICIO, ID_SINTOMA, ID_PERSONA, ID_FICHA_MEDICA) VALUES
                            (TO_DATE('2020-01-31','YYYY-MM-DD'), 2, '00202', 202);
INSERT INTO EX.SINTOMAS(FECHA_INICIO, ID_SINTOMA, ID_PERSONA, ID_FICHA_MEDICA) VALUES
                            (TO_DATE('2020-01-20','YYYY-MM-DD'), 3, '00202', 202);
INSERT INTO EX.SINTOMAS(FECHA_INICIO, ID_SINTOMA, ID_PERSONA, ID_FICHA_MEDICA) VALUES
                            (TO_DATE('2020-05-31','YYYY-MM-DD'), 4, '00202', 202);
INSERT INTO EX.SINTOMAS(FECHA_INICIO, ID_SINTOMA, ID_PERSONA, ID_FICHA_MEDICA) VALUES
                            (TO_DATE('2020-01-23','YYYY-MM-DD'), 5, '00202', 202);
INSERT INTO EX.SINTOMAS(FECHA_INICIO, ID_SINTOMA, ID_PERSONA, ID_FICHA_MEDICA) VALUES
                            (TO_DATE('2020-06-04','YYYY-MM-DD'), 6, '00202', 202);
INSERT INTO EX.SINTOMAS(FECHA_INICIO, ID_SINTOMA, ID_PERSONA, ID_FICHA_MEDICA) VALUES
                            (TO_DATE('2020-02-13','YYYY-MM-DD'), 7, '00202', 202);
INSERT INTO EX.SINTOMAS(FECHA_INICIO, ID_SINTOMA, ID_PERSONA, ID_FICHA_MEDICA) VALUES
                            (TO_DATE('2020-01-28','YYYY-MM-DD'), 8, '00202', 202);
INSERT INTO EX.SINTOMAS(FECHA_INICIO, ID_SINTOMA, ID_PERSONA, ID_FICHA_MEDICA) VALUES
                            (TO_DATE('2020-01-15','YYYY-MM-DD'), 9, '00202', 202);
INSERT INTO EX.SINTOMAS(FECHA_INICIO, ID_SINTOMA, ID_PERSONA, ID_FICHA_MEDICA) VALUES
                            (TO_DATE('2020-06-26','YYYY-MM-DD'), 10, '00202', 202);
INSERT INTO EX.SINTOMAS(FECHA_INICIO, ID_SINTOMA, ID_PERSONA, ID_FICHA_MEDICA) VALUES
                            (TO_DATE('2020-01-24','YYYY-MM-DD'), 11, '00202', 202);
INSERT INTO EX.SINTOMAS(FECHA_INICIO, ID_SINTOMA, ID_PERSONA, ID_FICHA_MEDICA) VALUES
                            (TO_DATE('2020-01-23','YYYY-MM-DD'), 12, '00202', 202);
INSERT INTO EX.SINTOMAS(FECHA_INICIO, ID_SINTOMA, ID_PERSONA, ID_FICHA_MEDICA) VALUES
                            (TO_DATE('2020-01-15','YYYY-MM-DD'), 13, '00202', 202);
INSERT INTO EX.SINTOMAS(FECHA_INICIO, ID_SINTOMA, ID_PERSONA, ID_FICHA_MEDICA) VALUES
                            (TO_DATE('2020-06-20','YYYY-MM-DD'), 14, '00202', 202);
INSERT INTO EX.SINTOMAS(FECHA_INICIO, ID_SINTOMA, ID_PERSONA, ID_FICHA_MEDICA) VALUES
                            (TO_DATE('2020-01-10','YYYY-MM-DD'), 15, '00202', 202);
INSERT INTO EX.PERSONA(DOC_IDENTIDAD, NOMBRE, NOMBRE1, APELLIDO, APELLIDO1, FECHA_NAC, GENERO, FOTO) VALUES
                  ('00203', 'Michael', 'Corey', 'Henderson', 'Douglas', TO_DATE('1995-01-15','YYYY-MM-DD'), 'f', NULL);
INSERT INTO EX.HISTORICO_RESIDENCIA(FECHA_INICIO, ID_LUGAR, ID_PERSONA, FECHA_FIN) VALUES
                  (TO_DATE('1990-03-14','YYYY-MM-DD'), 26, '00203', NULL);
INSERT INTO EX.FICHA_MEDICA(ID, ID_PERSONA, ID_CENTRO_SALUD, ID_LUGAR, ESTADO, FECHA_INFECCION, FECHA_RECUPERACION) VALUES
                                             (203, '00203', 11, 26, 'desconido', NULL, NULL);
INSERT INTO EX.SINTOMAS(FECHA_INICIO, ID_SINTOMA, ID_PERSONA, ID_FICHA_MEDICA) VALUES
                            (TO_DATE('2020-04-25','YYYY-MM-DD'), 1, '00203', 203);
INSERT INTO EX.SINTOMAS(FECHA_INICIO, ID_SINTOMA, ID_PERSONA, ID_FICHA_MEDICA) VALUES
                            (TO_DATE('2020-06-17','YYYY-MM-DD'), 2, '00203', 203);
INSERT INTO EX.SINTOMAS(FECHA_INICIO, ID_SINTOMA, ID_PERSONA, ID_FICHA_MEDICA) VALUES
                            (TO_DATE('2020-06-23','YYYY-MM-DD'), 3, '00203', 203);
INSERT INTO EX.SINTOMAS(FECHA_INICIO, ID_SINTOMA, ID_PERSONA, ID_FICHA_MEDICA) VALUES
                            (TO_DATE('2020-01-17','YYYY-MM-DD'), 4, '00203', 203);
INSERT INTO EX.SINTOMAS(FECHA_INICIO, ID_SINTOMA, ID_PERSONA, ID_FICHA_MEDICA) VALUES
                            (TO_DATE('2020-04-05','YYYY-MM-DD'), 5, '00203', 203);
INSERT INTO EX.SINTOMAS(FECHA_INICIO, ID_SINTOMA, ID_PERSONA, ID_FICHA_MEDICA) VALUES
                            (TO_DATE('2020-02-14','YYYY-MM-DD'), 6, '00203', 203);
INSERT INTO EX.SINTOMAS(FECHA_INICIO, ID_SINTOMA, ID_PERSONA, ID_FICHA_MEDICA) VALUES
                            (TO_DATE('2020-04-28','YYYY-MM-DD'), 7, '00203', 203);
INSERT INTO EX.SINTOMAS(FECHA_INICIO, ID_SINTOMA, ID_PERSONA, ID_FICHA_MEDICA) VALUES
                            (TO_DATE('2020-05-31','YYYY-MM-DD'), 8, '00203', 203);
INSERT INTO EX.SINTOMAS(FECHA_INICIO, ID_SINTOMA, ID_PERSONA, ID_FICHA_MEDICA) VALUES
                            (TO_DATE('2020-01-03','YYYY-MM-DD'), 9, '00203', 203);
INSERT INTO EX.SINTOMAS(FECHA_INICIO, ID_SINTOMA, ID_PERSONA, ID_FICHA_MEDICA) VALUES
                            (TO_DATE('2020-06-15','YYYY-MM-DD'), 10, '00203', 203);
INSERT INTO EX.SINTOMAS(FECHA_INICIO, ID_SINTOMA, ID_PERSONA, ID_FICHA_MEDICA) VALUES
                            (TO_DATE('2020-02-26','YYYY-MM-DD'), 11, '00203', 203);
INSERT INTO EX.SINTOMAS(FECHA_INICIO, ID_SINTOMA, ID_PERSONA, ID_FICHA_MEDICA) VALUES
                            (TO_DATE('2020-03-05','YYYY-MM-DD'), 12, '00203', 203);
INSERT INTO EX.SINTOMAS(FECHA_INICIO, ID_SINTOMA, ID_PERSONA, ID_FICHA_MEDICA) VALUES
                            (TO_DATE('2020-03-04','YYYY-MM-DD'), 13, '00203', 203);
INSERT INTO EX.SINTOMAS(FECHA_INICIO, ID_SINTOMA, ID_PERSONA, ID_FICHA_MEDICA) VALUES
                            (TO_DATE('2020-01-30','YYYY-MM-DD'), 14, '00203', 203);
INSERT INTO EX.PERSONA(DOC_IDENTIDAD, NOMBRE, NOMBRE1, APELLIDO, APELLIDO1, FECHA_NAC, GENERO, FOTO) VALUES
                  ('00204', 'Monica', 'Hannah', 'Mcconnell', 'Booth', TO_DATE('2016-12-10','YYYY-MM-DD'), 'm', NULL);
INSERT INTO EX.HISTORICO_RESIDENCIA(FECHA_INICIO, ID_LUGAR, ID_PERSONA, FECHA_FIN) VALUES
                  (TO_DATE('1973-01-14','YYYY-MM-DD'), 40, '00204', NULL);
INSERT INTO EX.FICHA_MEDICA(ID, ID_PERSONA, ID_CENTRO_SALUD, ID_LUGAR, ESTADO, FECHA_INFECCION, FECHA_RECUPERACION) VALUES
                                             (204, '00204', 25, 40, 'desconido', NULL, NULL);
INSERT INTO EX.PERSONA(DOC_IDENTIDAD, NOMBRE, NOMBRE1, APELLIDO, APELLIDO1, FECHA_NAC, GENERO, FOTO) VALUES
                  ('00205', 'Robert', 'Arthur', 'Tran', 'Walker', TO_DATE('1990-07-09','YYYY-MM-DD'), 'f', NULL);
INSERT INTO EX.HISTORICO_RESIDENCIA(FECHA_INICIO, ID_LUGAR, ID_PERSONA, FECHA_FIN) VALUES
                  (TO_DATE('2001-03-02','YYYY-MM-DD'), 36, '00205', NULL);
INSERT INTO EX.FICHA_MEDICA(ID, ID_PERSONA, ID_CENTRO_SALUD, ID_LUGAR, ESTADO, FECHA_INFECCION, FECHA_RECUPERACION) VALUES
                                             (205, '00205', 21, 36, 'desconido', NULL, NULL);
INSERT INTO EX.PADECIMIENTOS(ID_PATOLOGIA, ID_PERSONA, ID_FICHA_MEDICA) VALUES
                            (1, '00205', 205);
INSERT INTO EX.PADECIMIENTOS(ID_PATOLOGIA, ID_PERSONA, ID_FICHA_MEDICA) VALUES
                            (2, '00205', 205);
INSERT INTO EX.PADECIMIENTOS(ID_PATOLOGIA, ID_PERSONA, ID_FICHA_MEDICA) VALUES
                            (3, '00205', 205);
INSERT INTO EX.PADECIMIENTOS(ID_PATOLOGIA, ID_PERSONA, ID_FICHA_MEDICA) VALUES
                            (4, '00205', 205);
INSERT INTO EX.PERSONA(DOC_IDENTIDAD, NOMBRE, NOMBRE1, APELLIDO, APELLIDO1, FECHA_NAC, GENERO, FOTO) VALUES
                  ('00206', 'Michael', 'Kim', 'Oliver', 'Hunt', TO_DATE('1984-06-05','YYYY-MM-DD'), 'm', NULL);
INSERT INTO EX.HISTORICO_RESIDENCIA(FECHA_INICIO, ID_LUGAR, ID_PERSONA, FECHA_FIN) VALUES
                  (TO_DATE('2008-12-27','YYYY-MM-DD'), 44, '00206', NULL);
INSERT INTO EX.FICHA_MEDICA(ID, ID_PERSONA, ID_CENTRO_SALUD, ID_LUGAR, ESTADO, FECHA_INFECCION, FECHA_RECUPERACION) VALUES
                                             (206, '00206', 29, 44, 'desconido', NULL, NULL);
INSERT INTO EX.PADECIMIENTOS(ID_PATOLOGIA, ID_PERSONA, ID_FICHA_MEDICA) VALUES
                            (1, '00206', 206);
INSERT INTO EX.PADECIMIENTOS(ID_PATOLOGIA, ID_PERSONA, ID_FICHA_MEDICA) VALUES
                            (2, '00206', 206);
INSERT INTO EX.PADECIMIENTOS(ID_PATOLOGIA, ID_PERSONA, ID_FICHA_MEDICA) VALUES
                            (3, '00206', 206);
INSERT INTO EX.PADECIMIENTOS(ID_PATOLOGIA, ID_PERSONA, ID_FICHA_MEDICA) VALUES
                            (4, '00206', 206);
INSERT INTO EX.PADECIMIENTOS(ID_PATOLOGIA, ID_PERSONA, ID_FICHA_MEDICA) VALUES
                            (5, '00206', 206);
INSERT INTO EX.PADECIMIENTOS(ID_PATOLOGIA, ID_PERSONA, ID_FICHA_MEDICA) VALUES
                            (6, '00206', 206);
INSERT INTO EX.SINTOMAS(FECHA_INICIO, ID_SINTOMA, ID_PERSONA, ID_FICHA_MEDICA) VALUES
                            (TO_DATE('2020-04-25','YYYY-MM-DD'), 1, '00206', 206);
INSERT INTO EX.SINTOMAS(FECHA_INICIO, ID_SINTOMA, ID_PERSONA, ID_FICHA_MEDICA) VALUES
                            (TO_DATE('2020-06-15','YYYY-MM-DD'), 2, '00206', 206);
INSERT INTO EX.SINTOMAS(FECHA_INICIO, ID_SINTOMA, ID_PERSONA, ID_FICHA_MEDICA) VALUES
                            (TO_DATE('2020-03-31','YYYY-MM-DD'), 3, '00206', 206);
INSERT INTO EX.SINTOMAS(FECHA_INICIO, ID_SINTOMA, ID_PERSONA, ID_FICHA_MEDICA) VALUES
                            (TO_DATE('2020-06-03','YYYY-MM-DD'), 4, '00206', 206);
INSERT INTO EX.SINTOMAS(FECHA_INICIO, ID_SINTOMA, ID_PERSONA, ID_FICHA_MEDICA) VALUES
                            (TO_DATE('2020-02-05','YYYY-MM-DD'), 5, '00206', 206);
INSERT INTO EX.SINTOMAS(FECHA_INICIO, ID_SINTOMA, ID_PERSONA, ID_FICHA_MEDICA) VALUES
                            (TO_DATE('2020-03-21','YYYY-MM-DD'), 6, '00206', 206);
INSERT INTO EX.SINTOMAS(FECHA_INICIO, ID_SINTOMA, ID_PERSONA, ID_FICHA_MEDICA) VALUES
                            (TO_DATE('2020-01-23','YYYY-MM-DD'), 7, '00206', 206);
INSERT INTO EX.SINTOMAS(FECHA_INICIO, ID_SINTOMA, ID_PERSONA, ID_FICHA_MEDICA) VALUES
                            (TO_DATE('2020-05-15','YYYY-MM-DD'), 8, '00206', 206);
INSERT INTO EX.PERSONA(DOC_IDENTIDAD, NOMBRE, NOMBRE1, APELLIDO, APELLIDO1, FECHA_NAC, GENERO, FOTO) VALUES
                  ('00207', 'Mark', 'Ryan', 'White', 'Boyd', TO_DATE('2002-12-28','YYYY-MM-DD'), 'f', NULL);
INSERT INTO EX.HISTORICO_RESIDENCIA(FECHA_INICIO, ID_LUGAR, ID_PERSONA, FECHA_FIN) VALUES
                  (TO_DATE('1995-05-08','YYYY-MM-DD'), 29, '00207', NULL);
INSERT INTO EX.FICHA_MEDICA(ID, ID_PERSONA, ID_CENTRO_SALUD, ID_LUGAR, ESTADO, FECHA_INFECCION, FECHA_RECUPERACION) VALUES
                                             (207, '00207', 14, 29, 'desconido', NULL, NULL);
INSERT INTO EX.PADECIMIENTOS(ID_PATOLOGIA, ID_PERSONA, ID_FICHA_MEDICA) VALUES
                            (1, '00207', 207);
INSERT INTO EX.PADECIMIENTOS(ID_PATOLOGIA, ID_PERSONA, ID_FICHA_MEDICA) VALUES
                            (2, '00207', 207);
INSERT INTO EX.PADECIMIENTOS(ID_PATOLOGIA, ID_PERSONA, ID_FICHA_MEDICA) VALUES
                            (3, '00207', 207);
INSERT INTO EX.PADECIMIENTOS(ID_PATOLOGIA, ID_PERSONA, ID_FICHA_MEDICA) VALUES
                            (4, '00207', 207);
INSERT INTO EX.PADECIMIENTOS(ID_PATOLOGIA, ID_PERSONA, ID_FICHA_MEDICA) VALUES
                            (5, '00207', 207);
INSERT INTO EX.PADECIMIENTOS(ID_PATOLOGIA, ID_PERSONA, ID_FICHA_MEDICA) VALUES
                            (6, '00207', 207);
INSERT INTO EX.PADECIMIENTOS(ID_PATOLOGIA, ID_PERSONA, ID_FICHA_MEDICA) VALUES
                            (7, '00207', 207);
INSERT INTO EX.PADECIMIENTOS(ID_PATOLOGIA, ID_PERSONA, ID_FICHA_MEDICA) VALUES
                            (8, '00207', 207);
INSERT INTO EX.PADECIMIENTOS(ID_PATOLOGIA, ID_PERSONA, ID_FICHA_MEDICA) VALUES
                            (9, '00207', 207);
INSERT INTO EX.PADECIMIENTOS(ID_PATOLOGIA, ID_PERSONA, ID_FICHA_MEDICA) VALUES
                            (10, '00207', 207);
INSERT INTO EX.PADECIMIENTOS(ID_PATOLOGIA, ID_PERSONA, ID_FICHA_MEDICA) VALUES
                            (11, '00207', 207);
INSERT INTO EX.PADECIMIENTOS(ID_PATOLOGIA, ID_PERSONA, ID_FICHA_MEDICA) VALUES
                            (12, '00207', 207);
INSERT INTO EX.PADECIMIENTOS(ID_PATOLOGIA, ID_PERSONA, ID_FICHA_MEDICA) VALUES
                            (13, '00207', 207);
INSERT INTO EX.PADECIMIENTOS(ID_PATOLOGIA, ID_PERSONA, ID_FICHA_MEDICA) VALUES
                            (14, '00207', 207);
INSERT INTO EX.PADECIMIENTOS(ID_PATOLOGIA, ID_PERSONA, ID_FICHA_MEDICA) VALUES
                            (15, '00207', 207);
INSERT INTO EX.PERSONA(DOC_IDENTIDAD, NOMBRE, NOMBRE1, APELLIDO, APELLIDO1, FECHA_NAC, GENERO, FOTO) VALUES
                  ('00208', 'Karen', 'John', 'Hawkins', 'Brown', TO_DATE('1992-01-19','YYYY-MM-DD'), 'm', NULL);
INSERT INTO EX.HISTORICO_RESIDENCIA(FECHA_INICIO, ID_LUGAR, ID_PERSONA, FECHA_FIN) VALUES
                  (TO_DATE('2004-01-17','YYYY-MM-DD'), 21, '00208', NULL);
INSERT INTO EX.FICHA_MEDICA(ID, ID_PERSONA, ID_CENTRO_SALUD, ID_LUGAR, ESTADO, FECHA_INFECCION, FECHA_RECUPERACION) VALUES
                                             (208, '00208', 6, 21, 'desconido', NULL, NULL);
INSERT INTO EX.SINTOMAS(FECHA_INICIO, ID_SINTOMA, ID_PERSONA, ID_FICHA_MEDICA) VALUES
                            (TO_DATE('2020-05-08','YYYY-MM-DD'), 1, '00208', 208);
INSERT INTO EX.SINTOMAS(FECHA_INICIO, ID_SINTOMA, ID_PERSONA, ID_FICHA_MEDICA) VALUES
                            (TO_DATE('2020-03-08','YYYY-MM-DD'), 2, '00208', 208);
INSERT INTO EX.SINTOMAS(FECHA_INICIO, ID_SINTOMA, ID_PERSONA, ID_FICHA_MEDICA) VALUES
                            (TO_DATE('2020-04-18','YYYY-MM-DD'), 3, '00208', 208);
INSERT INTO EX.SINTOMAS(FECHA_INICIO, ID_SINTOMA, ID_PERSONA, ID_FICHA_MEDICA) VALUES
                            (TO_DATE('2020-04-24','YYYY-MM-DD'), 4, '00208', 208);
INSERT INTO EX.SINTOMAS(FECHA_INICIO, ID_SINTOMA, ID_PERSONA, ID_FICHA_MEDICA) VALUES
                            (TO_DATE('2020-02-07','YYYY-MM-DD'), 5, '00208', 208);
INSERT INTO EX.SINTOMAS(FECHA_INICIO, ID_SINTOMA, ID_PERSONA, ID_FICHA_MEDICA) VALUES
                            (TO_DATE('2020-01-14','YYYY-MM-DD'), 6, '00208', 208);
INSERT INTO EX.SINTOMAS(FECHA_INICIO, ID_SINTOMA, ID_PERSONA, ID_FICHA_MEDICA) VALUES
                            (TO_DATE('2020-06-11','YYYY-MM-DD'), 7, '00208', 208);
INSERT INTO EX.SINTOMAS(FECHA_INICIO, ID_SINTOMA, ID_PERSONA, ID_FICHA_MEDICA) VALUES
                            (TO_DATE('2020-06-05','YYYY-MM-DD'), 8, '00208', 208);
INSERT INTO EX.SINTOMAS(FECHA_INICIO, ID_SINTOMA, ID_PERSONA, ID_FICHA_MEDICA) VALUES
                            (TO_DATE('2020-01-24','YYYY-MM-DD'), 9, '00208', 208);
INSERT INTO EX.SINTOMAS(FECHA_INICIO, ID_SINTOMA, ID_PERSONA, ID_FICHA_MEDICA) VALUES
                            (TO_DATE('2020-01-30','YYYY-MM-DD'), 10, '00208', 208);
INSERT INTO EX.SINTOMAS(FECHA_INICIO, ID_SINTOMA, ID_PERSONA, ID_FICHA_MEDICA) VALUES
                            (TO_DATE('2020-05-03','YYYY-MM-DD'), 11, '00208', 208);
INSERT INTO EX.SINTOMAS(FECHA_INICIO, ID_SINTOMA, ID_PERSONA, ID_FICHA_MEDICA) VALUES
                            (TO_DATE('2020-06-02','YYYY-MM-DD'), 12, '00208', 208);
INSERT INTO EX.SINTOMAS(FECHA_INICIO, ID_SINTOMA, ID_PERSONA, ID_FICHA_MEDICA) VALUES
                            (TO_DATE('2020-06-03','YYYY-MM-DD'), 13, '00208', 208);
INSERT INTO EX.SINTOMAS(FECHA_INICIO, ID_SINTOMA, ID_PERSONA, ID_FICHA_MEDICA) VALUES
                            (TO_DATE('2020-03-18','YYYY-MM-DD'), 14, '00208', 208);
INSERT INTO EX.SINTOMAS(FECHA_INICIO, ID_SINTOMA, ID_PERSONA, ID_FICHA_MEDICA) VALUES
                            (TO_DATE('2020-05-13','YYYY-MM-DD'), 15, '00208', 208);
INSERT INTO EX.PERSONA(DOC_IDENTIDAD, NOMBRE, NOMBRE1, APELLIDO, APELLIDO1, FECHA_NAC, GENERO, FOTO) VALUES
                  ('00209', 'Brandon', 'Alexandra', 'Henson', 'Rice', TO_DATE('1979-09-30','YYYY-MM-DD'), 'f', NULL);
INSERT INTO EX.HISTORICO_RESIDENCIA(FECHA_INICIO, ID_LUGAR, ID_PERSONA, FECHA_FIN) VALUES
                  (TO_DATE('2009-09-27','YYYY-MM-DD'), 41, '00209', NULL);
INSERT INTO EX.FICHA_MEDICA(ID, ID_PERSONA, ID_CENTRO_SALUD, ID_LUGAR, ESTADO, FECHA_INFECCION, FECHA_RECUPERACION) VALUES
                                             (209, '00209', 26, 41, 'desconido', NULL, NULL);
INSERT INTO EX.PERSONA(DOC_IDENTIDAD, NOMBRE, NOMBRE1, APELLIDO, APELLIDO1, FECHA_NAC, GENERO, FOTO) VALUES
                  ('00210', 'Carl', 'Ashley', 'Morrow', 'Johnson', TO_DATE('1975-01-14','YYYY-MM-DD'), 'm', NULL);
INSERT INTO EX.HISTORICO_RESIDENCIA(FECHA_INICIO, ID_LUGAR, ID_PERSONA, FECHA_FIN) VALUES
                  (TO_DATE('2003-11-20','YYYY-MM-DD'), 37, '00210', NULL);
INSERT INTO EX.FICHA_MEDICA(ID, ID_PERSONA, ID_CENTRO_SALUD, ID_LUGAR, ESTADO, FECHA_INFECCION, FECHA_RECUPERACION) VALUES
                                             (210, '00210', 22, 37, 'desconido', NULL, NULL);
INSERT INTO EX.PADECIMIENTOS(ID_PATOLOGIA, ID_PERSONA, ID_FICHA_MEDICA) VALUES
                            (1, '00210', 210);
INSERT INTO EX.PADECIMIENTOS(ID_PATOLOGIA, ID_PERSONA, ID_FICHA_MEDICA) VALUES
                            (2, '00210', 210);
INSERT INTO EX.PADECIMIENTOS(ID_PATOLOGIA, ID_PERSONA, ID_FICHA_MEDICA) VALUES
                            (3, '00210', 210);
INSERT INTO EX.PADECIMIENTOS(ID_PATOLOGIA, ID_PERSONA, ID_FICHA_MEDICA) VALUES
                            (4, '00210', 210);
INSERT INTO EX.PADECIMIENTOS(ID_PATOLOGIA, ID_PERSONA, ID_FICHA_MEDICA) VALUES
                            (5, '00210', 210);
INSERT INTO EX.PADECIMIENTOS(ID_PATOLOGIA, ID_PERSONA, ID_FICHA_MEDICA) VALUES
                            (6, '00210', 210);
INSERT INTO EX.PADECIMIENTOS(ID_PATOLOGIA, ID_PERSONA, ID_FICHA_MEDICA) VALUES
                            (7, '00210', 210);
INSERT INTO EX.PADECIMIENTOS(ID_PATOLOGIA, ID_PERSONA, ID_FICHA_MEDICA) VALUES
                            (8, '00210', 210);
INSERT INTO EX.PADECIMIENTOS(ID_PATOLOGIA, ID_PERSONA, ID_FICHA_MEDICA) VALUES
                            (9, '00210', 210);
INSERT INTO EX.PADECIMIENTOS(ID_PATOLOGIA, ID_PERSONA, ID_FICHA_MEDICA) VALUES
                            (10, '00210', 210);
INSERT INTO EX.SINTOMAS(FECHA_INICIO, ID_SINTOMA, ID_PERSONA, ID_FICHA_MEDICA) VALUES
                            (TO_DATE('2020-03-09','YYYY-MM-DD'), 1, '00210', 210);
INSERT INTO EX.SINTOMAS(FECHA_INICIO, ID_SINTOMA, ID_PERSONA, ID_FICHA_MEDICA) VALUES
                            (TO_DATE('2020-06-14','YYYY-MM-DD'), 2, '00210', 210);
INSERT INTO EX.SINTOMAS(FECHA_INICIO, ID_SINTOMA, ID_PERSONA, ID_FICHA_MEDICA) VALUES
                            (TO_DATE('2020-02-20','YYYY-MM-DD'), 3, '00210', 210);
INSERT INTO EX.PERSONA(DOC_IDENTIDAD, NOMBRE, NOMBRE1, APELLIDO, APELLIDO1, FECHA_NAC, GENERO, FOTO) VALUES
                  ('00211', 'Kylie', 'Michelle', 'Harris', 'Schmidt', TO_DATE('1991-06-12','YYYY-MM-DD'), 'f', NULL);
INSERT INTO EX.HISTORICO_RESIDENCIA(FECHA_INICIO, ID_LUGAR, ID_PERSONA, FECHA_FIN) VALUES
                  (TO_DATE('2005-07-06','YYYY-MM-DD'), 43, '00211', NULL);
INSERT INTO EX.FICHA_MEDICA(ID, ID_PERSONA, ID_CENTRO_SALUD, ID_LUGAR, ESTADO, FECHA_INFECCION, FECHA_RECUPERACION) VALUES
                                             (211, '00211', 28, 43, 'desconido', NULL, NULL);
INSERT INTO EX.SINTOMAS(FECHA_INICIO, ID_SINTOMA, ID_PERSONA, ID_FICHA_MEDICA) VALUES
                            (TO_DATE('2020-01-30','YYYY-MM-DD'), 1, '00211', 211);
INSERT INTO EX.SINTOMAS(FECHA_INICIO, ID_SINTOMA, ID_PERSONA, ID_FICHA_MEDICA) VALUES
                            (TO_DATE('2020-02-15','YYYY-MM-DD'), 2, '00211', 211);
INSERT INTO EX.SINTOMAS(FECHA_INICIO, ID_SINTOMA, ID_PERSONA, ID_FICHA_MEDICA) VALUES
                            (TO_DATE('2020-05-18','YYYY-MM-DD'), 3, '00211', 211);
INSERT INTO EX.SINTOMAS(FECHA_INICIO, ID_SINTOMA, ID_PERSONA, ID_FICHA_MEDICA) VALUES
                            (TO_DATE('2020-03-06','YYYY-MM-DD'), 4, '00211', 211);
INSERT INTO EX.SINTOMAS(FECHA_INICIO, ID_SINTOMA, ID_PERSONA, ID_FICHA_MEDICA) VALUES
                            (TO_DATE('2020-06-01','YYYY-MM-DD'), 5, '00211', 211);
INSERT INTO EX.SINTOMAS(FECHA_INICIO, ID_SINTOMA, ID_PERSONA, ID_FICHA_MEDICA) VALUES
                            (TO_DATE('2020-04-15','YYYY-MM-DD'), 6, '00211', 211);
INSERT INTO EX.SINTOMAS(FECHA_INICIO, ID_SINTOMA, ID_PERSONA, ID_FICHA_MEDICA) VALUES
                            (TO_DATE('2020-02-27','YYYY-MM-DD'), 7, '00211', 211);
INSERT INTO EX.SINTOMAS(FECHA_INICIO, ID_SINTOMA, ID_PERSONA, ID_FICHA_MEDICA) VALUES
                            (TO_DATE('2020-02-25','YYYY-MM-DD'), 8, '00211', 211);
INSERT INTO EX.SINTOMAS(FECHA_INICIO, ID_SINTOMA, ID_PERSONA, ID_FICHA_MEDICA) VALUES
                            (TO_DATE('2020-06-19','YYYY-MM-DD'), 9, '00211', 211);
INSERT INTO EX.SINTOMAS(FECHA_INICIO, ID_SINTOMA, ID_PERSONA, ID_FICHA_MEDICA) VALUES
                            (TO_DATE('2020-02-02','YYYY-MM-DD'), 10, '00211', 211);
INSERT INTO EX.SINTOMAS(FECHA_INICIO, ID_SINTOMA, ID_PERSONA, ID_FICHA_MEDICA) VALUES
                            (TO_DATE('2020-06-29','YYYY-MM-DD'), 11, '00211', 211);
INSERT INTO EX.SINTOMAS(FECHA_INICIO, ID_SINTOMA, ID_PERSONA, ID_FICHA_MEDICA) VALUES
                            (TO_DATE('2020-03-14','YYYY-MM-DD'), 12, '00211', 211);
INSERT INTO EX.SINTOMAS(FECHA_INICIO, ID_SINTOMA, ID_PERSONA, ID_FICHA_MEDICA) VALUES
                            (TO_DATE('2020-02-06','YYYY-MM-DD'), 13, '00211', 211);
INSERT INTO EX.SINTOMAS(FECHA_INICIO, ID_SINTOMA, ID_PERSONA, ID_FICHA_MEDICA) VALUES
                            (TO_DATE('2020-04-03','YYYY-MM-DD'), 14, '00211', 211);
INSERT INTO EX.SINTOMAS(FECHA_INICIO, ID_SINTOMA, ID_PERSONA, ID_FICHA_MEDICA) VALUES
                            (TO_DATE('2020-03-11','YYYY-MM-DD'), 15, '00211', 211);
INSERT INTO EX.SINTOMAS(FECHA_INICIO, ID_SINTOMA, ID_PERSONA, ID_FICHA_MEDICA) VALUES
                            (TO_DATE('2020-06-11','YYYY-MM-DD'), 16, '00211', 211);
INSERT INTO EX.SINTOMAS(FECHA_INICIO, ID_SINTOMA, ID_PERSONA, ID_FICHA_MEDICA) VALUES
                            (TO_DATE('2020-02-12','YYYY-MM-DD'), 17, '00211', 211);
INSERT INTO EX.PERSONA(DOC_IDENTIDAD, NOMBRE, NOMBRE1, APELLIDO, APELLIDO1, FECHA_NAC, GENERO, FOTO) VALUES
                  ('00212', 'Jennifer', 'Ryan', 'Decker', 'Rush', TO_DATE('1970-01-07','YYYY-MM-DD'), 'm', NULL);
INSERT INTO EX.HISTORICO_RESIDENCIA(FECHA_INICIO, ID_LUGAR, ID_PERSONA, FECHA_FIN) VALUES
                  (TO_DATE('2003-11-01','YYYY-MM-DD'), 35, '00212', NULL);
INSERT INTO EX.FICHA_MEDICA(ID, ID_PERSONA, ID_CENTRO_SALUD, ID_LUGAR, ESTADO, FECHA_INFECCION, FECHA_RECUPERACION) VALUES
                                             (212, '00212', 20, 35, 'desconido', NULL, NULL);
INSERT INTO EX.PADECIMIENTOS(ID_PATOLOGIA, ID_PERSONA, ID_FICHA_MEDICA) VALUES
                            (1, '00212', 212);
INSERT INTO EX.PADECIMIENTOS(ID_PATOLOGIA, ID_PERSONA, ID_FICHA_MEDICA) VALUES
                            (2, '00212', 212);
INSERT INTO EX.PADECIMIENTOS(ID_PATOLOGIA, ID_PERSONA, ID_FICHA_MEDICA) VALUES
                            (3, '00212', 212);
INSERT INTO EX.PADECIMIENTOS(ID_PATOLOGIA, ID_PERSONA, ID_FICHA_MEDICA) VALUES
                            (4, '00212', 212);
INSERT INTO EX.PADECIMIENTOS(ID_PATOLOGIA, ID_PERSONA, ID_FICHA_MEDICA) VALUES
                            (5, '00212', 212);
INSERT INTO EX.PADECIMIENTOS(ID_PATOLOGIA, ID_PERSONA, ID_FICHA_MEDICA) VALUES
                            (6, '00212', 212);
INSERT INTO EX.PERSONA(DOC_IDENTIDAD, NOMBRE, NOMBRE1, APELLIDO, APELLIDO1, FECHA_NAC, GENERO, FOTO) VALUES
                  ('00213', 'Dennis', 'Stephanie', 'Richardson', 'Hoffman', TO_DATE('1991-03-28','YYYY-MM-DD'), 'f', NULL);
INSERT INTO EX.HISTORICO_RESIDENCIA(FECHA_INICIO, ID_LUGAR, ID_PERSONA, FECHA_FIN) VALUES
                  (TO_DATE('2018-04-27','YYYY-MM-DD'), 38, '00213', NULL);
INSERT INTO EX.FICHA_MEDICA(ID, ID_PERSONA, ID_CENTRO_SALUD, ID_LUGAR, ESTADO, FECHA_INFECCION, FECHA_RECUPERACION) VALUES
                                             (213, '00213', 23, 38, 'desconido', NULL, NULL);
INSERT INTO EX.PADECIMIENTOS(ID_PATOLOGIA, ID_PERSONA, ID_FICHA_MEDICA) VALUES
                            (1, '00213', 213);
INSERT INTO EX.PADECIMIENTOS(ID_PATOLOGIA, ID_PERSONA, ID_FICHA_MEDICA) VALUES
                            (2, '00213', 213);
INSERT INTO EX.PADECIMIENTOS(ID_PATOLOGIA, ID_PERSONA, ID_FICHA_MEDICA) VALUES
                            (3, '00213', 213);
INSERT INTO EX.PADECIMIENTOS(ID_PATOLOGIA, ID_PERSONA, ID_FICHA_MEDICA) VALUES
                            (4, '00213', 213);
INSERT INTO EX.PADECIMIENTOS(ID_PATOLOGIA, ID_PERSONA, ID_FICHA_MEDICA) VALUES
                            (5, '00213', 213);
INSERT INTO EX.PADECIMIENTOS(ID_PATOLOGIA, ID_PERSONA, ID_FICHA_MEDICA) VALUES
                            (6, '00213', 213);
INSERT INTO EX.PADECIMIENTOS(ID_PATOLOGIA, ID_PERSONA, ID_FICHA_MEDICA) VALUES
                            (7, '00213', 213);
INSERT INTO EX.PADECIMIENTOS(ID_PATOLOGIA, ID_PERSONA, ID_FICHA_MEDICA) VALUES
                            (8, '00213', 213);
INSERT INTO EX.SINTOMAS(FECHA_INICIO, ID_SINTOMA, ID_PERSONA, ID_FICHA_MEDICA) VALUES
                            (TO_DATE('2020-06-22','YYYY-MM-DD'), 1, '00213', 213);
INSERT INTO EX.SINTOMAS(FECHA_INICIO, ID_SINTOMA, ID_PERSONA, ID_FICHA_MEDICA) VALUES
                            (TO_DATE('2020-06-11','YYYY-MM-DD'), 2, '00213', 213);
INSERT INTO EX.SINTOMAS(FECHA_INICIO, ID_SINTOMA, ID_PERSONA, ID_FICHA_MEDICA) VALUES
                            (TO_DATE('2020-06-06','YYYY-MM-DD'), 3, '00213', 213);
INSERT INTO EX.SINTOMAS(FECHA_INICIO, ID_SINTOMA, ID_PERSONA, ID_FICHA_MEDICA) VALUES
                            (TO_DATE('2020-06-01','YYYY-MM-DD'), 4, '00213', 213);
INSERT INTO EX.SINTOMAS(FECHA_INICIO, ID_SINTOMA, ID_PERSONA, ID_FICHA_MEDICA) VALUES
                            (TO_DATE('2020-04-26','YYYY-MM-DD'), 5, '00213', 213);
INSERT INTO EX.SINTOMAS(FECHA_INICIO, ID_SINTOMA, ID_PERSONA, ID_FICHA_MEDICA) VALUES
                            (TO_DATE('2020-03-09','YYYY-MM-DD'), 6, '00213', 213);
INSERT INTO EX.SINTOMAS(FECHA_INICIO, ID_SINTOMA, ID_PERSONA, ID_FICHA_MEDICA) VALUES
                            (TO_DATE('2020-02-10','YYYY-MM-DD'), 7, '00213', 213);
INSERT INTO EX.SINTOMAS(FECHA_INICIO, ID_SINTOMA, ID_PERSONA, ID_FICHA_MEDICA) VALUES
                            (TO_DATE('2020-05-16','YYYY-MM-DD'), 8, '00213', 213);
INSERT INTO EX.SINTOMAS(FECHA_INICIO, ID_SINTOMA, ID_PERSONA, ID_FICHA_MEDICA) VALUES
                            (TO_DATE('2020-06-25','YYYY-MM-DD'), 9, '00213', 213);
INSERT INTO EX.SINTOMAS(FECHA_INICIO, ID_SINTOMA, ID_PERSONA, ID_FICHA_MEDICA) VALUES
                            (TO_DATE('2020-01-05','YYYY-MM-DD'), 10, '00213', 213);
INSERT INTO EX.SINTOMAS(FECHA_INICIO, ID_SINTOMA, ID_PERSONA, ID_FICHA_MEDICA) VALUES
                            (TO_DATE('2020-02-28','YYYY-MM-DD'), 11, '00213', 213);
INSERT INTO EX.SINTOMAS(FECHA_INICIO, ID_SINTOMA, ID_PERSONA, ID_FICHA_MEDICA) VALUES
                            (TO_DATE('2020-02-08','YYYY-MM-DD'), 12, '00213', 213);
INSERT INTO EX.SINTOMAS(FECHA_INICIO, ID_SINTOMA, ID_PERSONA, ID_FICHA_MEDICA) VALUES
                            (TO_DATE('2020-05-10','YYYY-MM-DD'), 13, '00213', 213);
INSERT INTO EX.SINTOMAS(FECHA_INICIO, ID_SINTOMA, ID_PERSONA, ID_FICHA_MEDICA) VALUES
                            (TO_DATE('2020-06-03','YYYY-MM-DD'), 14, '00213', 213);
INSERT INTO EX.SINTOMAS(FECHA_INICIO, ID_SINTOMA, ID_PERSONA, ID_FICHA_MEDICA) VALUES
                            (TO_DATE('2020-05-23','YYYY-MM-DD'), 15, '00213', 213);
INSERT INTO EX.SINTOMAS(FECHA_INICIO, ID_SINTOMA, ID_PERSONA, ID_FICHA_MEDICA) VALUES
                            (TO_DATE('2020-04-22','YYYY-MM-DD'), 16, '00213', 213);
INSERT INTO EX.SINTOMAS(FECHA_INICIO, ID_SINTOMA, ID_PERSONA, ID_FICHA_MEDICA) VALUES
                            (TO_DATE('2020-01-17','YYYY-MM-DD'), 17, '00213', 213);
INSERT INTO EX.PERSONA(DOC_IDENTIDAD, NOMBRE, NOMBRE1, APELLIDO, APELLIDO1, FECHA_NAC, GENERO, FOTO) VALUES
                  ('00214', 'Lisa', 'David', 'Martinez', 'Bennett', TO_DATE('2000-10-03','YYYY-MM-DD'), 'm', NULL);
INSERT INTO EX.HISTORICO_RESIDENCIA(FECHA_INICIO, ID_LUGAR, ID_PERSONA, FECHA_FIN) VALUES
                  (TO_DATE('1987-11-05','YYYY-MM-DD'), 20, '00214', NULL);
INSERT INTO EX.FICHA_MEDICA(ID, ID_PERSONA, ID_CENTRO_SALUD, ID_LUGAR, ESTADO, FECHA_INFECCION, FECHA_RECUPERACION) VALUES
                                             (214, '00214', 5, 20, 'desconido', NULL, NULL);
INSERT INTO EX.PADECIMIENTOS(ID_PATOLOGIA, ID_PERSONA, ID_FICHA_MEDICA) VALUES
                            (1, '00214', 214);
INSERT INTO EX.PADECIMIENTOS(ID_PATOLOGIA, ID_PERSONA, ID_FICHA_MEDICA) VALUES
                            (2, '00214', 214);
INSERT INTO EX.PADECIMIENTOS(ID_PATOLOGIA, ID_PERSONA, ID_FICHA_MEDICA) VALUES
                            (3, '00214', 214);
INSERT INTO EX.PADECIMIENTOS(ID_PATOLOGIA, ID_PERSONA, ID_FICHA_MEDICA) VALUES
                            (4, '00214', 214);
INSERT INTO EX.PADECIMIENTOS(ID_PATOLOGIA, ID_PERSONA, ID_FICHA_MEDICA) VALUES
                            (5, '00214', 214);
INSERT INTO EX.PADECIMIENTOS(ID_PATOLOGIA, ID_PERSONA, ID_FICHA_MEDICA) VALUES
                            (6, '00214', 214);
INSERT INTO EX.PADECIMIENTOS(ID_PATOLOGIA, ID_PERSONA, ID_FICHA_MEDICA) VALUES
                            (7, '00214', 214);
INSERT INTO EX.PADECIMIENTOS(ID_PATOLOGIA, ID_PERSONA, ID_FICHA_MEDICA) VALUES
                            (8, '00214', 214);
INSERT INTO EX.PADECIMIENTOS(ID_PATOLOGIA, ID_PERSONA, ID_FICHA_MEDICA) VALUES
                            (9, '00214', 214);
INSERT INTO EX.PADECIMIENTOS(ID_PATOLOGIA, ID_PERSONA, ID_FICHA_MEDICA) VALUES
                            (10, '00214', 214);
INSERT INTO EX.PADECIMIENTOS(ID_PATOLOGIA, ID_PERSONA, ID_FICHA_MEDICA) VALUES
                            (11, '00214', 214);
INSERT INTO EX.PERSONA(DOC_IDENTIDAD, NOMBRE, NOMBRE1, APELLIDO, APELLIDO1, FECHA_NAC, GENERO, FOTO) VALUES
                  ('00215', 'Regina', 'Christian', 'Pineda', 'Ruiz', TO_DATE('1998-07-19','YYYY-MM-DD'), 'f', NULL);
INSERT INTO EX.HISTORICO_RESIDENCIA(FECHA_INICIO, ID_LUGAR, ID_PERSONA, FECHA_FIN) VALUES
                  (TO_DATE('2003-02-26','YYYY-MM-DD'), 33, '00215', NULL);
INSERT INTO EX.FICHA_MEDICA(ID, ID_PERSONA, ID_CENTRO_SALUD, ID_LUGAR, ESTADO, FECHA_INFECCION, FECHA_RECUPERACION) VALUES
                                             (215, '00215', 18, 33, 'desconido', NULL, NULL);
INSERT INTO EX.PADECIMIENTOS(ID_PATOLOGIA, ID_PERSONA, ID_FICHA_MEDICA) VALUES
                            (1, '00215', 215);
INSERT INTO EX.PADECIMIENTOS(ID_PATOLOGIA, ID_PERSONA, ID_FICHA_MEDICA) VALUES
                            (2, '00215', 215);
INSERT INTO EX.SINTOMAS(FECHA_INICIO, ID_SINTOMA, ID_PERSONA, ID_FICHA_MEDICA) VALUES
                            (TO_DATE('2020-02-19','YYYY-MM-DD'), 1, '00215', 215);
INSERT INTO EX.SINTOMAS(FECHA_INICIO, ID_SINTOMA, ID_PERSONA, ID_FICHA_MEDICA) VALUES
                            (TO_DATE('2020-03-24','YYYY-MM-DD'), 2, '00215', 215);
INSERT INTO EX.SINTOMAS(FECHA_INICIO, ID_SINTOMA, ID_PERSONA, ID_FICHA_MEDICA) VALUES
                            (TO_DATE('2020-01-27','YYYY-MM-DD'), 3, '00215', 215);
INSERT INTO EX.PERSONA(DOC_IDENTIDAD, NOMBRE, NOMBRE1, APELLIDO, APELLIDO1, FECHA_NAC, GENERO, FOTO) VALUES
                  ('00216', 'Linda', 'Juan', 'Frye', 'Palmer', TO_DATE('1986-10-26','YYYY-MM-DD'), 'm', NULL);
INSERT INTO EX.HISTORICO_RESIDENCIA(FECHA_INICIO, ID_LUGAR, ID_PERSONA, FECHA_FIN) VALUES
                  (TO_DATE('2002-11-14','YYYY-MM-DD'), 24, '00216', NULL);
INSERT INTO EX.FICHA_MEDICA(ID, ID_PERSONA, ID_CENTRO_SALUD, ID_LUGAR, ESTADO, FECHA_INFECCION, FECHA_RECUPERACION) VALUES
                                             (216, '00216', 9, 24, 'desconido', NULL, NULL);
INSERT INTO EX.PADECIMIENTOS(ID_PATOLOGIA, ID_PERSONA, ID_FICHA_MEDICA) VALUES
                            (1, '00216', 216);
INSERT INTO EX.PADECIMIENTOS(ID_PATOLOGIA, ID_PERSONA, ID_FICHA_MEDICA) VALUES
                            (2, '00216', 216);
INSERT INTO EX.PADECIMIENTOS(ID_PATOLOGIA, ID_PERSONA, ID_FICHA_MEDICA) VALUES
                            (3, '00216', 216);
INSERT INTO EX.PADECIMIENTOS(ID_PATOLOGIA, ID_PERSONA, ID_FICHA_MEDICA) VALUES
                            (4, '00216', 216);
INSERT INTO EX.PADECIMIENTOS(ID_PATOLOGIA, ID_PERSONA, ID_FICHA_MEDICA) VALUES
                            (5, '00216', 216);
INSERT INTO EX.PADECIMIENTOS(ID_PATOLOGIA, ID_PERSONA, ID_FICHA_MEDICA) VALUES
                            (6, '00216', 216);
INSERT INTO EX.SINTOMAS(FECHA_INICIO, ID_SINTOMA, ID_PERSONA, ID_FICHA_MEDICA) VALUES
                            (TO_DATE('2020-06-26','YYYY-MM-DD'), 1, '00216', 216);
INSERT INTO EX.SINTOMAS(FECHA_INICIO, ID_SINTOMA, ID_PERSONA, ID_FICHA_MEDICA) VALUES
                            (TO_DATE('2020-03-30','YYYY-MM-DD'), 2, '00216', 216);
INSERT INTO EX.SINTOMAS(FECHA_INICIO, ID_SINTOMA, ID_PERSONA, ID_FICHA_MEDICA) VALUES
                            (TO_DATE('2020-01-14','YYYY-MM-DD'), 3, '00216', 216);
INSERT INTO EX.SINTOMAS(FECHA_INICIO, ID_SINTOMA, ID_PERSONA, ID_FICHA_MEDICA) VALUES
                            (TO_DATE('2020-06-21','YYYY-MM-DD'), 4, '00216', 216);
INSERT INTO EX.SINTOMAS(FECHA_INICIO, ID_SINTOMA, ID_PERSONA, ID_FICHA_MEDICA) VALUES
                            (TO_DATE('2020-02-23','YYYY-MM-DD'), 5, '00216', 216);
INSERT INTO EX.SINTOMAS(FECHA_INICIO, ID_SINTOMA, ID_PERSONA, ID_FICHA_MEDICA) VALUES
                            (TO_DATE('2020-02-07','YYYY-MM-DD'), 6, '00216', 216);
INSERT INTO EX.SINTOMAS(FECHA_INICIO, ID_SINTOMA, ID_PERSONA, ID_FICHA_MEDICA) VALUES
                            (TO_DATE('2020-03-10','YYYY-MM-DD'), 7, '00216', 216);
INSERT INTO EX.SINTOMAS(FECHA_INICIO, ID_SINTOMA, ID_PERSONA, ID_FICHA_MEDICA) VALUES
                            (TO_DATE('2020-05-20','YYYY-MM-DD'), 8, '00216', 216);
INSERT INTO EX.SINTOMAS(FECHA_INICIO, ID_SINTOMA, ID_PERSONA, ID_FICHA_MEDICA) VALUES
                            (TO_DATE('2020-06-14','YYYY-MM-DD'), 9, '00216', 216);
INSERT INTO EX.SINTOMAS(FECHA_INICIO, ID_SINTOMA, ID_PERSONA, ID_FICHA_MEDICA) VALUES
                            (TO_DATE('2020-02-12','YYYY-MM-DD'), 10, '00216', 216);
INSERT INTO EX.PERSONA(DOC_IDENTIDAD, NOMBRE, NOMBRE1, APELLIDO, APELLIDO1, FECHA_NAC, GENERO, FOTO) VALUES
                  ('00217', 'Robin', 'Lauren', 'Parker', 'Castillo', TO_DATE('2003-09-25','YYYY-MM-DD'), 'f', NULL);
INSERT INTO EX.HISTORICO_RESIDENCIA(FECHA_INICIO, ID_LUGAR, ID_PERSONA, FECHA_FIN) VALUES
                  (TO_DATE('1973-12-25','YYYY-MM-DD'), 38, '00217', NULL);
INSERT INTO EX.FICHA_MEDICA(ID, ID_PERSONA, ID_CENTRO_SALUD, ID_LUGAR, ESTADO, FECHA_INFECCION, FECHA_RECUPERACION) VALUES
                                             (217, '00217', 23, 38, 'desconido', NULL, NULL);
INSERT INTO EX.PADECIMIENTOS(ID_PATOLOGIA, ID_PERSONA, ID_FICHA_MEDICA) VALUES
                            (1, '00217', 217);
INSERT INTO EX.PADECIMIENTOS(ID_PATOLOGIA, ID_PERSONA, ID_FICHA_MEDICA) VALUES
                            (2, '00217', 217);
INSERT INTO EX.PADECIMIENTOS(ID_PATOLOGIA, ID_PERSONA, ID_FICHA_MEDICA) VALUES
                            (3, '00217', 217);
INSERT INTO EX.PERSONA(DOC_IDENTIDAD, NOMBRE, NOMBRE1, APELLIDO, APELLIDO1, FECHA_NAC, GENERO, FOTO) VALUES
                  ('00218', 'Jennifer', 'Sandra', 'Payne', 'Benton', TO_DATE('1982-10-15','YYYY-MM-DD'), 'm', NULL);
INSERT INTO EX.HISTORICO_RESIDENCIA(FECHA_INICIO, ID_LUGAR, ID_PERSONA, FECHA_FIN) VALUES
                  (TO_DATE('2006-01-27','YYYY-MM-DD'), 30, '00218', NULL);
INSERT INTO EX.FICHA_MEDICA(ID, ID_PERSONA, ID_CENTRO_SALUD, ID_LUGAR, ESTADO, FECHA_INFECCION, FECHA_RECUPERACION) VALUES
                                             (218, '00218', 15, 30, 'desconido', NULL, NULL);
INSERT INTO EX.PADECIMIENTOS(ID_PATOLOGIA, ID_PERSONA, ID_FICHA_MEDICA) VALUES
                            (1, '00218', 218);
INSERT INTO EX.PADECIMIENTOS(ID_PATOLOGIA, ID_PERSONA, ID_FICHA_MEDICA) VALUES
                            (2, '00218', 218);
INSERT INTO EX.PADECIMIENTOS(ID_PATOLOGIA, ID_PERSONA, ID_FICHA_MEDICA) VALUES
                            (3, '00218', 218);
INSERT INTO EX.SINTOMAS(FECHA_INICIO, ID_SINTOMA, ID_PERSONA, ID_FICHA_MEDICA) VALUES
                            (TO_DATE('2020-05-13','YYYY-MM-DD'), 1, '00218', 218);
INSERT INTO EX.SINTOMAS(FECHA_INICIO, ID_SINTOMA, ID_PERSONA, ID_FICHA_MEDICA) VALUES
                            (TO_DATE('2020-03-11','YYYY-MM-DD'), 2, '00218', 218);
INSERT INTO EX.SINTOMAS(FECHA_INICIO, ID_SINTOMA, ID_PERSONA, ID_FICHA_MEDICA) VALUES
                            (TO_DATE('2020-03-13','YYYY-MM-DD'), 3, '00218', 218);
INSERT INTO EX.SINTOMAS(FECHA_INICIO, ID_SINTOMA, ID_PERSONA, ID_FICHA_MEDICA) VALUES
                            (TO_DATE('2020-06-22','YYYY-MM-DD'), 4, '00218', 218);
INSERT INTO EX.SINTOMAS(FECHA_INICIO, ID_SINTOMA, ID_PERSONA, ID_FICHA_MEDICA) VALUES
                            (TO_DATE('2020-02-05','YYYY-MM-DD'), 5, '00218', 218);
INSERT INTO EX.SINTOMAS(FECHA_INICIO, ID_SINTOMA, ID_PERSONA, ID_FICHA_MEDICA) VALUES
                            (TO_DATE('2020-03-25','YYYY-MM-DD'), 6, '00218', 218);
INSERT INTO EX.SINTOMAS(FECHA_INICIO, ID_SINTOMA, ID_PERSONA, ID_FICHA_MEDICA) VALUES
                            (TO_DATE('2020-05-28','YYYY-MM-DD'), 7, '00218', 218);
INSERT INTO EX.SINTOMAS(FECHA_INICIO, ID_SINTOMA, ID_PERSONA, ID_FICHA_MEDICA) VALUES
                            (TO_DATE('2020-01-23','YYYY-MM-DD'), 8, '00218', 218);
INSERT INTO EX.PERSONA(DOC_IDENTIDAD, NOMBRE, NOMBRE1, APELLIDO, APELLIDO1, FECHA_NAC, GENERO, FOTO) VALUES
                  ('00219', 'Betty', 'Shawn', 'Sanchez', 'Hall', TO_DATE('2019-10-12','YYYY-MM-DD'), 'f', NULL);
INSERT INTO EX.HISTORICO_RESIDENCIA(FECHA_INICIO, ID_LUGAR, ID_PERSONA, FECHA_FIN) VALUES
                  (TO_DATE('2014-09-01','YYYY-MM-DD'), 37, '00219', NULL);
INSERT INTO EX.FICHA_MEDICA(ID, ID_PERSONA, ID_CENTRO_SALUD, ID_LUGAR, ESTADO, FECHA_INFECCION, FECHA_RECUPERACION) VALUES
                                             (219, '00219', 22, 37, 'desconido', NULL, NULL);
INSERT INTO EX.PERSONA(DOC_IDENTIDAD, NOMBRE, NOMBRE1, APELLIDO, APELLIDO1, FECHA_NAC, GENERO, FOTO) VALUES
                  ('00220', 'Kevin', 'Jessica', 'Allen', 'Boyd', TO_DATE('1996-08-26','YYYY-MM-DD'), 'm', NULL);
INSERT INTO EX.HISTORICO_RESIDENCIA(FECHA_INICIO, ID_LUGAR, ID_PERSONA, FECHA_FIN) VALUES
                  (TO_DATE('2014-05-27','YYYY-MM-DD'), 22, '00220', NULL);
INSERT INTO EX.FICHA_MEDICA(ID, ID_PERSONA, ID_CENTRO_SALUD, ID_LUGAR, ESTADO, FECHA_INFECCION, FECHA_RECUPERACION) VALUES
                                             (220, '00220', 7, 22, 'desconido', NULL, NULL);
INSERT INTO EX.PADECIMIENTOS(ID_PATOLOGIA, ID_PERSONA, ID_FICHA_MEDICA) VALUES
                            (1, '00220', 220);
INSERT INTO EX.PADECIMIENTOS(ID_PATOLOGIA, ID_PERSONA, ID_FICHA_MEDICA) VALUES
                            (2, '00220', 220);
INSERT INTO EX.PADECIMIENTOS(ID_PATOLOGIA, ID_PERSONA, ID_FICHA_MEDICA) VALUES
                            (3, '00220', 220);
INSERT INTO EX.PADECIMIENTOS(ID_PATOLOGIA, ID_PERSONA, ID_FICHA_MEDICA) VALUES
                            (4, '00220', 220);
INSERT INTO EX.PADECIMIENTOS(ID_PATOLOGIA, ID_PERSONA, ID_FICHA_MEDICA) VALUES
                            (5, '00220', 220);
INSERT INTO EX.PADECIMIENTOS(ID_PATOLOGIA, ID_PERSONA, ID_FICHA_MEDICA) VALUES
                            (6, '00220', 220);
INSERT INTO EX.PADECIMIENTOS(ID_PATOLOGIA, ID_PERSONA, ID_FICHA_MEDICA) VALUES
                            (7, '00220', 220);
INSERT INTO EX.PADECIMIENTOS(ID_PATOLOGIA, ID_PERSONA, ID_FICHA_MEDICA) VALUES
                            (8, '00220', 220);
INSERT INTO EX.PADECIMIENTOS(ID_PATOLOGIA, ID_PERSONA, ID_FICHA_MEDICA) VALUES
                            (9, '00220', 220);
INSERT INTO EX.PERSONA(DOC_IDENTIDAD, NOMBRE, NOMBRE1, APELLIDO, APELLIDO1, FECHA_NAC, GENERO, FOTO) VALUES
                  ('00221', 'Rebekah', 'Todd', 'Conley', 'Sutton', TO_DATE('1999-05-28','YYYY-MM-DD'), 'f', NULL);
INSERT INTO EX.HISTORICO_RESIDENCIA(FECHA_INICIO, ID_LUGAR, ID_PERSONA, FECHA_FIN) VALUES
                  (TO_DATE('1998-05-29','YYYY-MM-DD'), 29, '00221', NULL);
INSERT INTO EX.FICHA_MEDICA(ID, ID_PERSONA, ID_CENTRO_SALUD, ID_LUGAR, ESTADO, FECHA_INFECCION, FECHA_RECUPERACION) VALUES
                                             (221, '00221', 14, 29, 'desconido', NULL, NULL);
INSERT INTO EX.PERSONA(DOC_IDENTIDAD, NOMBRE, NOMBRE1, APELLIDO, APELLIDO1, FECHA_NAC, GENERO, FOTO) VALUES
                  ('00222', 'Steven', 'Haley', 'Colon', 'Mcdonald', TO_DATE('1992-08-20','YYYY-MM-DD'), 'm', NULL);
INSERT INTO EX.HISTORICO_RESIDENCIA(FECHA_INICIO, ID_LUGAR, ID_PERSONA, FECHA_FIN) VALUES
                  (TO_DATE('2013-08-22','YYYY-MM-DD'), 41, '00222', NULL);
INSERT INTO EX.FICHA_MEDICA(ID, ID_PERSONA, ID_CENTRO_SALUD, ID_LUGAR, ESTADO, FECHA_INFECCION, FECHA_RECUPERACION) VALUES
                                             (222, '00222', 26, 41, 'desconido', NULL, NULL);
INSERT INTO EX.PERSONA(DOC_IDENTIDAD, NOMBRE, NOMBRE1, APELLIDO, APELLIDO1, FECHA_NAC, GENERO, FOTO) VALUES
                  ('00223', 'Peter', 'Tammy', 'Henry', 'Davis', TO_DATE('1980-11-06','YYYY-MM-DD'), 'f', NULL);
INSERT INTO EX.HISTORICO_RESIDENCIA(FECHA_INICIO, ID_LUGAR, ID_PERSONA, FECHA_FIN) VALUES
                  (TO_DATE('2014-05-22','YYYY-MM-DD'), 34, '00223', NULL);
INSERT INTO EX.FICHA_MEDICA(ID, ID_PERSONA, ID_CENTRO_SALUD, ID_LUGAR, ESTADO, FECHA_INFECCION, FECHA_RECUPERACION) VALUES
                                             (223, '00223', 19, 34, 'desconido', NULL, NULL);
INSERT INTO EX.SINTOMAS(FECHA_INICIO, ID_SINTOMA, ID_PERSONA, ID_FICHA_MEDICA) VALUES
                            (TO_DATE('2020-04-14','YYYY-MM-DD'), 1, '00223', 223);
INSERT INTO EX.SINTOMAS(FECHA_INICIO, ID_SINTOMA, ID_PERSONA, ID_FICHA_MEDICA) VALUES
                            (TO_DATE('2020-06-03','YYYY-MM-DD'), 2, '00223', 223);
INSERT INTO EX.SINTOMAS(FECHA_INICIO, ID_SINTOMA, ID_PERSONA, ID_FICHA_MEDICA) VALUES
                            (TO_DATE('2020-01-29','YYYY-MM-DD'), 3, '00223', 223);
INSERT INTO EX.SINTOMAS(FECHA_INICIO, ID_SINTOMA, ID_PERSONA, ID_FICHA_MEDICA) VALUES
                            (TO_DATE('2020-03-27','YYYY-MM-DD'), 4, '00223', 223);
INSERT INTO EX.SINTOMAS(FECHA_INICIO, ID_SINTOMA, ID_PERSONA, ID_FICHA_MEDICA) VALUES
                            (TO_DATE('2020-04-08','YYYY-MM-DD'), 5, '00223', 223);
INSERT INTO EX.SINTOMAS(FECHA_INICIO, ID_SINTOMA, ID_PERSONA, ID_FICHA_MEDICA) VALUES
                            (TO_DATE('2020-04-13','YYYY-MM-DD'), 6, '00223', 223);
INSERT INTO EX.SINTOMAS(FECHA_INICIO, ID_SINTOMA, ID_PERSONA, ID_FICHA_MEDICA) VALUES
                            (TO_DATE('2020-02-14','YYYY-MM-DD'), 7, '00223', 223);
INSERT INTO EX.SINTOMAS(FECHA_INICIO, ID_SINTOMA, ID_PERSONA, ID_FICHA_MEDICA) VALUES
                            (TO_DATE('2020-02-02','YYYY-MM-DD'), 8, '00223', 223);
INSERT INTO EX.SINTOMAS(FECHA_INICIO, ID_SINTOMA, ID_PERSONA, ID_FICHA_MEDICA) VALUES
                            (TO_DATE('2020-05-22','YYYY-MM-DD'), 9, '00223', 223);
INSERT INTO EX.SINTOMAS(FECHA_INICIO, ID_SINTOMA, ID_PERSONA, ID_FICHA_MEDICA) VALUES
                            (TO_DATE('2020-04-18','YYYY-MM-DD'), 10, '00223', 223);
INSERT INTO EX.SINTOMAS(FECHA_INICIO, ID_SINTOMA, ID_PERSONA, ID_FICHA_MEDICA) VALUES
                            (TO_DATE('2020-04-18','YYYY-MM-DD'), 11, '00223', 223);
INSERT INTO EX.SINTOMAS(FECHA_INICIO, ID_SINTOMA, ID_PERSONA, ID_FICHA_MEDICA) VALUES
                            (TO_DATE('2020-01-26','YYYY-MM-DD'), 12, '00223', 223);
INSERT INTO EX.SINTOMAS(FECHA_INICIO, ID_SINTOMA, ID_PERSONA, ID_FICHA_MEDICA) VALUES
                            (TO_DATE('2020-04-20','YYYY-MM-DD'), 13, '00223', 223);
INSERT INTO EX.SINTOMAS(FECHA_INICIO, ID_SINTOMA, ID_PERSONA, ID_FICHA_MEDICA) VALUES
                            (TO_DATE('2020-01-03','YYYY-MM-DD'), 14, '00223', 223);
INSERT INTO EX.SINTOMAS(FECHA_INICIO, ID_SINTOMA, ID_PERSONA, ID_FICHA_MEDICA) VALUES
                            (TO_DATE('2020-02-21','YYYY-MM-DD'), 15, '00223', 223);
INSERT INTO EX.SINTOMAS(FECHA_INICIO, ID_SINTOMA, ID_PERSONA, ID_FICHA_MEDICA) VALUES
                            (TO_DATE('2020-03-03','YYYY-MM-DD'), 16, '00223', 223);
INSERT INTO EX.SINTOMAS(FECHA_INICIO, ID_SINTOMA, ID_PERSONA, ID_FICHA_MEDICA) VALUES
                            (TO_DATE('2020-03-14','YYYY-MM-DD'), 17, '00223', 223);
INSERT INTO EX.SINTOMAS(FECHA_INICIO, ID_SINTOMA, ID_PERSONA, ID_FICHA_MEDICA) VALUES
                            (TO_DATE('2020-05-01','YYYY-MM-DD'), 18, '00223', 223);
INSERT INTO EX.SINTOMAS(FECHA_INICIO, ID_SINTOMA, ID_PERSONA, ID_FICHA_MEDICA) VALUES
                            (TO_DATE('2020-01-31','YYYY-MM-DD'), 19, '00223', 223);
INSERT INTO EX.PERSONA(DOC_IDENTIDAD, NOMBRE, NOMBRE1, APELLIDO, APELLIDO1, FECHA_NAC, GENERO, FOTO) VALUES
                  ('00224', 'Melissa', 'Christina', 'Smith', 'Rodriguez', TO_DATE('2005-02-05','YYYY-MM-DD'), 'm', NULL);
INSERT INTO EX.HISTORICO_RESIDENCIA(FECHA_INICIO, ID_LUGAR, ID_PERSONA, FECHA_FIN) VALUES
                  (TO_DATE('1990-07-28','YYYY-MM-DD'), 21, '00224', NULL);
INSERT INTO EX.FICHA_MEDICA(ID, ID_PERSONA, ID_CENTRO_SALUD, ID_LUGAR, ESTADO, FECHA_INFECCION, FECHA_RECUPERACION) VALUES
                                             (224, '00224', 6, 21, 'desconido', NULL, NULL);
INSERT INTO EX.SINTOMAS(FECHA_INICIO, ID_SINTOMA, ID_PERSONA, ID_FICHA_MEDICA) VALUES
                            (TO_DATE('2020-03-20','YYYY-MM-DD'), 1, '00224', 224);
INSERT INTO EX.SINTOMAS(FECHA_INICIO, ID_SINTOMA, ID_PERSONA, ID_FICHA_MEDICA) VALUES
                            (TO_DATE('2020-05-06','YYYY-MM-DD'), 2, '00224', 224);
INSERT INTO EX.SINTOMAS(FECHA_INICIO, ID_SINTOMA, ID_PERSONA, ID_FICHA_MEDICA) VALUES
                            (TO_DATE('2020-04-12','YYYY-MM-DD'), 3, '00224', 224);
INSERT INTO EX.SINTOMAS(FECHA_INICIO, ID_SINTOMA, ID_PERSONA, ID_FICHA_MEDICA) VALUES
                            (TO_DATE('2020-06-20','YYYY-MM-DD'), 4, '00224', 224);
INSERT INTO EX.SINTOMAS(FECHA_INICIO, ID_SINTOMA, ID_PERSONA, ID_FICHA_MEDICA) VALUES
                            (TO_DATE('2020-01-10','YYYY-MM-DD'), 5, '00224', 224);
INSERT INTO EX.SINTOMAS(FECHA_INICIO, ID_SINTOMA, ID_PERSONA, ID_FICHA_MEDICA) VALUES
                            (TO_DATE('2020-03-05','YYYY-MM-DD'), 6, '00224', 224);
INSERT INTO EX.SINTOMAS(FECHA_INICIO, ID_SINTOMA, ID_PERSONA, ID_FICHA_MEDICA) VALUES
                            (TO_DATE('2020-05-27','YYYY-MM-DD'), 7, '00224', 224);
INSERT INTO EX.SINTOMAS(FECHA_INICIO, ID_SINTOMA, ID_PERSONA, ID_FICHA_MEDICA) VALUES
                            (TO_DATE('2020-03-29','YYYY-MM-DD'), 8, '00224', 224);
INSERT INTO EX.SINTOMAS(FECHA_INICIO, ID_SINTOMA, ID_PERSONA, ID_FICHA_MEDICA) VALUES
                            (TO_DATE('2020-02-09','YYYY-MM-DD'), 9, '00224', 224);
INSERT INTO EX.SINTOMAS(FECHA_INICIO, ID_SINTOMA, ID_PERSONA, ID_FICHA_MEDICA) VALUES
                            (TO_DATE('2020-05-30','YYYY-MM-DD'), 10, '00224', 224);
INSERT INTO EX.SINTOMAS(FECHA_INICIO, ID_SINTOMA, ID_PERSONA, ID_FICHA_MEDICA) VALUES
                            (TO_DATE('2020-06-10','YYYY-MM-DD'), 11, '00224', 224);
INSERT INTO EX.SINTOMAS(FECHA_INICIO, ID_SINTOMA, ID_PERSONA, ID_FICHA_MEDICA) VALUES
                            (TO_DATE('2020-01-01','YYYY-MM-DD'), 12, '00224', 224);
INSERT INTO EX.PERSONA(DOC_IDENTIDAD, NOMBRE, NOMBRE1, APELLIDO, APELLIDO1, FECHA_NAC, GENERO, FOTO) VALUES
                  ('00225', 'Rebecca', 'Michael', 'Kennedy', 'Dudley', TO_DATE('2016-11-03','YYYY-MM-DD'), 'f', NULL);
INSERT INTO EX.HISTORICO_RESIDENCIA(FECHA_INICIO, ID_LUGAR, ID_PERSONA, FECHA_FIN) VALUES
                  (TO_DATE('2016-01-31','YYYY-MM-DD'), 42, '00225', NULL);
INSERT INTO EX.FICHA_MEDICA(ID, ID_PERSONA, ID_CENTRO_SALUD, ID_LUGAR, ESTADO, FECHA_INFECCION, FECHA_RECUPERACION) VALUES
                                             (225, '00225', 27, 42, 'desconido', NULL, NULL);
INSERT INTO EX.SINTOMAS(FECHA_INICIO, ID_SINTOMA, ID_PERSONA, ID_FICHA_MEDICA) VALUES
                            (TO_DATE('2020-06-08','YYYY-MM-DD'), 1, '00225', 225);
INSERT INTO EX.SINTOMAS(FECHA_INICIO, ID_SINTOMA, ID_PERSONA, ID_FICHA_MEDICA) VALUES
                            (TO_DATE('2020-03-17','YYYY-MM-DD'), 2, '00225', 225);
INSERT INTO EX.SINTOMAS(FECHA_INICIO, ID_SINTOMA, ID_PERSONA, ID_FICHA_MEDICA) VALUES
                            (TO_DATE('2020-01-09','YYYY-MM-DD'), 3, '00225', 225);
INSERT INTO EX.SINTOMAS(FECHA_INICIO, ID_SINTOMA, ID_PERSONA, ID_FICHA_MEDICA) VALUES
                            (TO_DATE('2020-02-17','YYYY-MM-DD'), 4, '00225', 225);
INSERT INTO EX.SINTOMAS(FECHA_INICIO, ID_SINTOMA, ID_PERSONA, ID_FICHA_MEDICA) VALUES
                            (TO_DATE('2020-02-01','YYYY-MM-DD'), 5, '00225', 225);
INSERT INTO EX.SINTOMAS(FECHA_INICIO, ID_SINTOMA, ID_PERSONA, ID_FICHA_MEDICA) VALUES
                            (TO_DATE('2020-01-13','YYYY-MM-DD'), 6, '00225', 225);
INSERT INTO EX.SINTOMAS(FECHA_INICIO, ID_SINTOMA, ID_PERSONA, ID_FICHA_MEDICA) VALUES
                            (TO_DATE('2020-05-07','YYYY-MM-DD'), 7, '00225', 225);
INSERT INTO EX.SINTOMAS(FECHA_INICIO, ID_SINTOMA, ID_PERSONA, ID_FICHA_MEDICA) VALUES
                            (TO_DATE('2020-03-10','YYYY-MM-DD'), 8, '00225', 225);
INSERT INTO EX.SINTOMAS(FECHA_INICIO, ID_SINTOMA, ID_PERSONA, ID_FICHA_MEDICA) VALUES
                            (TO_DATE('2020-05-12','YYYY-MM-DD'), 9, '00225', 225);
INSERT INTO EX.SINTOMAS(FECHA_INICIO, ID_SINTOMA, ID_PERSONA, ID_FICHA_MEDICA) VALUES
                            (TO_DATE('2020-03-23','YYYY-MM-DD'), 10, '00225', 225);
INSERT INTO EX.SINTOMAS(FECHA_INICIO, ID_SINTOMA, ID_PERSONA, ID_FICHA_MEDICA) VALUES
                            (TO_DATE('2020-03-15','YYYY-MM-DD'), 11, '00225', 225);
INSERT INTO EX.SINTOMAS(FECHA_INICIO, ID_SINTOMA, ID_PERSONA, ID_FICHA_MEDICA) VALUES
                            (TO_DATE('2020-02-10','YYYY-MM-DD'), 12, '00225', 225);
INSERT INTO EX.SINTOMAS(FECHA_INICIO, ID_SINTOMA, ID_PERSONA, ID_FICHA_MEDICA) VALUES
                            (TO_DATE('2020-04-14','YYYY-MM-DD'), 13, '00225', 225);
INSERT INTO EX.SINTOMAS(FECHA_INICIO, ID_SINTOMA, ID_PERSONA, ID_FICHA_MEDICA) VALUES
                            (TO_DATE('2020-06-29','YYYY-MM-DD'), 14, '00225', 225);
INSERT INTO EX.SINTOMAS(FECHA_INICIO, ID_SINTOMA, ID_PERSONA, ID_FICHA_MEDICA) VALUES
                            (TO_DATE('2020-06-30','YYYY-MM-DD'), 15, '00225', 225);
INSERT INTO EX.PERSONA(DOC_IDENTIDAD, NOMBRE, NOMBRE1, APELLIDO, APELLIDO1, FECHA_NAC, GENERO, FOTO) VALUES
                  ('00226', 'Richard', 'Joshua', 'Walker', 'Horn', TO_DATE('1971-08-03','YYYY-MM-DD'), 'm', NULL);
INSERT INTO EX.HISTORICO_RESIDENCIA(FECHA_INICIO, ID_LUGAR, ID_PERSONA, FECHA_FIN) VALUES
                  (TO_DATE('1978-01-23','YYYY-MM-DD'), 22, '00226', NULL);
INSERT INTO EX.FICHA_MEDICA(ID, ID_PERSONA, ID_CENTRO_SALUD, ID_LUGAR, ESTADO, FECHA_INFECCION, FECHA_RECUPERACION) VALUES
                                             (226, '00226', 7, 22, 'desconido', NULL, NULL);
INSERT INTO EX.PERSONA(DOC_IDENTIDAD, NOMBRE, NOMBRE1, APELLIDO, APELLIDO1, FECHA_NAC, GENERO, FOTO) VALUES
                  ('00227', 'Tony', 'Brianna', 'Bishop', 'Chandler', TO_DATE('1986-03-24','YYYY-MM-DD'), 'f', NULL);
INSERT INTO EX.HISTORICO_RESIDENCIA(FECHA_INICIO, ID_LUGAR, ID_PERSONA, FECHA_FIN) VALUES
                  (TO_DATE('2016-02-16','YYYY-MM-DD'), 33, '00227', NULL);
INSERT INTO EX.FICHA_MEDICA(ID, ID_PERSONA, ID_CENTRO_SALUD, ID_LUGAR, ESTADO, FECHA_INFECCION, FECHA_RECUPERACION) VALUES
                                             (227, '00227', 18, 33, 'desconido', NULL, NULL);
INSERT INTO EX.SINTOMAS(FECHA_INICIO, ID_SINTOMA, ID_PERSONA, ID_FICHA_MEDICA) VALUES
                            (TO_DATE('2020-01-13','YYYY-MM-DD'), 1, '00227', 227);
INSERT INTO EX.SINTOMAS(FECHA_INICIO, ID_SINTOMA, ID_PERSONA, ID_FICHA_MEDICA) VALUES
                            (TO_DATE('2020-06-06','YYYY-MM-DD'), 2, '00227', 227);
INSERT INTO EX.SINTOMAS(FECHA_INICIO, ID_SINTOMA, ID_PERSONA, ID_FICHA_MEDICA) VALUES
                            (TO_DATE('2020-05-06','YYYY-MM-DD'), 3, '00227', 227);
INSERT INTO EX.SINTOMAS(FECHA_INICIO, ID_SINTOMA, ID_PERSONA, ID_FICHA_MEDICA) VALUES
                            (TO_DATE('2020-06-25','YYYY-MM-DD'), 4, '00227', 227);
INSERT INTO EX.PERSONA(DOC_IDENTIDAD, NOMBRE, NOMBRE1, APELLIDO, APELLIDO1, FECHA_NAC, GENERO, FOTO) VALUES
                  ('00228', 'Derrick', 'Julia', 'Johnson', 'Calderon', TO_DATE('1978-05-10','YYYY-MM-DD'), 'm', NULL);
INSERT INTO EX.HISTORICO_RESIDENCIA(FECHA_INICIO, ID_LUGAR, ID_PERSONA, FECHA_FIN) VALUES
                  (TO_DATE('1997-06-19','YYYY-MM-DD'), 34, '00228', NULL);
INSERT INTO EX.FICHA_MEDICA(ID, ID_PERSONA, ID_CENTRO_SALUD, ID_LUGAR, ESTADO, FECHA_INFECCION, FECHA_RECUPERACION) VALUES
                                             (228, '00228', 19, 34, 'desconido', NULL, NULL);
INSERT INTO EX.PERSONA(DOC_IDENTIDAD, NOMBRE, NOMBRE1, APELLIDO, APELLIDO1, FECHA_NAC, GENERO, FOTO) VALUES
                  ('00229', 'Angela', 'Wesley', 'Gray', 'Mcdonald', TO_DATE('1994-11-18','YYYY-MM-DD'), 'f', NULL);
INSERT INTO EX.HISTORICO_RESIDENCIA(FECHA_INICIO, ID_LUGAR, ID_PERSONA, FECHA_FIN) VALUES
                  (TO_DATE('1982-10-02','YYYY-MM-DD'), 26, '00229', NULL);
INSERT INTO EX.FICHA_MEDICA(ID, ID_PERSONA, ID_CENTRO_SALUD, ID_LUGAR, ESTADO, FECHA_INFECCION, FECHA_RECUPERACION) VALUES
                                             (229, '00229', 11, 26, 'desconido', NULL, NULL);
INSERT INTO EX.SINTOMAS(FECHA_INICIO, ID_SINTOMA, ID_PERSONA, ID_FICHA_MEDICA) VALUES
                            (TO_DATE('2020-06-24','YYYY-MM-DD'), 1, '00229', 229);
INSERT INTO EX.PERSONA(DOC_IDENTIDAD, NOMBRE, NOMBRE1, APELLIDO, APELLIDO1, FECHA_NAC, GENERO, FOTO) VALUES
                  ('00230', 'Cynthia', 'Raven', 'Hall', 'Bowman', TO_DATE('1980-04-19','YYYY-MM-DD'), 'm', NULL);
INSERT INTO EX.HISTORICO_RESIDENCIA(FECHA_INICIO, ID_LUGAR, ID_PERSONA, FECHA_FIN) VALUES
                  (TO_DATE('2018-05-31','YYYY-MM-DD'), 42, '00230', NULL);
INSERT INTO EX.FICHA_MEDICA(ID, ID_PERSONA, ID_CENTRO_SALUD, ID_LUGAR, ESTADO, FECHA_INFECCION, FECHA_RECUPERACION) VALUES
                                             (230, '00230', 27, 42, 'desconido', NULL, NULL);
INSERT INTO EX.PADECIMIENTOS(ID_PATOLOGIA, ID_PERSONA, ID_FICHA_MEDICA) VALUES
                            (1, '00230', 230);
INSERT INTO EX.PERSONA(DOC_IDENTIDAD, NOMBRE, NOMBRE1, APELLIDO, APELLIDO1, FECHA_NAC, GENERO, FOTO) VALUES
                  ('00231', 'Shelby', 'David', 'Clay', 'Contreras', TO_DATE('1989-08-22','YYYY-MM-DD'), 'f', NULL);
INSERT INTO EX.HISTORICO_RESIDENCIA(FECHA_INICIO, ID_LUGAR, ID_PERSONA, FECHA_FIN) VALUES
                  (TO_DATE('1972-01-11','YYYY-MM-DD'), 18, '00231', NULL);
INSERT INTO EX.FICHA_MEDICA(ID, ID_PERSONA, ID_CENTRO_SALUD, ID_LUGAR, ESTADO, FECHA_INFECCION, FECHA_RECUPERACION) VALUES
                                             (231, '00231', 3, 18, 'desconido', NULL, NULL);
INSERT INTO EX.PADECIMIENTOS(ID_PATOLOGIA, ID_PERSONA, ID_FICHA_MEDICA) VALUES
                            (1, '00231', 231);
INSERT INTO EX.SINTOMAS(FECHA_INICIO, ID_SINTOMA, ID_PERSONA, ID_FICHA_MEDICA) VALUES
                            (TO_DATE('2020-05-11','YYYY-MM-DD'), 1, '00231', 231);
INSERT INTO EX.SINTOMAS(FECHA_INICIO, ID_SINTOMA, ID_PERSONA, ID_FICHA_MEDICA) VALUES
                            (TO_DATE('2020-04-30','YYYY-MM-DD'), 2, '00231', 231);
INSERT INTO EX.SINTOMAS(FECHA_INICIO, ID_SINTOMA, ID_PERSONA, ID_FICHA_MEDICA) VALUES
                            (TO_DATE('2020-02-09','YYYY-MM-DD'), 3, '00231', 231);
INSERT INTO EX.SINTOMAS(FECHA_INICIO, ID_SINTOMA, ID_PERSONA, ID_FICHA_MEDICA) VALUES
                            (TO_DATE('2020-02-12','YYYY-MM-DD'), 4, '00231', 231);
INSERT INTO EX.SINTOMAS(FECHA_INICIO, ID_SINTOMA, ID_PERSONA, ID_FICHA_MEDICA) VALUES
                            (TO_DATE('2020-02-07','YYYY-MM-DD'), 5, '00231', 231);
INSERT INTO EX.SINTOMAS(FECHA_INICIO, ID_SINTOMA, ID_PERSONA, ID_FICHA_MEDICA) VALUES
                            (TO_DATE('2020-03-29','YYYY-MM-DD'), 6, '00231', 231);
INSERT INTO EX.SINTOMAS(FECHA_INICIO, ID_SINTOMA, ID_PERSONA, ID_FICHA_MEDICA) VALUES
                            (TO_DATE('2020-01-30','YYYY-MM-DD'), 7, '00231', 231);
INSERT INTO EX.SINTOMAS(FECHA_INICIO, ID_SINTOMA, ID_PERSONA, ID_FICHA_MEDICA) VALUES
                            (TO_DATE('2020-05-24','YYYY-MM-DD'), 8, '00231', 231);
INSERT INTO EX.SINTOMAS(FECHA_INICIO, ID_SINTOMA, ID_PERSONA, ID_FICHA_MEDICA) VALUES
                            (TO_DATE('2020-03-07','YYYY-MM-DD'), 9, '00231', 231);
INSERT INTO EX.SINTOMAS(FECHA_INICIO, ID_SINTOMA, ID_PERSONA, ID_FICHA_MEDICA) VALUES
                            (TO_DATE('2020-01-23','YYYY-MM-DD'), 10, '00231', 231);
INSERT INTO EX.SINTOMAS(FECHA_INICIO, ID_SINTOMA, ID_PERSONA, ID_FICHA_MEDICA) VALUES
                            (TO_DATE('2020-03-19','YYYY-MM-DD'), 11, '00231', 231);
INSERT INTO EX.SINTOMAS(FECHA_INICIO, ID_SINTOMA, ID_PERSONA, ID_FICHA_MEDICA) VALUES
                            (TO_DATE('2020-03-05','YYYY-MM-DD'), 12, '00231', 231);
INSERT INTO EX.SINTOMAS(FECHA_INICIO, ID_SINTOMA, ID_PERSONA, ID_FICHA_MEDICA) VALUES
                            (TO_DATE('2020-05-19','YYYY-MM-DD'), 13, '00231', 231);
INSERT INTO EX.SINTOMAS(FECHA_INICIO, ID_SINTOMA, ID_PERSONA, ID_FICHA_MEDICA) VALUES
                            (TO_DATE('2020-05-22','YYYY-MM-DD'), 14, '00231', 231);
INSERT INTO EX.PERSONA(DOC_IDENTIDAD, NOMBRE, NOMBRE1, APELLIDO, APELLIDO1, FECHA_NAC, GENERO, FOTO) VALUES
                  ('00232', 'Harold', 'Nicholas', 'Livingston', 'Perry', TO_DATE('2004-11-04','YYYY-MM-DD'), 'm', NULL);
INSERT INTO EX.HISTORICO_RESIDENCIA(FECHA_INICIO, ID_LUGAR, ID_PERSONA, FECHA_FIN) VALUES
                  (TO_DATE('1973-05-18','YYYY-MM-DD'), 44, '00232', NULL);
INSERT INTO EX.FICHA_MEDICA(ID, ID_PERSONA, ID_CENTRO_SALUD, ID_LUGAR, ESTADO, FECHA_INFECCION, FECHA_RECUPERACION) VALUES
                                             (232, '00232', 29, 44, 'desconido', NULL, NULL);
INSERT INTO EX.PADECIMIENTOS(ID_PATOLOGIA, ID_PERSONA, ID_FICHA_MEDICA) VALUES
                            (1, '00232', 232);
INSERT INTO EX.PERSONA(DOC_IDENTIDAD, NOMBRE, NOMBRE1, APELLIDO, APELLIDO1, FECHA_NAC, GENERO, FOTO) VALUES
                  ('00233', 'James', 'Ronald', 'Smith', 'Wilson', TO_DATE('2004-11-22','YYYY-MM-DD'), 'f', NULL);
INSERT INTO EX.HISTORICO_RESIDENCIA(FECHA_INICIO, ID_LUGAR, ID_PERSONA, FECHA_FIN) VALUES
                  (TO_DATE('2011-11-01','YYYY-MM-DD'), 31, '00233', NULL);
INSERT INTO EX.FICHA_MEDICA(ID, ID_PERSONA, ID_CENTRO_SALUD, ID_LUGAR, ESTADO, FECHA_INFECCION, FECHA_RECUPERACION) VALUES
                                             (233, '00233', 16, 31, 'desconido', NULL, NULL);
INSERT INTO EX.PADECIMIENTOS(ID_PATOLOGIA, ID_PERSONA, ID_FICHA_MEDICA) VALUES
                            (1, '00233', 233);
INSERT INTO EX.PADECIMIENTOS(ID_PATOLOGIA, ID_PERSONA, ID_FICHA_MEDICA) VALUES
                            (2, '00233', 233);
INSERT INTO EX.PADECIMIENTOS(ID_PATOLOGIA, ID_PERSONA, ID_FICHA_MEDICA) VALUES
                            (3, '00233', 233);
INSERT INTO EX.PADECIMIENTOS(ID_PATOLOGIA, ID_PERSONA, ID_FICHA_MEDICA) VALUES
                            (4, '00233', 233);
INSERT INTO EX.PERSONA(DOC_IDENTIDAD, NOMBRE, NOMBRE1, APELLIDO, APELLIDO1, FECHA_NAC, GENERO, FOTO) VALUES
                  ('00234', 'Joshua', 'Kyle', 'Delacruz', 'Owens', TO_DATE('1993-08-23','YYYY-MM-DD'), 'm', NULL);
INSERT INTO EX.HISTORICO_RESIDENCIA(FECHA_INICIO, ID_LUGAR, ID_PERSONA, FECHA_FIN) VALUES
                  (TO_DATE('2009-08-08','YYYY-MM-DD'), 26, '00234', NULL);
INSERT INTO EX.FICHA_MEDICA(ID, ID_PERSONA, ID_CENTRO_SALUD, ID_LUGAR, ESTADO, FECHA_INFECCION, FECHA_RECUPERACION) VALUES
                                             (234, '00234', 11, 26, 'desconido', NULL, NULL);
INSERT INTO EX.PADECIMIENTOS(ID_PATOLOGIA, ID_PERSONA, ID_FICHA_MEDICA) VALUES
                            (1, '00234', 234);
INSERT INTO EX.PADECIMIENTOS(ID_PATOLOGIA, ID_PERSONA, ID_FICHA_MEDICA) VALUES
                            (2, '00234', 234);
INSERT INTO EX.PADECIMIENTOS(ID_PATOLOGIA, ID_PERSONA, ID_FICHA_MEDICA) VALUES
                            (3, '00234', 234);
INSERT INTO EX.PADECIMIENTOS(ID_PATOLOGIA, ID_PERSONA, ID_FICHA_MEDICA) VALUES
                            (4, '00234', 234);
INSERT INTO EX.PADECIMIENTOS(ID_PATOLOGIA, ID_PERSONA, ID_FICHA_MEDICA) VALUES
                            (5, '00234', 234);
INSERT INTO EX.PADECIMIENTOS(ID_PATOLOGIA, ID_PERSONA, ID_FICHA_MEDICA) VALUES
                            (6, '00234', 234);
INSERT INTO EX.PADECIMIENTOS(ID_PATOLOGIA, ID_PERSONA, ID_FICHA_MEDICA) VALUES
                            (7, '00234', 234);
INSERT INTO EX.PADECIMIENTOS(ID_PATOLOGIA, ID_PERSONA, ID_FICHA_MEDICA) VALUES
                            (8, '00234', 234);
INSERT INTO EX.SINTOMAS(FECHA_INICIO, ID_SINTOMA, ID_PERSONA, ID_FICHA_MEDICA) VALUES
                            (TO_DATE('2020-01-17','YYYY-MM-DD'), 1, '00234', 234);
INSERT INTO EX.SINTOMAS(FECHA_INICIO, ID_SINTOMA, ID_PERSONA, ID_FICHA_MEDICA) VALUES
                            (TO_DATE('2020-05-11','YYYY-MM-DD'), 2, '00234', 234);
INSERT INTO EX.SINTOMAS(FECHA_INICIO, ID_SINTOMA, ID_PERSONA, ID_FICHA_MEDICA) VALUES
                            (TO_DATE('2020-06-27','YYYY-MM-DD'), 3, '00234', 234);
INSERT INTO EX.SINTOMAS(FECHA_INICIO, ID_SINTOMA, ID_PERSONA, ID_FICHA_MEDICA) VALUES
                            (TO_DATE('2020-05-19','YYYY-MM-DD'), 4, '00234', 234);
INSERT INTO EX.SINTOMAS(FECHA_INICIO, ID_SINTOMA, ID_PERSONA, ID_FICHA_MEDICA) VALUES
                            (TO_DATE('2020-04-29','YYYY-MM-DD'), 5, '00234', 234);
INSERT INTO EX.PERSONA(DOC_IDENTIDAD, NOMBRE, NOMBRE1, APELLIDO, APELLIDO1, FECHA_NAC, GENERO, FOTO) VALUES
                  ('00235', 'Dorothy', 'Michael', 'Cook', 'Brown', TO_DATE('1990-09-30','YYYY-MM-DD'), 'f', NULL);
INSERT INTO EX.HISTORICO_RESIDENCIA(FECHA_INICIO, ID_LUGAR, ID_PERSONA, FECHA_FIN) VALUES
                  (TO_DATE('2004-10-16','YYYY-MM-DD'), 30, '00235', NULL);
INSERT INTO EX.FICHA_MEDICA(ID, ID_PERSONA, ID_CENTRO_SALUD, ID_LUGAR, ESTADO, FECHA_INFECCION, FECHA_RECUPERACION) VALUES
                                             (235, '00235', 15, 30, 'desconido', NULL, NULL);
INSERT INTO EX.SINTOMAS(FECHA_INICIO, ID_SINTOMA, ID_PERSONA, ID_FICHA_MEDICA) VALUES
                            (TO_DATE('2020-06-19','YYYY-MM-DD'), 1, '00235', 235);
INSERT INTO EX.SINTOMAS(FECHA_INICIO, ID_SINTOMA, ID_PERSONA, ID_FICHA_MEDICA) VALUES
                            (TO_DATE('2020-04-08','YYYY-MM-DD'), 2, '00235', 235);
INSERT INTO EX.SINTOMAS(FECHA_INICIO, ID_SINTOMA, ID_PERSONA, ID_FICHA_MEDICA) VALUES
                            (TO_DATE('2020-02-23','YYYY-MM-DD'), 3, '00235', 235);
INSERT INTO EX.SINTOMAS(FECHA_INICIO, ID_SINTOMA, ID_PERSONA, ID_FICHA_MEDICA) VALUES
                            (TO_DATE('2020-02-08','YYYY-MM-DD'), 4, '00235', 235);
INSERT INTO EX.SINTOMAS(FECHA_INICIO, ID_SINTOMA, ID_PERSONA, ID_FICHA_MEDICA) VALUES
                            (TO_DATE('2020-04-24','YYYY-MM-DD'), 5, '00235', 235);
INSERT INTO EX.SINTOMAS(FECHA_INICIO, ID_SINTOMA, ID_PERSONA, ID_FICHA_MEDICA) VALUES
                            (TO_DATE('2020-06-10','YYYY-MM-DD'), 6, '00235', 235);
INSERT INTO EX.SINTOMAS(FECHA_INICIO, ID_SINTOMA, ID_PERSONA, ID_FICHA_MEDICA) VALUES
                            (TO_DATE('2020-01-31','YYYY-MM-DD'), 7, '00235', 235);
INSERT INTO EX.PERSONA(DOC_IDENTIDAD, NOMBRE, NOMBRE1, APELLIDO, APELLIDO1, FECHA_NAC, GENERO, FOTO) VALUES
                  ('00236', 'Vanessa', 'John', 'Woods', 'Lambert', TO_DATE('1997-01-24','YYYY-MM-DD'), 'm', NULL);
INSERT INTO EX.HISTORICO_RESIDENCIA(FECHA_INICIO, ID_LUGAR, ID_PERSONA, FECHA_FIN) VALUES
                  (TO_DATE('1983-09-01','YYYY-MM-DD'), 33, '00236', NULL);
INSERT INTO EX.FICHA_MEDICA(ID, ID_PERSONA, ID_CENTRO_SALUD, ID_LUGAR, ESTADO, FECHA_INFECCION, FECHA_RECUPERACION) VALUES
                                             (236, '00236', 18, 33, 'desconido', NULL, NULL);
INSERT INTO EX.PADECIMIENTOS(ID_PATOLOGIA, ID_PERSONA, ID_FICHA_MEDICA) VALUES
                            (1, '00236', 236);
INSERT INTO EX.SINTOMAS(FECHA_INICIO, ID_SINTOMA, ID_PERSONA, ID_FICHA_MEDICA) VALUES
                            (TO_DATE('2020-01-30','YYYY-MM-DD'), 1, '00236', 236);
INSERT INTO EX.SINTOMAS(FECHA_INICIO, ID_SINTOMA, ID_PERSONA, ID_FICHA_MEDICA) VALUES
                            (TO_DATE('2020-03-31','YYYY-MM-DD'), 2, '00236', 236);
INSERT INTO EX.SINTOMAS(FECHA_INICIO, ID_SINTOMA, ID_PERSONA, ID_FICHA_MEDICA) VALUES
                            (TO_DATE('2020-04-08','YYYY-MM-DD'), 3, '00236', 236);
INSERT INTO EX.SINTOMAS(FECHA_INICIO, ID_SINTOMA, ID_PERSONA, ID_FICHA_MEDICA) VALUES
                            (TO_DATE('2020-06-20','YYYY-MM-DD'), 4, '00236', 236);
INSERT INTO EX.SINTOMAS(FECHA_INICIO, ID_SINTOMA, ID_PERSONA, ID_FICHA_MEDICA) VALUES
                            (TO_DATE('2020-04-30','YYYY-MM-DD'), 5, '00236', 236);
INSERT INTO EX.SINTOMAS(FECHA_INICIO, ID_SINTOMA, ID_PERSONA, ID_FICHA_MEDICA) VALUES
                            (TO_DATE('2020-03-29','YYYY-MM-DD'), 6, '00236', 236);
INSERT INTO EX.SINTOMAS(FECHA_INICIO, ID_SINTOMA, ID_PERSONA, ID_FICHA_MEDICA) VALUES
                            (TO_DATE('2020-05-21','YYYY-MM-DD'), 7, '00236', 236);
INSERT INTO EX.SINTOMAS(FECHA_INICIO, ID_SINTOMA, ID_PERSONA, ID_FICHA_MEDICA) VALUES
                            (TO_DATE('2020-05-14','YYYY-MM-DD'), 8, '00236', 236);
INSERT INTO EX.SINTOMAS(FECHA_INICIO, ID_SINTOMA, ID_PERSONA, ID_FICHA_MEDICA) VALUES
                            (TO_DATE('2020-03-10','YYYY-MM-DD'), 9, '00236', 236);
INSERT INTO EX.PERSONA(DOC_IDENTIDAD, NOMBRE, NOMBRE1, APELLIDO, APELLIDO1, FECHA_NAC, GENERO, FOTO) VALUES
                  ('00237', 'Beth', 'Travis', 'Wright', 'Garcia', TO_DATE('2017-01-14','YYYY-MM-DD'), 'f', NULL);
INSERT INTO EX.HISTORICO_RESIDENCIA(FECHA_INICIO, ID_LUGAR, ID_PERSONA, FECHA_FIN) VALUES
                  (TO_DATE('1991-09-26','YYYY-MM-DD'), 28, '00237', NULL);
INSERT INTO EX.FICHA_MEDICA(ID, ID_PERSONA, ID_CENTRO_SALUD, ID_LUGAR, ESTADO, FECHA_INFECCION, FECHA_RECUPERACION) VALUES
                                             (237, '00237', 13, 28, 'desconido', NULL, NULL);
INSERT INTO EX.PERSONA(DOC_IDENTIDAD, NOMBRE, NOMBRE1, APELLIDO, APELLIDO1, FECHA_NAC, GENERO, FOTO) VALUES
                  ('00238', 'Tony', 'Nancy', 'Herman', 'Guerra', TO_DATE('2004-11-25','YYYY-MM-DD'), 'm', NULL);
INSERT INTO EX.HISTORICO_RESIDENCIA(FECHA_INICIO, ID_LUGAR, ID_PERSONA, FECHA_FIN) VALUES
                  (TO_DATE('1978-04-25','YYYY-MM-DD'), 40, '00238', NULL);
INSERT INTO EX.FICHA_MEDICA(ID, ID_PERSONA, ID_CENTRO_SALUD, ID_LUGAR, ESTADO, FECHA_INFECCION, FECHA_RECUPERACION) VALUES
                                             (238, '00238', 25, 40, 'desconido', NULL, NULL);
INSERT INTO EX.PADECIMIENTOS(ID_PATOLOGIA, ID_PERSONA, ID_FICHA_MEDICA) VALUES
                            (1, '00238', 238);
INSERT INTO EX.PADECIMIENTOS(ID_PATOLOGIA, ID_PERSONA, ID_FICHA_MEDICA) VALUES
                            (2, '00238', 238);
INSERT INTO EX.PADECIMIENTOS(ID_PATOLOGIA, ID_PERSONA, ID_FICHA_MEDICA) VALUES
                            (3, '00238', 238);
INSERT INTO EX.PADECIMIENTOS(ID_PATOLOGIA, ID_PERSONA, ID_FICHA_MEDICA) VALUES
                            (4, '00238', 238);
INSERT INTO EX.PADECIMIENTOS(ID_PATOLOGIA, ID_PERSONA, ID_FICHA_MEDICA) VALUES
                            (5, '00238', 238);
INSERT INTO EX.PADECIMIENTOS(ID_PATOLOGIA, ID_PERSONA, ID_FICHA_MEDICA) VALUES
                            (6, '00238', 238);
INSERT INTO EX.PADECIMIENTOS(ID_PATOLOGIA, ID_PERSONA, ID_FICHA_MEDICA) VALUES
                            (7, '00238', 238);
INSERT INTO EX.PADECIMIENTOS(ID_PATOLOGIA, ID_PERSONA, ID_FICHA_MEDICA) VALUES
                            (8, '00238', 238);
INSERT INTO EX.PADECIMIENTOS(ID_PATOLOGIA, ID_PERSONA, ID_FICHA_MEDICA) VALUES
                            (9, '00238', 238);
INSERT INTO EX.PERSONA(DOC_IDENTIDAD, NOMBRE, NOMBRE1, APELLIDO, APELLIDO1, FECHA_NAC, GENERO, FOTO) VALUES
                  ('00239', 'Aaron', 'Willie', 'Nash', 'Hampton', TO_DATE('2003-05-04','YYYY-MM-DD'), 'f', NULL);
INSERT INTO EX.HISTORICO_RESIDENCIA(FECHA_INICIO, ID_LUGAR, ID_PERSONA, FECHA_FIN) VALUES
                  (TO_DATE('1994-07-06','YYYY-MM-DD'), 40, '00239', NULL);
INSERT INTO EX.FICHA_MEDICA(ID, ID_PERSONA, ID_CENTRO_SALUD, ID_LUGAR, ESTADO, FECHA_INFECCION, FECHA_RECUPERACION) VALUES
                                             (239, '00239', 25, 40, 'desconido', NULL, NULL);
INSERT INTO EX.PADECIMIENTOS(ID_PATOLOGIA, ID_PERSONA, ID_FICHA_MEDICA) VALUES
                            (1, '00239', 239);
INSERT INTO EX.PADECIMIENTOS(ID_PATOLOGIA, ID_PERSONA, ID_FICHA_MEDICA) VALUES
                            (2, '00239', 239);
INSERT INTO EX.PADECIMIENTOS(ID_PATOLOGIA, ID_PERSONA, ID_FICHA_MEDICA) VALUES
                            (3, '00239', 239);
INSERT INTO EX.PADECIMIENTOS(ID_PATOLOGIA, ID_PERSONA, ID_FICHA_MEDICA) VALUES
                            (4, '00239', 239);
INSERT INTO EX.PADECIMIENTOS(ID_PATOLOGIA, ID_PERSONA, ID_FICHA_MEDICA) VALUES
                            (5, '00239', 239);
INSERT INTO EX.PADECIMIENTOS(ID_PATOLOGIA, ID_PERSONA, ID_FICHA_MEDICA) VALUES
                            (6, '00239', 239);
INSERT INTO EX.PADECIMIENTOS(ID_PATOLOGIA, ID_PERSONA, ID_FICHA_MEDICA) VALUES
                            (7, '00239', 239);
INSERT INTO EX.SINTOMAS(FECHA_INICIO, ID_SINTOMA, ID_PERSONA, ID_FICHA_MEDICA) VALUES
                            (TO_DATE('2020-04-10','YYYY-MM-DD'), 1, '00239', 239);
INSERT INTO EX.SINTOMAS(FECHA_INICIO, ID_SINTOMA, ID_PERSONA, ID_FICHA_MEDICA) VALUES
                            (TO_DATE('2020-03-21','YYYY-MM-DD'), 2, '00239', 239);
INSERT INTO EX.SINTOMAS(FECHA_INICIO, ID_SINTOMA, ID_PERSONA, ID_FICHA_MEDICA) VALUES
                            (TO_DATE('2020-05-27','YYYY-MM-DD'), 3, '00239', 239);
INSERT INTO EX.SINTOMAS(FECHA_INICIO, ID_SINTOMA, ID_PERSONA, ID_FICHA_MEDICA) VALUES
                            (TO_DATE('2020-03-21','YYYY-MM-DD'), 4, '00239', 239);
INSERT INTO EX.SINTOMAS(FECHA_INICIO, ID_SINTOMA, ID_PERSONA, ID_FICHA_MEDICA) VALUES
                            (TO_DATE('2020-03-21','YYYY-MM-DD'), 5, '00239', 239);
INSERT INTO EX.SINTOMAS(FECHA_INICIO, ID_SINTOMA, ID_PERSONA, ID_FICHA_MEDICA) VALUES
                            (TO_DATE('2020-04-07','YYYY-MM-DD'), 6, '00239', 239);
INSERT INTO EX.SINTOMAS(FECHA_INICIO, ID_SINTOMA, ID_PERSONA, ID_FICHA_MEDICA) VALUES
                            (TO_DATE('2020-04-21','YYYY-MM-DD'), 7, '00239', 239);
INSERT INTO EX.SINTOMAS(FECHA_INICIO, ID_SINTOMA, ID_PERSONA, ID_FICHA_MEDICA) VALUES
                            (TO_DATE('2020-03-31','YYYY-MM-DD'), 8, '00239', 239);
INSERT INTO EX.SINTOMAS(FECHA_INICIO, ID_SINTOMA, ID_PERSONA, ID_FICHA_MEDICA) VALUES
                            (TO_DATE('2020-04-09','YYYY-MM-DD'), 9, '00239', 239);
INSERT INTO EX.SINTOMAS(FECHA_INICIO, ID_SINTOMA, ID_PERSONA, ID_FICHA_MEDICA) VALUES
                            (TO_DATE('2020-04-27','YYYY-MM-DD'), 10, '00239', 239);
INSERT INTO EX.SINTOMAS(FECHA_INICIO, ID_SINTOMA, ID_PERSONA, ID_FICHA_MEDICA) VALUES
                            (TO_DATE('2020-02-25','YYYY-MM-DD'), 11, '00239', 239);
INSERT INTO EX.SINTOMAS(FECHA_INICIO, ID_SINTOMA, ID_PERSONA, ID_FICHA_MEDICA) VALUES
                            (TO_DATE('2020-03-09','YYYY-MM-DD'), 12, '00239', 239);
INSERT INTO EX.SINTOMAS(FECHA_INICIO, ID_SINTOMA, ID_PERSONA, ID_FICHA_MEDICA) VALUES
                            (TO_DATE('2020-01-17','YYYY-MM-DD'), 13, '00239', 239);
INSERT INTO EX.SINTOMAS(FECHA_INICIO, ID_SINTOMA, ID_PERSONA, ID_FICHA_MEDICA) VALUES
                            (TO_DATE('2020-03-11','YYYY-MM-DD'), 14, '00239', 239);
INSERT INTO EX.SINTOMAS(FECHA_INICIO, ID_SINTOMA, ID_PERSONA, ID_FICHA_MEDICA) VALUES
                            (TO_DATE('2020-02-29','YYYY-MM-DD'), 15, '00239', 239);
INSERT INTO EX.SINTOMAS(FECHA_INICIO, ID_SINTOMA, ID_PERSONA, ID_FICHA_MEDICA) VALUES
                            (TO_DATE('2020-02-29','YYYY-MM-DD'), 16, '00239', 239);
INSERT INTO EX.SINTOMAS(FECHA_INICIO, ID_SINTOMA, ID_PERSONA, ID_FICHA_MEDICA) VALUES
                            (TO_DATE('2020-05-01','YYYY-MM-DD'), 17, '00239', 239);
INSERT INTO EX.PERSONA(DOC_IDENTIDAD, NOMBRE, NOMBRE1, APELLIDO, APELLIDO1, FECHA_NAC, GENERO, FOTO) VALUES
                  ('00240', 'Michael', 'Erin', 'Chan', 'Osborne', TO_DATE('1999-07-06','YYYY-MM-DD'), 'm', NULL);
INSERT INTO EX.HISTORICO_RESIDENCIA(FECHA_INICIO, ID_LUGAR, ID_PERSONA, FECHA_FIN) VALUES
                  (TO_DATE('1975-02-24','YYYY-MM-DD'), 29, '00240', NULL);
INSERT INTO EX.FICHA_MEDICA(ID, ID_PERSONA, ID_CENTRO_SALUD, ID_LUGAR, ESTADO, FECHA_INFECCION, FECHA_RECUPERACION) VALUES
                                             (240, '00240', 14, 29, 'desconido', NULL, NULL);
INSERT INTO EX.PERSONA(DOC_IDENTIDAD, NOMBRE, NOMBRE1, APELLIDO, APELLIDO1, FECHA_NAC, GENERO, FOTO) VALUES
                  ('00241', 'Christine', 'Natalie', 'Kelly', 'Solis', TO_DATE('1989-03-21','YYYY-MM-DD'), 'f', NULL);
INSERT INTO EX.HISTORICO_RESIDENCIA(FECHA_INICIO, ID_LUGAR, ID_PERSONA, FECHA_FIN) VALUES
                  (TO_DATE('2017-02-26','YYYY-MM-DD'), 40, '00241', NULL);
INSERT INTO EX.FICHA_MEDICA(ID, ID_PERSONA, ID_CENTRO_SALUD, ID_LUGAR, ESTADO, FECHA_INFECCION, FECHA_RECUPERACION) VALUES
                                             (241, '00241', 25, 40, 'desconido', NULL, NULL);
INSERT INTO EX.PADECIMIENTOS(ID_PATOLOGIA, ID_PERSONA, ID_FICHA_MEDICA) VALUES
                            (1, '00241', 241);
INSERT INTO EX.PADECIMIENTOS(ID_PATOLOGIA, ID_PERSONA, ID_FICHA_MEDICA) VALUES
                            (2, '00241', 241);
INSERT INTO EX.PADECIMIENTOS(ID_PATOLOGIA, ID_PERSONA, ID_FICHA_MEDICA) VALUES
                            (3, '00241', 241);
INSERT INTO EX.PERSONA(DOC_IDENTIDAD, NOMBRE, NOMBRE1, APELLIDO, APELLIDO1, FECHA_NAC, GENERO, FOTO) VALUES
                  ('00242', 'Logan', 'Patricia', 'Cook', 'Sanchez', TO_DATE('1975-12-17','YYYY-MM-DD'), 'm', NULL);
INSERT INTO EX.HISTORICO_RESIDENCIA(FECHA_INICIO, ID_LUGAR, ID_PERSONA, FECHA_FIN) VALUES
                  (TO_DATE('1992-12-17','YYYY-MM-DD'), 36, '00242', NULL);
INSERT INTO EX.FICHA_MEDICA(ID, ID_PERSONA, ID_CENTRO_SALUD, ID_LUGAR, ESTADO, FECHA_INFECCION, FECHA_RECUPERACION) VALUES
                                             (242, '00242', 21, 36, 'desconido', NULL, NULL);
INSERT INTO EX.SINTOMAS(FECHA_INICIO, ID_SINTOMA, ID_PERSONA, ID_FICHA_MEDICA) VALUES
                            (TO_DATE('2020-06-03','YYYY-MM-DD'), 1, '00242', 242);
INSERT INTO EX.SINTOMAS(FECHA_INICIO, ID_SINTOMA, ID_PERSONA, ID_FICHA_MEDICA) VALUES
                            (TO_DATE('2020-03-30','YYYY-MM-DD'), 2, '00242', 242);
INSERT INTO EX.SINTOMAS(FECHA_INICIO, ID_SINTOMA, ID_PERSONA, ID_FICHA_MEDICA) VALUES
                            (TO_DATE('2020-02-27','YYYY-MM-DD'), 3, '00242', 242);
INSERT INTO EX.SINTOMAS(FECHA_INICIO, ID_SINTOMA, ID_PERSONA, ID_FICHA_MEDICA) VALUES
                            (TO_DATE('2020-06-15','YYYY-MM-DD'), 4, '00242', 242);
INSERT INTO EX.SINTOMAS(FECHA_INICIO, ID_SINTOMA, ID_PERSONA, ID_FICHA_MEDICA) VALUES
                            (TO_DATE('2020-01-07','YYYY-MM-DD'), 5, '00242', 242);
INSERT INTO EX.SINTOMAS(FECHA_INICIO, ID_SINTOMA, ID_PERSONA, ID_FICHA_MEDICA) VALUES
                            (TO_DATE('2020-04-14','YYYY-MM-DD'), 6, '00242', 242);
INSERT INTO EX.SINTOMAS(FECHA_INICIO, ID_SINTOMA, ID_PERSONA, ID_FICHA_MEDICA) VALUES
                            (TO_DATE('2020-04-17','YYYY-MM-DD'), 7, '00242', 242);
INSERT INTO EX.PERSONA(DOC_IDENTIDAD, NOMBRE, NOMBRE1, APELLIDO, APELLIDO1, FECHA_NAC, GENERO, FOTO) VALUES
                  ('00243', 'Susan', 'Sandra', 'Freeman', 'Johnson', TO_DATE('1980-08-13','YYYY-MM-DD'), 'f', NULL);
INSERT INTO EX.HISTORICO_RESIDENCIA(FECHA_INICIO, ID_LUGAR, ID_PERSONA, FECHA_FIN) VALUES
                  (TO_DATE('2009-09-26','YYYY-MM-DD'), 39, '00243', NULL);
INSERT INTO EX.FICHA_MEDICA(ID, ID_PERSONA, ID_CENTRO_SALUD, ID_LUGAR, ESTADO, FECHA_INFECCION, FECHA_RECUPERACION) VALUES
                                             (243, '00243', 24, 39, 'desconido', NULL, NULL);
INSERT INTO EX.PERSONA(DOC_IDENTIDAD, NOMBRE, NOMBRE1, APELLIDO, APELLIDO1, FECHA_NAC, GENERO, FOTO) VALUES
                  ('00244', 'Rodney', 'Lindsay', 'Santiago', 'Gallegos', TO_DATE('2017-08-11','YYYY-MM-DD'), 'm', NULL);
INSERT INTO EX.HISTORICO_RESIDENCIA(FECHA_INICIO, ID_LUGAR, ID_PERSONA, FECHA_FIN) VALUES
                  (TO_DATE('1977-02-02','YYYY-MM-DD'), 22, '00244', NULL);
INSERT INTO EX.FICHA_MEDICA(ID, ID_PERSONA, ID_CENTRO_SALUD, ID_LUGAR, ESTADO, FECHA_INFECCION, FECHA_RECUPERACION) VALUES
                                             (244, '00244', 7, 22, 'desconido', NULL, NULL);
INSERT INTO EX.PERSONA(DOC_IDENTIDAD, NOMBRE, NOMBRE1, APELLIDO, APELLIDO1, FECHA_NAC, GENERO, FOTO) VALUES
                  ('00245', 'Michael', 'Deborah', 'Reed', 'Mooney', TO_DATE('2005-02-27','YYYY-MM-DD'), 'f', NULL);
INSERT INTO EX.HISTORICO_RESIDENCIA(FECHA_INICIO, ID_LUGAR, ID_PERSONA, FECHA_FIN) VALUES
                  (TO_DATE('2017-06-21','YYYY-MM-DD'), 23, '00245', NULL);
INSERT INTO EX.FICHA_MEDICA(ID, ID_PERSONA, ID_CENTRO_SALUD, ID_LUGAR, ESTADO, FECHA_INFECCION, FECHA_RECUPERACION) VALUES
                                             (245, '00245', 8, 23, 'desconido', NULL, NULL);
INSERT INTO EX.PERSONA(DOC_IDENTIDAD, NOMBRE, NOMBRE1, APELLIDO, APELLIDO1, FECHA_NAC, GENERO, FOTO) VALUES
                  ('00246', 'Terri', 'Dalton', 'Herrera', 'Porter', TO_DATE('1976-07-09','YYYY-MM-DD'), 'm', NULL);
INSERT INTO EX.HISTORICO_RESIDENCIA(FECHA_INICIO, ID_LUGAR, ID_PERSONA, FECHA_FIN) VALUES
                  (TO_DATE('1991-01-06','YYYY-MM-DD'), 37, '00246', NULL);
INSERT INTO EX.FICHA_MEDICA(ID, ID_PERSONA, ID_CENTRO_SALUD, ID_LUGAR, ESTADO, FECHA_INFECCION, FECHA_RECUPERACION) VALUES
                                             (246, '00246', 22, 37, 'desconido', NULL, NULL);
INSERT INTO EX.PADECIMIENTOS(ID_PATOLOGIA, ID_PERSONA, ID_FICHA_MEDICA) VALUES
                            (1, '00246', 246);
INSERT INTO EX.PADECIMIENTOS(ID_PATOLOGIA, ID_PERSONA, ID_FICHA_MEDICA) VALUES
                            (2, '00246', 246);
INSERT INTO EX.SINTOMAS(FECHA_INICIO, ID_SINTOMA, ID_PERSONA, ID_FICHA_MEDICA) VALUES
                            (TO_DATE('2020-06-26','YYYY-MM-DD'), 1, '00246', 246);
INSERT INTO EX.SINTOMAS(FECHA_INICIO, ID_SINTOMA, ID_PERSONA, ID_FICHA_MEDICA) VALUES
                            (TO_DATE('2020-02-29','YYYY-MM-DD'), 2, '00246', 246);
INSERT INTO EX.SINTOMAS(FECHA_INICIO, ID_SINTOMA, ID_PERSONA, ID_FICHA_MEDICA) VALUES
                            (TO_DATE('2020-04-03','YYYY-MM-DD'), 3, '00246', 246);
INSERT INTO EX.SINTOMAS(FECHA_INICIO, ID_SINTOMA, ID_PERSONA, ID_FICHA_MEDICA) VALUES
                            (TO_DATE('2020-05-26','YYYY-MM-DD'), 4, '00246', 246);
INSERT INTO EX.SINTOMAS(FECHA_INICIO, ID_SINTOMA, ID_PERSONA, ID_FICHA_MEDICA) VALUES
                            (TO_DATE('2020-04-09','YYYY-MM-DD'), 5, '00246', 246);
INSERT INTO EX.SINTOMAS(FECHA_INICIO, ID_SINTOMA, ID_PERSONA, ID_FICHA_MEDICA) VALUES
                            (TO_DATE('2020-06-21','YYYY-MM-DD'), 6, '00246', 246);
INSERT INTO EX.SINTOMAS(FECHA_INICIO, ID_SINTOMA, ID_PERSONA, ID_FICHA_MEDICA) VALUES
                            (TO_DATE('2020-04-27','YYYY-MM-DD'), 7, '00246', 246);
INSERT INTO EX.SINTOMAS(FECHA_INICIO, ID_SINTOMA, ID_PERSONA, ID_FICHA_MEDICA) VALUES
                            (TO_DATE('2020-01-02','YYYY-MM-DD'), 8, '00246', 246);
INSERT INTO EX.SINTOMAS(FECHA_INICIO, ID_SINTOMA, ID_PERSONA, ID_FICHA_MEDICA) VALUES
                            (TO_DATE('2020-04-06','YYYY-MM-DD'), 9, '00246', 246);
INSERT INTO EX.SINTOMAS(FECHA_INICIO, ID_SINTOMA, ID_PERSONA, ID_FICHA_MEDICA) VALUES
                            (TO_DATE('2020-04-17','YYYY-MM-DD'), 10, '00246', 246);
INSERT INTO EX.SINTOMAS(FECHA_INICIO, ID_SINTOMA, ID_PERSONA, ID_FICHA_MEDICA) VALUES
                            (TO_DATE('2020-01-20','YYYY-MM-DD'), 11, '00246', 246);
INSERT INTO EX.PERSONA(DOC_IDENTIDAD, NOMBRE, NOMBRE1, APELLIDO, APELLIDO1, FECHA_NAC, GENERO, FOTO) VALUES
                  ('00247', 'Bobby', 'Isaac', 'Lopez', 'Ochoa', TO_DATE('1975-02-20','YYYY-MM-DD'), 'f', NULL);
INSERT INTO EX.HISTORICO_RESIDENCIA(FECHA_INICIO, ID_LUGAR, ID_PERSONA, FECHA_FIN) VALUES
                  (TO_DATE('1983-08-09','YYYY-MM-DD'), 27, '00247', NULL);
INSERT INTO EX.FICHA_MEDICA(ID, ID_PERSONA, ID_CENTRO_SALUD, ID_LUGAR, ESTADO, FECHA_INFECCION, FECHA_RECUPERACION) VALUES
                                             (247, '00247', 12, 27, 'desconido', NULL, NULL);
INSERT INTO EX.PADECIMIENTOS(ID_PATOLOGIA, ID_PERSONA, ID_FICHA_MEDICA) VALUES
                            (1, '00247', 247);
INSERT INTO EX.PADECIMIENTOS(ID_PATOLOGIA, ID_PERSONA, ID_FICHA_MEDICA) VALUES
                            (2, '00247', 247);
INSERT INTO EX.PADECIMIENTOS(ID_PATOLOGIA, ID_PERSONA, ID_FICHA_MEDICA) VALUES
                            (3, '00247', 247);
INSERT INTO EX.PADECIMIENTOS(ID_PATOLOGIA, ID_PERSONA, ID_FICHA_MEDICA) VALUES
                            (4, '00247', 247);
INSERT INTO EX.PADECIMIENTOS(ID_PATOLOGIA, ID_PERSONA, ID_FICHA_MEDICA) VALUES
                            (5, '00247', 247);
INSERT INTO EX.PADECIMIENTOS(ID_PATOLOGIA, ID_PERSONA, ID_FICHA_MEDICA) VALUES
                            (6, '00247', 247);
INSERT INTO EX.PADECIMIENTOS(ID_PATOLOGIA, ID_PERSONA, ID_FICHA_MEDICA) VALUES
                            (7, '00247', 247);
INSERT INTO EX.PADECIMIENTOS(ID_PATOLOGIA, ID_PERSONA, ID_FICHA_MEDICA) VALUES
                            (8, '00247', 247);
INSERT INTO EX.PADECIMIENTOS(ID_PATOLOGIA, ID_PERSONA, ID_FICHA_MEDICA) VALUES
                            (9, '00247', 247);
INSERT INTO EX.PERSONA(DOC_IDENTIDAD, NOMBRE, NOMBRE1, APELLIDO, APELLIDO1, FECHA_NAC, GENERO, FOTO) VALUES
                  ('00248', 'Melissa', 'Lisa', 'Russell', 'Moore', TO_DATE('1974-01-11','YYYY-MM-DD'), 'm', NULL);
INSERT INTO EX.HISTORICO_RESIDENCIA(FECHA_INICIO, ID_LUGAR, ID_PERSONA, FECHA_FIN) VALUES
                  (TO_DATE('1993-01-21','YYYY-MM-DD'), 34, '00248', NULL);
INSERT INTO EX.FICHA_MEDICA(ID, ID_PERSONA, ID_CENTRO_SALUD, ID_LUGAR, ESTADO, FECHA_INFECCION, FECHA_RECUPERACION) VALUES
                                             (248, '00248', 19, 34, 'desconido', NULL, NULL);
INSERT INTO EX.PADECIMIENTOS(ID_PATOLOGIA, ID_PERSONA, ID_FICHA_MEDICA) VALUES
                            (1, '00248', 248);
INSERT INTO EX.PADECIMIENTOS(ID_PATOLOGIA, ID_PERSONA, ID_FICHA_MEDICA) VALUES
                            (2, '00248', 248);
INSERT INTO EX.PADECIMIENTOS(ID_PATOLOGIA, ID_PERSONA, ID_FICHA_MEDICA) VALUES
                            (3, '00248', 248);
INSERT INTO EX.PADECIMIENTOS(ID_PATOLOGIA, ID_PERSONA, ID_FICHA_MEDICA) VALUES
                            (4, '00248', 248);
INSERT INTO EX.PADECIMIENTOS(ID_PATOLOGIA, ID_PERSONA, ID_FICHA_MEDICA) VALUES
                            (5, '00248', 248);
INSERT INTO EX.PADECIMIENTOS(ID_PATOLOGIA, ID_PERSONA, ID_FICHA_MEDICA) VALUES
                            (6, '00248', 248);
INSERT INTO EX.PADECIMIENTOS(ID_PATOLOGIA, ID_PERSONA, ID_FICHA_MEDICA) VALUES
                            (7, '00248', 248);
INSERT INTO EX.PADECIMIENTOS(ID_PATOLOGIA, ID_PERSONA, ID_FICHA_MEDICA) VALUES
                            (8, '00248', 248);
INSERT INTO EX.PADECIMIENTOS(ID_PATOLOGIA, ID_PERSONA, ID_FICHA_MEDICA) VALUES
                            (9, '00248', 248);
INSERT INTO EX.PADECIMIENTOS(ID_PATOLOGIA, ID_PERSONA, ID_FICHA_MEDICA) VALUES
                            (10, '00248', 248);
INSERT INTO EX.PADECIMIENTOS(ID_PATOLOGIA, ID_PERSONA, ID_FICHA_MEDICA) VALUES
                            (11, '00248', 248);
INSERT INTO EX.PADECIMIENTOS(ID_PATOLOGIA, ID_PERSONA, ID_FICHA_MEDICA) VALUES
                            (12, '00248', 248);
INSERT INTO EX.SINTOMAS(FECHA_INICIO, ID_SINTOMA, ID_PERSONA, ID_FICHA_MEDICA) VALUES
                            (TO_DATE('2020-03-17','YYYY-MM-DD'), 1, '00248', 248);
INSERT INTO EX.SINTOMAS(FECHA_INICIO, ID_SINTOMA, ID_PERSONA, ID_FICHA_MEDICA) VALUES
                            (TO_DATE('2020-05-28','YYYY-MM-DD'), 2, '00248', 248);
INSERT INTO EX.SINTOMAS(FECHA_INICIO, ID_SINTOMA, ID_PERSONA, ID_FICHA_MEDICA) VALUES
                            (TO_DATE('2020-01-17','YYYY-MM-DD'), 3, '00248', 248);
INSERT INTO EX.SINTOMAS(FECHA_INICIO, ID_SINTOMA, ID_PERSONA, ID_FICHA_MEDICA) VALUES
                            (TO_DATE('2020-05-20','YYYY-MM-DD'), 4, '00248', 248);
INSERT INTO EX.SINTOMAS(FECHA_INICIO, ID_SINTOMA, ID_PERSONA, ID_FICHA_MEDICA) VALUES
                            (TO_DATE('2020-06-04','YYYY-MM-DD'), 5, '00248', 248);
INSERT INTO EX.SINTOMAS(FECHA_INICIO, ID_SINTOMA, ID_PERSONA, ID_FICHA_MEDICA) VALUES
                            (TO_DATE('2020-03-07','YYYY-MM-DD'), 6, '00248', 248);
INSERT INTO EX.SINTOMAS(FECHA_INICIO, ID_SINTOMA, ID_PERSONA, ID_FICHA_MEDICA) VALUES
                            (TO_DATE('2020-05-09','YYYY-MM-DD'), 7, '00248', 248);
INSERT INTO EX.SINTOMAS(FECHA_INICIO, ID_SINTOMA, ID_PERSONA, ID_FICHA_MEDICA) VALUES
                            (TO_DATE('2020-04-20','YYYY-MM-DD'), 8, '00248', 248);
INSERT INTO EX.SINTOMAS(FECHA_INICIO, ID_SINTOMA, ID_PERSONA, ID_FICHA_MEDICA) VALUES
                            (TO_DATE('2020-02-23','YYYY-MM-DD'), 9, '00248', 248);
INSERT INTO EX.SINTOMAS(FECHA_INICIO, ID_SINTOMA, ID_PERSONA, ID_FICHA_MEDICA) VALUES
                            (TO_DATE('2020-02-13','YYYY-MM-DD'), 10, '00248', 248);
INSERT INTO EX.SINTOMAS(FECHA_INICIO, ID_SINTOMA, ID_PERSONA, ID_FICHA_MEDICA) VALUES
                            (TO_DATE('2020-06-06','YYYY-MM-DD'), 11, '00248', 248);
INSERT INTO EX.SINTOMAS(FECHA_INICIO, ID_SINTOMA, ID_PERSONA, ID_FICHA_MEDICA) VALUES
                            (TO_DATE('2020-04-21','YYYY-MM-DD'), 12, '00248', 248);
INSERT INTO EX.SINTOMAS(FECHA_INICIO, ID_SINTOMA, ID_PERSONA, ID_FICHA_MEDICA) VALUES
                            (TO_DATE('2020-05-10','YYYY-MM-DD'), 13, '00248', 248);
INSERT INTO EX.SINTOMAS(FECHA_INICIO, ID_SINTOMA, ID_PERSONA, ID_FICHA_MEDICA) VALUES
                            (TO_DATE('2020-02-21','YYYY-MM-DD'), 14, '00248', 248);
INSERT INTO EX.SINTOMAS(FECHA_INICIO, ID_SINTOMA, ID_PERSONA, ID_FICHA_MEDICA) VALUES
                            (TO_DATE('2020-02-24','YYYY-MM-DD'), 15, '00248', 248);
INSERT INTO EX.SINTOMAS(FECHA_INICIO, ID_SINTOMA, ID_PERSONA, ID_FICHA_MEDICA) VALUES
                            (TO_DATE('2020-06-18','YYYY-MM-DD'), 16, '00248', 248);
INSERT INTO EX.PERSONA(DOC_IDENTIDAD, NOMBRE, NOMBRE1, APELLIDO, APELLIDO1, FECHA_NAC, GENERO, FOTO) VALUES
                  ('00249', 'Johnny', 'Jeffrey', 'Norris', 'Wood', TO_DATE('1981-08-01','YYYY-MM-DD'), 'f', NULL);
INSERT INTO EX.HISTORICO_RESIDENCIA(FECHA_INICIO, ID_LUGAR, ID_PERSONA, FECHA_FIN) VALUES
                  (TO_DATE('2020-02-04','YYYY-MM-DD'), 42, '00249', NULL);
INSERT INTO EX.FICHA_MEDICA(ID, ID_PERSONA, ID_CENTRO_SALUD, ID_LUGAR, ESTADO, FECHA_INFECCION, FECHA_RECUPERACION) VALUES
                                             (249, '00249', 27, 42, 'desconido', NULL, NULL);
INSERT INTO EX.PERSONA(DOC_IDENTIDAD, NOMBRE, NOMBRE1, APELLIDO, APELLIDO1, FECHA_NAC, GENERO, FOTO) VALUES
                  ('00250', 'Paul', 'Sandra', 'Mendez', 'Bullock', TO_DATE('2017-12-15','YYYY-MM-DD'), 'm', NULL);
INSERT INTO EX.HISTORICO_RESIDENCIA(FECHA_INICIO, ID_LUGAR, ID_PERSONA, FECHA_FIN) VALUES
                  (TO_DATE('2002-12-24','YYYY-MM-DD'), 40, '00250', NULL);
INSERT INTO EX.FICHA_MEDICA(ID, ID_PERSONA, ID_CENTRO_SALUD, ID_LUGAR, ESTADO, FECHA_INFECCION, FECHA_RECUPERACION) VALUES
                                             (250, '00250', 25, 40, 'desconido', NULL, NULL);
INSERT INTO EX.PADECIMIENTOS(ID_PATOLOGIA, ID_PERSONA, ID_FICHA_MEDICA) VALUES
                            (1, '00250', 250);
INSERT INTO EX.PADECIMIENTOS(ID_PATOLOGIA, ID_PERSONA, ID_FICHA_MEDICA) VALUES
                            (2, '00250', 250);
INSERT INTO EX.PADECIMIENTOS(ID_PATOLOGIA, ID_PERSONA, ID_FICHA_MEDICA) VALUES
                            (3, '00250', 250);
INSERT INTO EX.PERSONA(DOC_IDENTIDAD, NOMBRE, NOMBRE1, APELLIDO, APELLIDO1, FECHA_NAC, GENERO, FOTO) VALUES
                  ('00251', 'William', 'Patricia', 'Walker', 'Gallagher', TO_DATE('1978-12-10','YYYY-MM-DD'), 'f', NULL);
INSERT INTO EX.HISTORICO_RESIDENCIA(FECHA_INICIO, ID_LUGAR, ID_PERSONA, FECHA_FIN) VALUES
                  (TO_DATE('1994-11-16','YYYY-MM-DD'), 45, '00251', NULL);
INSERT INTO EX.FICHA_MEDICA(ID, ID_PERSONA, ID_CENTRO_SALUD, ID_LUGAR, ESTADO, FECHA_INFECCION, FECHA_RECUPERACION) VALUES
                                             (251, '00251', 30, 45, 'desconido', NULL, NULL);
INSERT INTO EX.SINTOMAS(FECHA_INICIO, ID_SINTOMA, ID_PERSONA, ID_FICHA_MEDICA) VALUES
                            (TO_DATE('2020-03-12','YYYY-MM-DD'), 1, '00251', 251);
INSERT INTO EX.SINTOMAS(FECHA_INICIO, ID_SINTOMA, ID_PERSONA, ID_FICHA_MEDICA) VALUES
                            (TO_DATE('2020-05-15','YYYY-MM-DD'), 2, '00251', 251);
INSERT INTO EX.SINTOMAS(FECHA_INICIO, ID_SINTOMA, ID_PERSONA, ID_FICHA_MEDICA) VALUES
                            (TO_DATE('2020-02-06','YYYY-MM-DD'), 3, '00251', 251);
INSERT INTO EX.SINTOMAS(FECHA_INICIO, ID_SINTOMA, ID_PERSONA, ID_FICHA_MEDICA) VALUES
                            (TO_DATE('2020-06-21','YYYY-MM-DD'), 4, '00251', 251);
INSERT INTO EX.SINTOMAS(FECHA_INICIO, ID_SINTOMA, ID_PERSONA, ID_FICHA_MEDICA) VALUES
                            (TO_DATE('2020-06-14','YYYY-MM-DD'), 5, '00251', 251);
INSERT INTO EX.SINTOMAS(FECHA_INICIO, ID_SINTOMA, ID_PERSONA, ID_FICHA_MEDICA) VALUES
                            (TO_DATE('2020-02-26','YYYY-MM-DD'), 6, '00251', 251);
INSERT INTO EX.SINTOMAS(FECHA_INICIO, ID_SINTOMA, ID_PERSONA, ID_FICHA_MEDICA) VALUES
                            (TO_DATE('2020-02-20','YYYY-MM-DD'), 7, '00251', 251);
INSERT INTO EX.SINTOMAS(FECHA_INICIO, ID_SINTOMA, ID_PERSONA, ID_FICHA_MEDICA) VALUES
                            (TO_DATE('2020-02-08','YYYY-MM-DD'), 8, '00251', 251);
INSERT INTO EX.SINTOMAS(FECHA_INICIO, ID_SINTOMA, ID_PERSONA, ID_FICHA_MEDICA) VALUES
                            (TO_DATE('2020-01-03','YYYY-MM-DD'), 9, '00251', 251);
INSERT INTO EX.SINTOMAS(FECHA_INICIO, ID_SINTOMA, ID_PERSONA, ID_FICHA_MEDICA) VALUES
                            (TO_DATE('2020-04-30','YYYY-MM-DD'), 10, '00251', 251);
INSERT INTO EX.SINTOMAS(FECHA_INICIO, ID_SINTOMA, ID_PERSONA, ID_FICHA_MEDICA) VALUES
                            (TO_DATE('2020-05-17','YYYY-MM-DD'), 11, '00251', 251);
INSERT INTO EX.SINTOMAS(FECHA_INICIO, ID_SINTOMA, ID_PERSONA, ID_FICHA_MEDICA) VALUES
                            (TO_DATE('2020-05-24','YYYY-MM-DD'), 12, '00251', 251);
INSERT INTO EX.SINTOMAS(FECHA_INICIO, ID_SINTOMA, ID_PERSONA, ID_FICHA_MEDICA) VALUES
                            (TO_DATE('2020-01-14','YYYY-MM-DD'), 13, '00251', 251);
INSERT INTO EX.SINTOMAS(FECHA_INICIO, ID_SINTOMA, ID_PERSONA, ID_FICHA_MEDICA) VALUES
                            (TO_DATE('2020-01-23','YYYY-MM-DD'), 14, '00251', 251);
INSERT INTO EX.SINTOMAS(FECHA_INICIO, ID_SINTOMA, ID_PERSONA, ID_FICHA_MEDICA) VALUES
                            (TO_DATE('2020-04-15','YYYY-MM-DD'), 15, '00251', 251);
INSERT INTO EX.SINTOMAS(FECHA_INICIO, ID_SINTOMA, ID_PERSONA, ID_FICHA_MEDICA) VALUES
                            (TO_DATE('2020-05-07','YYYY-MM-DD'), 16, '00251', 251);
INSERT INTO EX.SINTOMAS(FECHA_INICIO, ID_SINTOMA, ID_PERSONA, ID_FICHA_MEDICA) VALUES
                            (TO_DATE('2020-05-14','YYYY-MM-DD'), 17, '00251', 251);
INSERT INTO EX.PERSONA(DOC_IDENTIDAD, NOMBRE, NOMBRE1, APELLIDO, APELLIDO1, FECHA_NAC, GENERO, FOTO) VALUES
                  ('00252', 'Gregory', 'Justin', 'Robertson', 'Cardenas', TO_DATE('1979-08-11','YYYY-MM-DD'), 'm', NULL);
INSERT INTO EX.HISTORICO_RESIDENCIA(FECHA_INICIO, ID_LUGAR, ID_PERSONA, FECHA_FIN) VALUES
                  (TO_DATE('1979-12-04','YYYY-MM-DD'), 19, '00252', NULL);
INSERT INTO EX.FICHA_MEDICA(ID, ID_PERSONA, ID_CENTRO_SALUD, ID_LUGAR, ESTADO, FECHA_INFECCION, FECHA_RECUPERACION) VALUES
                                             (252, '00252', 4, 19, 'desconido', NULL, NULL);
INSERT INTO EX.PERSONA(DOC_IDENTIDAD, NOMBRE, NOMBRE1, APELLIDO, APELLIDO1, FECHA_NAC, GENERO, FOTO) VALUES
                  ('00253', 'Morgan', 'Meredith', 'Zuniga', 'Matthews', TO_DATE('1995-07-12','YYYY-MM-DD'), 'f', NULL);
INSERT INTO EX.HISTORICO_RESIDENCIA(FECHA_INICIO, ID_LUGAR, ID_PERSONA, FECHA_FIN) VALUES
                  (TO_DATE('2011-10-21','YYYY-MM-DD'), 41, '00253', NULL);
INSERT INTO EX.FICHA_MEDICA(ID, ID_PERSONA, ID_CENTRO_SALUD, ID_LUGAR, ESTADO, FECHA_INFECCION, FECHA_RECUPERACION) VALUES
                                             (253, '00253', 26, 41, 'desconido', NULL, NULL);
INSERT INTO EX.PERSONA(DOC_IDENTIDAD, NOMBRE, NOMBRE1, APELLIDO, APELLIDO1, FECHA_NAC, GENERO, FOTO) VALUES
                  ('00254', 'Seth', 'Edward', 'Green', 'Jones', TO_DATE('1992-07-10','YYYY-MM-DD'), 'm', NULL);
INSERT INTO EX.HISTORICO_RESIDENCIA(FECHA_INICIO, ID_LUGAR, ID_PERSONA, FECHA_FIN) VALUES
                  (TO_DATE('1994-02-14','YYYY-MM-DD'), 32, '00254', NULL);
INSERT INTO EX.FICHA_MEDICA(ID, ID_PERSONA, ID_CENTRO_SALUD, ID_LUGAR, ESTADO, FECHA_INFECCION, FECHA_RECUPERACION) VALUES
                                             (254, '00254', 17, 32, 'desconido', NULL, NULL);
INSERT INTO EX.PERSONA(DOC_IDENTIDAD, NOMBRE, NOMBRE1, APELLIDO, APELLIDO1, FECHA_NAC, GENERO, FOTO) VALUES
                  ('00255', 'Gregory', 'Emily', 'Carson', 'Cunningham', TO_DATE('2008-05-26','YYYY-MM-DD'), 'f', NULL);
INSERT INTO EX.HISTORICO_RESIDENCIA(FECHA_INICIO, ID_LUGAR, ID_PERSONA, FECHA_FIN) VALUES
                  (TO_DATE('1996-01-26','YYYY-MM-DD'), 19, '00255', NULL);
INSERT INTO EX.FICHA_MEDICA(ID, ID_PERSONA, ID_CENTRO_SALUD, ID_LUGAR, ESTADO, FECHA_INFECCION, FECHA_RECUPERACION) VALUES
                                             (255, '00255', 4, 19, 'desconido', NULL, NULL);
INSERT INTO EX.PERSONA(DOC_IDENTIDAD, NOMBRE, NOMBRE1, APELLIDO, APELLIDO1, FECHA_NAC, GENERO, FOTO) VALUES
                  ('00256', 'Anthony', 'Brent', 'Orozco', 'Ortiz', TO_DATE('2017-05-11','YYYY-MM-DD'), 'm', NULL);
INSERT INTO EX.HISTORICO_RESIDENCIA(FECHA_INICIO, ID_LUGAR, ID_PERSONA, FECHA_FIN) VALUES
                  (TO_DATE('1984-03-24','YYYY-MM-DD'), 24, '00256', NULL);
INSERT INTO EX.FICHA_MEDICA(ID, ID_PERSONA, ID_CENTRO_SALUD, ID_LUGAR, ESTADO, FECHA_INFECCION, FECHA_RECUPERACION) VALUES
                                             (256, '00256', 9, 24, 'desconido', NULL, NULL);
INSERT INTO EX.PERSONA(DOC_IDENTIDAD, NOMBRE, NOMBRE1, APELLIDO, APELLIDO1, FECHA_NAC, GENERO, FOTO) VALUES
                  ('00257', 'Mary', 'Matthew', 'Farmer', 'Dodson', TO_DATE('2010-11-21','YYYY-MM-DD'), 'f', NULL);
INSERT INTO EX.HISTORICO_RESIDENCIA(FECHA_INICIO, ID_LUGAR, ID_PERSONA, FECHA_FIN) VALUES
                  (TO_DATE('1995-03-06','YYYY-MM-DD'), 32, '00257', NULL);
INSERT INTO EX.FICHA_MEDICA(ID, ID_PERSONA, ID_CENTRO_SALUD, ID_LUGAR, ESTADO, FECHA_INFECCION, FECHA_RECUPERACION) VALUES
                                             (257, '00257', 17, 32, 'desconido', NULL, NULL);
INSERT INTO EX.PERSONA(DOC_IDENTIDAD, NOMBRE, NOMBRE1, APELLIDO, APELLIDO1, FECHA_NAC, GENERO, FOTO) VALUES
                  ('00258', 'William', 'Tonya', 'Lawson', 'Neal', TO_DATE('2018-03-22','YYYY-MM-DD'), 'm', NULL);
INSERT INTO EX.HISTORICO_RESIDENCIA(FECHA_INICIO, ID_LUGAR, ID_PERSONA, FECHA_FIN) VALUES
                  (TO_DATE('1991-04-04','YYYY-MM-DD'), 33, '00258', NULL);
INSERT INTO EX.FICHA_MEDICA(ID, ID_PERSONA, ID_CENTRO_SALUD, ID_LUGAR, ESTADO, FECHA_INFECCION, FECHA_RECUPERACION) VALUES
                                             (258, '00258', 18, 33, 'desconido', NULL, NULL);
INSERT INTO EX.PERSONA(DOC_IDENTIDAD, NOMBRE, NOMBRE1, APELLIDO, APELLIDO1, FECHA_NAC, GENERO, FOTO) VALUES
                  ('00259', 'Tyler', 'Lisa', 'Davis', 'Williams', TO_DATE('1987-06-12','YYYY-MM-DD'), 'f', NULL);
INSERT INTO EX.HISTORICO_RESIDENCIA(FECHA_INICIO, ID_LUGAR, ID_PERSONA, FECHA_FIN) VALUES
                  (TO_DATE('1970-12-10','YYYY-MM-DD'), 44, '00259', NULL);
INSERT INTO EX.FICHA_MEDICA(ID, ID_PERSONA, ID_CENTRO_SALUD, ID_LUGAR, ESTADO, FECHA_INFECCION, FECHA_RECUPERACION) VALUES
                                             (259, '00259', 29, 44, 'desconido', NULL, NULL);
INSERT INTO EX.PERSONA(DOC_IDENTIDAD, NOMBRE, NOMBRE1, APELLIDO, APELLIDO1, FECHA_NAC, GENERO, FOTO) VALUES
                  ('00260', 'Valerie', 'Julie', 'Brown', 'Wolfe', TO_DATE('2004-06-25','YYYY-MM-DD'), 'm', NULL);
INSERT INTO EX.HISTORICO_RESIDENCIA(FECHA_INICIO, ID_LUGAR, ID_PERSONA, FECHA_FIN) VALUES
                  (TO_DATE('2000-11-21','YYYY-MM-DD'), 30, '00260', NULL);
INSERT INTO EX.FICHA_MEDICA(ID, ID_PERSONA, ID_CENTRO_SALUD, ID_LUGAR, ESTADO, FECHA_INFECCION, FECHA_RECUPERACION) VALUES
                                             (260, '00260', 15, 30, 'desconido', NULL, NULL);
INSERT INTO EX.PADECIMIENTOS(ID_PATOLOGIA, ID_PERSONA, ID_FICHA_MEDICA) VALUES
                            (1, '00260', 260);
INSERT INTO EX.PADECIMIENTOS(ID_PATOLOGIA, ID_PERSONA, ID_FICHA_MEDICA) VALUES
                            (2, '00260', 260);
INSERT INTO EX.PADECIMIENTOS(ID_PATOLOGIA, ID_PERSONA, ID_FICHA_MEDICA) VALUES
                            (3, '00260', 260);
INSERT INTO EX.PADECIMIENTOS(ID_PATOLOGIA, ID_PERSONA, ID_FICHA_MEDICA) VALUES
                            (4, '00260', 260);
INSERT INTO EX.PADECIMIENTOS(ID_PATOLOGIA, ID_PERSONA, ID_FICHA_MEDICA) VALUES
                            (5, '00260', 260);
INSERT INTO EX.PADECIMIENTOS(ID_PATOLOGIA, ID_PERSONA, ID_FICHA_MEDICA) VALUES
                            (6, '00260', 260);
INSERT INTO EX.SINTOMAS(FECHA_INICIO, ID_SINTOMA, ID_PERSONA, ID_FICHA_MEDICA) VALUES
                            (TO_DATE('2020-06-06','YYYY-MM-DD'), 1, '00260', 260);
INSERT INTO EX.SINTOMAS(FECHA_INICIO, ID_SINTOMA, ID_PERSONA, ID_FICHA_MEDICA) VALUES
                            (TO_DATE('2020-04-24','YYYY-MM-DD'), 2, '00260', 260);
INSERT INTO EX.SINTOMAS(FECHA_INICIO, ID_SINTOMA, ID_PERSONA, ID_FICHA_MEDICA) VALUES
                            (TO_DATE('2020-04-03','YYYY-MM-DD'), 3, '00260', 260);
INSERT INTO EX.SINTOMAS(FECHA_INICIO, ID_SINTOMA, ID_PERSONA, ID_FICHA_MEDICA) VALUES
                            (TO_DATE('2020-04-18','YYYY-MM-DD'), 4, '00260', 260);
INSERT INTO EX.SINTOMAS(FECHA_INICIO, ID_SINTOMA, ID_PERSONA, ID_FICHA_MEDICA) VALUES
                            (TO_DATE('2020-03-17','YYYY-MM-DD'), 5, '00260', 260);
INSERT INTO EX.PERSONA(DOC_IDENTIDAD, NOMBRE, NOMBRE1, APELLIDO, APELLIDO1, FECHA_NAC, GENERO, FOTO) VALUES
                  ('00261', 'Jeremy', 'James', 'Larson', 'Meyer', TO_DATE('1972-07-24','YYYY-MM-DD'), 'f', NULL);
INSERT INTO EX.HISTORICO_RESIDENCIA(FECHA_INICIO, ID_LUGAR, ID_PERSONA, FECHA_FIN) VALUES
                  (TO_DATE('1987-11-16','YYYY-MM-DD'), 37, '00261', NULL);
INSERT INTO EX.FICHA_MEDICA(ID, ID_PERSONA, ID_CENTRO_SALUD, ID_LUGAR, ESTADO, FECHA_INFECCION, FECHA_RECUPERACION) VALUES
                                             (261, '00261', 22, 37, 'desconido', NULL, NULL);
INSERT INTO EX.PADECIMIENTOS(ID_PATOLOGIA, ID_PERSONA, ID_FICHA_MEDICA) VALUES
                            (1, '00261', 261);
INSERT INTO EX.PADECIMIENTOS(ID_PATOLOGIA, ID_PERSONA, ID_FICHA_MEDICA) VALUES
                            (2, '00261', 261);
INSERT INTO EX.PADECIMIENTOS(ID_PATOLOGIA, ID_PERSONA, ID_FICHA_MEDICA) VALUES
                            (3, '00261', 261);
INSERT INTO EX.PADECIMIENTOS(ID_PATOLOGIA, ID_PERSONA, ID_FICHA_MEDICA) VALUES
                            (4, '00261', 261);
INSERT INTO EX.PADECIMIENTOS(ID_PATOLOGIA, ID_PERSONA, ID_FICHA_MEDICA) VALUES
                            (5, '00261', 261);
INSERT INTO EX.PADECIMIENTOS(ID_PATOLOGIA, ID_PERSONA, ID_FICHA_MEDICA) VALUES
                            (6, '00261', 261);
INSERT INTO EX.PADECIMIENTOS(ID_PATOLOGIA, ID_PERSONA, ID_FICHA_MEDICA) VALUES
                            (7, '00261', 261);
INSERT INTO EX.PERSONA(DOC_IDENTIDAD, NOMBRE, NOMBRE1, APELLIDO, APELLIDO1, FECHA_NAC, GENERO, FOTO) VALUES
                  ('00262', 'Kurt', 'Michelle', 'Henderson', 'James', TO_DATE('1987-05-03','YYYY-MM-DD'), 'm', NULL);
INSERT INTO EX.HISTORICO_RESIDENCIA(FECHA_INICIO, ID_LUGAR, ID_PERSONA, FECHA_FIN) VALUES
                  (TO_DATE('1999-04-12','YYYY-MM-DD'), 27, '00262', NULL);
INSERT INTO EX.FICHA_MEDICA(ID, ID_PERSONA, ID_CENTRO_SALUD, ID_LUGAR, ESTADO, FECHA_INFECCION, FECHA_RECUPERACION) VALUES
                                             (262, '00262', 12, 27, 'desconido', NULL, NULL);
INSERT INTO EX.PERSONA(DOC_IDENTIDAD, NOMBRE, NOMBRE1, APELLIDO, APELLIDO1, FECHA_NAC, GENERO, FOTO) VALUES
                  ('00263', 'Stacey', 'Justin', 'Frost', 'Holmes', TO_DATE('1978-08-30','YYYY-MM-DD'), 'f', NULL);
INSERT INTO EX.HISTORICO_RESIDENCIA(FECHA_INICIO, ID_LUGAR, ID_PERSONA, FECHA_FIN) VALUES
                  (TO_DATE('2008-06-02','YYYY-MM-DD'), 44, '00263', NULL);
INSERT INTO EX.FICHA_MEDICA(ID, ID_PERSONA, ID_CENTRO_SALUD, ID_LUGAR, ESTADO, FECHA_INFECCION, FECHA_RECUPERACION) VALUES
                                             (263, '00263', 29, 44, 'desconido', NULL, NULL);
INSERT INTO EX.PADECIMIENTOS(ID_PATOLOGIA, ID_PERSONA, ID_FICHA_MEDICA) VALUES
                            (1, '00263', 263);
INSERT INTO EX.PADECIMIENTOS(ID_PATOLOGIA, ID_PERSONA, ID_FICHA_MEDICA) VALUES
                            (2, '00263', 263);
INSERT INTO EX.PADECIMIENTOS(ID_PATOLOGIA, ID_PERSONA, ID_FICHA_MEDICA) VALUES
                            (3, '00263', 263);
INSERT INTO EX.PADECIMIENTOS(ID_PATOLOGIA, ID_PERSONA, ID_FICHA_MEDICA) VALUES
                            (4, '00263', 263);
INSERT INTO EX.PADECIMIENTOS(ID_PATOLOGIA, ID_PERSONA, ID_FICHA_MEDICA) VALUES
                            (5, '00263', 263);
INSERT INTO EX.PADECIMIENTOS(ID_PATOLOGIA, ID_PERSONA, ID_FICHA_MEDICA) VALUES
                            (6, '00263', 263);
INSERT INTO EX.PADECIMIENTOS(ID_PATOLOGIA, ID_PERSONA, ID_FICHA_MEDICA) VALUES
                            (7, '00263', 263);
INSERT INTO EX.PADECIMIENTOS(ID_PATOLOGIA, ID_PERSONA, ID_FICHA_MEDICA) VALUES
                            (8, '00263', 263);
INSERT INTO EX.SINTOMAS(FECHA_INICIO, ID_SINTOMA, ID_PERSONA, ID_FICHA_MEDICA) VALUES
                            (TO_DATE('2020-03-06','YYYY-MM-DD'), 1, '00263', 263);
INSERT INTO EX.SINTOMAS(FECHA_INICIO, ID_SINTOMA, ID_PERSONA, ID_FICHA_MEDICA) VALUES
                            (TO_DATE('2020-04-11','YYYY-MM-DD'), 2, '00263', 263);
INSERT INTO EX.SINTOMAS(FECHA_INICIO, ID_SINTOMA, ID_PERSONA, ID_FICHA_MEDICA) VALUES
                            (TO_DATE('2020-01-09','YYYY-MM-DD'), 3, '00263', 263);
INSERT INTO EX.SINTOMAS(FECHA_INICIO, ID_SINTOMA, ID_PERSONA, ID_FICHA_MEDICA) VALUES
                            (TO_DATE('2020-01-10','YYYY-MM-DD'), 4, '00263', 263);
INSERT INTO EX.SINTOMAS(FECHA_INICIO, ID_SINTOMA, ID_PERSONA, ID_FICHA_MEDICA) VALUES
                            (TO_DATE('2020-01-16','YYYY-MM-DD'), 5, '00263', 263);
INSERT INTO EX.SINTOMAS(FECHA_INICIO, ID_SINTOMA, ID_PERSONA, ID_FICHA_MEDICA) VALUES
                            (TO_DATE('2020-02-12','YYYY-MM-DD'), 6, '00263', 263);
INSERT INTO EX.SINTOMAS(FECHA_INICIO, ID_SINTOMA, ID_PERSONA, ID_FICHA_MEDICA) VALUES
                            (TO_DATE('2020-01-06','YYYY-MM-DD'), 7, '00263', 263);
INSERT INTO EX.SINTOMAS(FECHA_INICIO, ID_SINTOMA, ID_PERSONA, ID_FICHA_MEDICA) VALUES
                            (TO_DATE('2020-06-01','YYYY-MM-DD'), 8, '00263', 263);
INSERT INTO EX.SINTOMAS(FECHA_INICIO, ID_SINTOMA, ID_PERSONA, ID_FICHA_MEDICA) VALUES
                            (TO_DATE('2020-05-18','YYYY-MM-DD'), 9, '00263', 263);
INSERT INTO EX.SINTOMAS(FECHA_INICIO, ID_SINTOMA, ID_PERSONA, ID_FICHA_MEDICA) VALUES
                            (TO_DATE('2020-01-28','YYYY-MM-DD'), 10, '00263', 263);
INSERT INTO EX.SINTOMAS(FECHA_INICIO, ID_SINTOMA, ID_PERSONA, ID_FICHA_MEDICA) VALUES
                            (TO_DATE('2020-05-23','YYYY-MM-DD'), 11, '00263', 263);
INSERT INTO EX.SINTOMAS(FECHA_INICIO, ID_SINTOMA, ID_PERSONA, ID_FICHA_MEDICA) VALUES
                            (TO_DATE('2020-04-02','YYYY-MM-DD'), 12, '00263', 263);
INSERT INTO EX.SINTOMAS(FECHA_INICIO, ID_SINTOMA, ID_PERSONA, ID_FICHA_MEDICA) VALUES
                            (TO_DATE('2020-06-03','YYYY-MM-DD'), 13, '00263', 263);
INSERT INTO EX.SINTOMAS(FECHA_INICIO, ID_SINTOMA, ID_PERSONA, ID_FICHA_MEDICA) VALUES
                            (TO_DATE('2020-03-18','YYYY-MM-DD'), 14, '00263', 263);
INSERT INTO EX.SINTOMAS(FECHA_INICIO, ID_SINTOMA, ID_PERSONA, ID_FICHA_MEDICA) VALUES
                            (TO_DATE('2020-01-03','YYYY-MM-DD'), 15, '00263', 263);
INSERT INTO EX.SINTOMAS(FECHA_INICIO, ID_SINTOMA, ID_PERSONA, ID_FICHA_MEDICA) VALUES
                            (TO_DATE('2020-02-15','YYYY-MM-DD'), 16, '00263', 263);
INSERT INTO EX.SINTOMAS(FECHA_INICIO, ID_SINTOMA, ID_PERSONA, ID_FICHA_MEDICA) VALUES
                            (TO_DATE('2020-05-09','YYYY-MM-DD'), 17, '00263', 263);
INSERT INTO EX.PERSONA(DOC_IDENTIDAD, NOMBRE, NOMBRE1, APELLIDO, APELLIDO1, FECHA_NAC, GENERO, FOTO) VALUES
                  ('00264', 'Kenneth', 'Debra', 'Jones', 'Harris', TO_DATE('1994-09-17','YYYY-MM-DD'), 'm', NULL);
INSERT INTO EX.HISTORICO_RESIDENCIA(FECHA_INICIO, ID_LUGAR, ID_PERSONA, FECHA_FIN) VALUES
                  (TO_DATE('1998-04-21','YYYY-MM-DD'), 31, '00264', NULL);
INSERT INTO EX.FICHA_MEDICA(ID, ID_PERSONA, ID_CENTRO_SALUD, ID_LUGAR, ESTADO, FECHA_INFECCION, FECHA_RECUPERACION) VALUES
                                             (264, '00264', 16, 31, 'desconido', NULL, NULL);
INSERT INTO EX.SINTOMAS(FECHA_INICIO, ID_SINTOMA, ID_PERSONA, ID_FICHA_MEDICA) VALUES
                            (TO_DATE('2020-05-30','YYYY-MM-DD'), 1, '00264', 264);
INSERT INTO EX.SINTOMAS(FECHA_INICIO, ID_SINTOMA, ID_PERSONA, ID_FICHA_MEDICA) VALUES
                            (TO_DATE('2020-04-15','YYYY-MM-DD'), 2, '00264', 264);
INSERT INTO EX.SINTOMAS(FECHA_INICIO, ID_SINTOMA, ID_PERSONA, ID_FICHA_MEDICA) VALUES
                            (TO_DATE('2020-05-16','YYYY-MM-DD'), 3, '00264', 264);
INSERT INTO EX.SINTOMAS(FECHA_INICIO, ID_SINTOMA, ID_PERSONA, ID_FICHA_MEDICA) VALUES
                            (TO_DATE('2020-03-06','YYYY-MM-DD'), 4, '00264', 264);
INSERT INTO EX.SINTOMAS(FECHA_INICIO, ID_SINTOMA, ID_PERSONA, ID_FICHA_MEDICA) VALUES
                            (TO_DATE('2020-06-26','YYYY-MM-DD'), 5, '00264', 264);
INSERT INTO EX.SINTOMAS(FECHA_INICIO, ID_SINTOMA, ID_PERSONA, ID_FICHA_MEDICA) VALUES
                            (TO_DATE('2020-04-03','YYYY-MM-DD'), 6, '00264', 264);
INSERT INTO EX.SINTOMAS(FECHA_INICIO, ID_SINTOMA, ID_PERSONA, ID_FICHA_MEDICA) VALUES
                            (TO_DATE('2020-01-26','YYYY-MM-DD'), 7, '00264', 264);
INSERT INTO EX.PERSONA(DOC_IDENTIDAD, NOMBRE, NOMBRE1, APELLIDO, APELLIDO1, FECHA_NAC, GENERO, FOTO) VALUES
                  ('00265', 'Paula', 'Scott', 'Jordan', 'Brown', TO_DATE('1979-04-27','YYYY-MM-DD'), 'f', NULL);
INSERT INTO EX.HISTORICO_RESIDENCIA(FECHA_INICIO, ID_LUGAR, ID_PERSONA, FECHA_FIN) VALUES
                  (TO_DATE('1995-07-12','YYYY-MM-DD'), 24, '00265', NULL);
INSERT INTO EX.FICHA_MEDICA(ID, ID_PERSONA, ID_CENTRO_SALUD, ID_LUGAR, ESTADO, FECHA_INFECCION, FECHA_RECUPERACION) VALUES
                                             (265, '00265', 9, 24, 'desconido', NULL, NULL);
INSERT INTO EX.PADECIMIENTOS(ID_PATOLOGIA, ID_PERSONA, ID_FICHA_MEDICA) VALUES
                            (1, '00265', 265);
INSERT INTO EX.PADECIMIENTOS(ID_PATOLOGIA, ID_PERSONA, ID_FICHA_MEDICA) VALUES
                            (2, '00265', 265);
INSERT INTO EX.PADECIMIENTOS(ID_PATOLOGIA, ID_PERSONA, ID_FICHA_MEDICA) VALUES
                            (3, '00265', 265);
INSERT INTO EX.PADECIMIENTOS(ID_PATOLOGIA, ID_PERSONA, ID_FICHA_MEDICA) VALUES
                            (4, '00265', 265);
INSERT INTO EX.PADECIMIENTOS(ID_PATOLOGIA, ID_PERSONA, ID_FICHA_MEDICA) VALUES
                            (5, '00265', 265);
INSERT INTO EX.PADECIMIENTOS(ID_PATOLOGIA, ID_PERSONA, ID_FICHA_MEDICA) VALUES
                            (6, '00265', 265);
INSERT INTO EX.PADECIMIENTOS(ID_PATOLOGIA, ID_PERSONA, ID_FICHA_MEDICA) VALUES
                            (7, '00265', 265);
INSERT INTO EX.SINTOMAS(FECHA_INICIO, ID_SINTOMA, ID_PERSONA, ID_FICHA_MEDICA) VALUES
                            (TO_DATE('2020-03-06','YYYY-MM-DD'), 1, '00265', 265);
INSERT INTO EX.SINTOMAS(FECHA_INICIO, ID_SINTOMA, ID_PERSONA, ID_FICHA_MEDICA) VALUES
                            (TO_DATE('2020-05-23','YYYY-MM-DD'), 2, '00265', 265);
INSERT INTO EX.PERSONA(DOC_IDENTIDAD, NOMBRE, NOMBRE1, APELLIDO, APELLIDO1, FECHA_NAC, GENERO, FOTO) VALUES
                  ('00266', 'Michelle', 'Susan', 'Watson', 'Leblanc', TO_DATE('1997-06-15','YYYY-MM-DD'), 'm', NULL);
INSERT INTO EX.HISTORICO_RESIDENCIA(FECHA_INICIO, ID_LUGAR, ID_PERSONA, FECHA_FIN) VALUES
                  (TO_DATE('2017-11-27','YYYY-MM-DD'), 40, '00266', NULL);
INSERT INTO EX.FICHA_MEDICA(ID, ID_PERSONA, ID_CENTRO_SALUD, ID_LUGAR, ESTADO, FECHA_INFECCION, FECHA_RECUPERACION) VALUES
                                             (266, '00266', 25, 40, 'desconido', NULL, NULL);
INSERT INTO EX.PADECIMIENTOS(ID_PATOLOGIA, ID_PERSONA, ID_FICHA_MEDICA) VALUES
                            (1, '00266', 266);
INSERT INTO EX.PADECIMIENTOS(ID_PATOLOGIA, ID_PERSONA, ID_FICHA_MEDICA) VALUES
                            (2, '00266', 266);
INSERT INTO EX.PADECIMIENTOS(ID_PATOLOGIA, ID_PERSONA, ID_FICHA_MEDICA) VALUES
                            (3, '00266', 266);
INSERT INTO EX.PADECIMIENTOS(ID_PATOLOGIA, ID_PERSONA, ID_FICHA_MEDICA) VALUES
                            (4, '00266', 266);
INSERT INTO EX.PADECIMIENTOS(ID_PATOLOGIA, ID_PERSONA, ID_FICHA_MEDICA) VALUES
                            (5, '00266', 266);
INSERT INTO EX.PADECIMIENTOS(ID_PATOLOGIA, ID_PERSONA, ID_FICHA_MEDICA) VALUES
                            (6, '00266', 266);
INSERT INTO EX.PADECIMIENTOS(ID_PATOLOGIA, ID_PERSONA, ID_FICHA_MEDICA) VALUES
                            (7, '00266', 266);
INSERT INTO EX.PADECIMIENTOS(ID_PATOLOGIA, ID_PERSONA, ID_FICHA_MEDICA) VALUES
                            (8, '00266', 266);
INSERT INTO EX.PADECIMIENTOS(ID_PATOLOGIA, ID_PERSONA, ID_FICHA_MEDICA) VALUES
                            (9, '00266', 266);
INSERT INTO EX.PERSONA(DOC_IDENTIDAD, NOMBRE, NOMBRE1, APELLIDO, APELLIDO1, FECHA_NAC, GENERO, FOTO) VALUES
                  ('00267', 'Gary', 'Timothy', 'Massey', 'Barrett', TO_DATE('1976-03-31','YYYY-MM-DD'), 'f', NULL);
INSERT INTO EX.HISTORICO_RESIDENCIA(FECHA_INICIO, ID_LUGAR, ID_PERSONA, FECHA_FIN) VALUES
                  (TO_DATE('1973-08-10','YYYY-MM-DD'), 37, '00267', NULL);
INSERT INTO EX.FICHA_MEDICA(ID, ID_PERSONA, ID_CENTRO_SALUD, ID_LUGAR, ESTADO, FECHA_INFECCION, FECHA_RECUPERACION) VALUES
                                             (267, '00267', 22, 37, 'desconido', NULL, NULL);
INSERT INTO EX.PADECIMIENTOS(ID_PATOLOGIA, ID_PERSONA, ID_FICHA_MEDICA) VALUES
                            (1, '00267', 267);
INSERT INTO EX.PADECIMIENTOS(ID_PATOLOGIA, ID_PERSONA, ID_FICHA_MEDICA) VALUES
                            (2, '00267', 267);
INSERT INTO EX.PADECIMIENTOS(ID_PATOLOGIA, ID_PERSONA, ID_FICHA_MEDICA) VALUES
                            (3, '00267', 267);
INSERT INTO EX.PADECIMIENTOS(ID_PATOLOGIA, ID_PERSONA, ID_FICHA_MEDICA) VALUES
                            (4, '00267', 267);
INSERT INTO EX.PADECIMIENTOS(ID_PATOLOGIA, ID_PERSONA, ID_FICHA_MEDICA) VALUES
                            (5, '00267', 267);
INSERT INTO EX.PADECIMIENTOS(ID_PATOLOGIA, ID_PERSONA, ID_FICHA_MEDICA) VALUES
                            (6, '00267', 267);
INSERT INTO EX.PADECIMIENTOS(ID_PATOLOGIA, ID_PERSONA, ID_FICHA_MEDICA) VALUES
                            (7, '00267', 267);
INSERT INTO EX.PADECIMIENTOS(ID_PATOLOGIA, ID_PERSONA, ID_FICHA_MEDICA) VALUES
                            (8, '00267', 267);
INSERT INTO EX.PADECIMIENTOS(ID_PATOLOGIA, ID_PERSONA, ID_FICHA_MEDICA) VALUES
                            (9, '00267', 267);
INSERT INTO EX.SINTOMAS(FECHA_INICIO, ID_SINTOMA, ID_PERSONA, ID_FICHA_MEDICA) VALUES
                            (TO_DATE('2020-06-30','YYYY-MM-DD'), 1, '00267', 267);
INSERT INTO EX.SINTOMAS(FECHA_INICIO, ID_SINTOMA, ID_PERSONA, ID_FICHA_MEDICA) VALUES
                            (TO_DATE('2020-04-15','YYYY-MM-DD'), 2, '00267', 267);
INSERT INTO EX.SINTOMAS(FECHA_INICIO, ID_SINTOMA, ID_PERSONA, ID_FICHA_MEDICA) VALUES
                            (TO_DATE('2020-04-18','YYYY-MM-DD'), 3, '00267', 267);
INSERT INTO EX.SINTOMAS(FECHA_INICIO, ID_SINTOMA, ID_PERSONA, ID_FICHA_MEDICA) VALUES
                            (TO_DATE('2020-04-08','YYYY-MM-DD'), 4, '00267', 267);
INSERT INTO EX.SINTOMAS(FECHA_INICIO, ID_SINTOMA, ID_PERSONA, ID_FICHA_MEDICA) VALUES
                            (TO_DATE('2020-06-07','YYYY-MM-DD'), 5, '00267', 267);
INSERT INTO EX.SINTOMAS(FECHA_INICIO, ID_SINTOMA, ID_PERSONA, ID_FICHA_MEDICA) VALUES
                            (TO_DATE('2020-03-30','YYYY-MM-DD'), 6, '00267', 267);
INSERT INTO EX.SINTOMAS(FECHA_INICIO, ID_SINTOMA, ID_PERSONA, ID_FICHA_MEDICA) VALUES
                            (TO_DATE('2020-06-01','YYYY-MM-DD'), 7, '00267', 267);
INSERT INTO EX.SINTOMAS(FECHA_INICIO, ID_SINTOMA, ID_PERSONA, ID_FICHA_MEDICA) VALUES
                            (TO_DATE('2020-05-31','YYYY-MM-DD'), 8, '00267', 267);
INSERT INTO EX.SINTOMAS(FECHA_INICIO, ID_SINTOMA, ID_PERSONA, ID_FICHA_MEDICA) VALUES
                            (TO_DATE('2020-04-18','YYYY-MM-DD'), 9, '00267', 267);
INSERT INTO EX.SINTOMAS(FECHA_INICIO, ID_SINTOMA, ID_PERSONA, ID_FICHA_MEDICA) VALUES
                            (TO_DATE('2020-04-27','YYYY-MM-DD'), 10, '00267', 267);
INSERT INTO EX.SINTOMAS(FECHA_INICIO, ID_SINTOMA, ID_PERSONA, ID_FICHA_MEDICA) VALUES
                            (TO_DATE('2020-04-17','YYYY-MM-DD'), 11, '00267', 267);
INSERT INTO EX.SINTOMAS(FECHA_INICIO, ID_SINTOMA, ID_PERSONA, ID_FICHA_MEDICA) VALUES
                            (TO_DATE('2020-04-26','YYYY-MM-DD'), 12, '00267', 267);
INSERT INTO EX.SINTOMAS(FECHA_INICIO, ID_SINTOMA, ID_PERSONA, ID_FICHA_MEDICA) VALUES
                            (TO_DATE('2020-05-04','YYYY-MM-DD'), 13, '00267', 267);
INSERT INTO EX.SINTOMAS(FECHA_INICIO, ID_SINTOMA, ID_PERSONA, ID_FICHA_MEDICA) VALUES
                            (TO_DATE('2020-03-06','YYYY-MM-DD'), 14, '00267', 267);
INSERT INTO EX.SINTOMAS(FECHA_INICIO, ID_SINTOMA, ID_PERSONA, ID_FICHA_MEDICA) VALUES
                            (TO_DATE('2020-03-06','YYYY-MM-DD'), 15, '00267', 267);
INSERT INTO EX.SINTOMAS(FECHA_INICIO, ID_SINTOMA, ID_PERSONA, ID_FICHA_MEDICA) VALUES
                            (TO_DATE('2020-03-04','YYYY-MM-DD'), 16, '00267', 267);
INSERT INTO EX.SINTOMAS(FECHA_INICIO, ID_SINTOMA, ID_PERSONA, ID_FICHA_MEDICA) VALUES
                            (TO_DATE('2020-05-01','YYYY-MM-DD'), 17, '00267', 267);
INSERT INTO EX.SINTOMAS(FECHA_INICIO, ID_SINTOMA, ID_PERSONA, ID_FICHA_MEDICA) VALUES
                            (TO_DATE('2020-03-26','YYYY-MM-DD'), 18, '00267', 267);
INSERT INTO EX.PERSONA(DOC_IDENTIDAD, NOMBRE, NOMBRE1, APELLIDO, APELLIDO1, FECHA_NAC, GENERO, FOTO) VALUES
                  ('00268', 'James', 'Glenn', 'Bradley', 'Maxwell', TO_DATE('2002-08-31','YYYY-MM-DD'), 'm', NULL);
INSERT INTO EX.HISTORICO_RESIDENCIA(FECHA_INICIO, ID_LUGAR, ID_PERSONA, FECHA_FIN) VALUES
                  (TO_DATE('2006-07-31','YYYY-MM-DD'), 20, '00268', NULL);
INSERT INTO EX.FICHA_MEDICA(ID, ID_PERSONA, ID_CENTRO_SALUD, ID_LUGAR, ESTADO, FECHA_INFECCION, FECHA_RECUPERACION) VALUES
                                             (268, '00268', 5, 20, 'desconido', NULL, NULL);
INSERT INTO EX.PERSONA(DOC_IDENTIDAD, NOMBRE, NOMBRE1, APELLIDO, APELLIDO1, FECHA_NAC, GENERO, FOTO) VALUES
                  ('00269', 'Regina', 'Michelle', 'Miller', 'Espinoza', TO_DATE('2006-12-25','YYYY-MM-DD'), 'f', NULL);
INSERT INTO EX.HISTORICO_RESIDENCIA(FECHA_INICIO, ID_LUGAR, ID_PERSONA, FECHA_FIN) VALUES
                  (TO_DATE('2010-09-28','YYYY-MM-DD'), 45, '00269', NULL);
INSERT INTO EX.FICHA_MEDICA(ID, ID_PERSONA, ID_CENTRO_SALUD, ID_LUGAR, ESTADO, FECHA_INFECCION, FECHA_RECUPERACION) VALUES
                                             (269, '00269', 30, 45, 'desconido', NULL, NULL);
INSERT INTO EX.SINTOMAS(FECHA_INICIO, ID_SINTOMA, ID_PERSONA, ID_FICHA_MEDICA) VALUES
                            (TO_DATE('2020-03-09','YYYY-MM-DD'), 1, '00269', 269);
INSERT INTO EX.SINTOMAS(FECHA_INICIO, ID_SINTOMA, ID_PERSONA, ID_FICHA_MEDICA) VALUES
                            (TO_DATE('2020-05-24','YYYY-MM-DD'), 2, '00269', 269);
INSERT INTO EX.PERSONA(DOC_IDENTIDAD, NOMBRE, NOMBRE1, APELLIDO, APELLIDO1, FECHA_NAC, GENERO, FOTO) VALUES
                  ('00270', 'Lisa', 'Keith', 'Smith', 'Kelly', TO_DATE('2020-03-23','YYYY-MM-DD'), 'm', NULL);
INSERT INTO EX.HISTORICO_RESIDENCIA(FECHA_INICIO, ID_LUGAR, ID_PERSONA, FECHA_FIN) VALUES
                  (TO_DATE('2008-12-18','YYYY-MM-DD'), 36, '00270', NULL);
INSERT INTO EX.FICHA_MEDICA(ID, ID_PERSONA, ID_CENTRO_SALUD, ID_LUGAR, ESTADO, FECHA_INFECCION, FECHA_RECUPERACION) VALUES
                                             (270, '00270', 21, 36, 'desconido', NULL, NULL);
INSERT INTO EX.PADECIMIENTOS(ID_PATOLOGIA, ID_PERSONA, ID_FICHA_MEDICA) VALUES
                            (1, '00270', 270);
INSERT INTO EX.PADECIMIENTOS(ID_PATOLOGIA, ID_PERSONA, ID_FICHA_MEDICA) VALUES
                            (2, '00270', 270);
INSERT INTO EX.PADECIMIENTOS(ID_PATOLOGIA, ID_PERSONA, ID_FICHA_MEDICA) VALUES
                            (3, '00270', 270);
INSERT INTO EX.PADECIMIENTOS(ID_PATOLOGIA, ID_PERSONA, ID_FICHA_MEDICA) VALUES
                            (4, '00270', 270);
INSERT INTO EX.PADECIMIENTOS(ID_PATOLOGIA, ID_PERSONA, ID_FICHA_MEDICA) VALUES
                            (5, '00270', 270);
INSERT INTO EX.PADECIMIENTOS(ID_PATOLOGIA, ID_PERSONA, ID_FICHA_MEDICA) VALUES
                            (6, '00270', 270);
INSERT INTO EX.PADECIMIENTOS(ID_PATOLOGIA, ID_PERSONA, ID_FICHA_MEDICA) VALUES
                            (7, '00270', 270);
INSERT INTO EX.PADECIMIENTOS(ID_PATOLOGIA, ID_PERSONA, ID_FICHA_MEDICA) VALUES
                            (8, '00270', 270);
INSERT INTO EX.PADECIMIENTOS(ID_PATOLOGIA, ID_PERSONA, ID_FICHA_MEDICA) VALUES
                            (9, '00270', 270);
INSERT INTO EX.PADECIMIENTOS(ID_PATOLOGIA, ID_PERSONA, ID_FICHA_MEDICA) VALUES
                            (10, '00270', 270);
INSERT INTO EX.PADECIMIENTOS(ID_PATOLOGIA, ID_PERSONA, ID_FICHA_MEDICA) VALUES
                            (11, '00270', 270);
INSERT INTO EX.PADECIMIENTOS(ID_PATOLOGIA, ID_PERSONA, ID_FICHA_MEDICA) VALUES
                            (12, '00270', 270);
INSERT INTO EX.PADECIMIENTOS(ID_PATOLOGIA, ID_PERSONA, ID_FICHA_MEDICA) VALUES
                            (13, '00270', 270);
INSERT INTO EX.PADECIMIENTOS(ID_PATOLOGIA, ID_PERSONA, ID_FICHA_MEDICA) VALUES
                            (14, '00270', 270);
INSERT INTO EX.SINTOMAS(FECHA_INICIO, ID_SINTOMA, ID_PERSONA, ID_FICHA_MEDICA) VALUES
                            (TO_DATE('2020-06-15','YYYY-MM-DD'), 1, '00270', 270);
INSERT INTO EX.SINTOMAS(FECHA_INICIO, ID_SINTOMA, ID_PERSONA, ID_FICHA_MEDICA) VALUES
                            (TO_DATE('2020-01-17','YYYY-MM-DD'), 2, '00270', 270);
INSERT INTO EX.SINTOMAS(FECHA_INICIO, ID_SINTOMA, ID_PERSONA, ID_FICHA_MEDICA) VALUES
                            (TO_DATE('2020-01-04','YYYY-MM-DD'), 3, '00270', 270);
INSERT INTO EX.SINTOMAS(FECHA_INICIO, ID_SINTOMA, ID_PERSONA, ID_FICHA_MEDICA) VALUES
                            (TO_DATE('2020-01-26','YYYY-MM-DD'), 4, '00270', 270);
INSERT INTO EX.SINTOMAS(FECHA_INICIO, ID_SINTOMA, ID_PERSONA, ID_FICHA_MEDICA) VALUES
                            (TO_DATE('2020-02-08','YYYY-MM-DD'), 5, '00270', 270);
INSERT INTO EX.SINTOMAS(FECHA_INICIO, ID_SINTOMA, ID_PERSONA, ID_FICHA_MEDICA) VALUES
                            (TO_DATE('2020-02-27','YYYY-MM-DD'), 6, '00270', 270);
INSERT INTO EX.SINTOMAS(FECHA_INICIO, ID_SINTOMA, ID_PERSONA, ID_FICHA_MEDICA) VALUES
                            (TO_DATE('2020-02-24','YYYY-MM-DD'), 7, '00270', 270);
INSERT INTO EX.SINTOMAS(FECHA_INICIO, ID_SINTOMA, ID_PERSONA, ID_FICHA_MEDICA) VALUES
                            (TO_DATE('2020-01-02','YYYY-MM-DD'), 8, '00270', 270);
INSERT INTO EX.SINTOMAS(FECHA_INICIO, ID_SINTOMA, ID_PERSONA, ID_FICHA_MEDICA) VALUES
                            (TO_DATE('2020-06-30','YYYY-MM-DD'), 9, '00270', 270);
INSERT INTO EX.SINTOMAS(FECHA_INICIO, ID_SINTOMA, ID_PERSONA, ID_FICHA_MEDICA) VALUES
                            (TO_DATE('2020-03-06','YYYY-MM-DD'), 10, '00270', 270);
INSERT INTO EX.PERSONA(DOC_IDENTIDAD, NOMBRE, NOMBRE1, APELLIDO, APELLIDO1, FECHA_NAC, GENERO, FOTO) VALUES
                  ('00271', 'Eric', 'Elizabeth', 'Davidson', 'Garrett', TO_DATE('1999-09-06','YYYY-MM-DD'), 'f', NULL);
INSERT INTO EX.HISTORICO_RESIDENCIA(FECHA_INICIO, ID_LUGAR, ID_PERSONA, FECHA_FIN) VALUES
                  (TO_DATE('1999-02-22','YYYY-MM-DD'), 33, '00271', NULL);
INSERT INTO EX.FICHA_MEDICA(ID, ID_PERSONA, ID_CENTRO_SALUD, ID_LUGAR, ESTADO, FECHA_INFECCION, FECHA_RECUPERACION) VALUES
                                             (271, '00271', 18, 33, 'desconido', NULL, NULL);
INSERT INTO EX.PADECIMIENTOS(ID_PATOLOGIA, ID_PERSONA, ID_FICHA_MEDICA) VALUES
                            (1, '00271', 271);
INSERT INTO EX.PADECIMIENTOS(ID_PATOLOGIA, ID_PERSONA, ID_FICHA_MEDICA) VALUES
                            (2, '00271', 271);
INSERT INTO EX.PADECIMIENTOS(ID_PATOLOGIA, ID_PERSONA, ID_FICHA_MEDICA) VALUES
                            (3, '00271', 271);
INSERT INTO EX.PADECIMIENTOS(ID_PATOLOGIA, ID_PERSONA, ID_FICHA_MEDICA) VALUES
                            (4, '00271', 271);
INSERT INTO EX.PADECIMIENTOS(ID_PATOLOGIA, ID_PERSONA, ID_FICHA_MEDICA) VALUES
                            (5, '00271', 271);
INSERT INTO EX.PADECIMIENTOS(ID_PATOLOGIA, ID_PERSONA, ID_FICHA_MEDICA) VALUES
                            (6, '00271', 271);
INSERT INTO EX.PADECIMIENTOS(ID_PATOLOGIA, ID_PERSONA, ID_FICHA_MEDICA) VALUES
                            (7, '00271', 271);
INSERT INTO EX.PADECIMIENTOS(ID_PATOLOGIA, ID_PERSONA, ID_FICHA_MEDICA) VALUES
                            (8, '00271', 271);
INSERT INTO EX.PADECIMIENTOS(ID_PATOLOGIA, ID_PERSONA, ID_FICHA_MEDICA) VALUES
                            (9, '00271', 271);
INSERT INTO EX.PADECIMIENTOS(ID_PATOLOGIA, ID_PERSONA, ID_FICHA_MEDICA) VALUES
                            (10, '00271', 271);
INSERT INTO EX.PADECIMIENTOS(ID_PATOLOGIA, ID_PERSONA, ID_FICHA_MEDICA) VALUES
                            (11, '00271', 271);
INSERT INTO EX.SINTOMAS(FECHA_INICIO, ID_SINTOMA, ID_PERSONA, ID_FICHA_MEDICA) VALUES
                            (TO_DATE('2020-03-20','YYYY-MM-DD'), 1, '00271', 271);
INSERT INTO EX.SINTOMAS(FECHA_INICIO, ID_SINTOMA, ID_PERSONA, ID_FICHA_MEDICA) VALUES
                            (TO_DATE('2020-01-25','YYYY-MM-DD'), 2, '00271', 271);
INSERT INTO EX.SINTOMAS(FECHA_INICIO, ID_SINTOMA, ID_PERSONA, ID_FICHA_MEDICA) VALUES
                            (TO_DATE('2020-05-20','YYYY-MM-DD'), 3, '00271', 271);
INSERT INTO EX.SINTOMAS(FECHA_INICIO, ID_SINTOMA, ID_PERSONA, ID_FICHA_MEDICA) VALUES
                            (TO_DATE('2020-06-22','YYYY-MM-DD'), 4, '00271', 271);
INSERT INTO EX.PERSONA(DOC_IDENTIDAD, NOMBRE, NOMBRE1, APELLIDO, APELLIDO1, FECHA_NAC, GENERO, FOTO) VALUES
                  ('00272', 'Thomas', 'Marissa', 'Flynn', 'Knight', TO_DATE('2009-04-15','YYYY-MM-DD'), 'm', NULL);
INSERT INTO EX.HISTORICO_RESIDENCIA(FECHA_INICIO, ID_LUGAR, ID_PERSONA, FECHA_FIN) VALUES
                  (TO_DATE('1976-03-13','YYYY-MM-DD'), 25, '00272', NULL);
INSERT INTO EX.FICHA_MEDICA(ID, ID_PERSONA, ID_CENTRO_SALUD, ID_LUGAR, ESTADO, FECHA_INFECCION, FECHA_RECUPERACION) VALUES
                                             (272, '00272', 10, 25, 'desconido', NULL, NULL);
INSERT INTO EX.PADECIMIENTOS(ID_PATOLOGIA, ID_PERSONA, ID_FICHA_MEDICA) VALUES
                            (1, '00272', 272);
INSERT INTO EX.PADECIMIENTOS(ID_PATOLOGIA, ID_PERSONA, ID_FICHA_MEDICA) VALUES
                            (2, '00272', 272);
INSERT INTO EX.PADECIMIENTOS(ID_PATOLOGIA, ID_PERSONA, ID_FICHA_MEDICA) VALUES
                            (3, '00272', 272);
INSERT INTO EX.PADECIMIENTOS(ID_PATOLOGIA, ID_PERSONA, ID_FICHA_MEDICA) VALUES
                            (4, '00272', 272);
INSERT INTO EX.PADECIMIENTOS(ID_PATOLOGIA, ID_PERSONA, ID_FICHA_MEDICA) VALUES
                            (5, '00272', 272);
INSERT INTO EX.PADECIMIENTOS(ID_PATOLOGIA, ID_PERSONA, ID_FICHA_MEDICA) VALUES
                            (6, '00272', 272);
INSERT INTO EX.PADECIMIENTOS(ID_PATOLOGIA, ID_PERSONA, ID_FICHA_MEDICA) VALUES
                            (7, '00272', 272);
INSERT INTO EX.PADECIMIENTOS(ID_PATOLOGIA, ID_PERSONA, ID_FICHA_MEDICA) VALUES
                            (8, '00272', 272);
INSERT INTO EX.SINTOMAS(FECHA_INICIO, ID_SINTOMA, ID_PERSONA, ID_FICHA_MEDICA) VALUES
                            (TO_DATE('2020-01-30','YYYY-MM-DD'), 1, '00272', 272);
INSERT INTO EX.SINTOMAS(FECHA_INICIO, ID_SINTOMA, ID_PERSONA, ID_FICHA_MEDICA) VALUES
                            (TO_DATE('2020-03-15','YYYY-MM-DD'), 2, '00272', 272);
INSERT INTO EX.SINTOMAS(FECHA_INICIO, ID_SINTOMA, ID_PERSONA, ID_FICHA_MEDICA) VALUES
                            (TO_DATE('2020-06-11','YYYY-MM-DD'), 3, '00272', 272);
INSERT INTO EX.SINTOMAS(FECHA_INICIO, ID_SINTOMA, ID_PERSONA, ID_FICHA_MEDICA) VALUES
                            (TO_DATE('2020-04-25','YYYY-MM-DD'), 4, '00272', 272);
INSERT INTO EX.SINTOMAS(FECHA_INICIO, ID_SINTOMA, ID_PERSONA, ID_FICHA_MEDICA) VALUES
                            (TO_DATE('2020-04-04','YYYY-MM-DD'), 5, '00272', 272);
INSERT INTO EX.SINTOMAS(FECHA_INICIO, ID_SINTOMA, ID_PERSONA, ID_FICHA_MEDICA) VALUES
                            (TO_DATE('2020-06-20','YYYY-MM-DD'), 6, '00272', 272);
INSERT INTO EX.SINTOMAS(FECHA_INICIO, ID_SINTOMA, ID_PERSONA, ID_FICHA_MEDICA) VALUES
                            (TO_DATE('2020-06-18','YYYY-MM-DD'), 7, '00272', 272);
INSERT INTO EX.SINTOMAS(FECHA_INICIO, ID_SINTOMA, ID_PERSONA, ID_FICHA_MEDICA) VALUES
                            (TO_DATE('2020-03-21','YYYY-MM-DD'), 8, '00272', 272);
INSERT INTO EX.SINTOMAS(FECHA_INICIO, ID_SINTOMA, ID_PERSONA, ID_FICHA_MEDICA) VALUES
                            (TO_DATE('2020-04-17','YYYY-MM-DD'), 9, '00272', 272);
INSERT INTO EX.PERSONA(DOC_IDENTIDAD, NOMBRE, NOMBRE1, APELLIDO, APELLIDO1, FECHA_NAC, GENERO, FOTO) VALUES
                  ('00273', 'Leah', 'Leah', 'James', 'Lewis', TO_DATE('2013-07-31','YYYY-MM-DD'), 'f', NULL);
INSERT INTO EX.HISTORICO_RESIDENCIA(FECHA_INICIO, ID_LUGAR, ID_PERSONA, FECHA_FIN) VALUES
                  (TO_DATE('1994-12-01','YYYY-MM-DD'), 26, '00273', NULL);
INSERT INTO EX.FICHA_MEDICA(ID, ID_PERSONA, ID_CENTRO_SALUD, ID_LUGAR, ESTADO, FECHA_INFECCION, FECHA_RECUPERACION) VALUES
                                             (273, '00273', 11, 26, 'desconido', NULL, NULL);
INSERT INTO EX.SINTOMAS(FECHA_INICIO, ID_SINTOMA, ID_PERSONA, ID_FICHA_MEDICA) VALUES
                            (TO_DATE('2020-06-13','YYYY-MM-DD'), 1, '00273', 273);
INSERT INTO EX.SINTOMAS(FECHA_INICIO, ID_SINTOMA, ID_PERSONA, ID_FICHA_MEDICA) VALUES
                            (TO_DATE('2020-05-31','YYYY-MM-DD'), 2, '00273', 273);
INSERT INTO EX.SINTOMAS(FECHA_INICIO, ID_SINTOMA, ID_PERSONA, ID_FICHA_MEDICA) VALUES
                            (TO_DATE('2020-03-23','YYYY-MM-DD'), 3, '00273', 273);
INSERT INTO EX.SINTOMAS(FECHA_INICIO, ID_SINTOMA, ID_PERSONA, ID_FICHA_MEDICA) VALUES
                            (TO_DATE('2020-04-08','YYYY-MM-DD'), 4, '00273', 273);
INSERT INTO EX.SINTOMAS(FECHA_INICIO, ID_SINTOMA, ID_PERSONA, ID_FICHA_MEDICA) VALUES
                            (TO_DATE('2020-04-01','YYYY-MM-DD'), 5, '00273', 273);
INSERT INTO EX.SINTOMAS(FECHA_INICIO, ID_SINTOMA, ID_PERSONA, ID_FICHA_MEDICA) VALUES
                            (TO_DATE('2020-05-06','YYYY-MM-DD'), 6, '00273', 273);
INSERT INTO EX.SINTOMAS(FECHA_INICIO, ID_SINTOMA, ID_PERSONA, ID_FICHA_MEDICA) VALUES
                            (TO_DATE('2020-01-09','YYYY-MM-DD'), 7, '00273', 273);
INSERT INTO EX.SINTOMAS(FECHA_INICIO, ID_SINTOMA, ID_PERSONA, ID_FICHA_MEDICA) VALUES
                            (TO_DATE('2020-04-17','YYYY-MM-DD'), 8, '00273', 273);
INSERT INTO EX.SINTOMAS(FECHA_INICIO, ID_SINTOMA, ID_PERSONA, ID_FICHA_MEDICA) VALUES
                            (TO_DATE('2020-06-10','YYYY-MM-DD'), 9, '00273', 273);
INSERT INTO EX.PERSONA(DOC_IDENTIDAD, NOMBRE, NOMBRE1, APELLIDO, APELLIDO1, FECHA_NAC, GENERO, FOTO) VALUES
                  ('00274', 'Sherry', 'Juan', 'Garcia', 'Edwards', TO_DATE('1984-06-26','YYYY-MM-DD'), 'm', NULL);
INSERT INTO EX.HISTORICO_RESIDENCIA(FECHA_INICIO, ID_LUGAR, ID_PERSONA, FECHA_FIN) VALUES
                  (TO_DATE('2005-12-03','YYYY-MM-DD'), 20, '00274', NULL);
INSERT INTO EX.FICHA_MEDICA(ID, ID_PERSONA, ID_CENTRO_SALUD, ID_LUGAR, ESTADO, FECHA_INFECCION, FECHA_RECUPERACION) VALUES
                                             (274, '00274', 5, 20, 'desconido', NULL, NULL);
INSERT INTO EX.PERSONA(DOC_IDENTIDAD, NOMBRE, NOMBRE1, APELLIDO, APELLIDO1, FECHA_NAC, GENERO, FOTO) VALUES
                  ('00275', 'John', 'Stephen', 'Kelly', 'Cameron', TO_DATE('1975-05-12','YYYY-MM-DD'), 'f', NULL);
INSERT INTO EX.HISTORICO_RESIDENCIA(FECHA_INICIO, ID_LUGAR, ID_PERSONA, FECHA_FIN) VALUES
                  (TO_DATE('1988-06-26','YYYY-MM-DD'), 26, '00275', NULL);
INSERT INTO EX.FICHA_MEDICA(ID, ID_PERSONA, ID_CENTRO_SALUD, ID_LUGAR, ESTADO, FECHA_INFECCION, FECHA_RECUPERACION) VALUES
                                             (275, '00275', 11, 26, 'desconido', NULL, NULL);
INSERT INTO EX.PADECIMIENTOS(ID_PATOLOGIA, ID_PERSONA, ID_FICHA_MEDICA) VALUES
                            (1, '00275', 275);
INSERT INTO EX.PADECIMIENTOS(ID_PATOLOGIA, ID_PERSONA, ID_FICHA_MEDICA) VALUES
                            (2, '00275', 275);
INSERT INTO EX.SINTOMAS(FECHA_INICIO, ID_SINTOMA, ID_PERSONA, ID_FICHA_MEDICA) VALUES
                            (TO_DATE('2020-05-23','YYYY-MM-DD'), 1, '00275', 275);
INSERT INTO EX.SINTOMAS(FECHA_INICIO, ID_SINTOMA, ID_PERSONA, ID_FICHA_MEDICA) VALUES
                            (TO_DATE('2020-02-19','YYYY-MM-DD'), 2, '00275', 275);
INSERT INTO EX.SINTOMAS(FECHA_INICIO, ID_SINTOMA, ID_PERSONA, ID_FICHA_MEDICA) VALUES
                            (TO_DATE('2020-06-08','YYYY-MM-DD'), 3, '00275', 275);
INSERT INTO EX.SINTOMAS(FECHA_INICIO, ID_SINTOMA, ID_PERSONA, ID_FICHA_MEDICA) VALUES
                            (TO_DATE('2020-04-21','YYYY-MM-DD'), 4, '00275', 275);
INSERT INTO EX.PERSONA(DOC_IDENTIDAD, NOMBRE, NOMBRE1, APELLIDO, APELLIDO1, FECHA_NAC, GENERO, FOTO) VALUES
                  ('00276', 'Taylor', 'Katelyn', 'Levine', 'Marshall', TO_DATE('1998-08-22','YYYY-MM-DD'), 'm', NULL);
INSERT INTO EX.HISTORICO_RESIDENCIA(FECHA_INICIO, ID_LUGAR, ID_PERSONA, FECHA_FIN) VALUES
                  (TO_DATE('2000-11-03','YYYY-MM-DD'), 45, '00276', NULL);
INSERT INTO EX.FICHA_MEDICA(ID, ID_PERSONA, ID_CENTRO_SALUD, ID_LUGAR, ESTADO, FECHA_INFECCION, FECHA_RECUPERACION) VALUES
                                             (276, '00276', 30, 45, 'desconido', NULL, NULL);
INSERT INTO EX.SINTOMAS(FECHA_INICIO, ID_SINTOMA, ID_PERSONA, ID_FICHA_MEDICA) VALUES
                            (TO_DATE('2020-05-14','YYYY-MM-DD'), 1, '00276', 276);
INSERT INTO EX.SINTOMAS(FECHA_INICIO, ID_SINTOMA, ID_PERSONA, ID_FICHA_MEDICA) VALUES
                            (TO_DATE('2020-05-06','YYYY-MM-DD'), 2, '00276', 276);
INSERT INTO EX.SINTOMAS(FECHA_INICIO, ID_SINTOMA, ID_PERSONA, ID_FICHA_MEDICA) VALUES
                            (TO_DATE('2020-06-19','YYYY-MM-DD'), 3, '00276', 276);
INSERT INTO EX.SINTOMAS(FECHA_INICIO, ID_SINTOMA, ID_PERSONA, ID_FICHA_MEDICA) VALUES
                            (TO_DATE('2020-04-19','YYYY-MM-DD'), 4, '00276', 276);
INSERT INTO EX.SINTOMAS(FECHA_INICIO, ID_SINTOMA, ID_PERSONA, ID_FICHA_MEDICA) VALUES
                            (TO_DATE('2020-03-31','YYYY-MM-DD'), 5, '00276', 276);
INSERT INTO EX.SINTOMAS(FECHA_INICIO, ID_SINTOMA, ID_PERSONA, ID_FICHA_MEDICA) VALUES
                            (TO_DATE('2020-01-01','YYYY-MM-DD'), 6, '00276', 276);
INSERT INTO EX.SINTOMAS(FECHA_INICIO, ID_SINTOMA, ID_PERSONA, ID_FICHA_MEDICA) VALUES
                            (TO_DATE('2020-03-13','YYYY-MM-DD'), 7, '00276', 276);
INSERT INTO EX.SINTOMAS(FECHA_INICIO, ID_SINTOMA, ID_PERSONA, ID_FICHA_MEDICA) VALUES
                            (TO_DATE('2020-03-11','YYYY-MM-DD'), 8, '00276', 276);
INSERT INTO EX.PERSONA(DOC_IDENTIDAD, NOMBRE, NOMBRE1, APELLIDO, APELLIDO1, FECHA_NAC, GENERO, FOTO) VALUES
                  ('00277', 'Sandra', 'Jessica', 'Cooper', 'Landry', TO_DATE('1977-07-11','YYYY-MM-DD'), 'f', NULL);
INSERT INTO EX.HISTORICO_RESIDENCIA(FECHA_INICIO, ID_LUGAR, ID_PERSONA, FECHA_FIN) VALUES
                  (TO_DATE('2002-02-19','YYYY-MM-DD'), 24, '00277', NULL);
INSERT INTO EX.FICHA_MEDICA(ID, ID_PERSONA, ID_CENTRO_SALUD, ID_LUGAR, ESTADO, FECHA_INFECCION, FECHA_RECUPERACION) VALUES
                                             (277, '00277', 9, 24, 'desconido', NULL, NULL);
INSERT INTO EX.SINTOMAS(FECHA_INICIO, ID_SINTOMA, ID_PERSONA, ID_FICHA_MEDICA) VALUES
                            (TO_DATE('2020-05-03','YYYY-MM-DD'), 1, '00277', 277);
INSERT INTO EX.SINTOMAS(FECHA_INICIO, ID_SINTOMA, ID_PERSONA, ID_FICHA_MEDICA) VALUES
                            (TO_DATE('2020-06-10','YYYY-MM-DD'), 2, '00277', 277);
INSERT INTO EX.SINTOMAS(FECHA_INICIO, ID_SINTOMA, ID_PERSONA, ID_FICHA_MEDICA) VALUES
                            (TO_DATE('2020-03-15','YYYY-MM-DD'), 3, '00277', 277);
INSERT INTO EX.SINTOMAS(FECHA_INICIO, ID_SINTOMA, ID_PERSONA, ID_FICHA_MEDICA) VALUES
                            (TO_DATE('2020-04-22','YYYY-MM-DD'), 4, '00277', 277);
INSERT INTO EX.SINTOMAS(FECHA_INICIO, ID_SINTOMA, ID_PERSONA, ID_FICHA_MEDICA) VALUES
                            (TO_DATE('2020-04-03','YYYY-MM-DD'), 5, '00277', 277);
INSERT INTO EX.SINTOMAS(FECHA_INICIO, ID_SINTOMA, ID_PERSONA, ID_FICHA_MEDICA) VALUES
                            (TO_DATE('2020-05-11','YYYY-MM-DD'), 6, '00277', 277);
INSERT INTO EX.SINTOMAS(FECHA_INICIO, ID_SINTOMA, ID_PERSONA, ID_FICHA_MEDICA) VALUES
                            (TO_DATE('2020-05-02','YYYY-MM-DD'), 7, '00277', 277);
INSERT INTO EX.SINTOMAS(FECHA_INICIO, ID_SINTOMA, ID_PERSONA, ID_FICHA_MEDICA) VALUES
                            (TO_DATE('2020-03-18','YYYY-MM-DD'), 8, '00277', 277);
INSERT INTO EX.SINTOMAS(FECHA_INICIO, ID_SINTOMA, ID_PERSONA, ID_FICHA_MEDICA) VALUES
                            (TO_DATE('2020-04-23','YYYY-MM-DD'), 9, '00277', 277);
INSERT INTO EX.SINTOMAS(FECHA_INICIO, ID_SINTOMA, ID_PERSONA, ID_FICHA_MEDICA) VALUES
                            (TO_DATE('2020-01-24','YYYY-MM-DD'), 10, '00277', 277);
INSERT INTO EX.SINTOMAS(FECHA_INICIO, ID_SINTOMA, ID_PERSONA, ID_FICHA_MEDICA) VALUES
                            (TO_DATE('2020-04-03','YYYY-MM-DD'), 11, '00277', 277);
INSERT INTO EX.SINTOMAS(FECHA_INICIO, ID_SINTOMA, ID_PERSONA, ID_FICHA_MEDICA) VALUES
                            (TO_DATE('2020-02-24','YYYY-MM-DD'), 12, '00277', 277);
INSERT INTO EX.SINTOMAS(FECHA_INICIO, ID_SINTOMA, ID_PERSONA, ID_FICHA_MEDICA) VALUES
                            (TO_DATE('2020-01-01','YYYY-MM-DD'), 13, '00277', 277);
INSERT INTO EX.SINTOMAS(FECHA_INICIO, ID_SINTOMA, ID_PERSONA, ID_FICHA_MEDICA) VALUES
                            (TO_DATE('2020-02-15','YYYY-MM-DD'), 14, '00277', 277);
INSERT INTO EX.SINTOMAS(FECHA_INICIO, ID_SINTOMA, ID_PERSONA, ID_FICHA_MEDICA) VALUES
                            (TO_DATE('2020-02-05','YYYY-MM-DD'), 15, '00277', 277);
INSERT INTO EX.SINTOMAS(FECHA_INICIO, ID_SINTOMA, ID_PERSONA, ID_FICHA_MEDICA) VALUES
                            (TO_DATE('2020-05-04','YYYY-MM-DD'), 16, '00277', 277);
INSERT INTO EX.SINTOMAS(FECHA_INICIO, ID_SINTOMA, ID_PERSONA, ID_FICHA_MEDICA) VALUES
                            (TO_DATE('2020-02-28','YYYY-MM-DD'), 17, '00277', 277);
INSERT INTO EX.SINTOMAS(FECHA_INICIO, ID_SINTOMA, ID_PERSONA, ID_FICHA_MEDICA) VALUES
                            (TO_DATE('2020-02-29','YYYY-MM-DD'), 18, '00277', 277);
INSERT INTO EX.PERSONA(DOC_IDENTIDAD, NOMBRE, NOMBRE1, APELLIDO, APELLIDO1, FECHA_NAC, GENERO, FOTO) VALUES
                  ('00278', 'Amanda', 'Molly', 'Williams', 'Thomas', TO_DATE('2018-08-30','YYYY-MM-DD'), 'm', NULL);
INSERT INTO EX.HISTORICO_RESIDENCIA(FECHA_INICIO, ID_LUGAR, ID_PERSONA, FECHA_FIN) VALUES
                  (TO_DATE('1980-04-26','YYYY-MM-DD'), 19, '00278', NULL);
INSERT INTO EX.FICHA_MEDICA(ID, ID_PERSONA, ID_CENTRO_SALUD, ID_LUGAR, ESTADO, FECHA_INFECCION, FECHA_RECUPERACION) VALUES
                                             (278, '00278', 4, 19, 'desconido', NULL, NULL);
INSERT INTO EX.SINTOMAS(FECHA_INICIO, ID_SINTOMA, ID_PERSONA, ID_FICHA_MEDICA) VALUES
                            (TO_DATE('2020-01-16','YYYY-MM-DD'), 1, '00278', 278);
INSERT INTO EX.SINTOMAS(FECHA_INICIO, ID_SINTOMA, ID_PERSONA, ID_FICHA_MEDICA) VALUES
                            (TO_DATE('2020-03-30','YYYY-MM-DD'), 2, '00278', 278);
INSERT INTO EX.SINTOMAS(FECHA_INICIO, ID_SINTOMA, ID_PERSONA, ID_FICHA_MEDICA) VALUES
                            (TO_DATE('2020-03-24','YYYY-MM-DD'), 3, '00278', 278);
INSERT INTO EX.SINTOMAS(FECHA_INICIO, ID_SINTOMA, ID_PERSONA, ID_FICHA_MEDICA) VALUES
                            (TO_DATE('2020-02-03','YYYY-MM-DD'), 4, '00278', 278);
INSERT INTO EX.SINTOMAS(FECHA_INICIO, ID_SINTOMA, ID_PERSONA, ID_FICHA_MEDICA) VALUES
                            (TO_DATE('2020-06-11','YYYY-MM-DD'), 5, '00278', 278);
INSERT INTO EX.SINTOMAS(FECHA_INICIO, ID_SINTOMA, ID_PERSONA, ID_FICHA_MEDICA) VALUES
                            (TO_DATE('2020-06-14','YYYY-MM-DD'), 6, '00278', 278);
INSERT INTO EX.SINTOMAS(FECHA_INICIO, ID_SINTOMA, ID_PERSONA, ID_FICHA_MEDICA) VALUES
                            (TO_DATE('2020-02-13','YYYY-MM-DD'), 7, '00278', 278);
INSERT INTO EX.SINTOMAS(FECHA_INICIO, ID_SINTOMA, ID_PERSONA, ID_FICHA_MEDICA) VALUES
                            (TO_DATE('2020-04-30','YYYY-MM-DD'), 8, '00278', 278);
INSERT INTO EX.SINTOMAS(FECHA_INICIO, ID_SINTOMA, ID_PERSONA, ID_FICHA_MEDICA) VALUES
                            (TO_DATE('2020-02-22','YYYY-MM-DD'), 9, '00278', 278);
INSERT INTO EX.SINTOMAS(FECHA_INICIO, ID_SINTOMA, ID_PERSONA, ID_FICHA_MEDICA) VALUES
                            (TO_DATE('2020-04-28','YYYY-MM-DD'), 10, '00278', 278);
INSERT INTO EX.SINTOMAS(FECHA_INICIO, ID_SINTOMA, ID_PERSONA, ID_FICHA_MEDICA) VALUES
                            (TO_DATE('2020-02-02','YYYY-MM-DD'), 11, '00278', 278);
INSERT INTO EX.SINTOMAS(FECHA_INICIO, ID_SINTOMA, ID_PERSONA, ID_FICHA_MEDICA) VALUES
                            (TO_DATE('2020-06-05','YYYY-MM-DD'), 12, '00278', 278);
INSERT INTO EX.SINTOMAS(FECHA_INICIO, ID_SINTOMA, ID_PERSONA, ID_FICHA_MEDICA) VALUES
                            (TO_DATE('2020-02-11','YYYY-MM-DD'), 13, '00278', 278);
INSERT INTO EX.SINTOMAS(FECHA_INICIO, ID_SINTOMA, ID_PERSONA, ID_FICHA_MEDICA) VALUES
                            (TO_DATE('2020-05-11','YYYY-MM-DD'), 14, '00278', 278);
INSERT INTO EX.SINTOMAS(FECHA_INICIO, ID_SINTOMA, ID_PERSONA, ID_FICHA_MEDICA) VALUES
                            (TO_DATE('2020-06-13','YYYY-MM-DD'), 15, '00278', 278);
INSERT INTO EX.SINTOMAS(FECHA_INICIO, ID_SINTOMA, ID_PERSONA, ID_FICHA_MEDICA) VALUES
                            (TO_DATE('2020-05-10','YYYY-MM-DD'), 16, '00278', 278);
INSERT INTO EX.PERSONA(DOC_IDENTIDAD, NOMBRE, NOMBRE1, APELLIDO, APELLIDO1, FECHA_NAC, GENERO, FOTO) VALUES
                  ('00279', 'Natasha', 'Kurt', 'Knox', 'Wallace', TO_DATE('2002-02-25','YYYY-MM-DD'), 'f', NULL);
INSERT INTO EX.HISTORICO_RESIDENCIA(FECHA_INICIO, ID_LUGAR, ID_PERSONA, FECHA_FIN) VALUES
                  (TO_DATE('2011-10-22','YYYY-MM-DD'), 18, '00279', NULL);
INSERT INTO EX.FICHA_MEDICA(ID, ID_PERSONA, ID_CENTRO_SALUD, ID_LUGAR, ESTADO, FECHA_INFECCION, FECHA_RECUPERACION) VALUES
                                             (279, '00279', 3, 18, 'desconido', NULL, NULL);
INSERT INTO EX.PADECIMIENTOS(ID_PATOLOGIA, ID_PERSONA, ID_FICHA_MEDICA) VALUES
                            (1, '00279', 279);
INSERT INTO EX.PADECIMIENTOS(ID_PATOLOGIA, ID_PERSONA, ID_FICHA_MEDICA) VALUES
                            (2, '00279', 279);
INSERT INTO EX.PADECIMIENTOS(ID_PATOLOGIA, ID_PERSONA, ID_FICHA_MEDICA) VALUES
                            (3, '00279', 279);
INSERT INTO EX.PADECIMIENTOS(ID_PATOLOGIA, ID_PERSONA, ID_FICHA_MEDICA) VALUES
                            (4, '00279', 279);
INSERT INTO EX.PERSONA(DOC_IDENTIDAD, NOMBRE, NOMBRE1, APELLIDO, APELLIDO1, FECHA_NAC, GENERO, FOTO) VALUES
                  ('00280', 'Deborah', 'Francisco', 'Brown', 'Tran', TO_DATE('2006-10-08','YYYY-MM-DD'), 'm', NULL);
INSERT INTO EX.HISTORICO_RESIDENCIA(FECHA_INICIO, ID_LUGAR, ID_PERSONA, FECHA_FIN) VALUES
                  (TO_DATE('1972-05-10','YYYY-MM-DD'), 27, '00280', NULL);
INSERT INTO EX.FICHA_MEDICA(ID, ID_PERSONA, ID_CENTRO_SALUD, ID_LUGAR, ESTADO, FECHA_INFECCION, FECHA_RECUPERACION) VALUES
                                             (280, '00280', 12, 27, 'desconido', NULL, NULL);
INSERT INTO EX.PERSONA(DOC_IDENTIDAD, NOMBRE, NOMBRE1, APELLIDO, APELLIDO1, FECHA_NAC, GENERO, FOTO) VALUES
                  ('00281', 'Scott', 'Anthony', 'Robbins', 'Clay', TO_DATE('2001-04-01','YYYY-MM-DD'), 'f', NULL);
INSERT INTO EX.HISTORICO_RESIDENCIA(FECHA_INICIO, ID_LUGAR, ID_PERSONA, FECHA_FIN) VALUES
                  (TO_DATE('1992-06-28','YYYY-MM-DD'), 34, '00281', NULL);
INSERT INTO EX.FICHA_MEDICA(ID, ID_PERSONA, ID_CENTRO_SALUD, ID_LUGAR, ESTADO, FECHA_INFECCION, FECHA_RECUPERACION) VALUES
                                             (281, '00281', 19, 34, 'desconido', NULL, NULL);
INSERT INTO EX.SINTOMAS(FECHA_INICIO, ID_SINTOMA, ID_PERSONA, ID_FICHA_MEDICA) VALUES
                            (TO_DATE('2020-06-02','YYYY-MM-DD'), 1, '00281', 281);
INSERT INTO EX.SINTOMAS(FECHA_INICIO, ID_SINTOMA, ID_PERSONA, ID_FICHA_MEDICA) VALUES
                            (TO_DATE('2020-02-08','YYYY-MM-DD'), 2, '00281', 281);
INSERT INTO EX.SINTOMAS(FECHA_INICIO, ID_SINTOMA, ID_PERSONA, ID_FICHA_MEDICA) VALUES
                            (TO_DATE('2020-02-12','YYYY-MM-DD'), 3, '00281', 281);
INSERT INTO EX.SINTOMAS(FECHA_INICIO, ID_SINTOMA, ID_PERSONA, ID_FICHA_MEDICA) VALUES
                            (TO_DATE('2020-02-19','YYYY-MM-DD'), 4, '00281', 281);
INSERT INTO EX.SINTOMAS(FECHA_INICIO, ID_SINTOMA, ID_PERSONA, ID_FICHA_MEDICA) VALUES
                            (TO_DATE('2020-04-03','YYYY-MM-DD'), 5, '00281', 281);
INSERT INTO EX.SINTOMAS(FECHA_INICIO, ID_SINTOMA, ID_PERSONA, ID_FICHA_MEDICA) VALUES
                            (TO_DATE('2020-01-21','YYYY-MM-DD'), 6, '00281', 281);
INSERT INTO EX.SINTOMAS(FECHA_INICIO, ID_SINTOMA, ID_PERSONA, ID_FICHA_MEDICA) VALUES
                            (TO_DATE('2020-06-02','YYYY-MM-DD'), 7, '00281', 281);
INSERT INTO EX.SINTOMAS(FECHA_INICIO, ID_SINTOMA, ID_PERSONA, ID_FICHA_MEDICA) VALUES
                            (TO_DATE('2020-05-13','YYYY-MM-DD'), 8, '00281', 281);
INSERT INTO EX.SINTOMAS(FECHA_INICIO, ID_SINTOMA, ID_PERSONA, ID_FICHA_MEDICA) VALUES
                            (TO_DATE('2020-06-04','YYYY-MM-DD'), 9, '00281', 281);
INSERT INTO EX.SINTOMAS(FECHA_INICIO, ID_SINTOMA, ID_PERSONA, ID_FICHA_MEDICA) VALUES
                            (TO_DATE('2020-01-26','YYYY-MM-DD'), 10, '00281', 281);
INSERT INTO EX.SINTOMAS(FECHA_INICIO, ID_SINTOMA, ID_PERSONA, ID_FICHA_MEDICA) VALUES
                            (TO_DATE('2020-06-02','YYYY-MM-DD'), 11, '00281', 281);
INSERT INTO EX.SINTOMAS(FECHA_INICIO, ID_SINTOMA, ID_PERSONA, ID_FICHA_MEDICA) VALUES
                            (TO_DATE('2020-03-14','YYYY-MM-DD'), 12, '00281', 281);
INSERT INTO EX.SINTOMAS(FECHA_INICIO, ID_SINTOMA, ID_PERSONA, ID_FICHA_MEDICA) VALUES
                            (TO_DATE('2020-06-14','YYYY-MM-DD'), 13, '00281', 281);
INSERT INTO EX.SINTOMAS(FECHA_INICIO, ID_SINTOMA, ID_PERSONA, ID_FICHA_MEDICA) VALUES
                            (TO_DATE('2020-04-13','YYYY-MM-DD'), 14, '00281', 281);
INSERT INTO EX.PERSONA(DOC_IDENTIDAD, NOMBRE, NOMBRE1, APELLIDO, APELLIDO1, FECHA_NAC, GENERO, FOTO) VALUES
                  ('00282', 'Lauren', 'Megan', 'Morse', 'Ferguson', TO_DATE('2013-09-14','YYYY-MM-DD'), 'm', NULL);
INSERT INTO EX.HISTORICO_RESIDENCIA(FECHA_INICIO, ID_LUGAR, ID_PERSONA, FECHA_FIN) VALUES
                  (TO_DATE('2004-09-22','YYYY-MM-DD'), 31, '00282', NULL);
INSERT INTO EX.FICHA_MEDICA(ID, ID_PERSONA, ID_CENTRO_SALUD, ID_LUGAR, ESTADO, FECHA_INFECCION, FECHA_RECUPERACION) VALUES
                                             (282, '00282', 16, 31, 'desconido', NULL, NULL);
INSERT INTO EX.PERSONA(DOC_IDENTIDAD, NOMBRE, NOMBRE1, APELLIDO, APELLIDO1, FECHA_NAC, GENERO, FOTO) VALUES
                  ('00283', 'Beth', 'Jeffrey', 'Harris', 'Gibson', TO_DATE('1996-10-01','YYYY-MM-DD'), 'f', NULL);
INSERT INTO EX.HISTORICO_RESIDENCIA(FECHA_INICIO, ID_LUGAR, ID_PERSONA, FECHA_FIN) VALUES
                  (TO_DATE('2013-12-20','YYYY-MM-DD'), 36, '00283', NULL);
INSERT INTO EX.FICHA_MEDICA(ID, ID_PERSONA, ID_CENTRO_SALUD, ID_LUGAR, ESTADO, FECHA_INFECCION, FECHA_RECUPERACION) VALUES
                                             (283, '00283', 21, 36, 'desconido', NULL, NULL);
INSERT INTO EX.PADECIMIENTOS(ID_PATOLOGIA, ID_PERSONA, ID_FICHA_MEDICA) VALUES
                            (1, '00283', 283);
INSERT INTO EX.PADECIMIENTOS(ID_PATOLOGIA, ID_PERSONA, ID_FICHA_MEDICA) VALUES
                            (2, '00283', 283);
INSERT INTO EX.PADECIMIENTOS(ID_PATOLOGIA, ID_PERSONA, ID_FICHA_MEDICA) VALUES
                            (3, '00283', 283);
INSERT INTO EX.PADECIMIENTOS(ID_PATOLOGIA, ID_PERSONA, ID_FICHA_MEDICA) VALUES
                            (4, '00283', 283);
INSERT INTO EX.PADECIMIENTOS(ID_PATOLOGIA, ID_PERSONA, ID_FICHA_MEDICA) VALUES
                            (5, '00283', 283);
INSERT INTO EX.PADECIMIENTOS(ID_PATOLOGIA, ID_PERSONA, ID_FICHA_MEDICA) VALUES
                            (6, '00283', 283);
INSERT INTO EX.PADECIMIENTOS(ID_PATOLOGIA, ID_PERSONA, ID_FICHA_MEDICA) VALUES
                            (7, '00283', 283);
INSERT INTO EX.PADECIMIENTOS(ID_PATOLOGIA, ID_PERSONA, ID_FICHA_MEDICA) VALUES
                            (8, '00283', 283);
INSERT INTO EX.PADECIMIENTOS(ID_PATOLOGIA, ID_PERSONA, ID_FICHA_MEDICA) VALUES
                            (9, '00283', 283);
INSERT INTO EX.PADECIMIENTOS(ID_PATOLOGIA, ID_PERSONA, ID_FICHA_MEDICA) VALUES
                            (10, '00283', 283);
INSERT INTO EX.PADECIMIENTOS(ID_PATOLOGIA, ID_PERSONA, ID_FICHA_MEDICA) VALUES
                            (11, '00283', 283);
INSERT INTO EX.PADECIMIENTOS(ID_PATOLOGIA, ID_PERSONA, ID_FICHA_MEDICA) VALUES
                            (12, '00283', 283);
INSERT INTO EX.PADECIMIENTOS(ID_PATOLOGIA, ID_PERSONA, ID_FICHA_MEDICA) VALUES
                            (13, '00283', 283);
INSERT INTO EX.SINTOMAS(FECHA_INICIO, ID_SINTOMA, ID_PERSONA, ID_FICHA_MEDICA) VALUES
                            (TO_DATE('2020-03-19','YYYY-MM-DD'), 1, '00283', 283);
INSERT INTO EX.SINTOMAS(FECHA_INICIO, ID_SINTOMA, ID_PERSONA, ID_FICHA_MEDICA) VALUES
                            (TO_DATE('2020-05-26','YYYY-MM-DD'), 2, '00283', 283);
INSERT INTO EX.SINTOMAS(FECHA_INICIO, ID_SINTOMA, ID_PERSONA, ID_FICHA_MEDICA) VALUES
                            (TO_DATE('2020-02-13','YYYY-MM-DD'), 3, '00283', 283);
INSERT INTO EX.SINTOMAS(FECHA_INICIO, ID_SINTOMA, ID_PERSONA, ID_FICHA_MEDICA) VALUES
                            (TO_DATE('2020-03-21','YYYY-MM-DD'), 4, '00283', 283);
INSERT INTO EX.SINTOMAS(FECHA_INICIO, ID_SINTOMA, ID_PERSONA, ID_FICHA_MEDICA) VALUES
                            (TO_DATE('2020-03-11','YYYY-MM-DD'), 5, '00283', 283);
INSERT INTO EX.PERSONA(DOC_IDENTIDAD, NOMBRE, NOMBRE1, APELLIDO, APELLIDO1, FECHA_NAC, GENERO, FOTO) VALUES
                  ('00284', 'David', 'Dalton', 'Watts', 'Roberts', TO_DATE('1981-11-09','YYYY-MM-DD'), 'm', NULL);
INSERT INTO EX.HISTORICO_RESIDENCIA(FECHA_INICIO, ID_LUGAR, ID_PERSONA, FECHA_FIN) VALUES
                  (TO_DATE('2011-04-09','YYYY-MM-DD'), 44, '00284', NULL);
INSERT INTO EX.FICHA_MEDICA(ID, ID_PERSONA, ID_CENTRO_SALUD, ID_LUGAR, ESTADO, FECHA_INFECCION, FECHA_RECUPERACION) VALUES
                                             (284, '00284', 29, 44, 'desconido', NULL, NULL);
INSERT INTO EX.SINTOMAS(FECHA_INICIO, ID_SINTOMA, ID_PERSONA, ID_FICHA_MEDICA) VALUES
                            (TO_DATE('2020-02-18','YYYY-MM-DD'), 1, '00284', 284);
INSERT INTO EX.SINTOMAS(FECHA_INICIO, ID_SINTOMA, ID_PERSONA, ID_FICHA_MEDICA) VALUES
                            (TO_DATE('2020-05-30','YYYY-MM-DD'), 2, '00284', 284);
INSERT INTO EX.SINTOMAS(FECHA_INICIO, ID_SINTOMA, ID_PERSONA, ID_FICHA_MEDICA) VALUES
                            (TO_DATE('2020-06-19','YYYY-MM-DD'), 3, '00284', 284);
INSERT INTO EX.SINTOMAS(FECHA_INICIO, ID_SINTOMA, ID_PERSONA, ID_FICHA_MEDICA) VALUES
                            (TO_DATE('2020-04-05','YYYY-MM-DD'), 4, '00284', 284);
INSERT INTO EX.SINTOMAS(FECHA_INICIO, ID_SINTOMA, ID_PERSONA, ID_FICHA_MEDICA) VALUES
                            (TO_DATE('2020-01-19','YYYY-MM-DD'), 5, '00284', 284);
INSERT INTO EX.SINTOMAS(FECHA_INICIO, ID_SINTOMA, ID_PERSONA, ID_FICHA_MEDICA) VALUES
                            (TO_DATE('2020-02-12','YYYY-MM-DD'), 6, '00284', 284);
INSERT INTO EX.SINTOMAS(FECHA_INICIO, ID_SINTOMA, ID_PERSONA, ID_FICHA_MEDICA) VALUES
                            (TO_DATE('2020-03-12','YYYY-MM-DD'), 7, '00284', 284);
INSERT INTO EX.SINTOMAS(FECHA_INICIO, ID_SINTOMA, ID_PERSONA, ID_FICHA_MEDICA) VALUES
                            (TO_DATE('2020-01-19','YYYY-MM-DD'), 8, '00284', 284);
INSERT INTO EX.SINTOMAS(FECHA_INICIO, ID_SINTOMA, ID_PERSONA, ID_FICHA_MEDICA) VALUES
                            (TO_DATE('2020-03-04','YYYY-MM-DD'), 9, '00284', 284);
INSERT INTO EX.SINTOMAS(FECHA_INICIO, ID_SINTOMA, ID_PERSONA, ID_FICHA_MEDICA) VALUES
                            (TO_DATE('2020-02-03','YYYY-MM-DD'), 10, '00284', 284);
INSERT INTO EX.SINTOMAS(FECHA_INICIO, ID_SINTOMA, ID_PERSONA, ID_FICHA_MEDICA) VALUES
                            (TO_DATE('2020-04-16','YYYY-MM-DD'), 11, '00284', 284);
INSERT INTO EX.SINTOMAS(FECHA_INICIO, ID_SINTOMA, ID_PERSONA, ID_FICHA_MEDICA) VALUES
                            (TO_DATE('2020-02-29','YYYY-MM-DD'), 12, '00284', 284);
INSERT INTO EX.PERSONA(DOC_IDENTIDAD, NOMBRE, NOMBRE1, APELLIDO, APELLIDO1, FECHA_NAC, GENERO, FOTO) VALUES
                  ('00285', 'Donna', 'Bruce', 'Anderson', 'Brown', TO_DATE('1999-05-02','YYYY-MM-DD'), 'f', NULL);
INSERT INTO EX.HISTORICO_RESIDENCIA(FECHA_INICIO, ID_LUGAR, ID_PERSONA, FECHA_FIN) VALUES
                  (TO_DATE('1999-04-30','YYYY-MM-DD'), 29, '00285', NULL);
INSERT INTO EX.FICHA_MEDICA(ID, ID_PERSONA, ID_CENTRO_SALUD, ID_LUGAR, ESTADO, FECHA_INFECCION, FECHA_RECUPERACION) VALUES
                                             (285, '00285', 14, 29, 'desconido', NULL, NULL);
INSERT INTO EX.PERSONA(DOC_IDENTIDAD, NOMBRE, NOMBRE1, APELLIDO, APELLIDO1, FECHA_NAC, GENERO, FOTO) VALUES
                  ('00286', 'Michael', 'Benjamin', 'Freeman', 'Wallace', TO_DATE('1971-05-29','YYYY-MM-DD'), 'm', NULL);
INSERT INTO EX.HISTORICO_RESIDENCIA(FECHA_INICIO, ID_LUGAR, ID_PERSONA, FECHA_FIN) VALUES
                  (TO_DATE('2006-08-09','YYYY-MM-DD'), 26, '00286', NULL);
INSERT INTO EX.FICHA_MEDICA(ID, ID_PERSONA, ID_CENTRO_SALUD, ID_LUGAR, ESTADO, FECHA_INFECCION, FECHA_RECUPERACION) VALUES
                                             (286, '00286', 11, 26, 'desconido', NULL, NULL);
INSERT INTO EX.PADECIMIENTOS(ID_PATOLOGIA, ID_PERSONA, ID_FICHA_MEDICA) VALUES
                            (1, '00286', 286);
INSERT INTO EX.PADECIMIENTOS(ID_PATOLOGIA, ID_PERSONA, ID_FICHA_MEDICA) VALUES
                            (2, '00286', 286);
INSERT INTO EX.PADECIMIENTOS(ID_PATOLOGIA, ID_PERSONA, ID_FICHA_MEDICA) VALUES
                            (3, '00286', 286);
INSERT INTO EX.PADECIMIENTOS(ID_PATOLOGIA, ID_PERSONA, ID_FICHA_MEDICA) VALUES
                            (4, '00286', 286);
INSERT INTO EX.PADECIMIENTOS(ID_PATOLOGIA, ID_PERSONA, ID_FICHA_MEDICA) VALUES
                            (5, '00286', 286);
INSERT INTO EX.PADECIMIENTOS(ID_PATOLOGIA, ID_PERSONA, ID_FICHA_MEDICA) VALUES
                            (6, '00286', 286);
INSERT INTO EX.PADECIMIENTOS(ID_PATOLOGIA, ID_PERSONA, ID_FICHA_MEDICA) VALUES
                            (7, '00286', 286);
INSERT INTO EX.PADECIMIENTOS(ID_PATOLOGIA, ID_PERSONA, ID_FICHA_MEDICA) VALUES
                            (8, '00286', 286);
INSERT INTO EX.PADECIMIENTOS(ID_PATOLOGIA, ID_PERSONA, ID_FICHA_MEDICA) VALUES
                            (9, '00286', 286);
INSERT INTO EX.PADECIMIENTOS(ID_PATOLOGIA, ID_PERSONA, ID_FICHA_MEDICA) VALUES
                            (10, '00286', 286);
INSERT INTO EX.PADECIMIENTOS(ID_PATOLOGIA, ID_PERSONA, ID_FICHA_MEDICA) VALUES
                            (11, '00286', 286);
INSERT INTO EX.PADECIMIENTOS(ID_PATOLOGIA, ID_PERSONA, ID_FICHA_MEDICA) VALUES
                            (12, '00286', 286);
INSERT INTO EX.PADECIMIENTOS(ID_PATOLOGIA, ID_PERSONA, ID_FICHA_MEDICA) VALUES
                            (13, '00286', 286);
INSERT INTO EX.PERSONA(DOC_IDENTIDAD, NOMBRE, NOMBRE1, APELLIDO, APELLIDO1, FECHA_NAC, GENERO, FOTO) VALUES
                  ('00287', 'Ann', 'Walter', 'Hall', 'Webb', TO_DATE('1998-07-06','YYYY-MM-DD'), 'f', NULL);
INSERT INTO EX.HISTORICO_RESIDENCIA(FECHA_INICIO, ID_LUGAR, ID_PERSONA, FECHA_FIN) VALUES
                  (TO_DATE('1973-05-21','YYYY-MM-DD'), 43, '00287', NULL);
INSERT INTO EX.FICHA_MEDICA(ID, ID_PERSONA, ID_CENTRO_SALUD, ID_LUGAR, ESTADO, FECHA_INFECCION, FECHA_RECUPERACION) VALUES
                                             (287, '00287', 28, 43, 'desconido', NULL, NULL);
INSERT INTO EX.PADECIMIENTOS(ID_PATOLOGIA, ID_PERSONA, ID_FICHA_MEDICA) VALUES
                            (1, '00287', 287);
INSERT INTO EX.PADECIMIENTOS(ID_PATOLOGIA, ID_PERSONA, ID_FICHA_MEDICA) VALUES
                            (2, '00287', 287);
INSERT INTO EX.PADECIMIENTOS(ID_PATOLOGIA, ID_PERSONA, ID_FICHA_MEDICA) VALUES
                            (3, '00287', 287);
INSERT INTO EX.PADECIMIENTOS(ID_PATOLOGIA, ID_PERSONA, ID_FICHA_MEDICA) VALUES
                            (4, '00287', 287);
INSERT INTO EX.PADECIMIENTOS(ID_PATOLOGIA, ID_PERSONA, ID_FICHA_MEDICA) VALUES
                            (5, '00287', 287);
INSERT INTO EX.PADECIMIENTOS(ID_PATOLOGIA, ID_PERSONA, ID_FICHA_MEDICA) VALUES
                            (6, '00287', 287);
INSERT INTO EX.PADECIMIENTOS(ID_PATOLOGIA, ID_PERSONA, ID_FICHA_MEDICA) VALUES
                            (7, '00287', 287);
INSERT INTO EX.PADECIMIENTOS(ID_PATOLOGIA, ID_PERSONA, ID_FICHA_MEDICA) VALUES
                            (8, '00287', 287);
INSERT INTO EX.SINTOMAS(FECHA_INICIO, ID_SINTOMA, ID_PERSONA, ID_FICHA_MEDICA) VALUES
                            (TO_DATE('2020-03-31','YYYY-MM-DD'), 1, '00287', 287);
INSERT INTO EX.SINTOMAS(FECHA_INICIO, ID_SINTOMA, ID_PERSONA, ID_FICHA_MEDICA) VALUES
                            (TO_DATE('2020-01-01','YYYY-MM-DD'), 2, '00287', 287);
INSERT INTO EX.SINTOMAS(FECHA_INICIO, ID_SINTOMA, ID_PERSONA, ID_FICHA_MEDICA) VALUES
                            (TO_DATE('2020-03-02','YYYY-MM-DD'), 3, '00287', 287);
INSERT INTO EX.SINTOMAS(FECHA_INICIO, ID_SINTOMA, ID_PERSONA, ID_FICHA_MEDICA) VALUES
                            (TO_DATE('2020-02-02','YYYY-MM-DD'), 4, '00287', 287);
INSERT INTO EX.SINTOMAS(FECHA_INICIO, ID_SINTOMA, ID_PERSONA, ID_FICHA_MEDICA) VALUES
                            (TO_DATE('2020-04-05','YYYY-MM-DD'), 5, '00287', 287);
INSERT INTO EX.SINTOMAS(FECHA_INICIO, ID_SINTOMA, ID_PERSONA, ID_FICHA_MEDICA) VALUES
                            (TO_DATE('2020-01-20','YYYY-MM-DD'), 6, '00287', 287);
INSERT INTO EX.SINTOMAS(FECHA_INICIO, ID_SINTOMA, ID_PERSONA, ID_FICHA_MEDICA) VALUES
                            (TO_DATE('2020-05-15','YYYY-MM-DD'), 7, '00287', 287);
INSERT INTO EX.SINTOMAS(FECHA_INICIO, ID_SINTOMA, ID_PERSONA, ID_FICHA_MEDICA) VALUES
                            (TO_DATE('2020-04-22','YYYY-MM-DD'), 8, '00287', 287);
INSERT INTO EX.SINTOMAS(FECHA_INICIO, ID_SINTOMA, ID_PERSONA, ID_FICHA_MEDICA) VALUES
                            (TO_DATE('2020-05-03','YYYY-MM-DD'), 9, '00287', 287);
INSERT INTO EX.SINTOMAS(FECHA_INICIO, ID_SINTOMA, ID_PERSONA, ID_FICHA_MEDICA) VALUES
                            (TO_DATE('2020-04-02','YYYY-MM-DD'), 10, '00287', 287);
INSERT INTO EX.SINTOMAS(FECHA_INICIO, ID_SINTOMA, ID_PERSONA, ID_FICHA_MEDICA) VALUES
                            (TO_DATE('2020-02-15','YYYY-MM-DD'), 11, '00287', 287);
INSERT INTO EX.PERSONA(DOC_IDENTIDAD, NOMBRE, NOMBRE1, APELLIDO, APELLIDO1, FECHA_NAC, GENERO, FOTO) VALUES
                  ('00288', 'Matthew', 'Timothy', 'Lynch', 'White', TO_DATE('2015-09-09','YYYY-MM-DD'), 'm', NULL);
INSERT INTO EX.HISTORICO_RESIDENCIA(FECHA_INICIO, ID_LUGAR, ID_PERSONA, FECHA_FIN) VALUES
                  (TO_DATE('2018-01-09','YYYY-MM-DD'), 19, '00288', NULL);
INSERT INTO EX.FICHA_MEDICA(ID, ID_PERSONA, ID_CENTRO_SALUD, ID_LUGAR, ESTADO, FECHA_INFECCION, FECHA_RECUPERACION) VALUES
                                             (288, '00288', 4, 19, 'desconido', NULL, NULL);
INSERT INTO EX.PADECIMIENTOS(ID_PATOLOGIA, ID_PERSONA, ID_FICHA_MEDICA) VALUES
                            (1, '00288', 288);
INSERT INTO EX.PADECIMIENTOS(ID_PATOLOGIA, ID_PERSONA, ID_FICHA_MEDICA) VALUES
                            (2, '00288', 288);
INSERT INTO EX.PADECIMIENTOS(ID_PATOLOGIA, ID_PERSONA, ID_FICHA_MEDICA) VALUES
                            (3, '00288', 288);
INSERT INTO EX.PADECIMIENTOS(ID_PATOLOGIA, ID_PERSONA, ID_FICHA_MEDICA) VALUES
                            (4, '00288', 288);
INSERT INTO EX.PADECIMIENTOS(ID_PATOLOGIA, ID_PERSONA, ID_FICHA_MEDICA) VALUES
                            (5, '00288', 288);
INSERT INTO EX.PADECIMIENTOS(ID_PATOLOGIA, ID_PERSONA, ID_FICHA_MEDICA) VALUES
                            (6, '00288', 288);
INSERT INTO EX.PADECIMIENTOS(ID_PATOLOGIA, ID_PERSONA, ID_FICHA_MEDICA) VALUES
                            (7, '00288', 288);
INSERT INTO EX.PADECIMIENTOS(ID_PATOLOGIA, ID_PERSONA, ID_FICHA_MEDICA) VALUES
                            (8, '00288', 288);
INSERT INTO EX.PADECIMIENTOS(ID_PATOLOGIA, ID_PERSONA, ID_FICHA_MEDICA) VALUES
                            (9, '00288', 288);
INSERT INTO EX.PADECIMIENTOS(ID_PATOLOGIA, ID_PERSONA, ID_FICHA_MEDICA) VALUES
                            (10, '00288', 288);
INSERT INTO EX.PADECIMIENTOS(ID_PATOLOGIA, ID_PERSONA, ID_FICHA_MEDICA) VALUES
                            (11, '00288', 288);
INSERT INTO EX.SINTOMAS(FECHA_INICIO, ID_SINTOMA, ID_PERSONA, ID_FICHA_MEDICA) VALUES
                            (TO_DATE('2020-05-12','YYYY-MM-DD'), 1, '00288', 288);
INSERT INTO EX.SINTOMAS(FECHA_INICIO, ID_SINTOMA, ID_PERSONA, ID_FICHA_MEDICA) VALUES
                            (TO_DATE('2020-02-24','YYYY-MM-DD'), 2, '00288', 288);
INSERT INTO EX.SINTOMAS(FECHA_INICIO, ID_SINTOMA, ID_PERSONA, ID_FICHA_MEDICA) VALUES
                            (TO_DATE('2020-04-03','YYYY-MM-DD'), 3, '00288', 288);
INSERT INTO EX.SINTOMAS(FECHA_INICIO, ID_SINTOMA, ID_PERSONA, ID_FICHA_MEDICA) VALUES
                            (TO_DATE('2020-02-29','YYYY-MM-DD'), 4, '00288', 288);
INSERT INTO EX.SINTOMAS(FECHA_INICIO, ID_SINTOMA, ID_PERSONA, ID_FICHA_MEDICA) VALUES
                            (TO_DATE('2020-01-24','YYYY-MM-DD'), 5, '00288', 288);
INSERT INTO EX.SINTOMAS(FECHA_INICIO, ID_SINTOMA, ID_PERSONA, ID_FICHA_MEDICA) VALUES
                            (TO_DATE('2020-04-10','YYYY-MM-DD'), 6, '00288', 288);
INSERT INTO EX.SINTOMAS(FECHA_INICIO, ID_SINTOMA, ID_PERSONA, ID_FICHA_MEDICA) VALUES
                            (TO_DATE('2020-02-25','YYYY-MM-DD'), 7, '00288', 288);
INSERT INTO EX.SINTOMAS(FECHA_INICIO, ID_SINTOMA, ID_PERSONA, ID_FICHA_MEDICA) VALUES
                            (TO_DATE('2020-04-23','YYYY-MM-DD'), 8, '00288', 288);
INSERT INTO EX.SINTOMAS(FECHA_INICIO, ID_SINTOMA, ID_PERSONA, ID_FICHA_MEDICA) VALUES
                            (TO_DATE('2020-01-09','YYYY-MM-DD'), 9, '00288', 288);
INSERT INTO EX.SINTOMAS(FECHA_INICIO, ID_SINTOMA, ID_PERSONA, ID_FICHA_MEDICA) VALUES
                            (TO_DATE('2020-04-11','YYYY-MM-DD'), 10, '00288', 288);
INSERT INTO EX.SINTOMAS(FECHA_INICIO, ID_SINTOMA, ID_PERSONA, ID_FICHA_MEDICA) VALUES
                            (TO_DATE('2020-01-15','YYYY-MM-DD'), 11, '00288', 288);
INSERT INTO EX.SINTOMAS(FECHA_INICIO, ID_SINTOMA, ID_PERSONA, ID_FICHA_MEDICA) VALUES
                            (TO_DATE('2020-05-25','YYYY-MM-DD'), 12, '00288', 288);
INSERT INTO EX.SINTOMAS(FECHA_INICIO, ID_SINTOMA, ID_PERSONA, ID_FICHA_MEDICA) VALUES
                            (TO_DATE('2020-01-07','YYYY-MM-DD'), 13, '00288', 288);
INSERT INTO EX.SINTOMAS(FECHA_INICIO, ID_SINTOMA, ID_PERSONA, ID_FICHA_MEDICA) VALUES
                            (TO_DATE('2020-03-15','YYYY-MM-DD'), 14, '00288', 288);
INSERT INTO EX.SINTOMAS(FECHA_INICIO, ID_SINTOMA, ID_PERSONA, ID_FICHA_MEDICA) VALUES
                            (TO_DATE('2020-03-25','YYYY-MM-DD'), 15, '00288', 288);
INSERT INTO EX.PERSONA(DOC_IDENTIDAD, NOMBRE, NOMBRE1, APELLIDO, APELLIDO1, FECHA_NAC, GENERO, FOTO) VALUES
                  ('00289', 'Thomas', 'Gregory', 'Gordon', 'Schaefer', TO_DATE('2012-12-04','YYYY-MM-DD'), 'f', NULL);
INSERT INTO EX.HISTORICO_RESIDENCIA(FECHA_INICIO, ID_LUGAR, ID_PERSONA, FECHA_FIN) VALUES
                  (TO_DATE('1993-08-26','YYYY-MM-DD'), 36, '00289', NULL);
INSERT INTO EX.FICHA_MEDICA(ID, ID_PERSONA, ID_CENTRO_SALUD, ID_LUGAR, ESTADO, FECHA_INFECCION, FECHA_RECUPERACION) VALUES
                                             (289, '00289', 21, 36, 'desconido', NULL, NULL);
INSERT INTO EX.PERSONA(DOC_IDENTIDAD, NOMBRE, NOMBRE1, APELLIDO, APELLIDO1, FECHA_NAC, GENERO, FOTO) VALUES
                  ('00290', 'Karen', 'Mary', 'Paul', 'Garza', TO_DATE('1972-02-02','YYYY-MM-DD'), 'm', NULL);
INSERT INTO EX.HISTORICO_RESIDENCIA(FECHA_INICIO, ID_LUGAR, ID_PERSONA, FECHA_FIN) VALUES
                  (TO_DATE('1994-12-07','YYYY-MM-DD'), 43, '00290', NULL);
INSERT INTO EX.FICHA_MEDICA(ID, ID_PERSONA, ID_CENTRO_SALUD, ID_LUGAR, ESTADO, FECHA_INFECCION, FECHA_RECUPERACION) VALUES
                                             (290, '00290', 28, 43, 'desconido', NULL, NULL);
INSERT INTO EX.PADECIMIENTOS(ID_PATOLOGIA, ID_PERSONA, ID_FICHA_MEDICA) VALUES
                            (1, '00290', 290);
INSERT INTO EX.PADECIMIENTOS(ID_PATOLOGIA, ID_PERSONA, ID_FICHA_MEDICA) VALUES
                            (2, '00290', 290);
INSERT INTO EX.PADECIMIENTOS(ID_PATOLOGIA, ID_PERSONA, ID_FICHA_MEDICA) VALUES
                            (3, '00290', 290);
INSERT INTO EX.PADECIMIENTOS(ID_PATOLOGIA, ID_PERSONA, ID_FICHA_MEDICA) VALUES
                            (4, '00290', 290);
INSERT INTO EX.PADECIMIENTOS(ID_PATOLOGIA, ID_PERSONA, ID_FICHA_MEDICA) VALUES
                            (5, '00290', 290);
INSERT INTO EX.PADECIMIENTOS(ID_PATOLOGIA, ID_PERSONA, ID_FICHA_MEDICA) VALUES
                            (6, '00290', 290);
INSERT INTO EX.PADECIMIENTOS(ID_PATOLOGIA, ID_PERSONA, ID_FICHA_MEDICA) VALUES
                            (7, '00290', 290);
INSERT INTO EX.PADECIMIENTOS(ID_PATOLOGIA, ID_PERSONA, ID_FICHA_MEDICA) VALUES
                            (8, '00290', 290);
INSERT INTO EX.PADECIMIENTOS(ID_PATOLOGIA, ID_PERSONA, ID_FICHA_MEDICA) VALUES
                            (9, '00290', 290);
INSERT INTO EX.PADECIMIENTOS(ID_PATOLOGIA, ID_PERSONA, ID_FICHA_MEDICA) VALUES
                            (10, '00290', 290);
INSERT INTO EX.PADECIMIENTOS(ID_PATOLOGIA, ID_PERSONA, ID_FICHA_MEDICA) VALUES
                            (11, '00290', 290);
INSERT INTO EX.PADECIMIENTOS(ID_PATOLOGIA, ID_PERSONA, ID_FICHA_MEDICA) VALUES
                            (12, '00290', 290);
INSERT INTO EX.PADECIMIENTOS(ID_PATOLOGIA, ID_PERSONA, ID_FICHA_MEDICA) VALUES
                            (13, '00290', 290);
INSERT INTO EX.SINTOMAS(FECHA_INICIO, ID_SINTOMA, ID_PERSONA, ID_FICHA_MEDICA) VALUES
                            (TO_DATE('2020-02-03','YYYY-MM-DD'), 1, '00290', 290);
INSERT INTO EX.SINTOMAS(FECHA_INICIO, ID_SINTOMA, ID_PERSONA, ID_FICHA_MEDICA) VALUES
                            (TO_DATE('2020-06-20','YYYY-MM-DD'), 2, '00290', 290);
INSERT INTO EX.SINTOMAS(FECHA_INICIO, ID_SINTOMA, ID_PERSONA, ID_FICHA_MEDICA) VALUES
                            (TO_DATE('2020-04-01','YYYY-MM-DD'), 3, '00290', 290);
INSERT INTO EX.SINTOMAS(FECHA_INICIO, ID_SINTOMA, ID_PERSONA, ID_FICHA_MEDICA) VALUES
                            (TO_DATE('2020-01-29','YYYY-MM-DD'), 4, '00290', 290);
INSERT INTO EX.SINTOMAS(FECHA_INICIO, ID_SINTOMA, ID_PERSONA, ID_FICHA_MEDICA) VALUES
                            (TO_DATE('2020-03-25','YYYY-MM-DD'), 5, '00290', 290);
INSERT INTO EX.SINTOMAS(FECHA_INICIO, ID_SINTOMA, ID_PERSONA, ID_FICHA_MEDICA) VALUES
                            (TO_DATE('2020-01-22','YYYY-MM-DD'), 6, '00290', 290);
INSERT INTO EX.SINTOMAS(FECHA_INICIO, ID_SINTOMA, ID_PERSONA, ID_FICHA_MEDICA) VALUES
                            (TO_DATE('2020-03-06','YYYY-MM-DD'), 7, '00290', 290);
INSERT INTO EX.SINTOMAS(FECHA_INICIO, ID_SINTOMA, ID_PERSONA, ID_FICHA_MEDICA) VALUES
                            (TO_DATE('2020-01-06','YYYY-MM-DD'), 8, '00290', 290);
INSERT INTO EX.SINTOMAS(FECHA_INICIO, ID_SINTOMA, ID_PERSONA, ID_FICHA_MEDICA) VALUES
                            (TO_DATE('2020-01-10','YYYY-MM-DD'), 9, '00290', 290);
INSERT INTO EX.SINTOMAS(FECHA_INICIO, ID_SINTOMA, ID_PERSONA, ID_FICHA_MEDICA) VALUES
                            (TO_DATE('2020-05-16','YYYY-MM-DD'), 10, '00290', 290);
INSERT INTO EX.SINTOMAS(FECHA_INICIO, ID_SINTOMA, ID_PERSONA, ID_FICHA_MEDICA) VALUES
                            (TO_DATE('2020-03-15','YYYY-MM-DD'), 11, '00290', 290);
INSERT INTO EX.SINTOMAS(FECHA_INICIO, ID_SINTOMA, ID_PERSONA, ID_FICHA_MEDICA) VALUES
                            (TO_DATE('2020-06-20','YYYY-MM-DD'), 12, '00290', 290);
INSERT INTO EX.SINTOMAS(FECHA_INICIO, ID_SINTOMA, ID_PERSONA, ID_FICHA_MEDICA) VALUES
                            (TO_DATE('2020-04-24','YYYY-MM-DD'), 13, '00290', 290);
INSERT INTO EX.SINTOMAS(FECHA_INICIO, ID_SINTOMA, ID_PERSONA, ID_FICHA_MEDICA) VALUES
                            (TO_DATE('2020-02-24','YYYY-MM-DD'), 14, '00290', 290);
INSERT INTO EX.SINTOMAS(FECHA_INICIO, ID_SINTOMA, ID_PERSONA, ID_FICHA_MEDICA) VALUES
                            (TO_DATE('2020-05-19','YYYY-MM-DD'), 15, '00290', 290);
INSERT INTO EX.PERSONA(DOC_IDENTIDAD, NOMBRE, NOMBRE1, APELLIDO, APELLIDO1, FECHA_NAC, GENERO, FOTO) VALUES
                  ('00291', 'Danny', 'Kristina', 'Glenn', 'Hahn', TO_DATE('1996-04-29','YYYY-MM-DD'), 'f', NULL);
INSERT INTO EX.HISTORICO_RESIDENCIA(FECHA_INICIO, ID_LUGAR, ID_PERSONA, FECHA_FIN) VALUES
                  (TO_DATE('1974-12-05','YYYY-MM-DD'), 22, '00291', NULL);
INSERT INTO EX.FICHA_MEDICA(ID, ID_PERSONA, ID_CENTRO_SALUD, ID_LUGAR, ESTADO, FECHA_INFECCION, FECHA_RECUPERACION) VALUES
                                             (291, '00291', 7, 22, 'desconido', NULL, NULL);
INSERT INTO EX.PADECIMIENTOS(ID_PATOLOGIA, ID_PERSONA, ID_FICHA_MEDICA) VALUES
                            (1, '00291', 291);
INSERT INTO EX.PADECIMIENTOS(ID_PATOLOGIA, ID_PERSONA, ID_FICHA_MEDICA) VALUES
                            (2, '00291', 291);
INSERT INTO EX.PADECIMIENTOS(ID_PATOLOGIA, ID_PERSONA, ID_FICHA_MEDICA) VALUES
                            (3, '00291', 291);
INSERT INTO EX.PADECIMIENTOS(ID_PATOLOGIA, ID_PERSONA, ID_FICHA_MEDICA) VALUES
                            (4, '00291', 291);
INSERT INTO EX.PADECIMIENTOS(ID_PATOLOGIA, ID_PERSONA, ID_FICHA_MEDICA) VALUES
                            (5, '00291', 291);
INSERT INTO EX.PADECIMIENTOS(ID_PATOLOGIA, ID_PERSONA, ID_FICHA_MEDICA) VALUES
                            (6, '00291', 291);
INSERT INTO EX.PADECIMIENTOS(ID_PATOLOGIA, ID_PERSONA, ID_FICHA_MEDICA) VALUES
                            (7, '00291', 291);
INSERT INTO EX.PADECIMIENTOS(ID_PATOLOGIA, ID_PERSONA, ID_FICHA_MEDICA) VALUES
                            (8, '00291', 291);
INSERT INTO EX.PADECIMIENTOS(ID_PATOLOGIA, ID_PERSONA, ID_FICHA_MEDICA) VALUES
                            (9, '00291', 291);
INSERT INTO EX.PADECIMIENTOS(ID_PATOLOGIA, ID_PERSONA, ID_FICHA_MEDICA) VALUES
                            (10, '00291', 291);
INSERT INTO EX.PADECIMIENTOS(ID_PATOLOGIA, ID_PERSONA, ID_FICHA_MEDICA) VALUES
                            (11, '00291', 291);
INSERT INTO EX.PADECIMIENTOS(ID_PATOLOGIA, ID_PERSONA, ID_FICHA_MEDICA) VALUES
                            (12, '00291', 291);
INSERT INTO EX.PADECIMIENTOS(ID_PATOLOGIA, ID_PERSONA, ID_FICHA_MEDICA) VALUES
                            (13, '00291', 291);
INSERT INTO EX.PADECIMIENTOS(ID_PATOLOGIA, ID_PERSONA, ID_FICHA_MEDICA) VALUES
                            (14, '00291', 291);
INSERT INTO EX.PADECIMIENTOS(ID_PATOLOGIA, ID_PERSONA, ID_FICHA_MEDICA) VALUES
                            (15, '00291', 291);
INSERT INTO EX.PERSONA(DOC_IDENTIDAD, NOMBRE, NOMBRE1, APELLIDO, APELLIDO1, FECHA_NAC, GENERO, FOTO) VALUES
                  ('00292', 'Joseph', 'Yolanda', 'Ellis', 'Cooper', TO_DATE('1992-02-25','YYYY-MM-DD'), 'm', NULL);
INSERT INTO EX.HISTORICO_RESIDENCIA(FECHA_INICIO, ID_LUGAR, ID_PERSONA, FECHA_FIN) VALUES
                  (TO_DATE('1978-05-16','YYYY-MM-DD'), 31, '00292', NULL);
INSERT INTO EX.FICHA_MEDICA(ID, ID_PERSONA, ID_CENTRO_SALUD, ID_LUGAR, ESTADO, FECHA_INFECCION, FECHA_RECUPERACION) VALUES
                                             (292, '00292', 16, 31, 'desconido', NULL, NULL);
INSERT INTO EX.PADECIMIENTOS(ID_PATOLOGIA, ID_PERSONA, ID_FICHA_MEDICA) VALUES
                            (1, '00292', 292);
INSERT INTO EX.PADECIMIENTOS(ID_PATOLOGIA, ID_PERSONA, ID_FICHA_MEDICA) VALUES
                            (2, '00292', 292);
INSERT INTO EX.PADECIMIENTOS(ID_PATOLOGIA, ID_PERSONA, ID_FICHA_MEDICA) VALUES
                            (3, '00292', 292);
INSERT INTO EX.PADECIMIENTOS(ID_PATOLOGIA, ID_PERSONA, ID_FICHA_MEDICA) VALUES
                            (4, '00292', 292);
INSERT INTO EX.PADECIMIENTOS(ID_PATOLOGIA, ID_PERSONA, ID_FICHA_MEDICA) VALUES
                            (5, '00292', 292);
INSERT INTO EX.PERSONA(DOC_IDENTIDAD, NOMBRE, NOMBRE1, APELLIDO, APELLIDO1, FECHA_NAC, GENERO, FOTO) VALUES
                  ('00293', 'Nicholas', 'Leah', 'Walters', 'Fuller', TO_DATE('1995-11-17','YYYY-MM-DD'), 'f', NULL);
INSERT INTO EX.HISTORICO_RESIDENCIA(FECHA_INICIO, ID_LUGAR, ID_PERSONA, FECHA_FIN) VALUES
                  (TO_DATE('2011-10-11','YYYY-MM-DD'), 40, '00293', NULL);
INSERT INTO EX.FICHA_MEDICA(ID, ID_PERSONA, ID_CENTRO_SALUD, ID_LUGAR, ESTADO, FECHA_INFECCION, FECHA_RECUPERACION) VALUES
                                             (293, '00293', 25, 40, 'desconido', NULL, NULL);
INSERT INTO EX.PADECIMIENTOS(ID_PATOLOGIA, ID_PERSONA, ID_FICHA_MEDICA) VALUES
                            (1, '00293', 293);
INSERT INTO EX.PADECIMIENTOS(ID_PATOLOGIA, ID_PERSONA, ID_FICHA_MEDICA) VALUES
                            (2, '00293', 293);
INSERT INTO EX.PADECIMIENTOS(ID_PATOLOGIA, ID_PERSONA, ID_FICHA_MEDICA) VALUES
                            (3, '00293', 293);
INSERT INTO EX.PADECIMIENTOS(ID_PATOLOGIA, ID_PERSONA, ID_FICHA_MEDICA) VALUES
                            (4, '00293', 293);
INSERT INTO EX.PADECIMIENTOS(ID_PATOLOGIA, ID_PERSONA, ID_FICHA_MEDICA) VALUES
                            (5, '00293', 293);
INSERT INTO EX.PADECIMIENTOS(ID_PATOLOGIA, ID_PERSONA, ID_FICHA_MEDICA) VALUES
                            (6, '00293', 293);
INSERT INTO EX.PADECIMIENTOS(ID_PATOLOGIA, ID_PERSONA, ID_FICHA_MEDICA) VALUES
                            (7, '00293', 293);
INSERT INTO EX.PADECIMIENTOS(ID_PATOLOGIA, ID_PERSONA, ID_FICHA_MEDICA) VALUES
                            (8, '00293', 293);
INSERT INTO EX.PADECIMIENTOS(ID_PATOLOGIA, ID_PERSONA, ID_FICHA_MEDICA) VALUES
                            (9, '00293', 293);
INSERT INTO EX.PADECIMIENTOS(ID_PATOLOGIA, ID_PERSONA, ID_FICHA_MEDICA) VALUES
                            (10, '00293', 293);
INSERT INTO EX.PADECIMIENTOS(ID_PATOLOGIA, ID_PERSONA, ID_FICHA_MEDICA) VALUES
                            (11, '00293', 293);
INSERT INTO EX.PADECIMIENTOS(ID_PATOLOGIA, ID_PERSONA, ID_FICHA_MEDICA) VALUES
                            (12, '00293', 293);
INSERT INTO EX.PADECIMIENTOS(ID_PATOLOGIA, ID_PERSONA, ID_FICHA_MEDICA) VALUES
                            (13, '00293', 293);
INSERT INTO EX.SINTOMAS(FECHA_INICIO, ID_SINTOMA, ID_PERSONA, ID_FICHA_MEDICA) VALUES
                            (TO_DATE('2020-01-04','YYYY-MM-DD'), 1, '00293', 293);
INSERT INTO EX.SINTOMAS(FECHA_INICIO, ID_SINTOMA, ID_PERSONA, ID_FICHA_MEDICA) VALUES
                            (TO_DATE('2020-03-14','YYYY-MM-DD'), 2, '00293', 293);
INSERT INTO EX.SINTOMAS(FECHA_INICIO, ID_SINTOMA, ID_PERSONA, ID_FICHA_MEDICA) VALUES
                            (TO_DATE('2020-01-17','YYYY-MM-DD'), 3, '00293', 293);
INSERT INTO EX.SINTOMAS(FECHA_INICIO, ID_SINTOMA, ID_PERSONA, ID_FICHA_MEDICA) VALUES
                            (TO_DATE('2020-01-17','YYYY-MM-DD'), 4, '00293', 293);
INSERT INTO EX.SINTOMAS(FECHA_INICIO, ID_SINTOMA, ID_PERSONA, ID_FICHA_MEDICA) VALUES
                            (TO_DATE('2020-05-13','YYYY-MM-DD'), 5, '00293', 293);
INSERT INTO EX.SINTOMAS(FECHA_INICIO, ID_SINTOMA, ID_PERSONA, ID_FICHA_MEDICA) VALUES
                            (TO_DATE('2020-01-24','YYYY-MM-DD'), 6, '00293', 293);
INSERT INTO EX.SINTOMAS(FECHA_INICIO, ID_SINTOMA, ID_PERSONA, ID_FICHA_MEDICA) VALUES
                            (TO_DATE('2020-05-16','YYYY-MM-DD'), 7, '00293', 293);
INSERT INTO EX.SINTOMAS(FECHA_INICIO, ID_SINTOMA, ID_PERSONA, ID_FICHA_MEDICA) VALUES
                            (TO_DATE('2020-05-08','YYYY-MM-DD'), 8, '00293', 293);
INSERT INTO EX.SINTOMAS(FECHA_INICIO, ID_SINTOMA, ID_PERSONA, ID_FICHA_MEDICA) VALUES
                            (TO_DATE('2020-01-26','YYYY-MM-DD'), 9, '00293', 293);
INSERT INTO EX.SINTOMAS(FECHA_INICIO, ID_SINTOMA, ID_PERSONA, ID_FICHA_MEDICA) VALUES
                            (TO_DATE('2020-06-14','YYYY-MM-DD'), 10, '00293', 293);
INSERT INTO EX.SINTOMAS(FECHA_INICIO, ID_SINTOMA, ID_PERSONA, ID_FICHA_MEDICA) VALUES
                            (TO_DATE('2020-04-28','YYYY-MM-DD'), 11, '00293', 293);
INSERT INTO EX.SINTOMAS(FECHA_INICIO, ID_SINTOMA, ID_PERSONA, ID_FICHA_MEDICA) VALUES
                            (TO_DATE('2020-03-17','YYYY-MM-DD'), 12, '00293', 293);
INSERT INTO EX.SINTOMAS(FECHA_INICIO, ID_SINTOMA, ID_PERSONA, ID_FICHA_MEDICA) VALUES
                            (TO_DATE('2020-06-23','YYYY-MM-DD'), 13, '00293', 293);
INSERT INTO EX.PERSONA(DOC_IDENTIDAD, NOMBRE, NOMBRE1, APELLIDO, APELLIDO1, FECHA_NAC, GENERO, FOTO) VALUES
                  ('00294', 'Jeffrey', 'Sheila', 'Vaughn', 'Ponce', TO_DATE('2013-04-24','YYYY-MM-DD'), 'm', NULL);
INSERT INTO EX.HISTORICO_RESIDENCIA(FECHA_INICIO, ID_LUGAR, ID_PERSONA, FECHA_FIN) VALUES
                  (TO_DATE('1985-11-07','YYYY-MM-DD'), 45, '00294', NULL);
INSERT INTO EX.FICHA_MEDICA(ID, ID_PERSONA, ID_CENTRO_SALUD, ID_LUGAR, ESTADO, FECHA_INFECCION, FECHA_RECUPERACION) VALUES
                                             (294, '00294', 30, 45, 'desconido', NULL, NULL);
INSERT INTO EX.SINTOMAS(FECHA_INICIO, ID_SINTOMA, ID_PERSONA, ID_FICHA_MEDICA) VALUES
                            (TO_DATE('2020-04-23','YYYY-MM-DD'), 1, '00294', 294);
INSERT INTO EX.SINTOMAS(FECHA_INICIO, ID_SINTOMA, ID_PERSONA, ID_FICHA_MEDICA) VALUES
                            (TO_DATE('2020-04-02','YYYY-MM-DD'), 2, '00294', 294);
INSERT INTO EX.SINTOMAS(FECHA_INICIO, ID_SINTOMA, ID_PERSONA, ID_FICHA_MEDICA) VALUES
                            (TO_DATE('2020-03-10','YYYY-MM-DD'), 3, '00294', 294);
INSERT INTO EX.SINTOMAS(FECHA_INICIO, ID_SINTOMA, ID_PERSONA, ID_FICHA_MEDICA) VALUES
                            (TO_DATE('2020-01-06','YYYY-MM-DD'), 4, '00294', 294);
INSERT INTO EX.SINTOMAS(FECHA_INICIO, ID_SINTOMA, ID_PERSONA, ID_FICHA_MEDICA) VALUES
                            (TO_DATE('2020-01-13','YYYY-MM-DD'), 5, '00294', 294);
INSERT INTO EX.SINTOMAS(FECHA_INICIO, ID_SINTOMA, ID_PERSONA, ID_FICHA_MEDICA) VALUES
                            (TO_DATE('2020-02-29','YYYY-MM-DD'), 6, '00294', 294);
INSERT INTO EX.SINTOMAS(FECHA_INICIO, ID_SINTOMA, ID_PERSONA, ID_FICHA_MEDICA) VALUES
                            (TO_DATE('2020-02-05','YYYY-MM-DD'), 7, '00294', 294);
INSERT INTO EX.PERSONA(DOC_IDENTIDAD, NOMBRE, NOMBRE1, APELLIDO, APELLIDO1, FECHA_NAC, GENERO, FOTO) VALUES
                  ('00295', 'Sarah', 'David', 'Chaney', 'Dorsey', TO_DATE('1990-10-19','YYYY-MM-DD'), 'f', NULL);
INSERT INTO EX.HISTORICO_RESIDENCIA(FECHA_INICIO, ID_LUGAR, ID_PERSONA, FECHA_FIN) VALUES
                  (TO_DATE('1996-11-21','YYYY-MM-DD'), 35, '00295', NULL);
INSERT INTO EX.FICHA_MEDICA(ID, ID_PERSONA, ID_CENTRO_SALUD, ID_LUGAR, ESTADO, FECHA_INFECCION, FECHA_RECUPERACION) VALUES
                                             (295, '00295', 20, 35, 'desconido', NULL, NULL);
INSERT INTO EX.PADECIMIENTOS(ID_PATOLOGIA, ID_PERSONA, ID_FICHA_MEDICA) VALUES
                            (1, '00295', 295);
INSERT INTO EX.PADECIMIENTOS(ID_PATOLOGIA, ID_PERSONA, ID_FICHA_MEDICA) VALUES
                            (2, '00295', 295);
INSERT INTO EX.PADECIMIENTOS(ID_PATOLOGIA, ID_PERSONA, ID_FICHA_MEDICA) VALUES
                            (3, '00295', 295);
INSERT INTO EX.PADECIMIENTOS(ID_PATOLOGIA, ID_PERSONA, ID_FICHA_MEDICA) VALUES
                            (4, '00295', 295);
INSERT INTO EX.PADECIMIENTOS(ID_PATOLOGIA, ID_PERSONA, ID_FICHA_MEDICA) VALUES
                            (5, '00295', 295);
INSERT INTO EX.PADECIMIENTOS(ID_PATOLOGIA, ID_PERSONA, ID_FICHA_MEDICA) VALUES
                            (6, '00295', 295);
INSERT INTO EX.PADECIMIENTOS(ID_PATOLOGIA, ID_PERSONA, ID_FICHA_MEDICA) VALUES
                            (7, '00295', 295);
INSERT INTO EX.PADECIMIENTOS(ID_PATOLOGIA, ID_PERSONA, ID_FICHA_MEDICA) VALUES
                            (8, '00295', 295);
INSERT INTO EX.PADECIMIENTOS(ID_PATOLOGIA, ID_PERSONA, ID_FICHA_MEDICA) VALUES
                            (9, '00295', 295);
INSERT INTO EX.PADECIMIENTOS(ID_PATOLOGIA, ID_PERSONA, ID_FICHA_MEDICA) VALUES
                            (10, '00295', 295);
INSERT INTO EX.PADECIMIENTOS(ID_PATOLOGIA, ID_PERSONA, ID_FICHA_MEDICA) VALUES
                            (11, '00295', 295);
INSERT INTO EX.PADECIMIENTOS(ID_PATOLOGIA, ID_PERSONA, ID_FICHA_MEDICA) VALUES
                            (12, '00295', 295);
INSERT INTO EX.PADECIMIENTOS(ID_PATOLOGIA, ID_PERSONA, ID_FICHA_MEDICA) VALUES
                            (13, '00295', 295);
INSERT INTO EX.PADECIMIENTOS(ID_PATOLOGIA, ID_PERSONA, ID_FICHA_MEDICA) VALUES
                            (14, '00295', 295);
INSERT INTO EX.SINTOMAS(FECHA_INICIO, ID_SINTOMA, ID_PERSONA, ID_FICHA_MEDICA) VALUES
                            (TO_DATE('2020-01-08','YYYY-MM-DD'), 1, '00295', 295);
INSERT INTO EX.SINTOMAS(FECHA_INICIO, ID_SINTOMA, ID_PERSONA, ID_FICHA_MEDICA) VALUES
                            (TO_DATE('2020-06-13','YYYY-MM-DD'), 2, '00295', 295);
INSERT INTO EX.SINTOMAS(FECHA_INICIO, ID_SINTOMA, ID_PERSONA, ID_FICHA_MEDICA) VALUES
                            (TO_DATE('2020-02-24','YYYY-MM-DD'), 3, '00295', 295);
INSERT INTO EX.SINTOMAS(FECHA_INICIO, ID_SINTOMA, ID_PERSONA, ID_FICHA_MEDICA) VALUES
                            (TO_DATE('2020-03-21','YYYY-MM-DD'), 4, '00295', 295);
INSERT INTO EX.SINTOMAS(FECHA_INICIO, ID_SINTOMA, ID_PERSONA, ID_FICHA_MEDICA) VALUES
                            (TO_DATE('2020-04-06','YYYY-MM-DD'), 5, '00295', 295);
INSERT INTO EX.SINTOMAS(FECHA_INICIO, ID_SINTOMA, ID_PERSONA, ID_FICHA_MEDICA) VALUES
                            (TO_DATE('2020-03-24','YYYY-MM-DD'), 6, '00295', 295);
INSERT INTO EX.SINTOMAS(FECHA_INICIO, ID_SINTOMA, ID_PERSONA, ID_FICHA_MEDICA) VALUES
                            (TO_DATE('2020-06-19','YYYY-MM-DD'), 7, '00295', 295);
INSERT INTO EX.SINTOMAS(FECHA_INICIO, ID_SINTOMA, ID_PERSONA, ID_FICHA_MEDICA) VALUES
                            (TO_DATE('2020-01-03','YYYY-MM-DD'), 8, '00295', 295);
INSERT INTO EX.SINTOMAS(FECHA_INICIO, ID_SINTOMA, ID_PERSONA, ID_FICHA_MEDICA) VALUES
                            (TO_DATE('2020-05-25','YYYY-MM-DD'), 9, '00295', 295);
INSERT INTO EX.SINTOMAS(FECHA_INICIO, ID_SINTOMA, ID_PERSONA, ID_FICHA_MEDICA) VALUES
                            (TO_DATE('2020-05-18','YYYY-MM-DD'), 10, '00295', 295);
INSERT INTO EX.SINTOMAS(FECHA_INICIO, ID_SINTOMA, ID_PERSONA, ID_FICHA_MEDICA) VALUES
                            (TO_DATE('2020-05-06','YYYY-MM-DD'), 11, '00295', 295);
INSERT INTO EX.SINTOMAS(FECHA_INICIO, ID_SINTOMA, ID_PERSONA, ID_FICHA_MEDICA) VALUES
                            (TO_DATE('2020-02-21','YYYY-MM-DD'), 12, '00295', 295);
INSERT INTO EX.SINTOMAS(FECHA_INICIO, ID_SINTOMA, ID_PERSONA, ID_FICHA_MEDICA) VALUES
                            (TO_DATE('2020-06-27','YYYY-MM-DD'), 13, '00295', 295);
INSERT INTO EX.SINTOMAS(FECHA_INICIO, ID_SINTOMA, ID_PERSONA, ID_FICHA_MEDICA) VALUES
                            (TO_DATE('2020-01-03','YYYY-MM-DD'), 14, '00295', 295);
INSERT INTO EX.SINTOMAS(FECHA_INICIO, ID_SINTOMA, ID_PERSONA, ID_FICHA_MEDICA) VALUES
                            (TO_DATE('2020-01-10','YYYY-MM-DD'), 15, '00295', 295);
INSERT INTO EX.PERSONA(DOC_IDENTIDAD, NOMBRE, NOMBRE1, APELLIDO, APELLIDO1, FECHA_NAC, GENERO, FOTO) VALUES
                  ('00296', 'Cory', 'James', 'Duke', 'Hamilton', TO_DATE('1998-12-16','YYYY-MM-DD'), 'm', NULL);
INSERT INTO EX.HISTORICO_RESIDENCIA(FECHA_INICIO, ID_LUGAR, ID_PERSONA, FECHA_FIN) VALUES
                  (TO_DATE('1970-05-07','YYYY-MM-DD'), 27, '00296', NULL);
INSERT INTO EX.FICHA_MEDICA(ID, ID_PERSONA, ID_CENTRO_SALUD, ID_LUGAR, ESTADO, FECHA_INFECCION, FECHA_RECUPERACION) VALUES
                                             (296, '00296', 12, 27, 'desconido', NULL, NULL);
INSERT INTO EX.SINTOMAS(FECHA_INICIO, ID_SINTOMA, ID_PERSONA, ID_FICHA_MEDICA) VALUES
                            (TO_DATE('2020-02-14','YYYY-MM-DD'), 1, '00296', 296);
INSERT INTO EX.SINTOMAS(FECHA_INICIO, ID_SINTOMA, ID_PERSONA, ID_FICHA_MEDICA) VALUES
                            (TO_DATE('2020-06-12','YYYY-MM-DD'), 2, '00296', 296);
INSERT INTO EX.SINTOMAS(FECHA_INICIO, ID_SINTOMA, ID_PERSONA, ID_FICHA_MEDICA) VALUES
                            (TO_DATE('2020-03-18','YYYY-MM-DD'), 3, '00296', 296);
INSERT INTO EX.SINTOMAS(FECHA_INICIO, ID_SINTOMA, ID_PERSONA, ID_FICHA_MEDICA) VALUES
                            (TO_DATE('2020-02-16','YYYY-MM-DD'), 4, '00296', 296);
INSERT INTO EX.PERSONA(DOC_IDENTIDAD, NOMBRE, NOMBRE1, APELLIDO, APELLIDO1, FECHA_NAC, GENERO, FOTO) VALUES
                  ('00297', 'James', 'Kaitlin', 'Huber', 'Turner', TO_DATE('1994-11-25','YYYY-MM-DD'), 'f', NULL);
INSERT INTO EX.HISTORICO_RESIDENCIA(FECHA_INICIO, ID_LUGAR, ID_PERSONA, FECHA_FIN) VALUES
                  (TO_DATE('1974-02-10','YYYY-MM-DD'), 22, '00297', NULL);
INSERT INTO EX.FICHA_MEDICA(ID, ID_PERSONA, ID_CENTRO_SALUD, ID_LUGAR, ESTADO, FECHA_INFECCION, FECHA_RECUPERACION) VALUES
                                             (297, '00297', 7, 22, 'desconido', NULL, NULL);
INSERT INTO EX.PADECIMIENTOS(ID_PATOLOGIA, ID_PERSONA, ID_FICHA_MEDICA) VALUES
                            (1, '00297', 297);
INSERT INTO EX.PADECIMIENTOS(ID_PATOLOGIA, ID_PERSONA, ID_FICHA_MEDICA) VALUES
                            (2, '00297', 297);
INSERT INTO EX.PADECIMIENTOS(ID_PATOLOGIA, ID_PERSONA, ID_FICHA_MEDICA) VALUES
                            (3, '00297', 297);
INSERT INTO EX.PADECIMIENTOS(ID_PATOLOGIA, ID_PERSONA, ID_FICHA_MEDICA) VALUES
                            (4, '00297', 297);
INSERT INTO EX.PADECIMIENTOS(ID_PATOLOGIA, ID_PERSONA, ID_FICHA_MEDICA) VALUES
                            (5, '00297', 297);
INSERT INTO EX.PADECIMIENTOS(ID_PATOLOGIA, ID_PERSONA, ID_FICHA_MEDICA) VALUES
                            (6, '00297', 297);
INSERT INTO EX.PADECIMIENTOS(ID_PATOLOGIA, ID_PERSONA, ID_FICHA_MEDICA) VALUES
                            (7, '00297', 297);
INSERT INTO EX.PADECIMIENTOS(ID_PATOLOGIA, ID_PERSONA, ID_FICHA_MEDICA) VALUES
                            (8, '00297', 297);
INSERT INTO EX.PADECIMIENTOS(ID_PATOLOGIA, ID_PERSONA, ID_FICHA_MEDICA) VALUES
                            (9, '00297', 297);
INSERT INTO EX.PADECIMIENTOS(ID_PATOLOGIA, ID_PERSONA, ID_FICHA_MEDICA) VALUES
                            (10, '00297', 297);
INSERT INTO EX.PADECIMIENTOS(ID_PATOLOGIA, ID_PERSONA, ID_FICHA_MEDICA) VALUES
                            (11, '00297', 297);
INSERT INTO EX.PADECIMIENTOS(ID_PATOLOGIA, ID_PERSONA, ID_FICHA_MEDICA) VALUES
                            (12, '00297', 297);
INSERT INTO EX.PADECIMIENTOS(ID_PATOLOGIA, ID_PERSONA, ID_FICHA_MEDICA) VALUES
                            (13, '00297', 297);
INSERT INTO EX.PADECIMIENTOS(ID_PATOLOGIA, ID_PERSONA, ID_FICHA_MEDICA) VALUES
                            (14, '00297', 297);
INSERT INTO EX.PADECIMIENTOS(ID_PATOLOGIA, ID_PERSONA, ID_FICHA_MEDICA) VALUES
                            (15, '00297', 297);
INSERT INTO EX.SINTOMAS(FECHA_INICIO, ID_SINTOMA, ID_PERSONA, ID_FICHA_MEDICA) VALUES
                            (TO_DATE('2020-01-31','YYYY-MM-DD'), 1, '00297', 297);
INSERT INTO EX.SINTOMAS(FECHA_INICIO, ID_SINTOMA, ID_PERSONA, ID_FICHA_MEDICA) VALUES
                            (TO_DATE('2020-04-10','YYYY-MM-DD'), 2, '00297', 297);
INSERT INTO EX.SINTOMAS(FECHA_INICIO, ID_SINTOMA, ID_PERSONA, ID_FICHA_MEDICA) VALUES
                            (TO_DATE('2020-03-09','YYYY-MM-DD'), 3, '00297', 297);
INSERT INTO EX.SINTOMAS(FECHA_INICIO, ID_SINTOMA, ID_PERSONA, ID_FICHA_MEDICA) VALUES
                            (TO_DATE('2020-01-23','YYYY-MM-DD'), 4, '00297', 297);
INSERT INTO EX.SINTOMAS(FECHA_INICIO, ID_SINTOMA, ID_PERSONA, ID_FICHA_MEDICA) VALUES
                            (TO_DATE('2020-04-14','YYYY-MM-DD'), 5, '00297', 297);
INSERT INTO EX.SINTOMAS(FECHA_INICIO, ID_SINTOMA, ID_PERSONA, ID_FICHA_MEDICA) VALUES
                            (TO_DATE('2020-01-24','YYYY-MM-DD'), 6, '00297', 297);
INSERT INTO EX.PERSONA(DOC_IDENTIDAD, NOMBRE, NOMBRE1, APELLIDO, APELLIDO1, FECHA_NAC, GENERO, FOTO) VALUES
                  ('00298', 'Matthew', 'Donna', 'Parks', 'Mccoy', TO_DATE('1982-11-21','YYYY-MM-DD'), 'm', NULL);
INSERT INTO EX.HISTORICO_RESIDENCIA(FECHA_INICIO, ID_LUGAR, ID_PERSONA, FECHA_FIN) VALUES
                  (TO_DATE('1976-01-07','YYYY-MM-DD'), 35, '00298', NULL);
INSERT INTO EX.FICHA_MEDICA(ID, ID_PERSONA, ID_CENTRO_SALUD, ID_LUGAR, ESTADO, FECHA_INFECCION, FECHA_RECUPERACION) VALUES
                                             (298, '00298', 20, 35, 'desconido', NULL, NULL);
INSERT INTO EX.PADECIMIENTOS(ID_PATOLOGIA, ID_PERSONA, ID_FICHA_MEDICA) VALUES
                            (1, '00298', 298);
INSERT INTO EX.PADECIMIENTOS(ID_PATOLOGIA, ID_PERSONA, ID_FICHA_MEDICA) VALUES
                            (2, '00298', 298);
INSERT INTO EX.PADECIMIENTOS(ID_PATOLOGIA, ID_PERSONA, ID_FICHA_MEDICA) VALUES
                            (3, '00298', 298);
INSERT INTO EX.PADECIMIENTOS(ID_PATOLOGIA, ID_PERSONA, ID_FICHA_MEDICA) VALUES
                            (4, '00298', 298);
INSERT INTO EX.PADECIMIENTOS(ID_PATOLOGIA, ID_PERSONA, ID_FICHA_MEDICA) VALUES
                            (5, '00298', 298);
INSERT INTO EX.PADECIMIENTOS(ID_PATOLOGIA, ID_PERSONA, ID_FICHA_MEDICA) VALUES
                            (6, '00298', 298);
INSERT INTO EX.PADECIMIENTOS(ID_PATOLOGIA, ID_PERSONA, ID_FICHA_MEDICA) VALUES
                            (7, '00298', 298);
INSERT INTO EX.PADECIMIENTOS(ID_PATOLOGIA, ID_PERSONA, ID_FICHA_MEDICA) VALUES
                            (8, '00298', 298);
INSERT INTO EX.PADECIMIENTOS(ID_PATOLOGIA, ID_PERSONA, ID_FICHA_MEDICA) VALUES
                            (9, '00298', 298);
INSERT INTO EX.PADECIMIENTOS(ID_PATOLOGIA, ID_PERSONA, ID_FICHA_MEDICA) VALUES
                            (10, '00298', 298);
INSERT INTO EX.PADECIMIENTOS(ID_PATOLOGIA, ID_PERSONA, ID_FICHA_MEDICA) VALUES
                            (11, '00298', 298);
INSERT INTO EX.PADECIMIENTOS(ID_PATOLOGIA, ID_PERSONA, ID_FICHA_MEDICA) VALUES
                            (12, '00298', 298);
INSERT INTO EX.PADECIMIENTOS(ID_PATOLOGIA, ID_PERSONA, ID_FICHA_MEDICA) VALUES
                            (13, '00298', 298);
INSERT INTO EX.PADECIMIENTOS(ID_PATOLOGIA, ID_PERSONA, ID_FICHA_MEDICA) VALUES
                            (14, '00298', 298);
INSERT INTO EX.PERSONA(DOC_IDENTIDAD, NOMBRE, NOMBRE1, APELLIDO, APELLIDO1, FECHA_NAC, GENERO, FOTO) VALUES
                  ('00299', 'Paul', 'Thomas', 'Shaffer', 'Baker', TO_DATE('1985-01-25','YYYY-MM-DD'), 'f', NULL);
INSERT INTO EX.HISTORICO_RESIDENCIA(FECHA_INICIO, ID_LUGAR, ID_PERSONA, FECHA_FIN) VALUES
                  (TO_DATE('1978-01-30','YYYY-MM-DD'), 36, '00299', NULL);
INSERT INTO EX.FICHA_MEDICA(ID, ID_PERSONA, ID_CENTRO_SALUD, ID_LUGAR, ESTADO, FECHA_INFECCION, FECHA_RECUPERACION) VALUES
                                             (299, '00299', 21, 36, 'desconido', NULL, NULL);
INSERT INTO EX.PADECIMIENTOS(ID_PATOLOGIA, ID_PERSONA, ID_FICHA_MEDICA) VALUES
                            (1, '00299', 299);
INSERT INTO EX.PADECIMIENTOS(ID_PATOLOGIA, ID_PERSONA, ID_FICHA_MEDICA) VALUES
                            (2, '00299', 299);
INSERT INTO EX.PADECIMIENTOS(ID_PATOLOGIA, ID_PERSONA, ID_FICHA_MEDICA) VALUES
                            (3, '00299', 299);
INSERT INTO EX.PADECIMIENTOS(ID_PATOLOGIA, ID_PERSONA, ID_FICHA_MEDICA) VALUES
                            (4, '00299', 299);
INSERT INTO EX.PADECIMIENTOS(ID_PATOLOGIA, ID_PERSONA, ID_FICHA_MEDICA) VALUES
                            (5, '00299', 299);
INSERT INTO EX.PADECIMIENTOS(ID_PATOLOGIA, ID_PERSONA, ID_FICHA_MEDICA) VALUES
                            (6, '00299', 299);
INSERT INTO EX.PADECIMIENTOS(ID_PATOLOGIA, ID_PERSONA, ID_FICHA_MEDICA) VALUES
                            (7, '00299', 299);
INSERT INTO EX.PADECIMIENTOS(ID_PATOLOGIA, ID_PERSONA, ID_FICHA_MEDICA) VALUES
                            (8, '00299', 299);
INSERT INTO EX.PADECIMIENTOS(ID_PATOLOGIA, ID_PERSONA, ID_FICHA_MEDICA) VALUES
                            (9, '00299', 299);
INSERT INTO EX.PADECIMIENTOS(ID_PATOLOGIA, ID_PERSONA, ID_FICHA_MEDICA) VALUES
                            (10, '00299', 299);
INSERT INTO EX.PADECIMIENTOS(ID_PATOLOGIA, ID_PERSONA, ID_FICHA_MEDICA) VALUES
                            (11, '00299', 299);
INSERT INTO EX.SINTOMAS(FECHA_INICIO, ID_SINTOMA, ID_PERSONA, ID_FICHA_MEDICA) VALUES
                            (TO_DATE('2020-05-05','YYYY-MM-DD'), 1, '00299', 299);
INSERT INTO EX.SINTOMAS(FECHA_INICIO, ID_SINTOMA, ID_PERSONA, ID_FICHA_MEDICA) VALUES
                            (TO_DATE('2020-03-26','YYYY-MM-DD'), 2, '00299', 299);
INSERT INTO EX.SINTOMAS(FECHA_INICIO, ID_SINTOMA, ID_PERSONA, ID_FICHA_MEDICA) VALUES
                            (TO_DATE('2020-04-22','YYYY-MM-DD'), 3, '00299', 299);
INSERT INTO EX.SINTOMAS(FECHA_INICIO, ID_SINTOMA, ID_PERSONA, ID_FICHA_MEDICA) VALUES
                            (TO_DATE('2020-02-06','YYYY-MM-DD'), 4, '00299', 299);
INSERT INTO EX.SINTOMAS(FECHA_INICIO, ID_SINTOMA, ID_PERSONA, ID_FICHA_MEDICA) VALUES
                            (TO_DATE('2020-02-11','YYYY-MM-DD'), 5, '00299', 299);
INSERT INTO EX.SINTOMAS(FECHA_INICIO, ID_SINTOMA, ID_PERSONA, ID_FICHA_MEDICA) VALUES
                            (TO_DATE('2020-03-17','YYYY-MM-DD'), 6, '00299', 299);
INSERT INTO EX.SINTOMAS(FECHA_INICIO, ID_SINTOMA, ID_PERSONA, ID_FICHA_MEDICA) VALUES
                            (TO_DATE('2020-06-11','YYYY-MM-DD'), 7, '00299', 299);
INSERT INTO EX.SINTOMAS(FECHA_INICIO, ID_SINTOMA, ID_PERSONA, ID_FICHA_MEDICA) VALUES
                            (TO_DATE('2020-06-07','YYYY-MM-DD'), 8, '00299', 299);
INSERT INTO EX.SINTOMAS(FECHA_INICIO, ID_SINTOMA, ID_PERSONA, ID_FICHA_MEDICA) VALUES
                            (TO_DATE('2020-06-20','YYYY-MM-DD'), 9, '00299', 299);
INSERT INTO EX.SINTOMAS(FECHA_INICIO, ID_SINTOMA, ID_PERSONA, ID_FICHA_MEDICA) VALUES
                            (TO_DATE('2020-05-12','YYYY-MM-DD'), 10, '00299', 299);
INSERT INTO EX.SINTOMAS(FECHA_INICIO, ID_SINTOMA, ID_PERSONA, ID_FICHA_MEDICA) VALUES
                            (TO_DATE('2020-05-30','YYYY-MM-DD'), 11, '00299', 299);
INSERT INTO EX.SINTOMAS(FECHA_INICIO, ID_SINTOMA, ID_PERSONA, ID_FICHA_MEDICA) VALUES
                            (TO_DATE('2020-01-01','YYYY-MM-DD'), 12, '00299', 299);
INSERT INTO EX.SINTOMAS(FECHA_INICIO, ID_SINTOMA, ID_PERSONA, ID_FICHA_MEDICA) VALUES
                            (TO_DATE('2020-04-26','YYYY-MM-DD'), 13, '00299', 299);
INSERT INTO EX.SINTOMAS(FECHA_INICIO, ID_SINTOMA, ID_PERSONA, ID_FICHA_MEDICA) VALUES
                            (TO_DATE('2020-04-28','YYYY-MM-DD'), 14, '00299', 299);
INSERT INTO EX.SINTOMAS(FECHA_INICIO, ID_SINTOMA, ID_PERSONA, ID_FICHA_MEDICA) VALUES
                            (TO_DATE('2020-02-07','YYYY-MM-DD'), 15, '00299', 299);
INSERT INTO EX.SINTOMAS(FECHA_INICIO, ID_SINTOMA, ID_PERSONA, ID_FICHA_MEDICA) VALUES
                            (TO_DATE('2020-06-04','YYYY-MM-DD'), 16, '00299', 299);
INSERT INTO EX.SINTOMAS(FECHA_INICIO, ID_SINTOMA, ID_PERSONA, ID_FICHA_MEDICA) VALUES
                            (TO_DATE('2020-04-25','YYYY-MM-DD'), 17, '00299', 299);
INSERT INTO EX.PERSONA(DOC_IDENTIDAD, NOMBRE, NOMBRE1, APELLIDO, APELLIDO1, FECHA_NAC, GENERO, FOTO) VALUES
                  ('00300', 'Tina', 'Taylor', 'Randolph', 'Mack', TO_DATE('2009-12-09','YYYY-MM-DD'), 'm', NULL);
INSERT INTO EX.HISTORICO_RESIDENCIA(FECHA_INICIO, ID_LUGAR, ID_PERSONA, FECHA_FIN) VALUES
                  (TO_DATE('2015-06-13','YYYY-MM-DD'), 26, '00300', NULL);
INSERT INTO EX.FICHA_MEDICA(ID, ID_PERSONA, ID_CENTRO_SALUD, ID_LUGAR, ESTADO, FECHA_INFECCION, FECHA_RECUPERACION) VALUES
                                             (300, '00300', 11, 26, 'desconido', NULL, NULL);
INSERT INTO EX.PADECIMIENTOS(ID_PATOLOGIA, ID_PERSONA, ID_FICHA_MEDICA) VALUES
                            (1, '00300', 300);
INSERT INTO EX.PADECIMIENTOS(ID_PATOLOGIA, ID_PERSONA, ID_FICHA_MEDICA) VALUES
                            (2, '00300', 300);
INSERT INTO EX.PERSONA(DOC_IDENTIDAD, NOMBRE, NOMBRE1, APELLIDO, APELLIDO1, FECHA_NAC, GENERO, FOTO) VALUES
                  ('00301', 'Christy', 'Erik', 'Mcmahon', 'Fernandez', TO_DATE('2005-08-21','YYYY-MM-DD'), 'f', NULL);
INSERT INTO EX.HISTORICO_RESIDENCIA(FECHA_INICIO, ID_LUGAR, ID_PERSONA, FECHA_FIN) VALUES
                  (TO_DATE('1971-11-01','YYYY-MM-DD'), 40, '00301', NULL);
INSERT INTO EX.FICHA_MEDICA(ID, ID_PERSONA, ID_CENTRO_SALUD, ID_LUGAR, ESTADO, FECHA_INFECCION, FECHA_RECUPERACION) VALUES
                                             (301, '00301', 25, 40, 'desconido', NULL, NULL);
INSERT INTO EX.PERSONA(DOC_IDENTIDAD, NOMBRE, NOMBRE1, APELLIDO, APELLIDO1, FECHA_NAC, GENERO, FOTO) VALUES
                  ('00302', 'Hannah', 'Sean', 'Williams', 'Douglas', TO_DATE('1988-03-15','YYYY-MM-DD'), 'm', NULL);
INSERT INTO EX.HISTORICO_RESIDENCIA(FECHA_INICIO, ID_LUGAR, ID_PERSONA, FECHA_FIN) VALUES
                  (TO_DATE('2001-01-17','YYYY-MM-DD'), 21, '00302', NULL);
INSERT INTO EX.FICHA_MEDICA(ID, ID_PERSONA, ID_CENTRO_SALUD, ID_LUGAR, ESTADO, FECHA_INFECCION, FECHA_RECUPERACION) VALUES
                                             (302, '00302', 6, 21, 'desconido', NULL, NULL);
INSERT INTO EX.PADECIMIENTOS(ID_PATOLOGIA, ID_PERSONA, ID_FICHA_MEDICA) VALUES
                            (1, '00302', 302);
INSERT INTO EX.PADECIMIENTOS(ID_PATOLOGIA, ID_PERSONA, ID_FICHA_MEDICA) VALUES
                            (2, '00302', 302);
INSERT INTO EX.PADECIMIENTOS(ID_PATOLOGIA, ID_PERSONA, ID_FICHA_MEDICA) VALUES
                            (3, '00302', 302);
INSERT INTO EX.PADECIMIENTOS(ID_PATOLOGIA, ID_PERSONA, ID_FICHA_MEDICA) VALUES
                            (4, '00302', 302);
INSERT INTO EX.PERSONA(DOC_IDENTIDAD, NOMBRE, NOMBRE1, APELLIDO, APELLIDO1, FECHA_NAC, GENERO, FOTO) VALUES
                  ('00303', 'Carol', 'Mark', 'Hill', 'Leonard', TO_DATE('1988-06-17','YYYY-MM-DD'), 'f', NULL);
INSERT INTO EX.HISTORICO_RESIDENCIA(FECHA_INICIO, ID_LUGAR, ID_PERSONA, FECHA_FIN) VALUES
                  (TO_DATE('1982-10-21','YYYY-MM-DD'), 41, '00303', NULL);
INSERT INTO EX.FICHA_MEDICA(ID, ID_PERSONA, ID_CENTRO_SALUD, ID_LUGAR, ESTADO, FECHA_INFECCION, FECHA_RECUPERACION) VALUES
                                             (303, '00303', 26, 41, 'desconido', NULL, NULL);
INSERT INTO EX.PADECIMIENTOS(ID_PATOLOGIA, ID_PERSONA, ID_FICHA_MEDICA) VALUES
                            (1, '00303', 303);
INSERT INTO EX.PADECIMIENTOS(ID_PATOLOGIA, ID_PERSONA, ID_FICHA_MEDICA) VALUES
                            (2, '00303', 303);
INSERT INTO EX.PADECIMIENTOS(ID_PATOLOGIA, ID_PERSONA, ID_FICHA_MEDICA) VALUES
                            (3, '00303', 303);
INSERT INTO EX.PADECIMIENTOS(ID_PATOLOGIA, ID_PERSONA, ID_FICHA_MEDICA) VALUES
                            (4, '00303', 303);
INSERT INTO EX.PADECIMIENTOS(ID_PATOLOGIA, ID_PERSONA, ID_FICHA_MEDICA) VALUES
                            (5, '00303', 303);
INSERT INTO EX.PADECIMIENTOS(ID_PATOLOGIA, ID_PERSONA, ID_FICHA_MEDICA) VALUES
                            (6, '00303', 303);
INSERT INTO EX.PADECIMIENTOS(ID_PATOLOGIA, ID_PERSONA, ID_FICHA_MEDICA) VALUES
                            (7, '00303', 303);
INSERT INTO EX.PADECIMIENTOS(ID_PATOLOGIA, ID_PERSONA, ID_FICHA_MEDICA) VALUES
                            (8, '00303', 303);
INSERT INTO EX.PADECIMIENTOS(ID_PATOLOGIA, ID_PERSONA, ID_FICHA_MEDICA) VALUES
                            (9, '00303', 303);
INSERT INTO EX.PADECIMIENTOS(ID_PATOLOGIA, ID_PERSONA, ID_FICHA_MEDICA) VALUES
                            (10, '00303', 303);
INSERT INTO EX.SINTOMAS(FECHA_INICIO, ID_SINTOMA, ID_PERSONA, ID_FICHA_MEDICA) VALUES
                            (TO_DATE('2020-04-26','YYYY-MM-DD'), 1, '00303', 303);
INSERT INTO EX.SINTOMAS(FECHA_INICIO, ID_SINTOMA, ID_PERSONA, ID_FICHA_MEDICA) VALUES
                            (TO_DATE('2020-06-18','YYYY-MM-DD'), 2, '00303', 303);
INSERT INTO EX.SINTOMAS(FECHA_INICIO, ID_SINTOMA, ID_PERSONA, ID_FICHA_MEDICA) VALUES
                            (TO_DATE('2020-03-16','YYYY-MM-DD'), 3, '00303', 303);
INSERT INTO EX.SINTOMAS(FECHA_INICIO, ID_SINTOMA, ID_PERSONA, ID_FICHA_MEDICA) VALUES
                            (TO_DATE('2020-03-31','YYYY-MM-DD'), 4, '00303', 303);
INSERT INTO EX.SINTOMAS(FECHA_INICIO, ID_SINTOMA, ID_PERSONA, ID_FICHA_MEDICA) VALUES
                            (TO_DATE('2020-02-12','YYYY-MM-DD'), 5, '00303', 303);
INSERT INTO EX.SINTOMAS(FECHA_INICIO, ID_SINTOMA, ID_PERSONA, ID_FICHA_MEDICA) VALUES
                            (TO_DATE('2020-03-10','YYYY-MM-DD'), 6, '00303', 303);
INSERT INTO EX.SINTOMAS(FECHA_INICIO, ID_SINTOMA, ID_PERSONA, ID_FICHA_MEDICA) VALUES
                            (TO_DATE('2020-04-13','YYYY-MM-DD'), 7, '00303', 303);
INSERT INTO EX.SINTOMAS(FECHA_INICIO, ID_SINTOMA, ID_PERSONA, ID_FICHA_MEDICA) VALUES
                            (TO_DATE('2020-01-11','YYYY-MM-DD'), 8, '00303', 303);
INSERT INTO EX.SINTOMAS(FECHA_INICIO, ID_SINTOMA, ID_PERSONA, ID_FICHA_MEDICA) VALUES
                            (TO_DATE('2020-04-23','YYYY-MM-DD'), 9, '00303', 303);
INSERT INTO EX.SINTOMAS(FECHA_INICIO, ID_SINTOMA, ID_PERSONA, ID_FICHA_MEDICA) VALUES
                            (TO_DATE('2020-01-13','YYYY-MM-DD'), 10, '00303', 303);
INSERT INTO EX.SINTOMAS(FECHA_INICIO, ID_SINTOMA, ID_PERSONA, ID_FICHA_MEDICA) VALUES
                            (TO_DATE('2020-06-18','YYYY-MM-DD'), 11, '00303', 303);
INSERT INTO EX.SINTOMAS(FECHA_INICIO, ID_SINTOMA, ID_PERSONA, ID_FICHA_MEDICA) VALUES
                            (TO_DATE('2020-06-24','YYYY-MM-DD'), 12, '00303', 303);
INSERT INTO EX.SINTOMAS(FECHA_INICIO, ID_SINTOMA, ID_PERSONA, ID_FICHA_MEDICA) VALUES
                            (TO_DATE('2020-01-01','YYYY-MM-DD'), 13, '00303', 303);
INSERT INTO EX.SINTOMAS(FECHA_INICIO, ID_SINTOMA, ID_PERSONA, ID_FICHA_MEDICA) VALUES
                            (TO_DATE('2020-06-24','YYYY-MM-DD'), 14, '00303', 303);
INSERT INTO EX.SINTOMAS(FECHA_INICIO, ID_SINTOMA, ID_PERSONA, ID_FICHA_MEDICA) VALUES
                            (TO_DATE('2020-01-04','YYYY-MM-DD'), 15, '00303', 303);
INSERT INTO EX.SINTOMAS(FECHA_INICIO, ID_SINTOMA, ID_PERSONA, ID_FICHA_MEDICA) VALUES
                            (TO_DATE('2020-01-01','YYYY-MM-DD'), 16, '00303', 303);
INSERT INTO EX.SINTOMAS(FECHA_INICIO, ID_SINTOMA, ID_PERSONA, ID_FICHA_MEDICA) VALUES
                            (TO_DATE('2020-06-15','YYYY-MM-DD'), 17, '00303', 303);
INSERT INTO EX.SINTOMAS(FECHA_INICIO, ID_SINTOMA, ID_PERSONA, ID_FICHA_MEDICA) VALUES
                            (TO_DATE('2020-06-10','YYYY-MM-DD'), 18, '00303', 303);
INSERT INTO EX.PERSONA(DOC_IDENTIDAD, NOMBRE, NOMBRE1, APELLIDO, APELLIDO1, FECHA_NAC, GENERO, FOTO) VALUES
                  ('00304', 'Gary', 'Jerry', 'Santos', 'Rice', TO_DATE('1972-07-29','YYYY-MM-DD'), 'm', NULL);
INSERT INTO EX.HISTORICO_RESIDENCIA(FECHA_INICIO, ID_LUGAR, ID_PERSONA, FECHA_FIN) VALUES
                  (TO_DATE('1994-12-19','YYYY-MM-DD'), 22, '00304', NULL);
INSERT INTO EX.FICHA_MEDICA(ID, ID_PERSONA, ID_CENTRO_SALUD, ID_LUGAR, ESTADO, FECHA_INFECCION, FECHA_RECUPERACION) VALUES
                                             (304, '00304', 7, 22, 'desconido', NULL, NULL);
INSERT INTO EX.PADECIMIENTOS(ID_PATOLOGIA, ID_PERSONA, ID_FICHA_MEDICA) VALUES
                            (1, '00304', 304);
INSERT INTO EX.PADECIMIENTOS(ID_PATOLOGIA, ID_PERSONA, ID_FICHA_MEDICA) VALUES
                            (2, '00304', 304);
INSERT INTO EX.PADECIMIENTOS(ID_PATOLOGIA, ID_PERSONA, ID_FICHA_MEDICA) VALUES
                            (3, '00304', 304);
INSERT INTO EX.PADECIMIENTOS(ID_PATOLOGIA, ID_PERSONA, ID_FICHA_MEDICA) VALUES
                            (4, '00304', 304);
INSERT INTO EX.PADECIMIENTOS(ID_PATOLOGIA, ID_PERSONA, ID_FICHA_MEDICA) VALUES
                            (5, '00304', 304);
INSERT INTO EX.PADECIMIENTOS(ID_PATOLOGIA, ID_PERSONA, ID_FICHA_MEDICA) VALUES
                            (6, '00304', 304);
INSERT INTO EX.PADECIMIENTOS(ID_PATOLOGIA, ID_PERSONA, ID_FICHA_MEDICA) VALUES
                            (7, '00304', 304);
INSERT INTO EX.PADECIMIENTOS(ID_PATOLOGIA, ID_PERSONA, ID_FICHA_MEDICA) VALUES
                            (8, '00304', 304);
INSERT INTO EX.PADECIMIENTOS(ID_PATOLOGIA, ID_PERSONA, ID_FICHA_MEDICA) VALUES
                            (9, '00304', 304);
INSERT INTO EX.PADECIMIENTOS(ID_PATOLOGIA, ID_PERSONA, ID_FICHA_MEDICA) VALUES
                            (10, '00304', 304);
INSERT INTO EX.PADECIMIENTOS(ID_PATOLOGIA, ID_PERSONA, ID_FICHA_MEDICA) VALUES
                            (11, '00304', 304);
INSERT INTO EX.PADECIMIENTOS(ID_PATOLOGIA, ID_PERSONA, ID_FICHA_MEDICA) VALUES
                            (12, '00304', 304);
INSERT INTO EX.PADECIMIENTOS(ID_PATOLOGIA, ID_PERSONA, ID_FICHA_MEDICA) VALUES
                            (13, '00304', 304);
INSERT INTO EX.PADECIMIENTOS(ID_PATOLOGIA, ID_PERSONA, ID_FICHA_MEDICA) VALUES
                            (14, '00304', 304);
INSERT INTO EX.PADECIMIENTOS(ID_PATOLOGIA, ID_PERSONA, ID_FICHA_MEDICA) VALUES
                            (15, '00304', 304);
INSERT INTO EX.SINTOMAS(FECHA_INICIO, ID_SINTOMA, ID_PERSONA, ID_FICHA_MEDICA) VALUES
                            (TO_DATE('2020-01-18','YYYY-MM-DD'), 1, '00304', 304);
INSERT INTO EX.SINTOMAS(FECHA_INICIO, ID_SINTOMA, ID_PERSONA, ID_FICHA_MEDICA) VALUES
                            (TO_DATE('2020-02-04','YYYY-MM-DD'), 2, '00304', 304);
INSERT INTO EX.SINTOMAS(FECHA_INICIO, ID_SINTOMA, ID_PERSONA, ID_FICHA_MEDICA) VALUES
                            (TO_DATE('2020-06-24','YYYY-MM-DD'), 3, '00304', 304);
INSERT INTO EX.SINTOMAS(FECHA_INICIO, ID_SINTOMA, ID_PERSONA, ID_FICHA_MEDICA) VALUES
                            (TO_DATE('2020-05-26','YYYY-MM-DD'), 4, '00304', 304);
INSERT INTO EX.SINTOMAS(FECHA_INICIO, ID_SINTOMA, ID_PERSONA, ID_FICHA_MEDICA) VALUES
                            (TO_DATE('2020-06-15','YYYY-MM-DD'), 5, '00304', 304);
INSERT INTO EX.SINTOMAS(FECHA_INICIO, ID_SINTOMA, ID_PERSONA, ID_FICHA_MEDICA) VALUES
                            (TO_DATE('2020-04-27','YYYY-MM-DD'), 6, '00304', 304);
INSERT INTO EX.SINTOMAS(FECHA_INICIO, ID_SINTOMA, ID_PERSONA, ID_FICHA_MEDICA) VALUES
                            (TO_DATE('2020-06-30','YYYY-MM-DD'), 7, '00304', 304);
INSERT INTO EX.SINTOMAS(FECHA_INICIO, ID_SINTOMA, ID_PERSONA, ID_FICHA_MEDICA) VALUES
                            (TO_DATE('2020-05-28','YYYY-MM-DD'), 8, '00304', 304);
INSERT INTO EX.SINTOMAS(FECHA_INICIO, ID_SINTOMA, ID_PERSONA, ID_FICHA_MEDICA) VALUES
                            (TO_DATE('2020-01-16','YYYY-MM-DD'), 9, '00304', 304);
INSERT INTO EX.SINTOMAS(FECHA_INICIO, ID_SINTOMA, ID_PERSONA, ID_FICHA_MEDICA) VALUES
                            (TO_DATE('2020-01-23','YYYY-MM-DD'), 10, '00304', 304);
INSERT INTO EX.SINTOMAS(FECHA_INICIO, ID_SINTOMA, ID_PERSONA, ID_FICHA_MEDICA) VALUES
                            (TO_DATE('2020-03-15','YYYY-MM-DD'), 11, '00304', 304);
INSERT INTO EX.SINTOMAS(FECHA_INICIO, ID_SINTOMA, ID_PERSONA, ID_FICHA_MEDICA) VALUES
                            (TO_DATE('2020-03-01','YYYY-MM-DD'), 12, '00304', 304);
INSERT INTO EX.SINTOMAS(FECHA_INICIO, ID_SINTOMA, ID_PERSONA, ID_FICHA_MEDICA) VALUES
                            (TO_DATE('2020-05-24','YYYY-MM-DD'), 13, '00304', 304);
INSERT INTO EX.SINTOMAS(FECHA_INICIO, ID_SINTOMA, ID_PERSONA, ID_FICHA_MEDICA) VALUES
                            (TO_DATE('2020-03-30','YYYY-MM-DD'), 14, '00304', 304);
INSERT INTO EX.SINTOMAS(FECHA_INICIO, ID_SINTOMA, ID_PERSONA, ID_FICHA_MEDICA) VALUES
                            (TO_DATE('2020-02-16','YYYY-MM-DD'), 15, '00304', 304);
INSERT INTO EX.SINTOMAS(FECHA_INICIO, ID_SINTOMA, ID_PERSONA, ID_FICHA_MEDICA) VALUES
                            (TO_DATE('2020-02-09','YYYY-MM-DD'), 16, '00304', 304);
INSERT INTO EX.PERSONA(DOC_IDENTIDAD, NOMBRE, NOMBRE1, APELLIDO, APELLIDO1, FECHA_NAC, GENERO, FOTO) VALUES
                  ('00305', 'Angela', 'Dylan', 'Frazier', 'Dunn', TO_DATE('2006-09-16','YYYY-MM-DD'), 'f', NULL);
INSERT INTO EX.HISTORICO_RESIDENCIA(FECHA_INICIO, ID_LUGAR, ID_PERSONA, FECHA_FIN) VALUES
                  (TO_DATE('1994-04-13','YYYY-MM-DD'), 23, '00305', NULL);
INSERT INTO EX.FICHA_MEDICA(ID, ID_PERSONA, ID_CENTRO_SALUD, ID_LUGAR, ESTADO, FECHA_INFECCION, FECHA_RECUPERACION) VALUES
                                             (305, '00305', 8, 23, 'desconido', NULL, NULL);
INSERT INTO EX.PADECIMIENTOS(ID_PATOLOGIA, ID_PERSONA, ID_FICHA_MEDICA) VALUES
                            (1, '00305', 305);
INSERT INTO EX.PADECIMIENTOS(ID_PATOLOGIA, ID_PERSONA, ID_FICHA_MEDICA) VALUES
                            (2, '00305', 305);
INSERT INTO EX.PADECIMIENTOS(ID_PATOLOGIA, ID_PERSONA, ID_FICHA_MEDICA) VALUES
                            (3, '00305', 305);
INSERT INTO EX.PADECIMIENTOS(ID_PATOLOGIA, ID_PERSONA, ID_FICHA_MEDICA) VALUES
                            (4, '00305', 305);
INSERT INTO EX.PADECIMIENTOS(ID_PATOLOGIA, ID_PERSONA, ID_FICHA_MEDICA) VALUES
                            (5, '00305', 305);
INSERT INTO EX.PADECIMIENTOS(ID_PATOLOGIA, ID_PERSONA, ID_FICHA_MEDICA) VALUES
                            (6, '00305', 305);
INSERT INTO EX.PADECIMIENTOS(ID_PATOLOGIA, ID_PERSONA, ID_FICHA_MEDICA) VALUES
                            (7, '00305', 305);
INSERT INTO EX.PADECIMIENTOS(ID_PATOLOGIA, ID_PERSONA, ID_FICHA_MEDICA) VALUES
                            (8, '00305', 305);
INSERT INTO EX.PADECIMIENTOS(ID_PATOLOGIA, ID_PERSONA, ID_FICHA_MEDICA) VALUES
                            (9, '00305', 305);
INSERT INTO EX.PADECIMIENTOS(ID_PATOLOGIA, ID_PERSONA, ID_FICHA_MEDICA) VALUES
                            (10, '00305', 305);
INSERT INTO EX.PADECIMIENTOS(ID_PATOLOGIA, ID_PERSONA, ID_FICHA_MEDICA) VALUES
                            (11, '00305', 305);
INSERT INTO EX.SINTOMAS(FECHA_INICIO, ID_SINTOMA, ID_PERSONA, ID_FICHA_MEDICA) VALUES
                            (TO_DATE('2020-03-20','YYYY-MM-DD'), 1, '00305', 305);
INSERT INTO EX.SINTOMAS(FECHA_INICIO, ID_SINTOMA, ID_PERSONA, ID_FICHA_MEDICA) VALUES
                            (TO_DATE('2020-01-26','YYYY-MM-DD'), 2, '00305', 305);
INSERT INTO EX.SINTOMAS(FECHA_INICIO, ID_SINTOMA, ID_PERSONA, ID_FICHA_MEDICA) VALUES
                            (TO_DATE('2020-06-18','YYYY-MM-DD'), 3, '00305', 305);
INSERT INTO EX.SINTOMAS(FECHA_INICIO, ID_SINTOMA, ID_PERSONA, ID_FICHA_MEDICA) VALUES
                            (TO_DATE('2020-05-01','YYYY-MM-DD'), 4, '00305', 305);
INSERT INTO EX.SINTOMAS(FECHA_INICIO, ID_SINTOMA, ID_PERSONA, ID_FICHA_MEDICA) VALUES
                            (TO_DATE('2020-03-21','YYYY-MM-DD'), 5, '00305', 305);
INSERT INTO EX.SINTOMAS(FECHA_INICIO, ID_SINTOMA, ID_PERSONA, ID_FICHA_MEDICA) VALUES
                            (TO_DATE('2020-02-08','YYYY-MM-DD'), 6, '00305', 305);
INSERT INTO EX.SINTOMAS(FECHA_INICIO, ID_SINTOMA, ID_PERSONA, ID_FICHA_MEDICA) VALUES
                            (TO_DATE('2020-04-08','YYYY-MM-DD'), 7, '00305', 305);
INSERT INTO EX.SINTOMAS(FECHA_INICIO, ID_SINTOMA, ID_PERSONA, ID_FICHA_MEDICA) VALUES
                            (TO_DATE('2020-01-04','YYYY-MM-DD'), 8, '00305', 305);
INSERT INTO EX.SINTOMAS(FECHA_INICIO, ID_SINTOMA, ID_PERSONA, ID_FICHA_MEDICA) VALUES
                            (TO_DATE('2020-03-02','YYYY-MM-DD'), 9, '00305', 305);
INSERT INTO EX.SINTOMAS(FECHA_INICIO, ID_SINTOMA, ID_PERSONA, ID_FICHA_MEDICA) VALUES
                            (TO_DATE('2020-02-19','YYYY-MM-DD'), 10, '00305', 305);
INSERT INTO EX.SINTOMAS(FECHA_INICIO, ID_SINTOMA, ID_PERSONA, ID_FICHA_MEDICA) VALUES
                            (TO_DATE('2020-01-08','YYYY-MM-DD'), 11, '00305', 305);
INSERT INTO EX.SINTOMAS(FECHA_INICIO, ID_SINTOMA, ID_PERSONA, ID_FICHA_MEDICA) VALUES
                            (TO_DATE('2020-02-28','YYYY-MM-DD'), 12, '00305', 305);
INSERT INTO EX.SINTOMAS(FECHA_INICIO, ID_SINTOMA, ID_PERSONA, ID_FICHA_MEDICA) VALUES
                            (TO_DATE('2020-05-20','YYYY-MM-DD'), 13, '00305', 305);
INSERT INTO EX.SINTOMAS(FECHA_INICIO, ID_SINTOMA, ID_PERSONA, ID_FICHA_MEDICA) VALUES
                            (TO_DATE('2020-05-02','YYYY-MM-DD'), 14, '00305', 305);
INSERT INTO EX.SINTOMAS(FECHA_INICIO, ID_SINTOMA, ID_PERSONA, ID_FICHA_MEDICA) VALUES
                            (TO_DATE('2020-01-11','YYYY-MM-DD'), 15, '00305', 305);
INSERT INTO EX.SINTOMAS(FECHA_INICIO, ID_SINTOMA, ID_PERSONA, ID_FICHA_MEDICA) VALUES
                            (TO_DATE('2020-03-23','YYYY-MM-DD'), 16, '00305', 305);
INSERT INTO EX.SINTOMAS(FECHA_INICIO, ID_SINTOMA, ID_PERSONA, ID_FICHA_MEDICA) VALUES
                            (TO_DATE('2020-05-13','YYYY-MM-DD'), 17, '00305', 305);
INSERT INTO EX.SINTOMAS(FECHA_INICIO, ID_SINTOMA, ID_PERSONA, ID_FICHA_MEDICA) VALUES
                            (TO_DATE('2020-05-05','YYYY-MM-DD'), 18, '00305', 305);
INSERT INTO EX.SINTOMAS(FECHA_INICIO, ID_SINTOMA, ID_PERSONA, ID_FICHA_MEDICA) VALUES
                            (TO_DATE('2020-03-19','YYYY-MM-DD'), 19, '00305', 305);
INSERT INTO EX.PERSONA(DOC_IDENTIDAD, NOMBRE, NOMBRE1, APELLIDO, APELLIDO1, FECHA_NAC, GENERO, FOTO) VALUES
                  ('00306', 'Jason', 'Diane', 'Meyers', 'Cox', TO_DATE('1975-04-09','YYYY-MM-DD'), 'm', NULL);
INSERT INTO EX.HISTORICO_RESIDENCIA(FECHA_INICIO, ID_LUGAR, ID_PERSONA, FECHA_FIN) VALUES
                  (TO_DATE('2015-04-06','YYYY-MM-DD'), 38, '00306', NULL);
INSERT INTO EX.FICHA_MEDICA(ID, ID_PERSONA, ID_CENTRO_SALUD, ID_LUGAR, ESTADO, FECHA_INFECCION, FECHA_RECUPERACION) VALUES
                                             (306, '00306', 23, 38, 'desconido', NULL, NULL);
INSERT INTO EX.PADECIMIENTOS(ID_PATOLOGIA, ID_PERSONA, ID_FICHA_MEDICA) VALUES
                            (1, '00306', 306);
INSERT INTO EX.PADECIMIENTOS(ID_PATOLOGIA, ID_PERSONA, ID_FICHA_MEDICA) VALUES
                            (2, '00306', 306);
INSERT INTO EX.PADECIMIENTOS(ID_PATOLOGIA, ID_PERSONA, ID_FICHA_MEDICA) VALUES
                            (3, '00306', 306);
INSERT INTO EX.PADECIMIENTOS(ID_PATOLOGIA, ID_PERSONA, ID_FICHA_MEDICA) VALUES
                            (4, '00306', 306);
INSERT INTO EX.PADECIMIENTOS(ID_PATOLOGIA, ID_PERSONA, ID_FICHA_MEDICA) VALUES
                            (5, '00306', 306);
INSERT INTO EX.PADECIMIENTOS(ID_PATOLOGIA, ID_PERSONA, ID_FICHA_MEDICA) VALUES
                            (6, '00306', 306);
INSERT INTO EX.PADECIMIENTOS(ID_PATOLOGIA, ID_PERSONA, ID_FICHA_MEDICA) VALUES
                            (7, '00306', 306);
INSERT INTO EX.PADECIMIENTOS(ID_PATOLOGIA, ID_PERSONA, ID_FICHA_MEDICA) VALUES
                            (8, '00306', 306);
INSERT INTO EX.PADECIMIENTOS(ID_PATOLOGIA, ID_PERSONA, ID_FICHA_MEDICA) VALUES
                            (9, '00306', 306);
INSERT INTO EX.PADECIMIENTOS(ID_PATOLOGIA, ID_PERSONA, ID_FICHA_MEDICA) VALUES
                            (10, '00306', 306);
INSERT INTO EX.PADECIMIENTOS(ID_PATOLOGIA, ID_PERSONA, ID_FICHA_MEDICA) VALUES
                            (11, '00306', 306);
INSERT INTO EX.PADECIMIENTOS(ID_PATOLOGIA, ID_PERSONA, ID_FICHA_MEDICA) VALUES
                            (12, '00306', 306);
INSERT INTO EX.PADECIMIENTOS(ID_PATOLOGIA, ID_PERSONA, ID_FICHA_MEDICA) VALUES
                            (13, '00306', 306);
INSERT INTO EX.PADECIMIENTOS(ID_PATOLOGIA, ID_PERSONA, ID_FICHA_MEDICA) VALUES
                            (14, '00306', 306);
INSERT INTO EX.PADECIMIENTOS(ID_PATOLOGIA, ID_PERSONA, ID_FICHA_MEDICA) VALUES
                            (15, '00306', 306);
INSERT INTO EX.PERSONA(DOC_IDENTIDAD, NOMBRE, NOMBRE1, APELLIDO, APELLIDO1, FECHA_NAC, GENERO, FOTO) VALUES
                  ('00307', 'Amy', 'Thomas', 'Zuniga', 'Middleton', TO_DATE('1995-05-27','YYYY-MM-DD'), 'f', NULL);
INSERT INTO EX.HISTORICO_RESIDENCIA(FECHA_INICIO, ID_LUGAR, ID_PERSONA, FECHA_FIN) VALUES
                  (TO_DATE('2015-06-09','YYYY-MM-DD'), 37, '00307', NULL);
INSERT INTO EX.FICHA_MEDICA(ID, ID_PERSONA, ID_CENTRO_SALUD, ID_LUGAR, ESTADO, FECHA_INFECCION, FECHA_RECUPERACION) VALUES
                                             (307, '00307', 22, 37, 'desconido', NULL, NULL);
INSERT INTO EX.SINTOMAS(FECHA_INICIO, ID_SINTOMA, ID_PERSONA, ID_FICHA_MEDICA) VALUES
                            (TO_DATE('2020-01-05','YYYY-MM-DD'), 1, '00307', 307);
INSERT INTO EX.SINTOMAS(FECHA_INICIO, ID_SINTOMA, ID_PERSONA, ID_FICHA_MEDICA) VALUES
                            (TO_DATE('2020-03-28','YYYY-MM-DD'), 2, '00307', 307);
INSERT INTO EX.SINTOMAS(FECHA_INICIO, ID_SINTOMA, ID_PERSONA, ID_FICHA_MEDICA) VALUES
                            (TO_DATE('2020-06-28','YYYY-MM-DD'), 3, '00307', 307);
INSERT INTO EX.SINTOMAS(FECHA_INICIO, ID_SINTOMA, ID_PERSONA, ID_FICHA_MEDICA) VALUES
                            (TO_DATE('2020-06-13','YYYY-MM-DD'), 4, '00307', 307);
INSERT INTO EX.SINTOMAS(FECHA_INICIO, ID_SINTOMA, ID_PERSONA, ID_FICHA_MEDICA) VALUES
                            (TO_DATE('2020-01-29','YYYY-MM-DD'), 5, '00307', 307);
INSERT INTO EX.SINTOMAS(FECHA_INICIO, ID_SINTOMA, ID_PERSONA, ID_FICHA_MEDICA) VALUES
                            (TO_DATE('2020-01-06','YYYY-MM-DD'), 6, '00307', 307);
INSERT INTO EX.SINTOMAS(FECHA_INICIO, ID_SINTOMA, ID_PERSONA, ID_FICHA_MEDICA) VALUES
                            (TO_DATE('2020-04-13','YYYY-MM-DD'), 7, '00307', 307);
INSERT INTO EX.SINTOMAS(FECHA_INICIO, ID_SINTOMA, ID_PERSONA, ID_FICHA_MEDICA) VALUES
                            (TO_DATE('2020-01-29','YYYY-MM-DD'), 8, '00307', 307);
INSERT INTO EX.SINTOMAS(FECHA_INICIO, ID_SINTOMA, ID_PERSONA, ID_FICHA_MEDICA) VALUES
                            (TO_DATE('2020-06-17','YYYY-MM-DD'), 9, '00307', 307);
INSERT INTO EX.SINTOMAS(FECHA_INICIO, ID_SINTOMA, ID_PERSONA, ID_FICHA_MEDICA) VALUES
                            (TO_DATE('2020-02-10','YYYY-MM-DD'), 10, '00307', 307);
INSERT INTO EX.SINTOMAS(FECHA_INICIO, ID_SINTOMA, ID_PERSONA, ID_FICHA_MEDICA) VALUES
                            (TO_DATE('2020-04-10','YYYY-MM-DD'), 11, '00307', 307);
INSERT INTO EX.SINTOMAS(FECHA_INICIO, ID_SINTOMA, ID_PERSONA, ID_FICHA_MEDICA) VALUES
                            (TO_DATE('2020-02-29','YYYY-MM-DD'), 12, '00307', 307);
INSERT INTO EX.SINTOMAS(FECHA_INICIO, ID_SINTOMA, ID_PERSONA, ID_FICHA_MEDICA) VALUES
                            (TO_DATE('2020-01-23','YYYY-MM-DD'), 13, '00307', 307);
INSERT INTO EX.SINTOMAS(FECHA_INICIO, ID_SINTOMA, ID_PERSONA, ID_FICHA_MEDICA) VALUES
                            (TO_DATE('2020-02-28','YYYY-MM-DD'), 14, '00307', 307);
INSERT INTO EX.SINTOMAS(FECHA_INICIO, ID_SINTOMA, ID_PERSONA, ID_FICHA_MEDICA) VALUES
                            (TO_DATE('2020-01-01','YYYY-MM-DD'), 15, '00307', 307);
INSERT INTO EX.SINTOMAS(FECHA_INICIO, ID_SINTOMA, ID_PERSONA, ID_FICHA_MEDICA) VALUES
                            (TO_DATE('2020-02-03','YYYY-MM-DD'), 16, '00307', 307);
INSERT INTO EX.SINTOMAS(FECHA_INICIO, ID_SINTOMA, ID_PERSONA, ID_FICHA_MEDICA) VALUES
                            (TO_DATE('2020-02-19','YYYY-MM-DD'), 17, '00307', 307);
INSERT INTO EX.PERSONA(DOC_IDENTIDAD, NOMBRE, NOMBRE1, APELLIDO, APELLIDO1, FECHA_NAC, GENERO, FOTO) VALUES
                  ('00308', 'Andrea', 'Christine', 'Martinez', 'Reese', TO_DATE('2005-03-08','YYYY-MM-DD'), 'm', NULL);
INSERT INTO EX.HISTORICO_RESIDENCIA(FECHA_INICIO, ID_LUGAR, ID_PERSONA, FECHA_FIN) VALUES
                  (TO_DATE('1998-06-17','YYYY-MM-DD'), 44, '00308', NULL);
INSERT INTO EX.FICHA_MEDICA(ID, ID_PERSONA, ID_CENTRO_SALUD, ID_LUGAR, ESTADO, FECHA_INFECCION, FECHA_RECUPERACION) VALUES
                                             (308, '00308', 29, 44, 'desconido', NULL, NULL);
INSERT INTO EX.PERSONA(DOC_IDENTIDAD, NOMBRE, NOMBRE1, APELLIDO, APELLIDO1, FECHA_NAC, GENERO, FOTO) VALUES
                  ('00309', 'Keith', 'Todd', 'Tran', 'Cowan', TO_DATE('1979-06-26','YYYY-MM-DD'), 'f', NULL);
INSERT INTO EX.HISTORICO_RESIDENCIA(FECHA_INICIO, ID_LUGAR, ID_PERSONA, FECHA_FIN) VALUES
                  (TO_DATE('1991-02-05','YYYY-MM-DD'), 32, '00309', NULL);
INSERT INTO EX.FICHA_MEDICA(ID, ID_PERSONA, ID_CENTRO_SALUD, ID_LUGAR, ESTADO, FECHA_INFECCION, FECHA_RECUPERACION) VALUES
                                             (309, '00309', 17, 32, 'desconido', NULL, NULL);
INSERT INTO EX.PERSONA(DOC_IDENTIDAD, NOMBRE, NOMBRE1, APELLIDO, APELLIDO1, FECHA_NAC, GENERO, FOTO) VALUES
                  ('00310', 'Autumn', 'Johnny', 'White', 'Morrow', TO_DATE('2009-11-18','YYYY-MM-DD'), 'm', NULL);
INSERT INTO EX.HISTORICO_RESIDENCIA(FECHA_INICIO, ID_LUGAR, ID_PERSONA, FECHA_FIN) VALUES
                  (TO_DATE('1986-07-23','YYYY-MM-DD'), 31, '00310', NULL);
INSERT INTO EX.FICHA_MEDICA(ID, ID_PERSONA, ID_CENTRO_SALUD, ID_LUGAR, ESTADO, FECHA_INFECCION, FECHA_RECUPERACION) VALUES
                                             (310, '00310', 16, 31, 'desconido', NULL, NULL);
INSERT INTO EX.SINTOMAS(FECHA_INICIO, ID_SINTOMA, ID_PERSONA, ID_FICHA_MEDICA) VALUES
                            (TO_DATE('2020-01-24','YYYY-MM-DD'), 1, '00310', 310);
INSERT INTO EX.SINTOMAS(FECHA_INICIO, ID_SINTOMA, ID_PERSONA, ID_FICHA_MEDICA) VALUES
                            (TO_DATE('2020-06-08','YYYY-MM-DD'), 2, '00310', 310);
INSERT INTO EX.SINTOMAS(FECHA_INICIO, ID_SINTOMA, ID_PERSONA, ID_FICHA_MEDICA) VALUES
                            (TO_DATE('2020-04-08','YYYY-MM-DD'), 3, '00310', 310);
INSERT INTO EX.SINTOMAS(FECHA_INICIO, ID_SINTOMA, ID_PERSONA, ID_FICHA_MEDICA) VALUES
                            (TO_DATE('2020-01-04','YYYY-MM-DD'), 4, '00310', 310);
INSERT INTO EX.SINTOMAS(FECHA_INICIO, ID_SINTOMA, ID_PERSONA, ID_FICHA_MEDICA) VALUES
                            (TO_DATE('2020-02-16','YYYY-MM-DD'), 5, '00310', 310);
INSERT INTO EX.SINTOMAS(FECHA_INICIO, ID_SINTOMA, ID_PERSONA, ID_FICHA_MEDICA) VALUES
                            (TO_DATE('2020-06-04','YYYY-MM-DD'), 6, '00310', 310);
INSERT INTO EX.SINTOMAS(FECHA_INICIO, ID_SINTOMA, ID_PERSONA, ID_FICHA_MEDICA) VALUES
                            (TO_DATE('2020-02-23','YYYY-MM-DD'), 7, '00310', 310);
INSERT INTO EX.SINTOMAS(FECHA_INICIO, ID_SINTOMA, ID_PERSONA, ID_FICHA_MEDICA) VALUES
                            (TO_DATE('2020-03-09','YYYY-MM-DD'), 8, '00310', 310);
INSERT INTO EX.SINTOMAS(FECHA_INICIO, ID_SINTOMA, ID_PERSONA, ID_FICHA_MEDICA) VALUES
                            (TO_DATE('2020-04-08','YYYY-MM-DD'), 9, '00310', 310);
INSERT INTO EX.SINTOMAS(FECHA_INICIO, ID_SINTOMA, ID_PERSONA, ID_FICHA_MEDICA) VALUES
                            (TO_DATE('2020-03-06','YYYY-MM-DD'), 10, '00310', 310);
INSERT INTO EX.SINTOMAS(FECHA_INICIO, ID_SINTOMA, ID_PERSONA, ID_FICHA_MEDICA) VALUES
                            (TO_DATE('2020-06-07','YYYY-MM-DD'), 11, '00310', 310);
INSERT INTO EX.SINTOMAS(FECHA_INICIO, ID_SINTOMA, ID_PERSONA, ID_FICHA_MEDICA) VALUES
                            (TO_DATE('2020-03-31','YYYY-MM-DD'), 12, '00310', 310);
INSERT INTO EX.SINTOMAS(FECHA_INICIO, ID_SINTOMA, ID_PERSONA, ID_FICHA_MEDICA) VALUES
                            (TO_DATE('2020-02-11','YYYY-MM-DD'), 13, '00310', 310);
INSERT INTO EX.SINTOMAS(FECHA_INICIO, ID_SINTOMA, ID_PERSONA, ID_FICHA_MEDICA) VALUES
                            (TO_DATE('2020-03-22','YYYY-MM-DD'), 14, '00310', 310);
INSERT INTO EX.SINTOMAS(FECHA_INICIO, ID_SINTOMA, ID_PERSONA, ID_FICHA_MEDICA) VALUES
                            (TO_DATE('2020-01-05','YYYY-MM-DD'), 15, '00310', 310);
INSERT INTO EX.SINTOMAS(FECHA_INICIO, ID_SINTOMA, ID_PERSONA, ID_FICHA_MEDICA) VALUES
                            (TO_DATE('2020-04-24','YYYY-MM-DD'), 16, '00310', 310);
INSERT INTO EX.SINTOMAS(FECHA_INICIO, ID_SINTOMA, ID_PERSONA, ID_FICHA_MEDICA) VALUES
                            (TO_DATE('2020-01-19','YYYY-MM-DD'), 17, '00310', 310);
INSERT INTO EX.SINTOMAS(FECHA_INICIO, ID_SINTOMA, ID_PERSONA, ID_FICHA_MEDICA) VALUES
                            (TO_DATE('2020-03-06','YYYY-MM-DD'), 18, '00310', 310);
INSERT INTO EX.PERSONA(DOC_IDENTIDAD, NOMBRE, NOMBRE1, APELLIDO, APELLIDO1, FECHA_NAC, GENERO, FOTO) VALUES
                  ('00311', 'Thomas', 'Justin', 'Alexander', 'Phillips', TO_DATE('1995-04-15','YYYY-MM-DD'), 'f', NULL);
INSERT INTO EX.HISTORICO_RESIDENCIA(FECHA_INICIO, ID_LUGAR, ID_PERSONA, FECHA_FIN) VALUES
                  (TO_DATE('1988-03-21','YYYY-MM-DD'), 18, '00311', NULL);
INSERT INTO EX.FICHA_MEDICA(ID, ID_PERSONA, ID_CENTRO_SALUD, ID_LUGAR, ESTADO, FECHA_INFECCION, FECHA_RECUPERACION) VALUES
                                             (311, '00311', 3, 18, 'desconido', NULL, NULL);
INSERT INTO EX.SINTOMAS(FECHA_INICIO, ID_SINTOMA, ID_PERSONA, ID_FICHA_MEDICA) VALUES
                            (TO_DATE('2020-01-27','YYYY-MM-DD'), 1, '00311', 311);
INSERT INTO EX.SINTOMAS(FECHA_INICIO, ID_SINTOMA, ID_PERSONA, ID_FICHA_MEDICA) VALUES
                            (TO_DATE('2020-01-15','YYYY-MM-DD'), 2, '00311', 311);
INSERT INTO EX.SINTOMAS(FECHA_INICIO, ID_SINTOMA, ID_PERSONA, ID_FICHA_MEDICA) VALUES
                            (TO_DATE('2020-04-19','YYYY-MM-DD'), 3, '00311', 311);
INSERT INTO EX.SINTOMAS(FECHA_INICIO, ID_SINTOMA, ID_PERSONA, ID_FICHA_MEDICA) VALUES
                            (TO_DATE('2020-03-14','YYYY-MM-DD'), 4, '00311', 311);
INSERT INTO EX.SINTOMAS(FECHA_INICIO, ID_SINTOMA, ID_PERSONA, ID_FICHA_MEDICA) VALUES
                            (TO_DATE('2020-06-27','YYYY-MM-DD'), 5, '00311', 311);
INSERT INTO EX.PERSONA(DOC_IDENTIDAD, NOMBRE, NOMBRE1, APELLIDO, APELLIDO1, FECHA_NAC, GENERO, FOTO) VALUES
                  ('00312', 'Angela', 'Loretta', 'Francis', 'Reyes', TO_DATE('2006-07-12','YYYY-MM-DD'), 'm', NULL);
INSERT INTO EX.HISTORICO_RESIDENCIA(FECHA_INICIO, ID_LUGAR, ID_PERSONA, FECHA_FIN) VALUES
                  (TO_DATE('2009-07-28','YYYY-MM-DD'), 19, '00312', NULL);
INSERT INTO EX.FICHA_MEDICA(ID, ID_PERSONA, ID_CENTRO_SALUD, ID_LUGAR, ESTADO, FECHA_INFECCION, FECHA_RECUPERACION) VALUES
                                             (312, '00312', 4, 19, 'desconido', NULL, NULL);
INSERT INTO EX.PADECIMIENTOS(ID_PATOLOGIA, ID_PERSONA, ID_FICHA_MEDICA) VALUES
                            (1, '00312', 312);
INSERT INTO EX.PADECIMIENTOS(ID_PATOLOGIA, ID_PERSONA, ID_FICHA_MEDICA) VALUES
                            (2, '00312', 312);
INSERT INTO EX.PADECIMIENTOS(ID_PATOLOGIA, ID_PERSONA, ID_FICHA_MEDICA) VALUES
                            (3, '00312', 312);
INSERT INTO EX.PADECIMIENTOS(ID_PATOLOGIA, ID_PERSONA, ID_FICHA_MEDICA) VALUES
                            (4, '00312', 312);
INSERT INTO EX.PADECIMIENTOS(ID_PATOLOGIA, ID_PERSONA, ID_FICHA_MEDICA) VALUES
                            (5, '00312', 312);
INSERT INTO EX.PADECIMIENTOS(ID_PATOLOGIA, ID_PERSONA, ID_FICHA_MEDICA) VALUES
                            (6, '00312', 312);
INSERT INTO EX.PADECIMIENTOS(ID_PATOLOGIA, ID_PERSONA, ID_FICHA_MEDICA) VALUES
                            (7, '00312', 312);
INSERT INTO EX.PADECIMIENTOS(ID_PATOLOGIA, ID_PERSONA, ID_FICHA_MEDICA) VALUES
                            (8, '00312', 312);
INSERT INTO EX.PADECIMIENTOS(ID_PATOLOGIA, ID_PERSONA, ID_FICHA_MEDICA) VALUES
                            (9, '00312', 312);
INSERT INTO EX.SINTOMAS(FECHA_INICIO, ID_SINTOMA, ID_PERSONA, ID_FICHA_MEDICA) VALUES
                            (TO_DATE('2020-06-04','YYYY-MM-DD'), 1, '00312', 312);
INSERT INTO EX.SINTOMAS(FECHA_INICIO, ID_SINTOMA, ID_PERSONA, ID_FICHA_MEDICA) VALUES
                            (TO_DATE('2020-06-23','YYYY-MM-DD'), 2, '00312', 312);
INSERT INTO EX.PERSONA(DOC_IDENTIDAD, NOMBRE, NOMBRE1, APELLIDO, APELLIDO1, FECHA_NAC, GENERO, FOTO) VALUES
                  ('00313', 'Dawn', 'Deanna', 'Woods', 'Sweeney', TO_DATE('1989-02-12','YYYY-MM-DD'), 'f', NULL);
INSERT INTO EX.HISTORICO_RESIDENCIA(FECHA_INICIO, ID_LUGAR, ID_PERSONA, FECHA_FIN) VALUES
                  (TO_DATE('1992-10-19','YYYY-MM-DD'), 42, '00313', NULL);
INSERT INTO EX.FICHA_MEDICA(ID, ID_PERSONA, ID_CENTRO_SALUD, ID_LUGAR, ESTADO, FECHA_INFECCION, FECHA_RECUPERACION) VALUES
                                             (313, '00313', 27, 42, 'desconido', NULL, NULL);
INSERT INTO EX.PADECIMIENTOS(ID_PATOLOGIA, ID_PERSONA, ID_FICHA_MEDICA) VALUES
                            (1, '00313', 313);
INSERT INTO EX.PADECIMIENTOS(ID_PATOLOGIA, ID_PERSONA, ID_FICHA_MEDICA) VALUES
                            (2, '00313', 313);
INSERT INTO EX.PADECIMIENTOS(ID_PATOLOGIA, ID_PERSONA, ID_FICHA_MEDICA) VALUES
                            (3, '00313', 313);
INSERT INTO EX.PADECIMIENTOS(ID_PATOLOGIA, ID_PERSONA, ID_FICHA_MEDICA) VALUES
                            (4, '00313', 313);
INSERT INTO EX.PADECIMIENTOS(ID_PATOLOGIA, ID_PERSONA, ID_FICHA_MEDICA) VALUES
                            (5, '00313', 313);
INSERT INTO EX.PADECIMIENTOS(ID_PATOLOGIA, ID_PERSONA, ID_FICHA_MEDICA) VALUES
                            (6, '00313', 313);
INSERT INTO EX.PADECIMIENTOS(ID_PATOLOGIA, ID_PERSONA, ID_FICHA_MEDICA) VALUES
                            (7, '00313', 313);
INSERT INTO EX.PADECIMIENTOS(ID_PATOLOGIA, ID_PERSONA, ID_FICHA_MEDICA) VALUES
                            (8, '00313', 313);
INSERT INTO EX.PADECIMIENTOS(ID_PATOLOGIA, ID_PERSONA, ID_FICHA_MEDICA) VALUES
                            (9, '00313', 313);
INSERT INTO EX.PADECIMIENTOS(ID_PATOLOGIA, ID_PERSONA, ID_FICHA_MEDICA) VALUES
                            (10, '00313', 313);
INSERT INTO EX.PADECIMIENTOS(ID_PATOLOGIA, ID_PERSONA, ID_FICHA_MEDICA) VALUES
                            (11, '00313', 313);
INSERT INTO EX.PADECIMIENTOS(ID_PATOLOGIA, ID_PERSONA, ID_FICHA_MEDICA) VALUES
                            (12, '00313', 313);
INSERT INTO EX.PADECIMIENTOS(ID_PATOLOGIA, ID_PERSONA, ID_FICHA_MEDICA) VALUES
                            (13, '00313', 313);
INSERT INTO EX.PERSONA(DOC_IDENTIDAD, NOMBRE, NOMBRE1, APELLIDO, APELLIDO1, FECHA_NAC, GENERO, FOTO) VALUES
                  ('00314', 'Carol', 'Caitlyn', 'Thomas', 'Johnson', TO_DATE('1986-09-04','YYYY-MM-DD'), 'm', NULL);
INSERT INTO EX.HISTORICO_RESIDENCIA(FECHA_INICIO, ID_LUGAR, ID_PERSONA, FECHA_FIN) VALUES
                  (TO_DATE('2014-02-02','YYYY-MM-DD'), 32, '00314', NULL);
INSERT INTO EX.FICHA_MEDICA(ID, ID_PERSONA, ID_CENTRO_SALUD, ID_LUGAR, ESTADO, FECHA_INFECCION, FECHA_RECUPERACION) VALUES
                                             (314, '00314', 17, 32, 'desconido', NULL, NULL);
INSERT INTO EX.PADECIMIENTOS(ID_PATOLOGIA, ID_PERSONA, ID_FICHA_MEDICA) VALUES
                            (1, '00314', 314);
INSERT INTO EX.PADECIMIENTOS(ID_PATOLOGIA, ID_PERSONA, ID_FICHA_MEDICA) VALUES
                            (2, '00314', 314);
INSERT INTO EX.PADECIMIENTOS(ID_PATOLOGIA, ID_PERSONA, ID_FICHA_MEDICA) VALUES
                            (3, '00314', 314);
INSERT INTO EX.PADECIMIENTOS(ID_PATOLOGIA, ID_PERSONA, ID_FICHA_MEDICA) VALUES
                            (4, '00314', 314);
INSERT INTO EX.PADECIMIENTOS(ID_PATOLOGIA, ID_PERSONA, ID_FICHA_MEDICA) VALUES
                            (5, '00314', 314);
INSERT INTO EX.PADECIMIENTOS(ID_PATOLOGIA, ID_PERSONA, ID_FICHA_MEDICA) VALUES
                            (6, '00314', 314);
INSERT INTO EX.PADECIMIENTOS(ID_PATOLOGIA, ID_PERSONA, ID_FICHA_MEDICA) VALUES
                            (7, '00314', 314);
INSERT INTO EX.PADECIMIENTOS(ID_PATOLOGIA, ID_PERSONA, ID_FICHA_MEDICA) VALUES
                            (8, '00314', 314);
INSERT INTO EX.PERSONA(DOC_IDENTIDAD, NOMBRE, NOMBRE1, APELLIDO, APELLIDO1, FECHA_NAC, GENERO, FOTO) VALUES
                  ('00315', 'Antonio', 'Amy', 'Bush', 'Roberts', TO_DATE('2003-04-07','YYYY-MM-DD'), 'f', NULL);
INSERT INTO EX.HISTORICO_RESIDENCIA(FECHA_INICIO, ID_LUGAR, ID_PERSONA, FECHA_FIN) VALUES
                  (TO_DATE('2016-11-15','YYYY-MM-DD'), 34, '00315', NULL);
INSERT INTO EX.FICHA_MEDICA(ID, ID_PERSONA, ID_CENTRO_SALUD, ID_LUGAR, ESTADO, FECHA_INFECCION, FECHA_RECUPERACION) VALUES
                                             (315, '00315', 19, 34, 'desconido', NULL, NULL);
INSERT INTO EX.PADECIMIENTOS(ID_PATOLOGIA, ID_PERSONA, ID_FICHA_MEDICA) VALUES
                            (1, '00315', 315);
INSERT INTO EX.PADECIMIENTOS(ID_PATOLOGIA, ID_PERSONA, ID_FICHA_MEDICA) VALUES
                            (2, '00315', 315);
INSERT INTO EX.PADECIMIENTOS(ID_PATOLOGIA, ID_PERSONA, ID_FICHA_MEDICA) VALUES
                            (3, '00315', 315);
INSERT INTO EX.PADECIMIENTOS(ID_PATOLOGIA, ID_PERSONA, ID_FICHA_MEDICA) VALUES
                            (4, '00315', 315);
INSERT INTO EX.PADECIMIENTOS(ID_PATOLOGIA, ID_PERSONA, ID_FICHA_MEDICA) VALUES
                            (5, '00315', 315);
INSERT INTO EX.PADECIMIENTOS(ID_PATOLOGIA, ID_PERSONA, ID_FICHA_MEDICA) VALUES
                            (6, '00315', 315);
INSERT INTO EX.PADECIMIENTOS(ID_PATOLOGIA, ID_PERSONA, ID_FICHA_MEDICA) VALUES
                            (7, '00315', 315);
INSERT INTO EX.PADECIMIENTOS(ID_PATOLOGIA, ID_PERSONA, ID_FICHA_MEDICA) VALUES
                            (8, '00315', 315);
INSERT INTO EX.PADECIMIENTOS(ID_PATOLOGIA, ID_PERSONA, ID_FICHA_MEDICA) VALUES
                            (9, '00315', 315);
INSERT INTO EX.PADECIMIENTOS(ID_PATOLOGIA, ID_PERSONA, ID_FICHA_MEDICA) VALUES
                            (10, '00315', 315);
INSERT INTO EX.PERSONA(DOC_IDENTIDAD, NOMBRE, NOMBRE1, APELLIDO, APELLIDO1, FECHA_NAC, GENERO, FOTO) VALUES
                  ('00316', 'Jasmine', 'Bryan', 'Macias', 'Russell', TO_DATE('1979-05-17','YYYY-MM-DD'), 'm', NULL);
INSERT INTO EX.HISTORICO_RESIDENCIA(FECHA_INICIO, ID_LUGAR, ID_PERSONA, FECHA_FIN) VALUES
                  (TO_DATE('1995-01-28','YYYY-MM-DD'), 38, '00316', NULL);
INSERT INTO EX.FICHA_MEDICA(ID, ID_PERSONA, ID_CENTRO_SALUD, ID_LUGAR, ESTADO, FECHA_INFECCION, FECHA_RECUPERACION) VALUES
                                             (316, '00316', 23, 38, 'desconido', NULL, NULL);
INSERT INTO EX.PERSONA(DOC_IDENTIDAD, NOMBRE, NOMBRE1, APELLIDO, APELLIDO1, FECHA_NAC, GENERO, FOTO) VALUES
                  ('00317', 'Elizabeth', 'Joseph', 'Munoz', 'Griffith', TO_DATE('2010-10-18','YYYY-MM-DD'), 'f', NULL);
INSERT INTO EX.HISTORICO_RESIDENCIA(FECHA_INICIO, ID_LUGAR, ID_PERSONA, FECHA_FIN) VALUES
                  (TO_DATE('2012-03-30','YYYY-MM-DD'), 45, '00317', NULL);
INSERT INTO EX.FICHA_MEDICA(ID, ID_PERSONA, ID_CENTRO_SALUD, ID_LUGAR, ESTADO, FECHA_INFECCION, FECHA_RECUPERACION) VALUES
                                             (317, '00317', 30, 45, 'desconido', NULL, NULL);
INSERT INTO EX.PADECIMIENTOS(ID_PATOLOGIA, ID_PERSONA, ID_FICHA_MEDICA) VALUES
                            (1, '00317', 317);
INSERT INTO EX.PADECIMIENTOS(ID_PATOLOGIA, ID_PERSONA, ID_FICHA_MEDICA) VALUES
                            (2, '00317', 317);
INSERT INTO EX.PADECIMIENTOS(ID_PATOLOGIA, ID_PERSONA, ID_FICHA_MEDICA) VALUES
                            (3, '00317', 317);
INSERT INTO EX.PADECIMIENTOS(ID_PATOLOGIA, ID_PERSONA, ID_FICHA_MEDICA) VALUES
                            (4, '00317', 317);
INSERT INTO EX.PADECIMIENTOS(ID_PATOLOGIA, ID_PERSONA, ID_FICHA_MEDICA) VALUES
                            (5, '00317', 317);
INSERT INTO EX.PADECIMIENTOS(ID_PATOLOGIA, ID_PERSONA, ID_FICHA_MEDICA) VALUES
                            (6, '00317', 317);
INSERT INTO EX.PADECIMIENTOS(ID_PATOLOGIA, ID_PERSONA, ID_FICHA_MEDICA) VALUES
                            (7, '00317', 317);
INSERT INTO EX.PADECIMIENTOS(ID_PATOLOGIA, ID_PERSONA, ID_FICHA_MEDICA) VALUES
                            (8, '00317', 317);
INSERT INTO EX.PADECIMIENTOS(ID_PATOLOGIA, ID_PERSONA, ID_FICHA_MEDICA) VALUES
                            (9, '00317', 317);
INSERT INTO EX.PADECIMIENTOS(ID_PATOLOGIA, ID_PERSONA, ID_FICHA_MEDICA) VALUES
                            (10, '00317', 317);
INSERT INTO EX.PADECIMIENTOS(ID_PATOLOGIA, ID_PERSONA, ID_FICHA_MEDICA) VALUES
                            (11, '00317', 317);
INSERT INTO EX.PADECIMIENTOS(ID_PATOLOGIA, ID_PERSONA, ID_FICHA_MEDICA) VALUES
                            (12, '00317', 317);
INSERT INTO EX.PADECIMIENTOS(ID_PATOLOGIA, ID_PERSONA, ID_FICHA_MEDICA) VALUES
                            (13, '00317', 317);
INSERT INTO EX.SINTOMAS(FECHA_INICIO, ID_SINTOMA, ID_PERSONA, ID_FICHA_MEDICA) VALUES
                            (TO_DATE('2020-02-08','YYYY-MM-DD'), 1, '00317', 317);
INSERT INTO EX.SINTOMAS(FECHA_INICIO, ID_SINTOMA, ID_PERSONA, ID_FICHA_MEDICA) VALUES
                            (TO_DATE('2020-02-28','YYYY-MM-DD'), 2, '00317', 317);
INSERT INTO EX.SINTOMAS(FECHA_INICIO, ID_SINTOMA, ID_PERSONA, ID_FICHA_MEDICA) VALUES
                            (TO_DATE('2020-04-23','YYYY-MM-DD'), 3, '00317', 317);
INSERT INTO EX.SINTOMAS(FECHA_INICIO, ID_SINTOMA, ID_PERSONA, ID_FICHA_MEDICA) VALUES
                            (TO_DATE('2020-01-10','YYYY-MM-DD'), 4, '00317', 317);
INSERT INTO EX.PERSONA(DOC_IDENTIDAD, NOMBRE, NOMBRE1, APELLIDO, APELLIDO1, FECHA_NAC, GENERO, FOTO) VALUES
                  ('00318', 'Alexandra', 'Cathy', 'Harris', 'Shea', TO_DATE('2002-11-12','YYYY-MM-DD'), 'm', NULL);
INSERT INTO EX.HISTORICO_RESIDENCIA(FECHA_INICIO, ID_LUGAR, ID_PERSONA, FECHA_FIN) VALUES
                  (TO_DATE('1989-11-01','YYYY-MM-DD'), 26, '00318', NULL);
INSERT INTO EX.FICHA_MEDICA(ID, ID_PERSONA, ID_CENTRO_SALUD, ID_LUGAR, ESTADO, FECHA_INFECCION, FECHA_RECUPERACION) VALUES
                                             (318, '00318', 11, 26, 'desconido', NULL, NULL);
INSERT INTO EX.PERSONA(DOC_IDENTIDAD, NOMBRE, NOMBRE1, APELLIDO, APELLIDO1, FECHA_NAC, GENERO, FOTO) VALUES
                  ('00319', 'Seth', 'Christopher', 'Love', 'Williams', TO_DATE('1997-07-12','YYYY-MM-DD'), 'f', NULL);
INSERT INTO EX.HISTORICO_RESIDENCIA(FECHA_INICIO, ID_LUGAR, ID_PERSONA, FECHA_FIN) VALUES
                  (TO_DATE('1976-12-05','YYYY-MM-DD'), 42, '00319', NULL);
INSERT INTO EX.FICHA_MEDICA(ID, ID_PERSONA, ID_CENTRO_SALUD, ID_LUGAR, ESTADO, FECHA_INFECCION, FECHA_RECUPERACION) VALUES
                                             (319, '00319', 27, 42, 'desconido', NULL, NULL);
INSERT INTO EX.PADECIMIENTOS(ID_PATOLOGIA, ID_PERSONA, ID_FICHA_MEDICA) VALUES
                            (1, '00319', 319);
INSERT INTO EX.PADECIMIENTOS(ID_PATOLOGIA, ID_PERSONA, ID_FICHA_MEDICA) VALUES
                            (2, '00319', 319);
INSERT INTO EX.PADECIMIENTOS(ID_PATOLOGIA, ID_PERSONA, ID_FICHA_MEDICA) VALUES
                            (3, '00319', 319);
INSERT INTO EX.PADECIMIENTOS(ID_PATOLOGIA, ID_PERSONA, ID_FICHA_MEDICA) VALUES
                            (4, '00319', 319);
INSERT INTO EX.PADECIMIENTOS(ID_PATOLOGIA, ID_PERSONA, ID_FICHA_MEDICA) VALUES
                            (5, '00319', 319);
INSERT INTO EX.PADECIMIENTOS(ID_PATOLOGIA, ID_PERSONA, ID_FICHA_MEDICA) VALUES
                            (6, '00319', 319);
INSERT INTO EX.PADECIMIENTOS(ID_PATOLOGIA, ID_PERSONA, ID_FICHA_MEDICA) VALUES
                            (7, '00319', 319);
INSERT INTO EX.PADECIMIENTOS(ID_PATOLOGIA, ID_PERSONA, ID_FICHA_MEDICA) VALUES
                            (8, '00319', 319);
INSERT INTO EX.PADECIMIENTOS(ID_PATOLOGIA, ID_PERSONA, ID_FICHA_MEDICA) VALUES
                            (9, '00319', 319);
INSERT INTO EX.PADECIMIENTOS(ID_PATOLOGIA, ID_PERSONA, ID_FICHA_MEDICA) VALUES
                            (10, '00319', 319);
INSERT INTO EX.PADECIMIENTOS(ID_PATOLOGIA, ID_PERSONA, ID_FICHA_MEDICA) VALUES
                            (11, '00319', 319);
INSERT INTO EX.PADECIMIENTOS(ID_PATOLOGIA, ID_PERSONA, ID_FICHA_MEDICA) VALUES
                            (12, '00319', 319);
INSERT INTO EX.PADECIMIENTOS(ID_PATOLOGIA, ID_PERSONA, ID_FICHA_MEDICA) VALUES
                            (13, '00319', 319);
INSERT INTO EX.PERSONA(DOC_IDENTIDAD, NOMBRE, NOMBRE1, APELLIDO, APELLIDO1, FECHA_NAC, GENERO, FOTO) VALUES
                  ('00320', 'John', 'Rebecca', 'Carter', 'Green', TO_DATE('1998-02-09','YYYY-MM-DD'), 'm', NULL);
INSERT INTO EX.HISTORICO_RESIDENCIA(FECHA_INICIO, ID_LUGAR, ID_PERSONA, FECHA_FIN) VALUES
                  (TO_DATE('1998-12-29','YYYY-MM-DD'), 21, '00320', NULL);
INSERT INTO EX.FICHA_MEDICA(ID, ID_PERSONA, ID_CENTRO_SALUD, ID_LUGAR, ESTADO, FECHA_INFECCION, FECHA_RECUPERACION) VALUES
                                             (320, '00320', 6, 21, 'desconido', NULL, NULL);
INSERT INTO EX.PERSONA(DOC_IDENTIDAD, NOMBRE, NOMBRE1, APELLIDO, APELLIDO1, FECHA_NAC, GENERO, FOTO) VALUES
                  ('00321', 'James', 'Barbara', 'Richardson', 'Baker', TO_DATE('1982-07-28','YYYY-MM-DD'), 'f', NULL);
INSERT INTO EX.HISTORICO_RESIDENCIA(FECHA_INICIO, ID_LUGAR, ID_PERSONA, FECHA_FIN) VALUES
                  (TO_DATE('2004-07-26','YYYY-MM-DD'), 39, '00321', NULL);
INSERT INTO EX.FICHA_MEDICA(ID, ID_PERSONA, ID_CENTRO_SALUD, ID_LUGAR, ESTADO, FECHA_INFECCION, FECHA_RECUPERACION) VALUES
                                             (321, '00321', 24, 39, 'desconido', NULL, NULL);
INSERT INTO EX.PADECIMIENTOS(ID_PATOLOGIA, ID_PERSONA, ID_FICHA_MEDICA) VALUES
                            (1, '00321', 321);
INSERT INTO EX.PADECIMIENTOS(ID_PATOLOGIA, ID_PERSONA, ID_FICHA_MEDICA) VALUES
                            (2, '00321', 321);
INSERT INTO EX.PADECIMIENTOS(ID_PATOLOGIA, ID_PERSONA, ID_FICHA_MEDICA) VALUES
                            (3, '00321', 321);
INSERT INTO EX.PERSONA(DOC_IDENTIDAD, NOMBRE, NOMBRE1, APELLIDO, APELLIDO1, FECHA_NAC, GENERO, FOTO) VALUES
                  ('00322', 'Christy', 'Mike', 'Harris', 'Ramirez', TO_DATE('2017-01-23','YYYY-MM-DD'), 'm', NULL);
INSERT INTO EX.HISTORICO_RESIDENCIA(FECHA_INICIO, ID_LUGAR, ID_PERSONA, FECHA_FIN) VALUES
                  (TO_DATE('1975-10-15','YYYY-MM-DD'), 31, '00322', NULL);
INSERT INTO EX.FICHA_MEDICA(ID, ID_PERSONA, ID_CENTRO_SALUD, ID_LUGAR, ESTADO, FECHA_INFECCION, FECHA_RECUPERACION) VALUES
                                             (322, '00322', 16, 31, 'desconido', NULL, NULL);
INSERT INTO EX.PERSONA(DOC_IDENTIDAD, NOMBRE, NOMBRE1, APELLIDO, APELLIDO1, FECHA_NAC, GENERO, FOTO) VALUES
                  ('00323', 'Karen', 'Jose', 'Powers', 'Wilson', TO_DATE('1985-05-25','YYYY-MM-DD'), 'f', NULL);
INSERT INTO EX.HISTORICO_RESIDENCIA(FECHA_INICIO, ID_LUGAR, ID_PERSONA, FECHA_FIN) VALUES
                  (TO_DATE('2018-09-28','YYYY-MM-DD'), 44, '00323', NULL);
INSERT INTO EX.FICHA_MEDICA(ID, ID_PERSONA, ID_CENTRO_SALUD, ID_LUGAR, ESTADO, FECHA_INFECCION, FECHA_RECUPERACION) VALUES
                                             (323, '00323', 29, 44, 'desconido', NULL, NULL);
INSERT INTO EX.PADECIMIENTOS(ID_PATOLOGIA, ID_PERSONA, ID_FICHA_MEDICA) VALUES
                            (1, '00323', 323);
INSERT INTO EX.PADECIMIENTOS(ID_PATOLOGIA, ID_PERSONA, ID_FICHA_MEDICA) VALUES
                            (2, '00323', 323);
INSERT INTO EX.PADECIMIENTOS(ID_PATOLOGIA, ID_PERSONA, ID_FICHA_MEDICA) VALUES
                            (3, '00323', 323);
INSERT INTO EX.PADECIMIENTOS(ID_PATOLOGIA, ID_PERSONA, ID_FICHA_MEDICA) VALUES
                            (4, '00323', 323);
INSERT INTO EX.PADECIMIENTOS(ID_PATOLOGIA, ID_PERSONA, ID_FICHA_MEDICA) VALUES
                            (5, '00323', 323);
INSERT INTO EX.PADECIMIENTOS(ID_PATOLOGIA, ID_PERSONA, ID_FICHA_MEDICA) VALUES
                            (6, '00323', 323);
INSERT INTO EX.PADECIMIENTOS(ID_PATOLOGIA, ID_PERSONA, ID_FICHA_MEDICA) VALUES
                            (7, '00323', 323);
INSERT INTO EX.PADECIMIENTOS(ID_PATOLOGIA, ID_PERSONA, ID_FICHA_MEDICA) VALUES
                            (8, '00323', 323);
INSERT INTO EX.PADECIMIENTOS(ID_PATOLOGIA, ID_PERSONA, ID_FICHA_MEDICA) VALUES
                            (9, '00323', 323);
INSERT INTO EX.PADECIMIENTOS(ID_PATOLOGIA, ID_PERSONA, ID_FICHA_MEDICA) VALUES
                            (10, '00323', 323);
INSERT INTO EX.PADECIMIENTOS(ID_PATOLOGIA, ID_PERSONA, ID_FICHA_MEDICA) VALUES
                            (11, '00323', 323);
INSERT INTO EX.PADECIMIENTOS(ID_PATOLOGIA, ID_PERSONA, ID_FICHA_MEDICA) VALUES
                            (12, '00323', 323);
INSERT INTO EX.PADECIMIENTOS(ID_PATOLOGIA, ID_PERSONA, ID_FICHA_MEDICA) VALUES
                            (13, '00323', 323);
INSERT INTO EX.SINTOMAS(FECHA_INICIO, ID_SINTOMA, ID_PERSONA, ID_FICHA_MEDICA) VALUES
                            (TO_DATE('2020-05-22','YYYY-MM-DD'), 1, '00323', 323);
INSERT INTO EX.SINTOMAS(FECHA_INICIO, ID_SINTOMA, ID_PERSONA, ID_FICHA_MEDICA) VALUES
                            (TO_DATE('2020-04-22','YYYY-MM-DD'), 2, '00323', 323);
INSERT INTO EX.SINTOMAS(FECHA_INICIO, ID_SINTOMA, ID_PERSONA, ID_FICHA_MEDICA) VALUES
                            (TO_DATE('2020-03-27','YYYY-MM-DD'), 3, '00323', 323);
INSERT INTO EX.PERSONA(DOC_IDENTIDAD, NOMBRE, NOMBRE1, APELLIDO, APELLIDO1, FECHA_NAC, GENERO, FOTO) VALUES
                  ('00324', 'Heather', 'James', 'Savage', 'Franklin', TO_DATE('1972-11-01','YYYY-MM-DD'), 'm', NULL);
INSERT INTO EX.HISTORICO_RESIDENCIA(FECHA_INICIO, ID_LUGAR, ID_PERSONA, FECHA_FIN) VALUES
                  (TO_DATE('2002-10-29','YYYY-MM-DD'), 22, '00324', NULL);
INSERT INTO EX.FICHA_MEDICA(ID, ID_PERSONA, ID_CENTRO_SALUD, ID_LUGAR, ESTADO, FECHA_INFECCION, FECHA_RECUPERACION) VALUES
                                             (324, '00324', 7, 22, 'desconido', NULL, NULL);
INSERT INTO EX.PADECIMIENTOS(ID_PATOLOGIA, ID_PERSONA, ID_FICHA_MEDICA) VALUES
                            (1, '00324', 324);
INSERT INTO EX.PADECIMIENTOS(ID_PATOLOGIA, ID_PERSONA, ID_FICHA_MEDICA) VALUES
                            (2, '00324', 324);
INSERT INTO EX.PADECIMIENTOS(ID_PATOLOGIA, ID_PERSONA, ID_FICHA_MEDICA) VALUES
                            (3, '00324', 324);
INSERT INTO EX.PADECIMIENTOS(ID_PATOLOGIA, ID_PERSONA, ID_FICHA_MEDICA) VALUES
                            (4, '00324', 324);
INSERT INTO EX.PADECIMIENTOS(ID_PATOLOGIA, ID_PERSONA, ID_FICHA_MEDICA) VALUES
                            (5, '00324', 324);
INSERT INTO EX.PADECIMIENTOS(ID_PATOLOGIA, ID_PERSONA, ID_FICHA_MEDICA) VALUES
                            (6, '00324', 324);
INSERT INTO EX.PADECIMIENTOS(ID_PATOLOGIA, ID_PERSONA, ID_FICHA_MEDICA) VALUES
                            (7, '00324', 324);
INSERT INTO EX.PADECIMIENTOS(ID_PATOLOGIA, ID_PERSONA, ID_FICHA_MEDICA) VALUES
                            (8, '00324', 324);
INSERT INTO EX.PADECIMIENTOS(ID_PATOLOGIA, ID_PERSONA, ID_FICHA_MEDICA) VALUES
                            (9, '00324', 324);
INSERT INTO EX.PADECIMIENTOS(ID_PATOLOGIA, ID_PERSONA, ID_FICHA_MEDICA) VALUES
                            (10, '00324', 324);
INSERT INTO EX.PADECIMIENTOS(ID_PATOLOGIA, ID_PERSONA, ID_FICHA_MEDICA) VALUES
                            (11, '00324', 324);
INSERT INTO EX.PADECIMIENTOS(ID_PATOLOGIA, ID_PERSONA, ID_FICHA_MEDICA) VALUES
                            (12, '00324', 324);
INSERT INTO EX.SINTOMAS(FECHA_INICIO, ID_SINTOMA, ID_PERSONA, ID_FICHA_MEDICA) VALUES
                            (TO_DATE('2020-05-13','YYYY-MM-DD'), 1, '00324', 324);
INSERT INTO EX.SINTOMAS(FECHA_INICIO, ID_SINTOMA, ID_PERSONA, ID_FICHA_MEDICA) VALUES
                            (TO_DATE('2020-06-08','YYYY-MM-DD'), 2, '00324', 324);
INSERT INTO EX.SINTOMAS(FECHA_INICIO, ID_SINTOMA, ID_PERSONA, ID_FICHA_MEDICA) VALUES
                            (TO_DATE('2020-02-04','YYYY-MM-DD'), 3, '00324', 324);
INSERT INTO EX.SINTOMAS(FECHA_INICIO, ID_SINTOMA, ID_PERSONA, ID_FICHA_MEDICA) VALUES
                            (TO_DATE('2020-06-26','YYYY-MM-DD'), 4, '00324', 324);
INSERT INTO EX.SINTOMAS(FECHA_INICIO, ID_SINTOMA, ID_PERSONA, ID_FICHA_MEDICA) VALUES
                            (TO_DATE('2020-04-02','YYYY-MM-DD'), 5, '00324', 324);
INSERT INTO EX.SINTOMAS(FECHA_INICIO, ID_SINTOMA, ID_PERSONA, ID_FICHA_MEDICA) VALUES
                            (TO_DATE('2020-04-15','YYYY-MM-DD'), 6, '00324', 324);
INSERT INTO EX.SINTOMAS(FECHA_INICIO, ID_SINTOMA, ID_PERSONA, ID_FICHA_MEDICA) VALUES
                            (TO_DATE('2020-03-28','YYYY-MM-DD'), 7, '00324', 324);
INSERT INTO EX.SINTOMAS(FECHA_INICIO, ID_SINTOMA, ID_PERSONA, ID_FICHA_MEDICA) VALUES
                            (TO_DATE('2020-06-04','YYYY-MM-DD'), 8, '00324', 324);
INSERT INTO EX.SINTOMAS(FECHA_INICIO, ID_SINTOMA, ID_PERSONA, ID_FICHA_MEDICA) VALUES
                            (TO_DATE('2020-02-16','YYYY-MM-DD'), 9, '00324', 324);
INSERT INTO EX.SINTOMAS(FECHA_INICIO, ID_SINTOMA, ID_PERSONA, ID_FICHA_MEDICA) VALUES
                            (TO_DATE('2020-05-25','YYYY-MM-DD'), 10, '00324', 324);
INSERT INTO EX.SINTOMAS(FECHA_INICIO, ID_SINTOMA, ID_PERSONA, ID_FICHA_MEDICA) VALUES
                            (TO_DATE('2020-01-29','YYYY-MM-DD'), 11, '00324', 324);
INSERT INTO EX.SINTOMAS(FECHA_INICIO, ID_SINTOMA, ID_PERSONA, ID_FICHA_MEDICA) VALUES
                            (TO_DATE('2020-05-27','YYYY-MM-DD'), 12, '00324', 324);
INSERT INTO EX.SINTOMAS(FECHA_INICIO, ID_SINTOMA, ID_PERSONA, ID_FICHA_MEDICA) VALUES
                            (TO_DATE('2020-04-28','YYYY-MM-DD'), 13, '00324', 324);
INSERT INTO EX.SINTOMAS(FECHA_INICIO, ID_SINTOMA, ID_PERSONA, ID_FICHA_MEDICA) VALUES
                            (TO_DATE('2020-04-11','YYYY-MM-DD'), 14, '00324', 324);
INSERT INTO EX.SINTOMAS(FECHA_INICIO, ID_SINTOMA, ID_PERSONA, ID_FICHA_MEDICA) VALUES
                            (TO_DATE('2020-02-28','YYYY-MM-DD'), 15, '00324', 324);
INSERT INTO EX.PERSONA(DOC_IDENTIDAD, NOMBRE, NOMBRE1, APELLIDO, APELLIDO1, FECHA_NAC, GENERO, FOTO) VALUES
                  ('00325', 'Mark', 'Susan', 'Cook', 'Hudson', TO_DATE('2002-09-19','YYYY-MM-DD'), 'f', NULL);
INSERT INTO EX.HISTORICO_RESIDENCIA(FECHA_INICIO, ID_LUGAR, ID_PERSONA, FECHA_FIN) VALUES
                  (TO_DATE('1979-10-01','YYYY-MM-DD'), 44, '00325', NULL);
INSERT INTO EX.FICHA_MEDICA(ID, ID_PERSONA, ID_CENTRO_SALUD, ID_LUGAR, ESTADO, FECHA_INFECCION, FECHA_RECUPERACION) VALUES
                                             (325, '00325', 29, 44, 'desconido', NULL, NULL);
INSERT INTO EX.PADECIMIENTOS(ID_PATOLOGIA, ID_PERSONA, ID_FICHA_MEDICA) VALUES
                            (1, '00325', 325);
INSERT INTO EX.PADECIMIENTOS(ID_PATOLOGIA, ID_PERSONA, ID_FICHA_MEDICA) VALUES
                            (2, '00325', 325);
INSERT INTO EX.PADECIMIENTOS(ID_PATOLOGIA, ID_PERSONA, ID_FICHA_MEDICA) VALUES
                            (3, '00325', 325);
INSERT INTO EX.PADECIMIENTOS(ID_PATOLOGIA, ID_PERSONA, ID_FICHA_MEDICA) VALUES
                            (4, '00325', 325);
INSERT INTO EX.PADECIMIENTOS(ID_PATOLOGIA, ID_PERSONA, ID_FICHA_MEDICA) VALUES
                            (5, '00325', 325);
INSERT INTO EX.PADECIMIENTOS(ID_PATOLOGIA, ID_PERSONA, ID_FICHA_MEDICA) VALUES
                            (6, '00325', 325);
INSERT INTO EX.PADECIMIENTOS(ID_PATOLOGIA, ID_PERSONA, ID_FICHA_MEDICA) VALUES
                            (7, '00325', 325);
INSERT INTO EX.PADECIMIENTOS(ID_PATOLOGIA, ID_PERSONA, ID_FICHA_MEDICA) VALUES
                            (8, '00325', 325);
INSERT INTO EX.PADECIMIENTOS(ID_PATOLOGIA, ID_PERSONA, ID_FICHA_MEDICA) VALUES
                            (9, '00325', 325);
INSERT INTO EX.PADECIMIENTOS(ID_PATOLOGIA, ID_PERSONA, ID_FICHA_MEDICA) VALUES
                            (10, '00325', 325);
INSERT INTO EX.PADECIMIENTOS(ID_PATOLOGIA, ID_PERSONA, ID_FICHA_MEDICA) VALUES
                            (11, '00325', 325);
INSERT INTO EX.PADECIMIENTOS(ID_PATOLOGIA, ID_PERSONA, ID_FICHA_MEDICA) VALUES
                            (12, '00325', 325);
INSERT INTO EX.PADECIMIENTOS(ID_PATOLOGIA, ID_PERSONA, ID_FICHA_MEDICA) VALUES
                            (13, '00325', 325);
INSERT INTO EX.PADECIMIENTOS(ID_PATOLOGIA, ID_PERSONA, ID_FICHA_MEDICA) VALUES
                            (14, '00325', 325);
INSERT INTO EX.PADECIMIENTOS(ID_PATOLOGIA, ID_PERSONA, ID_FICHA_MEDICA) VALUES
                            (15, '00325', 325);
INSERT INTO EX.SINTOMAS(FECHA_INICIO, ID_SINTOMA, ID_PERSONA, ID_FICHA_MEDICA) VALUES
                            (TO_DATE('2020-06-21','YYYY-MM-DD'), 1, '00325', 325);
INSERT INTO EX.SINTOMAS(FECHA_INICIO, ID_SINTOMA, ID_PERSONA, ID_FICHA_MEDICA) VALUES
                            (TO_DATE('2020-05-12','YYYY-MM-DD'), 2, '00325', 325);
INSERT INTO EX.SINTOMAS(FECHA_INICIO, ID_SINTOMA, ID_PERSONA, ID_FICHA_MEDICA) VALUES
                            (TO_DATE('2020-03-20','YYYY-MM-DD'), 3, '00325', 325);
INSERT INTO EX.SINTOMAS(FECHA_INICIO, ID_SINTOMA, ID_PERSONA, ID_FICHA_MEDICA) VALUES
                            (TO_DATE('2020-06-07','YYYY-MM-DD'), 4, '00325', 325);
INSERT INTO EX.SINTOMAS(FECHA_INICIO, ID_SINTOMA, ID_PERSONA, ID_FICHA_MEDICA) VALUES
                            (TO_DATE('2020-03-24','YYYY-MM-DD'), 5, '00325', 325);
INSERT INTO EX.SINTOMAS(FECHA_INICIO, ID_SINTOMA, ID_PERSONA, ID_FICHA_MEDICA) VALUES
                            (TO_DATE('2020-03-08','YYYY-MM-DD'), 6, '00325', 325);
INSERT INTO EX.SINTOMAS(FECHA_INICIO, ID_SINTOMA, ID_PERSONA, ID_FICHA_MEDICA) VALUES
                            (TO_DATE('2020-05-04','YYYY-MM-DD'), 7, '00325', 325);
INSERT INTO EX.SINTOMAS(FECHA_INICIO, ID_SINTOMA, ID_PERSONA, ID_FICHA_MEDICA) VALUES
                            (TO_DATE('2020-04-15','YYYY-MM-DD'), 8, '00325', 325);
INSERT INTO EX.SINTOMAS(FECHA_INICIO, ID_SINTOMA, ID_PERSONA, ID_FICHA_MEDICA) VALUES
                            (TO_DATE('2020-01-26','YYYY-MM-DD'), 9, '00325', 325);
INSERT INTO EX.SINTOMAS(FECHA_INICIO, ID_SINTOMA, ID_PERSONA, ID_FICHA_MEDICA) VALUES
                            (TO_DATE('2020-03-03','YYYY-MM-DD'), 10, '00325', 325);
INSERT INTO EX.SINTOMAS(FECHA_INICIO, ID_SINTOMA, ID_PERSONA, ID_FICHA_MEDICA) VALUES
                            (TO_DATE('2020-05-16','YYYY-MM-DD'), 11, '00325', 325);
INSERT INTO EX.SINTOMAS(FECHA_INICIO, ID_SINTOMA, ID_PERSONA, ID_FICHA_MEDICA) VALUES
                            (TO_DATE('2020-02-05','YYYY-MM-DD'), 12, '00325', 325);
INSERT INTO EX.SINTOMAS(FECHA_INICIO, ID_SINTOMA, ID_PERSONA, ID_FICHA_MEDICA) VALUES
                            (TO_DATE('2020-02-10','YYYY-MM-DD'), 13, '00325', 325);
INSERT INTO EX.SINTOMAS(FECHA_INICIO, ID_SINTOMA, ID_PERSONA, ID_FICHA_MEDICA) VALUES
                            (TO_DATE('2020-05-04','YYYY-MM-DD'), 14, '00325', 325);
INSERT INTO EX.SINTOMAS(FECHA_INICIO, ID_SINTOMA, ID_PERSONA, ID_FICHA_MEDICA) VALUES
                            (TO_DATE('2020-04-12','YYYY-MM-DD'), 15, '00325', 325);
INSERT INTO EX.SINTOMAS(FECHA_INICIO, ID_SINTOMA, ID_PERSONA, ID_FICHA_MEDICA) VALUES
                            (TO_DATE('2020-05-11','YYYY-MM-DD'), 16, '00325', 325);
INSERT INTO EX.SINTOMAS(FECHA_INICIO, ID_SINTOMA, ID_PERSONA, ID_FICHA_MEDICA) VALUES
                            (TO_DATE('2020-04-03','YYYY-MM-DD'), 17, '00325', 325);
INSERT INTO EX.SINTOMAS(FECHA_INICIO, ID_SINTOMA, ID_PERSONA, ID_FICHA_MEDICA) VALUES
                            (TO_DATE('2020-01-28','YYYY-MM-DD'), 18, '00325', 325);
INSERT INTO EX.PERSONA(DOC_IDENTIDAD, NOMBRE, NOMBRE1, APELLIDO, APELLIDO1, FECHA_NAC, GENERO, FOTO) VALUES
                  ('00326', 'John', 'Travis', 'Moore', 'Kirby', TO_DATE('2006-01-01','YYYY-MM-DD'), 'm', NULL);
INSERT INTO EX.HISTORICO_RESIDENCIA(FECHA_INICIO, ID_LUGAR, ID_PERSONA, FECHA_FIN) VALUES
                  (TO_DATE('1995-03-10','YYYY-MM-DD'), 23, '00326', NULL);
INSERT INTO EX.FICHA_MEDICA(ID, ID_PERSONA, ID_CENTRO_SALUD, ID_LUGAR, ESTADO, FECHA_INFECCION, FECHA_RECUPERACION) VALUES
                                             (326, '00326', 8, 23, 'desconido', NULL, NULL);
INSERT INTO EX.SINTOMAS(FECHA_INICIO, ID_SINTOMA, ID_PERSONA, ID_FICHA_MEDICA) VALUES
                            (TO_DATE('2020-03-29','YYYY-MM-DD'), 1, '00326', 326);
INSERT INTO EX.SINTOMAS(FECHA_INICIO, ID_SINTOMA, ID_PERSONA, ID_FICHA_MEDICA) VALUES
                            (TO_DATE('2020-03-05','YYYY-MM-DD'), 2, '00326', 326);
INSERT INTO EX.PERSONA(DOC_IDENTIDAD, NOMBRE, NOMBRE1, APELLIDO, APELLIDO1, FECHA_NAC, GENERO, FOTO) VALUES
                  ('00327', 'Gary', 'Tammy', 'Hamilton', 'Morrison', TO_DATE('1974-11-22','YYYY-MM-DD'), 'f', NULL);
INSERT INTO EX.HISTORICO_RESIDENCIA(FECHA_INICIO, ID_LUGAR, ID_PERSONA, FECHA_FIN) VALUES
                  (TO_DATE('1984-06-24','YYYY-MM-DD'), 43, '00327', NULL);
INSERT INTO EX.FICHA_MEDICA(ID, ID_PERSONA, ID_CENTRO_SALUD, ID_LUGAR, ESTADO, FECHA_INFECCION, FECHA_RECUPERACION) VALUES
                                             (327, '00327', 28, 43, 'desconido', NULL, NULL);
INSERT INTO EX.PERSONA(DOC_IDENTIDAD, NOMBRE, NOMBRE1, APELLIDO, APELLIDO1, FECHA_NAC, GENERO, FOTO) VALUES
                  ('00328', 'Michael', 'Andrew', 'Ellison', 'Lloyd', TO_DATE('2020-05-03','YYYY-MM-DD'), 'm', NULL);
INSERT INTO EX.HISTORICO_RESIDENCIA(FECHA_INICIO, ID_LUGAR, ID_PERSONA, FECHA_FIN) VALUES
                  (TO_DATE('2018-05-18','YYYY-MM-DD'), 45, '00328', NULL);
INSERT INTO EX.FICHA_MEDICA(ID, ID_PERSONA, ID_CENTRO_SALUD, ID_LUGAR, ESTADO, FECHA_INFECCION, FECHA_RECUPERACION) VALUES
                                             (328, '00328', 30, 45, 'desconido', NULL, NULL);
INSERT INTO EX.PERSONA(DOC_IDENTIDAD, NOMBRE, NOMBRE1, APELLIDO, APELLIDO1, FECHA_NAC, GENERO, FOTO) VALUES
                  ('00329', 'Jerry', 'Cynthia', 'Odonnell', 'Young', TO_DATE('1992-01-11','YYYY-MM-DD'), 'f', NULL);
INSERT INTO EX.HISTORICO_RESIDENCIA(FECHA_INICIO, ID_LUGAR, ID_PERSONA, FECHA_FIN) VALUES
                  (TO_DATE('2002-10-26','YYYY-MM-DD'), 43, '00329', NULL);
INSERT INTO EX.FICHA_MEDICA(ID, ID_PERSONA, ID_CENTRO_SALUD, ID_LUGAR, ESTADO, FECHA_INFECCION, FECHA_RECUPERACION) VALUES
                                             (329, '00329', 28, 43, 'desconido', NULL, NULL);
INSERT INTO EX.PADECIMIENTOS(ID_PATOLOGIA, ID_PERSONA, ID_FICHA_MEDICA) VALUES
                            (1, '00329', 329);
INSERT INTO EX.PADECIMIENTOS(ID_PATOLOGIA, ID_PERSONA, ID_FICHA_MEDICA) VALUES
                            (2, '00329', 329);
INSERT INTO EX.PADECIMIENTOS(ID_PATOLOGIA, ID_PERSONA, ID_FICHA_MEDICA) VALUES
                            (3, '00329', 329);
INSERT INTO EX.PADECIMIENTOS(ID_PATOLOGIA, ID_PERSONA, ID_FICHA_MEDICA) VALUES
                            (4, '00329', 329);
INSERT INTO EX.PADECIMIENTOS(ID_PATOLOGIA, ID_PERSONA, ID_FICHA_MEDICA) VALUES
                            (5, '00329', 329);
INSERT INTO EX.PADECIMIENTOS(ID_PATOLOGIA, ID_PERSONA, ID_FICHA_MEDICA) VALUES
                            (6, '00329', 329);
INSERT INTO EX.SINTOMAS(FECHA_INICIO, ID_SINTOMA, ID_PERSONA, ID_FICHA_MEDICA) VALUES
                            (TO_DATE('2020-03-12','YYYY-MM-DD'), 1, '00329', 329);
INSERT INTO EX.SINTOMAS(FECHA_INICIO, ID_SINTOMA, ID_PERSONA, ID_FICHA_MEDICA) VALUES
                            (TO_DATE('2020-04-01','YYYY-MM-DD'), 2, '00329', 329);
INSERT INTO EX.SINTOMAS(FECHA_INICIO, ID_SINTOMA, ID_PERSONA, ID_FICHA_MEDICA) VALUES
                            (TO_DATE('2020-06-14','YYYY-MM-DD'), 3, '00329', 329);
INSERT INTO EX.SINTOMAS(FECHA_INICIO, ID_SINTOMA, ID_PERSONA, ID_FICHA_MEDICA) VALUES
                            (TO_DATE('2020-03-01','YYYY-MM-DD'), 4, '00329', 329);
INSERT INTO EX.SINTOMAS(FECHA_INICIO, ID_SINTOMA, ID_PERSONA, ID_FICHA_MEDICA) VALUES
                            (TO_DATE('2020-05-03','YYYY-MM-DD'), 5, '00329', 329);
INSERT INTO EX.SINTOMAS(FECHA_INICIO, ID_SINTOMA, ID_PERSONA, ID_FICHA_MEDICA) VALUES
                            (TO_DATE('2020-03-02','YYYY-MM-DD'), 6, '00329', 329);
INSERT INTO EX.SINTOMAS(FECHA_INICIO, ID_SINTOMA, ID_PERSONA, ID_FICHA_MEDICA) VALUES
                            (TO_DATE('2020-02-13','YYYY-MM-DD'), 7, '00329', 329);
INSERT INTO EX.SINTOMAS(FECHA_INICIO, ID_SINTOMA, ID_PERSONA, ID_FICHA_MEDICA) VALUES
                            (TO_DATE('2020-02-03','YYYY-MM-DD'), 8, '00329', 329);
INSERT INTO EX.SINTOMAS(FECHA_INICIO, ID_SINTOMA, ID_PERSONA, ID_FICHA_MEDICA) VALUES
                            (TO_DATE('2020-01-20','YYYY-MM-DD'), 9, '00329', 329);
INSERT INTO EX.SINTOMAS(FECHA_INICIO, ID_SINTOMA, ID_PERSONA, ID_FICHA_MEDICA) VALUES
                            (TO_DATE('2020-01-31','YYYY-MM-DD'), 10, '00329', 329);
INSERT INTO EX.SINTOMAS(FECHA_INICIO, ID_SINTOMA, ID_PERSONA, ID_FICHA_MEDICA) VALUES
                            (TO_DATE('2020-06-07','YYYY-MM-DD'), 11, '00329', 329);
INSERT INTO EX.SINTOMAS(FECHA_INICIO, ID_SINTOMA, ID_PERSONA, ID_FICHA_MEDICA) VALUES
                            (TO_DATE('2020-05-26','YYYY-MM-DD'), 12, '00329', 329);
INSERT INTO EX.SINTOMAS(FECHA_INICIO, ID_SINTOMA, ID_PERSONA, ID_FICHA_MEDICA) VALUES
                            (TO_DATE('2020-03-15','YYYY-MM-DD'), 13, '00329', 329);
INSERT INTO EX.SINTOMAS(FECHA_INICIO, ID_SINTOMA, ID_PERSONA, ID_FICHA_MEDICA) VALUES
                            (TO_DATE('2020-02-13','YYYY-MM-DD'), 14, '00329', 329);
INSERT INTO EX.SINTOMAS(FECHA_INICIO, ID_SINTOMA, ID_PERSONA, ID_FICHA_MEDICA) VALUES
                            (TO_DATE('2020-02-13','YYYY-MM-DD'), 15, '00329', 329);
INSERT INTO EX.SINTOMAS(FECHA_INICIO, ID_SINTOMA, ID_PERSONA, ID_FICHA_MEDICA) VALUES
                            (TO_DATE('2020-01-07','YYYY-MM-DD'), 16, '00329', 329);
INSERT INTO EX.SINTOMAS(FECHA_INICIO, ID_SINTOMA, ID_PERSONA, ID_FICHA_MEDICA) VALUES
                            (TO_DATE('2020-06-09','YYYY-MM-DD'), 17, '00329', 329);
INSERT INTO EX.SINTOMAS(FECHA_INICIO, ID_SINTOMA, ID_PERSONA, ID_FICHA_MEDICA) VALUES
                            (TO_DATE('2020-04-30','YYYY-MM-DD'), 18, '00329', 329);
INSERT INTO EX.PERSONA(DOC_IDENTIDAD, NOMBRE, NOMBRE1, APELLIDO, APELLIDO1, FECHA_NAC, GENERO, FOTO) VALUES
                  ('00330', 'Damon', 'Carol', 'Anderson', 'Serrano', TO_DATE('1973-05-15','YYYY-MM-DD'), 'm', NULL);
INSERT INTO EX.HISTORICO_RESIDENCIA(FECHA_INICIO, ID_LUGAR, ID_PERSONA, FECHA_FIN) VALUES
                  (TO_DATE('1977-11-13','YYYY-MM-DD'), 25, '00330', NULL);
INSERT INTO EX.FICHA_MEDICA(ID, ID_PERSONA, ID_CENTRO_SALUD, ID_LUGAR, ESTADO, FECHA_INFECCION, FECHA_RECUPERACION) VALUES
                                             (330, '00330', 10, 25, 'desconido', NULL, NULL);
INSERT INTO EX.PERSONA(DOC_IDENTIDAD, NOMBRE, NOMBRE1, APELLIDO, APELLIDO1, FECHA_NAC, GENERO, FOTO) VALUES
                  ('00331', 'Natalie', 'William', 'Cortez', 'Mendez', TO_DATE('2006-05-05','YYYY-MM-DD'), 'f', NULL);
INSERT INTO EX.HISTORICO_RESIDENCIA(FECHA_INICIO, ID_LUGAR, ID_PERSONA, FECHA_FIN) VALUES
                  (TO_DATE('1975-06-10','YYYY-MM-DD'), 35, '00331', NULL);
INSERT INTO EX.FICHA_MEDICA(ID, ID_PERSONA, ID_CENTRO_SALUD, ID_LUGAR, ESTADO, FECHA_INFECCION, FECHA_RECUPERACION) VALUES
                                             (331, '00331', 20, 35, 'desconido', NULL, NULL);
INSERT INTO EX.SINTOMAS(FECHA_INICIO, ID_SINTOMA, ID_PERSONA, ID_FICHA_MEDICA) VALUES
                            (TO_DATE('2020-06-09','YYYY-MM-DD'), 1, '00331', 331);
INSERT INTO EX.SINTOMAS(FECHA_INICIO, ID_SINTOMA, ID_PERSONA, ID_FICHA_MEDICA) VALUES
                            (TO_DATE('2020-05-01','YYYY-MM-DD'), 2, '00331', 331);
INSERT INTO EX.SINTOMAS(FECHA_INICIO, ID_SINTOMA, ID_PERSONA, ID_FICHA_MEDICA) VALUES
                            (TO_DATE('2020-02-21','YYYY-MM-DD'), 3, '00331', 331);
INSERT INTO EX.SINTOMAS(FECHA_INICIO, ID_SINTOMA, ID_PERSONA, ID_FICHA_MEDICA) VALUES
                            (TO_DATE('2020-04-04','YYYY-MM-DD'), 4, '00331', 331);
INSERT INTO EX.SINTOMAS(FECHA_INICIO, ID_SINTOMA, ID_PERSONA, ID_FICHA_MEDICA) VALUES
                            (TO_DATE('2020-01-13','YYYY-MM-DD'), 5, '00331', 331);
INSERT INTO EX.SINTOMAS(FECHA_INICIO, ID_SINTOMA, ID_PERSONA, ID_FICHA_MEDICA) VALUES
                            (TO_DATE('2020-03-27','YYYY-MM-DD'), 6, '00331', 331);
INSERT INTO EX.SINTOMAS(FECHA_INICIO, ID_SINTOMA, ID_PERSONA, ID_FICHA_MEDICA) VALUES
                            (TO_DATE('2020-05-27','YYYY-MM-DD'), 7, '00331', 331);
INSERT INTO EX.SINTOMAS(FECHA_INICIO, ID_SINTOMA, ID_PERSONA, ID_FICHA_MEDICA) VALUES
                            (TO_DATE('2020-02-10','YYYY-MM-DD'), 8, '00331', 331);
INSERT INTO EX.SINTOMAS(FECHA_INICIO, ID_SINTOMA, ID_PERSONA, ID_FICHA_MEDICA) VALUES
                            (TO_DATE('2020-05-20','YYYY-MM-DD'), 9, '00331', 331);
INSERT INTO EX.SINTOMAS(FECHA_INICIO, ID_SINTOMA, ID_PERSONA, ID_FICHA_MEDICA) VALUES
                            (TO_DATE('2020-01-01','YYYY-MM-DD'), 10, '00331', 331);
INSERT INTO EX.SINTOMAS(FECHA_INICIO, ID_SINTOMA, ID_PERSONA, ID_FICHA_MEDICA) VALUES
                            (TO_DATE('2020-06-10','YYYY-MM-DD'), 11, '00331', 331);
INSERT INTO EX.SINTOMAS(FECHA_INICIO, ID_SINTOMA, ID_PERSONA, ID_FICHA_MEDICA) VALUES
                            (TO_DATE('2020-03-18','YYYY-MM-DD'), 12, '00331', 331);
INSERT INTO EX.SINTOMAS(FECHA_INICIO, ID_SINTOMA, ID_PERSONA, ID_FICHA_MEDICA) VALUES
                            (TO_DATE('2020-05-19','YYYY-MM-DD'), 13, '00331', 331);
INSERT INTO EX.SINTOMAS(FECHA_INICIO, ID_SINTOMA, ID_PERSONA, ID_FICHA_MEDICA) VALUES
                            (TO_DATE('2020-03-13','YYYY-MM-DD'), 14, '00331', 331);
INSERT INTO EX.PERSONA(DOC_IDENTIDAD, NOMBRE, NOMBRE1, APELLIDO, APELLIDO1, FECHA_NAC, GENERO, FOTO) VALUES
                  ('00332', 'Susan', 'Curtis', 'Kidd', 'Crawford', TO_DATE('2011-05-20','YYYY-MM-DD'), 'm', NULL);
INSERT INTO EX.HISTORICO_RESIDENCIA(FECHA_INICIO, ID_LUGAR, ID_PERSONA, FECHA_FIN) VALUES
                  (TO_DATE('1975-01-06','YYYY-MM-DD'), 40, '00332', NULL);
INSERT INTO EX.FICHA_MEDICA(ID, ID_PERSONA, ID_CENTRO_SALUD, ID_LUGAR, ESTADO, FECHA_INFECCION, FECHA_RECUPERACION) VALUES
                                             (332, '00332', 25, 40, 'desconido', NULL, NULL);
INSERT INTO EX.SINTOMAS(FECHA_INICIO, ID_SINTOMA, ID_PERSONA, ID_FICHA_MEDICA) VALUES
                            (TO_DATE('2020-05-14','YYYY-MM-DD'), 1, '00332', 332);
INSERT INTO EX.SINTOMAS(FECHA_INICIO, ID_SINTOMA, ID_PERSONA, ID_FICHA_MEDICA) VALUES
                            (TO_DATE('2020-05-19','YYYY-MM-DD'), 2, '00332', 332);
INSERT INTO EX.SINTOMAS(FECHA_INICIO, ID_SINTOMA, ID_PERSONA, ID_FICHA_MEDICA) VALUES
                            (TO_DATE('2020-01-12','YYYY-MM-DD'), 3, '00332', 332);
INSERT INTO EX.SINTOMAS(FECHA_INICIO, ID_SINTOMA, ID_PERSONA, ID_FICHA_MEDICA) VALUES
                            (TO_DATE('2020-01-14','YYYY-MM-DD'), 4, '00332', 332);
INSERT INTO EX.SINTOMAS(FECHA_INICIO, ID_SINTOMA, ID_PERSONA, ID_FICHA_MEDICA) VALUES
                            (TO_DATE('2020-05-15','YYYY-MM-DD'), 5, '00332', 332);
INSERT INTO EX.PERSONA(DOC_IDENTIDAD, NOMBRE, NOMBRE1, APELLIDO, APELLIDO1, FECHA_NAC, GENERO, FOTO) VALUES
                  ('00333', 'Bryan', 'Jennifer', 'Tanner', 'Pope', TO_DATE('2002-04-09','YYYY-MM-DD'), 'f', NULL);
INSERT INTO EX.HISTORICO_RESIDENCIA(FECHA_INICIO, ID_LUGAR, ID_PERSONA, FECHA_FIN) VALUES
                  (TO_DATE('1983-09-24','YYYY-MM-DD'), 25, '00333', NULL);
INSERT INTO EX.FICHA_MEDICA(ID, ID_PERSONA, ID_CENTRO_SALUD, ID_LUGAR, ESTADO, FECHA_INFECCION, FECHA_RECUPERACION) VALUES
                                             (333, '00333', 10, 25, 'desconido', NULL, NULL);
INSERT INTO EX.SINTOMAS(FECHA_INICIO, ID_SINTOMA, ID_PERSONA, ID_FICHA_MEDICA) VALUES
                            (TO_DATE('2020-01-21','YYYY-MM-DD'), 1, '00333', 333);
INSERT INTO EX.SINTOMAS(FECHA_INICIO, ID_SINTOMA, ID_PERSONA, ID_FICHA_MEDICA) VALUES
                            (TO_DATE('2020-03-10','YYYY-MM-DD'), 2, '00333', 333);
INSERT INTO EX.SINTOMAS(FECHA_INICIO, ID_SINTOMA, ID_PERSONA, ID_FICHA_MEDICA) VALUES
                            (TO_DATE('2020-02-15','YYYY-MM-DD'), 3, '00333', 333);
INSERT INTO EX.SINTOMAS(FECHA_INICIO, ID_SINTOMA, ID_PERSONA, ID_FICHA_MEDICA) VALUES
                            (TO_DATE('2020-05-13','YYYY-MM-DD'), 4, '00333', 333);
INSERT INTO EX.SINTOMAS(FECHA_INICIO, ID_SINTOMA, ID_PERSONA, ID_FICHA_MEDICA) VALUES
                            (TO_DATE('2020-05-10','YYYY-MM-DD'), 5, '00333', 333);
INSERT INTO EX.SINTOMAS(FECHA_INICIO, ID_SINTOMA, ID_PERSONA, ID_FICHA_MEDICA) VALUES
                            (TO_DATE('2020-04-18','YYYY-MM-DD'), 6, '00333', 333);
INSERT INTO EX.SINTOMAS(FECHA_INICIO, ID_SINTOMA, ID_PERSONA, ID_FICHA_MEDICA) VALUES
                            (TO_DATE('2020-06-22','YYYY-MM-DD'), 7, '00333', 333);
INSERT INTO EX.SINTOMAS(FECHA_INICIO, ID_SINTOMA, ID_PERSONA, ID_FICHA_MEDICA) VALUES
                            (TO_DATE('2020-01-26','YYYY-MM-DD'), 8, '00333', 333);
INSERT INTO EX.SINTOMAS(FECHA_INICIO, ID_SINTOMA, ID_PERSONA, ID_FICHA_MEDICA) VALUES
                            (TO_DATE('2020-02-07','YYYY-MM-DD'), 9, '00333', 333);
INSERT INTO EX.SINTOMAS(FECHA_INICIO, ID_SINTOMA, ID_PERSONA, ID_FICHA_MEDICA) VALUES
                            (TO_DATE('2020-04-11','YYYY-MM-DD'), 10, '00333', 333);
INSERT INTO EX.SINTOMAS(FECHA_INICIO, ID_SINTOMA, ID_PERSONA, ID_FICHA_MEDICA) VALUES
                            (TO_DATE('2020-03-28','YYYY-MM-DD'), 11, '00333', 333);
INSERT INTO EX.SINTOMAS(FECHA_INICIO, ID_SINTOMA, ID_PERSONA, ID_FICHA_MEDICA) VALUES
                            (TO_DATE('2020-02-19','YYYY-MM-DD'), 12, '00333', 333);
INSERT INTO EX.SINTOMAS(FECHA_INICIO, ID_SINTOMA, ID_PERSONA, ID_FICHA_MEDICA) VALUES
                            (TO_DATE('2020-03-25','YYYY-MM-DD'), 13, '00333', 333);
INSERT INTO EX.SINTOMAS(FECHA_INICIO, ID_SINTOMA, ID_PERSONA, ID_FICHA_MEDICA) VALUES
                            (TO_DATE('2020-02-09','YYYY-MM-DD'), 14, '00333', 333);
INSERT INTO EX.SINTOMAS(FECHA_INICIO, ID_SINTOMA, ID_PERSONA, ID_FICHA_MEDICA) VALUES
                            (TO_DATE('2020-05-25','YYYY-MM-DD'), 15, '00333', 333);
INSERT INTO EX.SINTOMAS(FECHA_INICIO, ID_SINTOMA, ID_PERSONA, ID_FICHA_MEDICA) VALUES
                            (TO_DATE('2020-05-15','YYYY-MM-DD'), 16, '00333', 333);
INSERT INTO EX.SINTOMAS(FECHA_INICIO, ID_SINTOMA, ID_PERSONA, ID_FICHA_MEDICA) VALUES
                            (TO_DATE('2020-05-20','YYYY-MM-DD'), 17, '00333', 333);
INSERT INTO EX.PERSONA(DOC_IDENTIDAD, NOMBRE, NOMBRE1, APELLIDO, APELLIDO1, FECHA_NAC, GENERO, FOTO) VALUES
                  ('00334', 'Chad', 'Jonathan', 'Fields', 'Hill', TO_DATE('2014-10-04','YYYY-MM-DD'), 'm', NULL);
INSERT INTO EX.HISTORICO_RESIDENCIA(FECHA_INICIO, ID_LUGAR, ID_PERSONA, FECHA_FIN) VALUES
                  (TO_DATE('2012-07-19','YYYY-MM-DD'), 31, '00334', NULL);
INSERT INTO EX.FICHA_MEDICA(ID, ID_PERSONA, ID_CENTRO_SALUD, ID_LUGAR, ESTADO, FECHA_INFECCION, FECHA_RECUPERACION) VALUES
                                             (334, '00334', 16, 31, 'desconido', NULL, NULL);
INSERT INTO EX.PADECIMIENTOS(ID_PATOLOGIA, ID_PERSONA, ID_FICHA_MEDICA) VALUES
                            (1, '00334', 334);
INSERT INTO EX.PADECIMIENTOS(ID_PATOLOGIA, ID_PERSONA, ID_FICHA_MEDICA) VALUES
                            (2, '00334', 334);
INSERT INTO EX.PADECIMIENTOS(ID_PATOLOGIA, ID_PERSONA, ID_FICHA_MEDICA) VALUES
                            (3, '00334', 334);
INSERT INTO EX.PADECIMIENTOS(ID_PATOLOGIA, ID_PERSONA, ID_FICHA_MEDICA) VALUES
                            (4, '00334', 334);
INSERT INTO EX.PADECIMIENTOS(ID_PATOLOGIA, ID_PERSONA, ID_FICHA_MEDICA) VALUES
                            (5, '00334', 334);
INSERT INTO EX.PADECIMIENTOS(ID_PATOLOGIA, ID_PERSONA, ID_FICHA_MEDICA) VALUES
                            (6, '00334', 334);
INSERT INTO EX.PADECIMIENTOS(ID_PATOLOGIA, ID_PERSONA, ID_FICHA_MEDICA) VALUES
                            (7, '00334', 334);
INSERT INTO EX.SINTOMAS(FECHA_INICIO, ID_SINTOMA, ID_PERSONA, ID_FICHA_MEDICA) VALUES
                            (TO_DATE('2020-04-14','YYYY-MM-DD'), 1, '00334', 334);
INSERT INTO EX.SINTOMAS(FECHA_INICIO, ID_SINTOMA, ID_PERSONA, ID_FICHA_MEDICA) VALUES
                            (TO_DATE('2020-03-19','YYYY-MM-DD'), 2, '00334', 334);
INSERT INTO EX.SINTOMAS(FECHA_INICIO, ID_SINTOMA, ID_PERSONA, ID_FICHA_MEDICA) VALUES
                            (TO_DATE('2020-04-29','YYYY-MM-DD'), 3, '00334', 334);
INSERT INTO EX.SINTOMAS(FECHA_INICIO, ID_SINTOMA, ID_PERSONA, ID_FICHA_MEDICA) VALUES
                            (TO_DATE('2020-06-04','YYYY-MM-DD'), 4, '00334', 334);
INSERT INTO EX.SINTOMAS(FECHA_INICIO, ID_SINTOMA, ID_PERSONA, ID_FICHA_MEDICA) VALUES
                            (TO_DATE('2020-04-09','YYYY-MM-DD'), 5, '00334', 334);
INSERT INTO EX.SINTOMAS(FECHA_INICIO, ID_SINTOMA, ID_PERSONA, ID_FICHA_MEDICA) VALUES
                            (TO_DATE('2020-02-10','YYYY-MM-DD'), 6, '00334', 334);
INSERT INTO EX.SINTOMAS(FECHA_INICIO, ID_SINTOMA, ID_PERSONA, ID_FICHA_MEDICA) VALUES
                            (TO_DATE('2020-04-29','YYYY-MM-DD'), 7, '00334', 334);
INSERT INTO EX.SINTOMAS(FECHA_INICIO, ID_SINTOMA, ID_PERSONA, ID_FICHA_MEDICA) VALUES
                            (TO_DATE('2020-04-11','YYYY-MM-DD'), 8, '00334', 334);
INSERT INTO EX.SINTOMAS(FECHA_INICIO, ID_SINTOMA, ID_PERSONA, ID_FICHA_MEDICA) VALUES
                            (TO_DATE('2020-03-27','YYYY-MM-DD'), 9, '00334', 334);
INSERT INTO EX.SINTOMAS(FECHA_INICIO, ID_SINTOMA, ID_PERSONA, ID_FICHA_MEDICA) VALUES
                            (TO_DATE('2020-04-30','YYYY-MM-DD'), 10, '00334', 334);
INSERT INTO EX.SINTOMAS(FECHA_INICIO, ID_SINTOMA, ID_PERSONA, ID_FICHA_MEDICA) VALUES
                            (TO_DATE('2020-05-29','YYYY-MM-DD'), 11, '00334', 334);
INSERT INTO EX.SINTOMAS(FECHA_INICIO, ID_SINTOMA, ID_PERSONA, ID_FICHA_MEDICA) VALUES
                            (TO_DATE('2020-02-20','YYYY-MM-DD'), 12, '00334', 334);
INSERT INTO EX.SINTOMAS(FECHA_INICIO, ID_SINTOMA, ID_PERSONA, ID_FICHA_MEDICA) VALUES
                            (TO_DATE('2020-02-03','YYYY-MM-DD'), 13, '00334', 334);
INSERT INTO EX.SINTOMAS(FECHA_INICIO, ID_SINTOMA, ID_PERSONA, ID_FICHA_MEDICA) VALUES
                            (TO_DATE('2020-04-08','YYYY-MM-DD'), 14, '00334', 334);
INSERT INTO EX.SINTOMAS(FECHA_INICIO, ID_SINTOMA, ID_PERSONA, ID_FICHA_MEDICA) VALUES
                            (TO_DATE('2020-06-08','YYYY-MM-DD'), 15, '00334', 334);
INSERT INTO EX.SINTOMAS(FECHA_INICIO, ID_SINTOMA, ID_PERSONA, ID_FICHA_MEDICA) VALUES
                            (TO_DATE('2020-01-05','YYYY-MM-DD'), 16, '00334', 334);
INSERT INTO EX.SINTOMAS(FECHA_INICIO, ID_SINTOMA, ID_PERSONA, ID_FICHA_MEDICA) VALUES
                            (TO_DATE('2020-06-12','YYYY-MM-DD'), 17, '00334', 334);
INSERT INTO EX.PERSONA(DOC_IDENTIDAD, NOMBRE, NOMBRE1, APELLIDO, APELLIDO1, FECHA_NAC, GENERO, FOTO) VALUES
                  ('00335', 'Shelly', 'Daniel', 'Braun', 'Hansen', TO_DATE('2003-08-11','YYYY-MM-DD'), 'f', NULL);
INSERT INTO EX.HISTORICO_RESIDENCIA(FECHA_INICIO, ID_LUGAR, ID_PERSONA, FECHA_FIN) VALUES
                  (TO_DATE('2018-06-28','YYYY-MM-DD'), 31, '00335', NULL);
INSERT INTO EX.FICHA_MEDICA(ID, ID_PERSONA, ID_CENTRO_SALUD, ID_LUGAR, ESTADO, FECHA_INFECCION, FECHA_RECUPERACION) VALUES
                                             (335, '00335', 16, 31, 'desconido', NULL, NULL);
INSERT INTO EX.SINTOMAS(FECHA_INICIO, ID_SINTOMA, ID_PERSONA, ID_FICHA_MEDICA) VALUES
                            (TO_DATE('2020-01-01','YYYY-MM-DD'), 1, '00335', 335);
INSERT INTO EX.SINTOMAS(FECHA_INICIO, ID_SINTOMA, ID_PERSONA, ID_FICHA_MEDICA) VALUES
                            (TO_DATE('2020-06-10','YYYY-MM-DD'), 2, '00335', 335);
INSERT INTO EX.SINTOMAS(FECHA_INICIO, ID_SINTOMA, ID_PERSONA, ID_FICHA_MEDICA) VALUES
                            (TO_DATE('2020-01-23','YYYY-MM-DD'), 3, '00335', 335);
INSERT INTO EX.SINTOMAS(FECHA_INICIO, ID_SINTOMA, ID_PERSONA, ID_FICHA_MEDICA) VALUES
                            (TO_DATE('2020-01-24','YYYY-MM-DD'), 4, '00335', 335);
INSERT INTO EX.SINTOMAS(FECHA_INICIO, ID_SINTOMA, ID_PERSONA, ID_FICHA_MEDICA) VALUES
                            (TO_DATE('2020-04-15','YYYY-MM-DD'), 5, '00335', 335);
INSERT INTO EX.SINTOMAS(FECHA_INICIO, ID_SINTOMA, ID_PERSONA, ID_FICHA_MEDICA) VALUES
                            (TO_DATE('2020-02-27','YYYY-MM-DD'), 6, '00335', 335);
INSERT INTO EX.SINTOMAS(FECHA_INICIO, ID_SINTOMA, ID_PERSONA, ID_FICHA_MEDICA) VALUES
                            (TO_DATE('2020-01-02','YYYY-MM-DD'), 7, '00335', 335);
INSERT INTO EX.SINTOMAS(FECHA_INICIO, ID_SINTOMA, ID_PERSONA, ID_FICHA_MEDICA) VALUES
                            (TO_DATE('2020-02-09','YYYY-MM-DD'), 8, '00335', 335);
INSERT INTO EX.SINTOMAS(FECHA_INICIO, ID_SINTOMA, ID_PERSONA, ID_FICHA_MEDICA) VALUES
                            (TO_DATE('2020-06-30','YYYY-MM-DD'), 9, '00335', 335);
INSERT INTO EX.PERSONA(DOC_IDENTIDAD, NOMBRE, NOMBRE1, APELLIDO, APELLIDO1, FECHA_NAC, GENERO, FOTO) VALUES
                  ('00336', 'Laurie', 'Michael', 'Powell', 'Coleman', TO_DATE('2007-11-03','YYYY-MM-DD'), 'm', NULL);
INSERT INTO EX.HISTORICO_RESIDENCIA(FECHA_INICIO, ID_LUGAR, ID_PERSONA, FECHA_FIN) VALUES
                  (TO_DATE('1997-05-03','YYYY-MM-DD'), 29, '00336', NULL);
INSERT INTO EX.FICHA_MEDICA(ID, ID_PERSONA, ID_CENTRO_SALUD, ID_LUGAR, ESTADO, FECHA_INFECCION, FECHA_RECUPERACION) VALUES
                                             (336, '00336', 14, 29, 'desconido', NULL, NULL);
INSERT INTO EX.PADECIMIENTOS(ID_PATOLOGIA, ID_PERSONA, ID_FICHA_MEDICA) VALUES
                            (1, '00336', 336);
INSERT INTO EX.PADECIMIENTOS(ID_PATOLOGIA, ID_PERSONA, ID_FICHA_MEDICA) VALUES
                            (2, '00336', 336);
INSERT INTO EX.PADECIMIENTOS(ID_PATOLOGIA, ID_PERSONA, ID_FICHA_MEDICA) VALUES
                            (3, '00336', 336);
INSERT INTO EX.PADECIMIENTOS(ID_PATOLOGIA, ID_PERSONA, ID_FICHA_MEDICA) VALUES
                            (4, '00336', 336);
INSERT INTO EX.PADECIMIENTOS(ID_PATOLOGIA, ID_PERSONA, ID_FICHA_MEDICA) VALUES
                            (5, '00336', 336);
INSERT INTO EX.PADECIMIENTOS(ID_PATOLOGIA, ID_PERSONA, ID_FICHA_MEDICA) VALUES
                            (6, '00336', 336);
INSERT INTO EX.PADECIMIENTOS(ID_PATOLOGIA, ID_PERSONA, ID_FICHA_MEDICA) VALUES
                            (7, '00336', 336);
INSERT INTO EX.PADECIMIENTOS(ID_PATOLOGIA, ID_PERSONA, ID_FICHA_MEDICA) VALUES
                            (8, '00336', 336);
INSERT INTO EX.PADECIMIENTOS(ID_PATOLOGIA, ID_PERSONA, ID_FICHA_MEDICA) VALUES
                            (9, '00336', 336);
INSERT INTO EX.PADECIMIENTOS(ID_PATOLOGIA, ID_PERSONA, ID_FICHA_MEDICA) VALUES
                            (10, '00336', 336);
INSERT INTO EX.PADECIMIENTOS(ID_PATOLOGIA, ID_PERSONA, ID_FICHA_MEDICA) VALUES
                            (11, '00336', 336);
INSERT INTO EX.PADECIMIENTOS(ID_PATOLOGIA, ID_PERSONA, ID_FICHA_MEDICA) VALUES
                            (12, '00336', 336);
INSERT INTO EX.PERSONA(DOC_IDENTIDAD, NOMBRE, NOMBRE1, APELLIDO, APELLIDO1, FECHA_NAC, GENERO, FOTO) VALUES
                  ('00337', 'James', 'Ryan', 'Sexton', 'Johnson', TO_DATE('1984-12-24','YYYY-MM-DD'), 'f', NULL);
INSERT INTO EX.HISTORICO_RESIDENCIA(FECHA_INICIO, ID_LUGAR, ID_PERSONA, FECHA_FIN) VALUES
                  (TO_DATE('1997-04-22','YYYY-MM-DD'), 28, '00337', NULL);
INSERT INTO EX.FICHA_MEDICA(ID, ID_PERSONA, ID_CENTRO_SALUD, ID_LUGAR, ESTADO, FECHA_INFECCION, FECHA_RECUPERACION) VALUES
                                             (337, '00337', 13, 28, 'desconido', NULL, NULL);
INSERT INTO EX.PERSONA(DOC_IDENTIDAD, NOMBRE, NOMBRE1, APELLIDO, APELLIDO1, FECHA_NAC, GENERO, FOTO) VALUES
                  ('00338', 'Beth', 'Jason', 'Ballard', 'Leon', TO_DATE('2002-02-22','YYYY-MM-DD'), 'm', NULL);
INSERT INTO EX.HISTORICO_RESIDENCIA(FECHA_INICIO, ID_LUGAR, ID_PERSONA, FECHA_FIN) VALUES
                  (TO_DATE('2004-08-29','YYYY-MM-DD'), 39, '00338', NULL);
INSERT INTO EX.FICHA_MEDICA(ID, ID_PERSONA, ID_CENTRO_SALUD, ID_LUGAR, ESTADO, FECHA_INFECCION, FECHA_RECUPERACION) VALUES
                                             (338, '00338', 24, 39, 'desconido', NULL, NULL);
INSERT INTO EX.PADECIMIENTOS(ID_PATOLOGIA, ID_PERSONA, ID_FICHA_MEDICA) VALUES
                            (1, '00338', 338);
INSERT INTO EX.PADECIMIENTOS(ID_PATOLOGIA, ID_PERSONA, ID_FICHA_MEDICA) VALUES
                            (2, '00338', 338);
INSERT INTO EX.PERSONA(DOC_IDENTIDAD, NOMBRE, NOMBRE1, APELLIDO, APELLIDO1, FECHA_NAC, GENERO, FOTO) VALUES
                  ('00339', 'Jennifer', 'Ryan', 'Schultz', 'Evans', TO_DATE('1984-10-24','YYYY-MM-DD'), 'f', NULL);
INSERT INTO EX.HISTORICO_RESIDENCIA(FECHA_INICIO, ID_LUGAR, ID_PERSONA, FECHA_FIN) VALUES
                  (TO_DATE('1992-11-06','YYYY-MM-DD'), 43, '00339', NULL);
INSERT INTO EX.FICHA_MEDICA(ID, ID_PERSONA, ID_CENTRO_SALUD, ID_LUGAR, ESTADO, FECHA_INFECCION, FECHA_RECUPERACION) VALUES
                                             (339, '00339', 28, 43, 'desconido', NULL, NULL);
INSERT INTO EX.SINTOMAS(FECHA_INICIO, ID_SINTOMA, ID_PERSONA, ID_FICHA_MEDICA) VALUES
                            (TO_DATE('2020-02-14','YYYY-MM-DD'), 1, '00339', 339);
INSERT INTO EX.SINTOMAS(FECHA_INICIO, ID_SINTOMA, ID_PERSONA, ID_FICHA_MEDICA) VALUES
                            (TO_DATE('2020-04-01','YYYY-MM-DD'), 2, '00339', 339);
INSERT INTO EX.SINTOMAS(FECHA_INICIO, ID_SINTOMA, ID_PERSONA, ID_FICHA_MEDICA) VALUES
                            (TO_DATE('2020-02-25','YYYY-MM-DD'), 3, '00339', 339);
INSERT INTO EX.SINTOMAS(FECHA_INICIO, ID_SINTOMA, ID_PERSONA, ID_FICHA_MEDICA) VALUES
                            (TO_DATE('2020-05-23','YYYY-MM-DD'), 4, '00339', 339);
INSERT INTO EX.SINTOMAS(FECHA_INICIO, ID_SINTOMA, ID_PERSONA, ID_FICHA_MEDICA) VALUES
                            (TO_DATE('2020-06-10','YYYY-MM-DD'), 5, '00339', 339);
INSERT INTO EX.SINTOMAS(FECHA_INICIO, ID_SINTOMA, ID_PERSONA, ID_FICHA_MEDICA) VALUES
                            (TO_DATE('2020-02-23','YYYY-MM-DD'), 6, '00339', 339);
INSERT INTO EX.SINTOMAS(FECHA_INICIO, ID_SINTOMA, ID_PERSONA, ID_FICHA_MEDICA) VALUES
                            (TO_DATE('2020-03-24','YYYY-MM-DD'), 7, '00339', 339);
INSERT INTO EX.SINTOMAS(FECHA_INICIO, ID_SINTOMA, ID_PERSONA, ID_FICHA_MEDICA) VALUES
                            (TO_DATE('2020-01-30','YYYY-MM-DD'), 8, '00339', 339);
INSERT INTO EX.SINTOMAS(FECHA_INICIO, ID_SINTOMA, ID_PERSONA, ID_FICHA_MEDICA) VALUES
                            (TO_DATE('2020-04-05','YYYY-MM-DD'), 9, '00339', 339);
INSERT INTO EX.SINTOMAS(FECHA_INICIO, ID_SINTOMA, ID_PERSONA, ID_FICHA_MEDICA) VALUES
                            (TO_DATE('2020-01-21','YYYY-MM-DD'), 10, '00339', 339);
INSERT INTO EX.SINTOMAS(FECHA_INICIO, ID_SINTOMA, ID_PERSONA, ID_FICHA_MEDICA) VALUES
                            (TO_DATE('2020-02-04','YYYY-MM-DD'), 11, '00339', 339);
INSERT INTO EX.SINTOMAS(FECHA_INICIO, ID_SINTOMA, ID_PERSONA, ID_FICHA_MEDICA) VALUES
                            (TO_DATE('2020-06-13','YYYY-MM-DD'), 12, '00339', 339);
INSERT INTO EX.SINTOMAS(FECHA_INICIO, ID_SINTOMA, ID_PERSONA, ID_FICHA_MEDICA) VALUES
                            (TO_DATE('2020-03-03','YYYY-MM-DD'), 13, '00339', 339);
INSERT INTO EX.SINTOMAS(FECHA_INICIO, ID_SINTOMA, ID_PERSONA, ID_FICHA_MEDICA) VALUES
                            (TO_DATE('2020-02-15','YYYY-MM-DD'), 14, '00339', 339);
INSERT INTO EX.SINTOMAS(FECHA_INICIO, ID_SINTOMA, ID_PERSONA, ID_FICHA_MEDICA) VALUES
                            (TO_DATE('2020-02-08','YYYY-MM-DD'), 15, '00339', 339);
INSERT INTO EX.SINTOMAS(FECHA_INICIO, ID_SINTOMA, ID_PERSONA, ID_FICHA_MEDICA) VALUES
                            (TO_DATE('2020-02-01','YYYY-MM-DD'), 16, '00339', 339);
INSERT INTO EX.SINTOMAS(FECHA_INICIO, ID_SINTOMA, ID_PERSONA, ID_FICHA_MEDICA) VALUES
                            (TO_DATE('2020-01-01','YYYY-MM-DD'), 17, '00339', 339);
INSERT INTO EX.SINTOMAS(FECHA_INICIO, ID_SINTOMA, ID_PERSONA, ID_FICHA_MEDICA) VALUES
                            (TO_DATE('2020-03-04','YYYY-MM-DD'), 18, '00339', 339);
INSERT INTO EX.SINTOMAS(FECHA_INICIO, ID_SINTOMA, ID_PERSONA, ID_FICHA_MEDICA) VALUES
                            (TO_DATE('2020-03-01','YYYY-MM-DD'), 19, '00339', 339);
INSERT INTO EX.PERSONA(DOC_IDENTIDAD, NOMBRE, NOMBRE1, APELLIDO, APELLIDO1, FECHA_NAC, GENERO, FOTO) VALUES
                  ('00340', 'Alexandria', 'John', 'Cochran', 'Cortez', TO_DATE('1993-02-15','YYYY-MM-DD'), 'm', NULL);
INSERT INTO EX.HISTORICO_RESIDENCIA(FECHA_INICIO, ID_LUGAR, ID_PERSONA, FECHA_FIN) VALUES
                  (TO_DATE('1982-06-26','YYYY-MM-DD'), 43, '00340', NULL);
INSERT INTO EX.FICHA_MEDICA(ID, ID_PERSONA, ID_CENTRO_SALUD, ID_LUGAR, ESTADO, FECHA_INFECCION, FECHA_RECUPERACION) VALUES
                                             (340, '00340', 28, 43, 'desconido', NULL, NULL);
INSERT INTO EX.PADECIMIENTOS(ID_PATOLOGIA, ID_PERSONA, ID_FICHA_MEDICA) VALUES
                            (1, '00340', 340);
INSERT INTO EX.PADECIMIENTOS(ID_PATOLOGIA, ID_PERSONA, ID_FICHA_MEDICA) VALUES
                            (2, '00340', 340);
INSERT INTO EX.PADECIMIENTOS(ID_PATOLOGIA, ID_PERSONA, ID_FICHA_MEDICA) VALUES
                            (3, '00340', 340);
INSERT INTO EX.PADECIMIENTOS(ID_PATOLOGIA, ID_PERSONA, ID_FICHA_MEDICA) VALUES
                            (4, '00340', 340);
INSERT INTO EX.PADECIMIENTOS(ID_PATOLOGIA, ID_PERSONA, ID_FICHA_MEDICA) VALUES
                            (5, '00340', 340);
INSERT INTO EX.PADECIMIENTOS(ID_PATOLOGIA, ID_PERSONA, ID_FICHA_MEDICA) VALUES
                            (6, '00340', 340);
INSERT INTO EX.PADECIMIENTOS(ID_PATOLOGIA, ID_PERSONA, ID_FICHA_MEDICA) VALUES
                            (7, '00340', 340);
INSERT INTO EX.PADECIMIENTOS(ID_PATOLOGIA, ID_PERSONA, ID_FICHA_MEDICA) VALUES
                            (8, '00340', 340);
INSERT INTO EX.PADECIMIENTOS(ID_PATOLOGIA, ID_PERSONA, ID_FICHA_MEDICA) VALUES
                            (9, '00340', 340);
INSERT INTO EX.PADECIMIENTOS(ID_PATOLOGIA, ID_PERSONA, ID_FICHA_MEDICA) VALUES
                            (10, '00340', 340);
INSERT INTO EX.PADECIMIENTOS(ID_PATOLOGIA, ID_PERSONA, ID_FICHA_MEDICA) VALUES
                            (11, '00340', 340);
INSERT INTO EX.PADECIMIENTOS(ID_PATOLOGIA, ID_PERSONA, ID_FICHA_MEDICA) VALUES
                            (12, '00340', 340);
INSERT INTO EX.PADECIMIENTOS(ID_PATOLOGIA, ID_PERSONA, ID_FICHA_MEDICA) VALUES
                            (13, '00340', 340);
INSERT INTO EX.PADECIMIENTOS(ID_PATOLOGIA, ID_PERSONA, ID_FICHA_MEDICA) VALUES
                            (14, '00340', 340);
INSERT INTO EX.PADECIMIENTOS(ID_PATOLOGIA, ID_PERSONA, ID_FICHA_MEDICA) VALUES
                            (15, '00340', 340);
INSERT INTO EX.PERSONA(DOC_IDENTIDAD, NOMBRE, NOMBRE1, APELLIDO, APELLIDO1, FECHA_NAC, GENERO, FOTO) VALUES
                  ('00341', 'Marcus', 'Nicole', 'Cole', 'Cabrera', TO_DATE('1977-09-16','YYYY-MM-DD'), 'f', NULL);
INSERT INTO EX.HISTORICO_RESIDENCIA(FECHA_INICIO, ID_LUGAR, ID_PERSONA, FECHA_FIN) VALUES
                  (TO_DATE('1973-02-22','YYYY-MM-DD'), 22, '00341', NULL);
INSERT INTO EX.FICHA_MEDICA(ID, ID_PERSONA, ID_CENTRO_SALUD, ID_LUGAR, ESTADO, FECHA_INFECCION, FECHA_RECUPERACION) VALUES
                                             (341, '00341', 7, 22, 'desconido', NULL, NULL);
INSERT INTO EX.PADECIMIENTOS(ID_PATOLOGIA, ID_PERSONA, ID_FICHA_MEDICA) VALUES
                            (1, '00341', 341);
INSERT INTO EX.PADECIMIENTOS(ID_PATOLOGIA, ID_PERSONA, ID_FICHA_MEDICA) VALUES
                            (2, '00341', 341);
INSERT INTO EX.PADECIMIENTOS(ID_PATOLOGIA, ID_PERSONA, ID_FICHA_MEDICA) VALUES
                            (3, '00341', 341);
INSERT INTO EX.PADECIMIENTOS(ID_PATOLOGIA, ID_PERSONA, ID_FICHA_MEDICA) VALUES
                            (4, '00341', 341);
INSERT INTO EX.PADECIMIENTOS(ID_PATOLOGIA, ID_PERSONA, ID_FICHA_MEDICA) VALUES
                            (5, '00341', 341);
INSERT INTO EX.PADECIMIENTOS(ID_PATOLOGIA, ID_PERSONA, ID_FICHA_MEDICA) VALUES
                            (6, '00341', 341);
INSERT INTO EX.PADECIMIENTOS(ID_PATOLOGIA, ID_PERSONA, ID_FICHA_MEDICA) VALUES
                            (7, '00341', 341);
INSERT INTO EX.PADECIMIENTOS(ID_PATOLOGIA, ID_PERSONA, ID_FICHA_MEDICA) VALUES
                            (8, '00341', 341);
INSERT INTO EX.PADECIMIENTOS(ID_PATOLOGIA, ID_PERSONA, ID_FICHA_MEDICA) VALUES
                            (9, '00341', 341);
INSERT INTO EX.SINTOMAS(FECHA_INICIO, ID_SINTOMA, ID_PERSONA, ID_FICHA_MEDICA) VALUES
                            (TO_DATE('2020-02-26','YYYY-MM-DD'), 1, '00341', 341);
INSERT INTO EX.SINTOMAS(FECHA_INICIO, ID_SINTOMA, ID_PERSONA, ID_FICHA_MEDICA) VALUES
                            (TO_DATE('2020-05-12','YYYY-MM-DD'), 2, '00341', 341);
INSERT INTO EX.SINTOMAS(FECHA_INICIO, ID_SINTOMA, ID_PERSONA, ID_FICHA_MEDICA) VALUES
                            (TO_DATE('2020-02-07','YYYY-MM-DD'), 3, '00341', 341);
INSERT INTO EX.SINTOMAS(FECHA_INICIO, ID_SINTOMA, ID_PERSONA, ID_FICHA_MEDICA) VALUES
                            (TO_DATE('2020-01-22','YYYY-MM-DD'), 4, '00341', 341);
INSERT INTO EX.SINTOMAS(FECHA_INICIO, ID_SINTOMA, ID_PERSONA, ID_FICHA_MEDICA) VALUES
                            (TO_DATE('2020-05-11','YYYY-MM-DD'), 5, '00341', 341);
INSERT INTO EX.SINTOMAS(FECHA_INICIO, ID_SINTOMA, ID_PERSONA, ID_FICHA_MEDICA) VALUES
                            (TO_DATE('2020-03-15','YYYY-MM-DD'), 6, '00341', 341);
INSERT INTO EX.SINTOMAS(FECHA_INICIO, ID_SINTOMA, ID_PERSONA, ID_FICHA_MEDICA) VALUES
                            (TO_DATE('2020-05-04','YYYY-MM-DD'), 7, '00341', 341);
INSERT INTO EX.SINTOMAS(FECHA_INICIO, ID_SINTOMA, ID_PERSONA, ID_FICHA_MEDICA) VALUES
                            (TO_DATE('2020-01-20','YYYY-MM-DD'), 8, '00341', 341);
INSERT INTO EX.SINTOMAS(FECHA_INICIO, ID_SINTOMA, ID_PERSONA, ID_FICHA_MEDICA) VALUES
                            (TO_DATE('2020-06-16','YYYY-MM-DD'), 9, '00341', 341);
INSERT INTO EX.SINTOMAS(FECHA_INICIO, ID_SINTOMA, ID_PERSONA, ID_FICHA_MEDICA) VALUES
                            (TO_DATE('2020-05-05','YYYY-MM-DD'), 10, '00341', 341);
INSERT INTO EX.SINTOMAS(FECHA_INICIO, ID_SINTOMA, ID_PERSONA, ID_FICHA_MEDICA) VALUES
                            (TO_DATE('2020-06-04','YYYY-MM-DD'), 11, '00341', 341);
INSERT INTO EX.SINTOMAS(FECHA_INICIO, ID_SINTOMA, ID_PERSONA, ID_FICHA_MEDICA) VALUES
                            (TO_DATE('2020-04-18','YYYY-MM-DD'), 12, '00341', 341);
INSERT INTO EX.SINTOMAS(FECHA_INICIO, ID_SINTOMA, ID_PERSONA, ID_FICHA_MEDICA) VALUES
                            (TO_DATE('2020-04-16','YYYY-MM-DD'), 13, '00341', 341);
INSERT INTO EX.SINTOMAS(FECHA_INICIO, ID_SINTOMA, ID_PERSONA, ID_FICHA_MEDICA) VALUES
                            (TO_DATE('2020-03-13','YYYY-MM-DD'), 14, '00341', 341);
INSERT INTO EX.SINTOMAS(FECHA_INICIO, ID_SINTOMA, ID_PERSONA, ID_FICHA_MEDICA) VALUES
                            (TO_DATE('2020-05-26','YYYY-MM-DD'), 15, '00341', 341);
INSERT INTO EX.SINTOMAS(FECHA_INICIO, ID_SINTOMA, ID_PERSONA, ID_FICHA_MEDICA) VALUES
                            (TO_DATE('2020-03-17','YYYY-MM-DD'), 16, '00341', 341);
INSERT INTO EX.SINTOMAS(FECHA_INICIO, ID_SINTOMA, ID_PERSONA, ID_FICHA_MEDICA) VALUES
                            (TO_DATE('2020-01-26','YYYY-MM-DD'), 17, '00341', 341);
INSERT INTO EX.SINTOMAS(FECHA_INICIO, ID_SINTOMA, ID_PERSONA, ID_FICHA_MEDICA) VALUES
                            (TO_DATE('2020-05-18','YYYY-MM-DD'), 18, '00341', 341);
INSERT INTO EX.PERSONA(DOC_IDENTIDAD, NOMBRE, NOMBRE1, APELLIDO, APELLIDO1, FECHA_NAC, GENERO, FOTO) VALUES
                  ('00342', 'Sheila', 'Brandon', 'Flores', 'Ryan', TO_DATE('2010-02-11','YYYY-MM-DD'), 'm', NULL);
INSERT INTO EX.HISTORICO_RESIDENCIA(FECHA_INICIO, ID_LUGAR, ID_PERSONA, FECHA_FIN) VALUES
                  (TO_DATE('2006-01-16','YYYY-MM-DD'), 18, '00342', NULL);
INSERT INTO EX.FICHA_MEDICA(ID, ID_PERSONA, ID_CENTRO_SALUD, ID_LUGAR, ESTADO, FECHA_INFECCION, FECHA_RECUPERACION) VALUES
                                             (342, '00342', 3, 18, 'desconido', NULL, NULL);
INSERT INTO EX.PADECIMIENTOS(ID_PATOLOGIA, ID_PERSONA, ID_FICHA_MEDICA) VALUES
                            (1, '00342', 342);
INSERT INTO EX.PADECIMIENTOS(ID_PATOLOGIA, ID_PERSONA, ID_FICHA_MEDICA) VALUES
                            (2, '00342', 342);
INSERT INTO EX.PADECIMIENTOS(ID_PATOLOGIA, ID_PERSONA, ID_FICHA_MEDICA) VALUES
                            (3, '00342', 342);
INSERT INTO EX.PADECIMIENTOS(ID_PATOLOGIA, ID_PERSONA, ID_FICHA_MEDICA) VALUES
                            (4, '00342', 342);
INSERT INTO EX.PADECIMIENTOS(ID_PATOLOGIA, ID_PERSONA, ID_FICHA_MEDICA) VALUES
                            (5, '00342', 342);
INSERT INTO EX.PADECIMIENTOS(ID_PATOLOGIA, ID_PERSONA, ID_FICHA_MEDICA) VALUES
                            (6, '00342', 342);
INSERT INTO EX.PADECIMIENTOS(ID_PATOLOGIA, ID_PERSONA, ID_FICHA_MEDICA) VALUES
                            (7, '00342', 342);
INSERT INTO EX.PERSONA(DOC_IDENTIDAD, NOMBRE, NOMBRE1, APELLIDO, APELLIDO1, FECHA_NAC, GENERO, FOTO) VALUES
                  ('00343', 'Steven', 'Scott', 'Roberts', 'Rodriguez', TO_DATE('1977-10-31','YYYY-MM-DD'), 'f', NULL);
INSERT INTO EX.HISTORICO_RESIDENCIA(FECHA_INICIO, ID_LUGAR, ID_PERSONA, FECHA_FIN) VALUES
                  (TO_DATE('1988-03-07','YYYY-MM-DD'), 31, '00343', NULL);
INSERT INTO EX.FICHA_MEDICA(ID, ID_PERSONA, ID_CENTRO_SALUD, ID_LUGAR, ESTADO, FECHA_INFECCION, FECHA_RECUPERACION) VALUES
                                             (343, '00343', 16, 31, 'desconido', NULL, NULL);
INSERT INTO EX.PADECIMIENTOS(ID_PATOLOGIA, ID_PERSONA, ID_FICHA_MEDICA) VALUES
                            (1, '00343', 343);
INSERT INTO EX.PADECIMIENTOS(ID_PATOLOGIA, ID_PERSONA, ID_FICHA_MEDICA) VALUES
                            (2, '00343', 343);
INSERT INTO EX.PADECIMIENTOS(ID_PATOLOGIA, ID_PERSONA, ID_FICHA_MEDICA) VALUES
                            (3, '00343', 343);
INSERT INTO EX.PADECIMIENTOS(ID_PATOLOGIA, ID_PERSONA, ID_FICHA_MEDICA) VALUES
                            (4, '00343', 343);
INSERT INTO EX.PADECIMIENTOS(ID_PATOLOGIA, ID_PERSONA, ID_FICHA_MEDICA) VALUES
                            (5, '00343', 343);
INSERT INTO EX.SINTOMAS(FECHA_INICIO, ID_SINTOMA, ID_PERSONA, ID_FICHA_MEDICA) VALUES
                            (TO_DATE('2020-05-13','YYYY-MM-DD'), 1, '00343', 343);
INSERT INTO EX.SINTOMAS(FECHA_INICIO, ID_SINTOMA, ID_PERSONA, ID_FICHA_MEDICA) VALUES
                            (TO_DATE('2020-05-13','YYYY-MM-DD'), 2, '00343', 343);
INSERT INTO EX.SINTOMAS(FECHA_INICIO, ID_SINTOMA, ID_PERSONA, ID_FICHA_MEDICA) VALUES
                            (TO_DATE('2020-03-11','YYYY-MM-DD'), 3, '00343', 343);
INSERT INTO EX.SINTOMAS(FECHA_INICIO, ID_SINTOMA, ID_PERSONA, ID_FICHA_MEDICA) VALUES
                            (TO_DATE('2020-02-16','YYYY-MM-DD'), 4, '00343', 343);
INSERT INTO EX.SINTOMAS(FECHA_INICIO, ID_SINTOMA, ID_PERSONA, ID_FICHA_MEDICA) VALUES
                            (TO_DATE('2020-04-30','YYYY-MM-DD'), 5, '00343', 343);
INSERT INTO EX.SINTOMAS(FECHA_INICIO, ID_SINTOMA, ID_PERSONA, ID_FICHA_MEDICA) VALUES
                            (TO_DATE('2020-06-04','YYYY-MM-DD'), 6, '00343', 343);
INSERT INTO EX.SINTOMAS(FECHA_INICIO, ID_SINTOMA, ID_PERSONA, ID_FICHA_MEDICA) VALUES
                            (TO_DATE('2020-05-07','YYYY-MM-DD'), 7, '00343', 343);
INSERT INTO EX.SINTOMAS(FECHA_INICIO, ID_SINTOMA, ID_PERSONA, ID_FICHA_MEDICA) VALUES
                            (TO_DATE('2020-02-19','YYYY-MM-DD'), 8, '00343', 343);
INSERT INTO EX.SINTOMAS(FECHA_INICIO, ID_SINTOMA, ID_PERSONA, ID_FICHA_MEDICA) VALUES
                            (TO_DATE('2020-04-23','YYYY-MM-DD'), 9, '00343', 343);
INSERT INTO EX.SINTOMAS(FECHA_INICIO, ID_SINTOMA, ID_PERSONA, ID_FICHA_MEDICA) VALUES
                            (TO_DATE('2020-05-07','YYYY-MM-DD'), 10, '00343', 343);
INSERT INTO EX.SINTOMAS(FECHA_INICIO, ID_SINTOMA, ID_PERSONA, ID_FICHA_MEDICA) VALUES
                            (TO_DATE('2020-06-08','YYYY-MM-DD'), 11, '00343', 343);
INSERT INTO EX.SINTOMAS(FECHA_INICIO, ID_SINTOMA, ID_PERSONA, ID_FICHA_MEDICA) VALUES
                            (TO_DATE('2020-06-04','YYYY-MM-DD'), 12, '00343', 343);
INSERT INTO EX.SINTOMAS(FECHA_INICIO, ID_SINTOMA, ID_PERSONA, ID_FICHA_MEDICA) VALUES
                            (TO_DATE('2020-06-09','YYYY-MM-DD'), 13, '00343', 343);
INSERT INTO EX.SINTOMAS(FECHA_INICIO, ID_SINTOMA, ID_PERSONA, ID_FICHA_MEDICA) VALUES
                            (TO_DATE('2020-06-25','YYYY-MM-DD'), 14, '00343', 343);
INSERT INTO EX.SINTOMAS(FECHA_INICIO, ID_SINTOMA, ID_PERSONA, ID_FICHA_MEDICA) VALUES
                            (TO_DATE('2020-04-19','YYYY-MM-DD'), 15, '00343', 343);
INSERT INTO EX.SINTOMAS(FECHA_INICIO, ID_SINTOMA, ID_PERSONA, ID_FICHA_MEDICA) VALUES
                            (TO_DATE('2020-01-18','YYYY-MM-DD'), 16, '00343', 343);
INSERT INTO EX.PERSONA(DOC_IDENTIDAD, NOMBRE, NOMBRE1, APELLIDO, APELLIDO1, FECHA_NAC, GENERO, FOTO) VALUES
                  ('00344', 'Nicholas', 'Stacy', 'Taylor', 'Riley', TO_DATE('2012-10-15','YYYY-MM-DD'), 'm', NULL);
INSERT INTO EX.HISTORICO_RESIDENCIA(FECHA_INICIO, ID_LUGAR, ID_PERSONA, FECHA_FIN) VALUES
                  (TO_DATE('1982-05-27','YYYY-MM-DD'), 43, '00344', NULL);
INSERT INTO EX.FICHA_MEDICA(ID, ID_PERSONA, ID_CENTRO_SALUD, ID_LUGAR, ESTADO, FECHA_INFECCION, FECHA_RECUPERACION) VALUES
                                             (344, '00344', 28, 43, 'desconido', NULL, NULL);
INSERT INTO EX.PERSONA(DOC_IDENTIDAD, NOMBRE, NOMBRE1, APELLIDO, APELLIDO1, FECHA_NAC, GENERO, FOTO) VALUES
                  ('00345', 'Taylor', 'Robert', 'Mcdaniel', 'Weaver', TO_DATE('2002-01-05','YYYY-MM-DD'), 'f', NULL);
INSERT INTO EX.HISTORICO_RESIDENCIA(FECHA_INICIO, ID_LUGAR, ID_PERSONA, FECHA_FIN) VALUES
                  (TO_DATE('2010-11-16','YYYY-MM-DD'), 38, '00345', NULL);
INSERT INTO EX.FICHA_MEDICA(ID, ID_PERSONA, ID_CENTRO_SALUD, ID_LUGAR, ESTADO, FECHA_INFECCION, FECHA_RECUPERACION) VALUES
                                             (345, '00345', 23, 38, 'desconido', NULL, NULL);
INSERT INTO EX.PERSONA(DOC_IDENTIDAD, NOMBRE, NOMBRE1, APELLIDO, APELLIDO1, FECHA_NAC, GENERO, FOTO) VALUES
                  ('00346', 'Eric', 'Rebecca', 'Mercado', 'Mejia', TO_DATE('1991-12-08','YYYY-MM-DD'), 'm', NULL);
INSERT INTO EX.HISTORICO_RESIDENCIA(FECHA_INICIO, ID_LUGAR, ID_PERSONA, FECHA_FIN) VALUES
                  (TO_DATE('1990-12-24','YYYY-MM-DD'), 19, '00346', NULL);
INSERT INTO EX.FICHA_MEDICA(ID, ID_PERSONA, ID_CENTRO_SALUD, ID_LUGAR, ESTADO, FECHA_INFECCION, FECHA_RECUPERACION) VALUES
                                             (346, '00346', 4, 19, 'desconido', NULL, NULL);
INSERT INTO EX.PERSONA(DOC_IDENTIDAD, NOMBRE, NOMBRE1, APELLIDO, APELLIDO1, FECHA_NAC, GENERO, FOTO) VALUES
                  ('00347', 'Robert', 'Willie', 'Delgado', 'Marquez', TO_DATE('2002-04-08','YYYY-MM-DD'), 'f', NULL);
INSERT INTO EX.HISTORICO_RESIDENCIA(FECHA_INICIO, ID_LUGAR, ID_PERSONA, FECHA_FIN) VALUES
                  (TO_DATE('2010-06-01','YYYY-MM-DD'), 39, '00347', NULL);
INSERT INTO EX.FICHA_MEDICA(ID, ID_PERSONA, ID_CENTRO_SALUD, ID_LUGAR, ESTADO, FECHA_INFECCION, FECHA_RECUPERACION) VALUES
                                             (347, '00347', 24, 39, 'desconido', NULL, NULL);
INSERT INTO EX.PADECIMIENTOS(ID_PATOLOGIA, ID_PERSONA, ID_FICHA_MEDICA) VALUES
                            (1, '00347', 347);
INSERT INTO EX.PADECIMIENTOS(ID_PATOLOGIA, ID_PERSONA, ID_FICHA_MEDICA) VALUES
                            (2, '00347', 347);
INSERT INTO EX.PADECIMIENTOS(ID_PATOLOGIA, ID_PERSONA, ID_FICHA_MEDICA) VALUES
                            (3, '00347', 347);
INSERT INTO EX.PADECIMIENTOS(ID_PATOLOGIA, ID_PERSONA, ID_FICHA_MEDICA) VALUES
                            (4, '00347', 347);
INSERT INTO EX.PADECIMIENTOS(ID_PATOLOGIA, ID_PERSONA, ID_FICHA_MEDICA) VALUES
                            (5, '00347', 347);
INSERT INTO EX.PADECIMIENTOS(ID_PATOLOGIA, ID_PERSONA, ID_FICHA_MEDICA) VALUES
                            (6, '00347', 347);
INSERT INTO EX.PADECIMIENTOS(ID_PATOLOGIA, ID_PERSONA, ID_FICHA_MEDICA) VALUES
                            (7, '00347', 347);
INSERT INTO EX.PADECIMIENTOS(ID_PATOLOGIA, ID_PERSONA, ID_FICHA_MEDICA) VALUES
                            (8, '00347', 347);
INSERT INTO EX.PADECIMIENTOS(ID_PATOLOGIA, ID_PERSONA, ID_FICHA_MEDICA) VALUES
                            (9, '00347', 347);
INSERT INTO EX.PADECIMIENTOS(ID_PATOLOGIA, ID_PERSONA, ID_FICHA_MEDICA) VALUES
                            (10, '00347', 347);
INSERT INTO EX.PADECIMIENTOS(ID_PATOLOGIA, ID_PERSONA, ID_FICHA_MEDICA) VALUES
                            (11, '00347', 347);
INSERT INTO EX.PERSONA(DOC_IDENTIDAD, NOMBRE, NOMBRE1, APELLIDO, APELLIDO1, FECHA_NAC, GENERO, FOTO) VALUES
                  ('00348', 'Christopher', 'Barbara', 'Dixon', 'Mcpherson', TO_DATE('1990-12-10','YYYY-MM-DD'), 'm', NULL);
INSERT INTO EX.HISTORICO_RESIDENCIA(FECHA_INICIO, ID_LUGAR, ID_PERSONA, FECHA_FIN) VALUES
                  (TO_DATE('2001-01-06','YYYY-MM-DD'), 27, '00348', NULL);
INSERT INTO EX.FICHA_MEDICA(ID, ID_PERSONA, ID_CENTRO_SALUD, ID_LUGAR, ESTADO, FECHA_INFECCION, FECHA_RECUPERACION) VALUES
                                             (348, '00348', 12, 27, 'desconido', NULL, NULL);
INSERT INTO EX.PADECIMIENTOS(ID_PATOLOGIA, ID_PERSONA, ID_FICHA_MEDICA) VALUES
                            (1, '00348', 348);
INSERT INTO EX.PADECIMIENTOS(ID_PATOLOGIA, ID_PERSONA, ID_FICHA_MEDICA) VALUES
                            (2, '00348', 348);
INSERT INTO EX.PADECIMIENTOS(ID_PATOLOGIA, ID_PERSONA, ID_FICHA_MEDICA) VALUES
                            (3, '00348', 348);
INSERT INTO EX.PADECIMIENTOS(ID_PATOLOGIA, ID_PERSONA, ID_FICHA_MEDICA) VALUES
                            (4, '00348', 348);
INSERT INTO EX.PADECIMIENTOS(ID_PATOLOGIA, ID_PERSONA, ID_FICHA_MEDICA) VALUES
                            (5, '00348', 348);
INSERT INTO EX.PADECIMIENTOS(ID_PATOLOGIA, ID_PERSONA, ID_FICHA_MEDICA) VALUES
                            (6, '00348', 348);
INSERT INTO EX.PADECIMIENTOS(ID_PATOLOGIA, ID_PERSONA, ID_FICHA_MEDICA) VALUES
                            (7, '00348', 348);
INSERT INTO EX.PADECIMIENTOS(ID_PATOLOGIA, ID_PERSONA, ID_FICHA_MEDICA) VALUES
                            (8, '00348', 348);
INSERT INTO EX.PADECIMIENTOS(ID_PATOLOGIA, ID_PERSONA, ID_FICHA_MEDICA) VALUES
                            (9, '00348', 348);
INSERT INTO EX.PADECIMIENTOS(ID_PATOLOGIA, ID_PERSONA, ID_FICHA_MEDICA) VALUES
                            (10, '00348', 348);
INSERT INTO EX.PADECIMIENTOS(ID_PATOLOGIA, ID_PERSONA, ID_FICHA_MEDICA) VALUES
                            (11, '00348', 348);
INSERT INTO EX.PADECIMIENTOS(ID_PATOLOGIA, ID_PERSONA, ID_FICHA_MEDICA) VALUES
                            (12, '00348', 348);
INSERT INTO EX.PERSONA(DOC_IDENTIDAD, NOMBRE, NOMBRE1, APELLIDO, APELLIDO1, FECHA_NAC, GENERO, FOTO) VALUES
                  ('00349', 'Joshua', 'Ronald', 'Barber', 'Edwards', TO_DATE('2004-01-25','YYYY-MM-DD'), 'f', NULL);
INSERT INTO EX.HISTORICO_RESIDENCIA(FECHA_INICIO, ID_LUGAR, ID_PERSONA, FECHA_FIN) VALUES
                  (TO_DATE('2015-11-27','YYYY-MM-DD'), 34, '00349', NULL);
INSERT INTO EX.FICHA_MEDICA(ID, ID_PERSONA, ID_CENTRO_SALUD, ID_LUGAR, ESTADO, FECHA_INFECCION, FECHA_RECUPERACION) VALUES
                                             (349, '00349', 19, 34, 'desconido', NULL, NULL);
INSERT INTO EX.SINTOMAS(FECHA_INICIO, ID_SINTOMA, ID_PERSONA, ID_FICHA_MEDICA) VALUES
                            (TO_DATE('2020-05-26','YYYY-MM-DD'), 1, '00349', 349);
INSERT INTO EX.SINTOMAS(FECHA_INICIO, ID_SINTOMA, ID_PERSONA, ID_FICHA_MEDICA) VALUES
                            (TO_DATE('2020-01-31','YYYY-MM-DD'), 2, '00349', 349);
INSERT INTO EX.SINTOMAS(FECHA_INICIO, ID_SINTOMA, ID_PERSONA, ID_FICHA_MEDICA) VALUES
                            (TO_DATE('2020-02-26','YYYY-MM-DD'), 3, '00349', 349);
INSERT INTO EX.PERSONA(DOC_IDENTIDAD, NOMBRE, NOMBRE1, APELLIDO, APELLIDO1, FECHA_NAC, GENERO, FOTO) VALUES
                  ('00350', 'Kimberly', 'Stephen', 'Brown', 'Nelson', TO_DATE('1991-08-27','YYYY-MM-DD'), 'm', NULL);
INSERT INTO EX.HISTORICO_RESIDENCIA(FECHA_INICIO, ID_LUGAR, ID_PERSONA, FECHA_FIN) VALUES
                  (TO_DATE('2002-05-30','YYYY-MM-DD'), 24, '00350', NULL);
INSERT INTO EX.FICHA_MEDICA(ID, ID_PERSONA, ID_CENTRO_SALUD, ID_LUGAR, ESTADO, FECHA_INFECCION, FECHA_RECUPERACION) VALUES
                                             (350, '00350', 9, 24, 'desconido', NULL, NULL);
INSERT INTO EX.PERSONA(DOC_IDENTIDAD, NOMBRE, NOMBRE1, APELLIDO, APELLIDO1, FECHA_NAC, GENERO, FOTO) VALUES
                  ('00351', 'Alexa', 'Garrett', 'Thompson', 'Wang', TO_DATE('2006-02-08','YYYY-MM-DD'), 'f', NULL);
INSERT INTO EX.HISTORICO_RESIDENCIA(FECHA_INICIO, ID_LUGAR, ID_PERSONA, FECHA_FIN) VALUES
                  (TO_DATE('2008-06-05','YYYY-MM-DD'), 35, '00351', NULL);
INSERT INTO EX.FICHA_MEDICA(ID, ID_PERSONA, ID_CENTRO_SALUD, ID_LUGAR, ESTADO, FECHA_INFECCION, FECHA_RECUPERACION) VALUES
                                             (351, '00351', 20, 35, 'desconido', NULL, NULL);
INSERT INTO EX.PADECIMIENTOS(ID_PATOLOGIA, ID_PERSONA, ID_FICHA_MEDICA) VALUES
                            (1, '00351', 351);
INSERT INTO EX.PADECIMIENTOS(ID_PATOLOGIA, ID_PERSONA, ID_FICHA_MEDICA) VALUES
                            (2, '00351', 351);
INSERT INTO EX.PADECIMIENTOS(ID_PATOLOGIA, ID_PERSONA, ID_FICHA_MEDICA) VALUES
                            (3, '00351', 351);
INSERT INTO EX.PADECIMIENTOS(ID_PATOLOGIA, ID_PERSONA, ID_FICHA_MEDICA) VALUES
                            (4, '00351', 351);
INSERT INTO EX.PADECIMIENTOS(ID_PATOLOGIA, ID_PERSONA, ID_FICHA_MEDICA) VALUES
                            (5, '00351', 351);
INSERT INTO EX.PADECIMIENTOS(ID_PATOLOGIA, ID_PERSONA, ID_FICHA_MEDICA) VALUES
                            (6, '00351', 351);
INSERT INTO EX.PADECIMIENTOS(ID_PATOLOGIA, ID_PERSONA, ID_FICHA_MEDICA) VALUES
                            (7, '00351', 351);
INSERT INTO EX.PADECIMIENTOS(ID_PATOLOGIA, ID_PERSONA, ID_FICHA_MEDICA) VALUES
                            (8, '00351', 351);
INSERT INTO EX.PADECIMIENTOS(ID_PATOLOGIA, ID_PERSONA, ID_FICHA_MEDICA) VALUES
                            (9, '00351', 351);
INSERT INTO EX.PADECIMIENTOS(ID_PATOLOGIA, ID_PERSONA, ID_FICHA_MEDICA) VALUES
                            (10, '00351', 351);
INSERT INTO EX.PERSONA(DOC_IDENTIDAD, NOMBRE, NOMBRE1, APELLIDO, APELLIDO1, FECHA_NAC, GENERO, FOTO) VALUES
                  ('00352', 'Matthew', 'Michelle', 'Spencer', 'Love', TO_DATE('1977-08-23','YYYY-MM-DD'), 'm', NULL);
INSERT INTO EX.HISTORICO_RESIDENCIA(FECHA_INICIO, ID_LUGAR, ID_PERSONA, FECHA_FIN) VALUES
                  (TO_DATE('1976-10-24','YYYY-MM-DD'), 33, '00352', NULL);
INSERT INTO EX.FICHA_MEDICA(ID, ID_PERSONA, ID_CENTRO_SALUD, ID_LUGAR, ESTADO, FECHA_INFECCION, FECHA_RECUPERACION) VALUES
                                             (352, '00352', 18, 33, 'desconido', NULL, NULL);
INSERT INTO EX.PADECIMIENTOS(ID_PATOLOGIA, ID_PERSONA, ID_FICHA_MEDICA) VALUES
                            (1, '00352', 352);
INSERT INTO EX.PADECIMIENTOS(ID_PATOLOGIA, ID_PERSONA, ID_FICHA_MEDICA) VALUES
                            (2, '00352', 352);
INSERT INTO EX.PERSONA(DOC_IDENTIDAD, NOMBRE, NOMBRE1, APELLIDO, APELLIDO1, FECHA_NAC, GENERO, FOTO) VALUES
                  ('00353', 'Juan', 'Shawna', 'Mccullough', 'Sullivan', TO_DATE('1970-08-19','YYYY-MM-DD'), 'f', NULL);
INSERT INTO EX.HISTORICO_RESIDENCIA(FECHA_INICIO, ID_LUGAR, ID_PERSONA, FECHA_FIN) VALUES
                  (TO_DATE('1977-09-24','YYYY-MM-DD'), 38, '00353', NULL);
INSERT INTO EX.FICHA_MEDICA(ID, ID_PERSONA, ID_CENTRO_SALUD, ID_LUGAR, ESTADO, FECHA_INFECCION, FECHA_RECUPERACION) VALUES
                                             (353, '00353', 23, 38, 'desconido', NULL, NULL);
INSERT INTO EX.PADECIMIENTOS(ID_PATOLOGIA, ID_PERSONA, ID_FICHA_MEDICA) VALUES
                            (1, '00353', 353);
INSERT INTO EX.PADECIMIENTOS(ID_PATOLOGIA, ID_PERSONA, ID_FICHA_MEDICA) VALUES
                            (2, '00353', 353);
INSERT INTO EX.PADECIMIENTOS(ID_PATOLOGIA, ID_PERSONA, ID_FICHA_MEDICA) VALUES
                            (3, '00353', 353);
INSERT INTO EX.PADECIMIENTOS(ID_PATOLOGIA, ID_PERSONA, ID_FICHA_MEDICA) VALUES
                            (4, '00353', 353);
INSERT INTO EX.PADECIMIENTOS(ID_PATOLOGIA, ID_PERSONA, ID_FICHA_MEDICA) VALUES
                            (5, '00353', 353);
INSERT INTO EX.PADECIMIENTOS(ID_PATOLOGIA, ID_PERSONA, ID_FICHA_MEDICA) VALUES
                            (6, '00353', 353);
INSERT INTO EX.PADECIMIENTOS(ID_PATOLOGIA, ID_PERSONA, ID_FICHA_MEDICA) VALUES
                            (7, '00353', 353);
INSERT INTO EX.PADECIMIENTOS(ID_PATOLOGIA, ID_PERSONA, ID_FICHA_MEDICA) VALUES
                            (8, '00353', 353);
INSERT INTO EX.PADECIMIENTOS(ID_PATOLOGIA, ID_PERSONA, ID_FICHA_MEDICA) VALUES
                            (9, '00353', 353);
INSERT INTO EX.PADECIMIENTOS(ID_PATOLOGIA, ID_PERSONA, ID_FICHA_MEDICA) VALUES
                            (10, '00353', 353);
INSERT INTO EX.PADECIMIENTOS(ID_PATOLOGIA, ID_PERSONA, ID_FICHA_MEDICA) VALUES
                            (11, '00353', 353);
INSERT INTO EX.SINTOMAS(FECHA_INICIO, ID_SINTOMA, ID_PERSONA, ID_FICHA_MEDICA) VALUES
                            (TO_DATE('2020-01-01','YYYY-MM-DD'), 1, '00353', 353);
INSERT INTO EX.SINTOMAS(FECHA_INICIO, ID_SINTOMA, ID_PERSONA, ID_FICHA_MEDICA) VALUES
                            (TO_DATE('2020-06-16','YYYY-MM-DD'), 2, '00353', 353);
INSERT INTO EX.SINTOMAS(FECHA_INICIO, ID_SINTOMA, ID_PERSONA, ID_FICHA_MEDICA) VALUES
                            (TO_DATE('2020-04-01','YYYY-MM-DD'), 3, '00353', 353);
INSERT INTO EX.SINTOMAS(FECHA_INICIO, ID_SINTOMA, ID_PERSONA, ID_FICHA_MEDICA) VALUES
                            (TO_DATE('2020-01-03','YYYY-MM-DD'), 4, '00353', 353);
INSERT INTO EX.PERSONA(DOC_IDENTIDAD, NOMBRE, NOMBRE1, APELLIDO, APELLIDO1, FECHA_NAC, GENERO, FOTO) VALUES
                  ('00354', 'Vincent', 'Douglas', 'Ball', 'Roberson', TO_DATE('2000-07-23','YYYY-MM-DD'), 'm', NULL);
INSERT INTO EX.HISTORICO_RESIDENCIA(FECHA_INICIO, ID_LUGAR, ID_PERSONA, FECHA_FIN) VALUES
                  (TO_DATE('2019-07-07','YYYY-MM-DD'), 25, '00354', NULL);
INSERT INTO EX.FICHA_MEDICA(ID, ID_PERSONA, ID_CENTRO_SALUD, ID_LUGAR, ESTADO, FECHA_INFECCION, FECHA_RECUPERACION) VALUES
                                             (354, '00354', 10, 25, 'desconido', NULL, NULL);
INSERT INTO EX.PADECIMIENTOS(ID_PATOLOGIA, ID_PERSONA, ID_FICHA_MEDICA) VALUES
                            (1, '00354', 354);
INSERT INTO EX.PADECIMIENTOS(ID_PATOLOGIA, ID_PERSONA, ID_FICHA_MEDICA) VALUES
                            (2, '00354', 354);
INSERT INTO EX.PADECIMIENTOS(ID_PATOLOGIA, ID_PERSONA, ID_FICHA_MEDICA) VALUES
                            (3, '00354', 354);
INSERT INTO EX.PERSONA(DOC_IDENTIDAD, NOMBRE, NOMBRE1, APELLIDO, APELLIDO1, FECHA_NAC, GENERO, FOTO) VALUES
                  ('00355', 'Virginia', 'Patricia', 'Harris', 'Patrick', TO_DATE('2018-08-16','YYYY-MM-DD'), 'f', NULL);
INSERT INTO EX.HISTORICO_RESIDENCIA(FECHA_INICIO, ID_LUGAR, ID_PERSONA, FECHA_FIN) VALUES
                  (TO_DATE('1986-11-29','YYYY-MM-DD'), 32, '00355', NULL);
INSERT INTO EX.FICHA_MEDICA(ID, ID_PERSONA, ID_CENTRO_SALUD, ID_LUGAR, ESTADO, FECHA_INFECCION, FECHA_RECUPERACION) VALUES
                                             (355, '00355', 17, 32, 'desconido', NULL, NULL);
INSERT INTO EX.SINTOMAS(FECHA_INICIO, ID_SINTOMA, ID_PERSONA, ID_FICHA_MEDICA) VALUES
                            (TO_DATE('2020-03-18','YYYY-MM-DD'), 1, '00355', 355);
INSERT INTO EX.SINTOMAS(FECHA_INICIO, ID_SINTOMA, ID_PERSONA, ID_FICHA_MEDICA) VALUES
                            (TO_DATE('2020-03-11','YYYY-MM-DD'), 2, '00355', 355);
INSERT INTO EX.SINTOMAS(FECHA_INICIO, ID_SINTOMA, ID_PERSONA, ID_FICHA_MEDICA) VALUES
                            (TO_DATE('2020-03-16','YYYY-MM-DD'), 3, '00355', 355);
INSERT INTO EX.SINTOMAS(FECHA_INICIO, ID_SINTOMA, ID_PERSONA, ID_FICHA_MEDICA) VALUES
                            (TO_DATE('2020-06-26','YYYY-MM-DD'), 4, '00355', 355);
INSERT INTO EX.SINTOMAS(FECHA_INICIO, ID_SINTOMA, ID_PERSONA, ID_FICHA_MEDICA) VALUES
                            (TO_DATE('2020-03-30','YYYY-MM-DD'), 5, '00355', 355);
INSERT INTO EX.SINTOMAS(FECHA_INICIO, ID_SINTOMA, ID_PERSONA, ID_FICHA_MEDICA) VALUES
                            (TO_DATE('2020-02-02','YYYY-MM-DD'), 6, '00355', 355);
INSERT INTO EX.SINTOMAS(FECHA_INICIO, ID_SINTOMA, ID_PERSONA, ID_FICHA_MEDICA) VALUES
                            (TO_DATE('2020-06-02','YYYY-MM-DD'), 7, '00355', 355);
INSERT INTO EX.SINTOMAS(FECHA_INICIO, ID_SINTOMA, ID_PERSONA, ID_FICHA_MEDICA) VALUES
                            (TO_DATE('2020-02-17','YYYY-MM-DD'), 8, '00355', 355);
INSERT INTO EX.SINTOMAS(FECHA_INICIO, ID_SINTOMA, ID_PERSONA, ID_FICHA_MEDICA) VALUES
                            (TO_DATE('2020-05-07','YYYY-MM-DD'), 9, '00355', 355);
INSERT INTO EX.SINTOMAS(FECHA_INICIO, ID_SINTOMA, ID_PERSONA, ID_FICHA_MEDICA) VALUES
                            (TO_DATE('2020-02-10','YYYY-MM-DD'), 10, '00355', 355);
INSERT INTO EX.PERSONA(DOC_IDENTIDAD, NOMBRE, NOMBRE1, APELLIDO, APELLIDO1, FECHA_NAC, GENERO, FOTO) VALUES
                  ('00356', 'Randy', 'Nicholas', 'Mills', 'Reynolds', TO_DATE('1976-03-17','YYYY-MM-DD'), 'm', NULL);
INSERT INTO EX.HISTORICO_RESIDENCIA(FECHA_INICIO, ID_LUGAR, ID_PERSONA, FECHA_FIN) VALUES
                  (TO_DATE('1976-06-29','YYYY-MM-DD'), 34, '00356', NULL);
INSERT INTO EX.FICHA_MEDICA(ID, ID_PERSONA, ID_CENTRO_SALUD, ID_LUGAR, ESTADO, FECHA_INFECCION, FECHA_RECUPERACION) VALUES
                                             (356, '00356', 19, 34, 'desconido', NULL, NULL);
INSERT INTO EX.PERSONA(DOC_IDENTIDAD, NOMBRE, NOMBRE1, APELLIDO, APELLIDO1, FECHA_NAC, GENERO, FOTO) VALUES
                  ('00357', 'Paul', 'Brenda', 'Moreno', 'Beck', TO_DATE('1975-07-02','YYYY-MM-DD'), 'f', NULL);
INSERT INTO EX.HISTORICO_RESIDENCIA(FECHA_INICIO, ID_LUGAR, ID_PERSONA, FECHA_FIN) VALUES
                  (TO_DATE('1987-07-08','YYYY-MM-DD'), 26, '00357', NULL);
INSERT INTO EX.FICHA_MEDICA(ID, ID_PERSONA, ID_CENTRO_SALUD, ID_LUGAR, ESTADO, FECHA_INFECCION, FECHA_RECUPERACION) VALUES
                                             (357, '00357', 11, 26, 'desconido', NULL, NULL);
INSERT INTO EX.PADECIMIENTOS(ID_PATOLOGIA, ID_PERSONA, ID_FICHA_MEDICA) VALUES
                            (1, '00357', 357);
INSERT INTO EX.PADECIMIENTOS(ID_PATOLOGIA, ID_PERSONA, ID_FICHA_MEDICA) VALUES
                            (2, '00357', 357);
INSERT INTO EX.PADECIMIENTOS(ID_PATOLOGIA, ID_PERSONA, ID_FICHA_MEDICA) VALUES
                            (3, '00357', 357);
INSERT INTO EX.PADECIMIENTOS(ID_PATOLOGIA, ID_PERSONA, ID_FICHA_MEDICA) VALUES
                            (4, '00357', 357);
INSERT INTO EX.PADECIMIENTOS(ID_PATOLOGIA, ID_PERSONA, ID_FICHA_MEDICA) VALUES
                            (5, '00357', 357);
INSERT INTO EX.PADECIMIENTOS(ID_PATOLOGIA, ID_PERSONA, ID_FICHA_MEDICA) VALUES
                            (6, '00357', 357);
INSERT INTO EX.PADECIMIENTOS(ID_PATOLOGIA, ID_PERSONA, ID_FICHA_MEDICA) VALUES
                            (7, '00357', 357);
INSERT INTO EX.PADECIMIENTOS(ID_PATOLOGIA, ID_PERSONA, ID_FICHA_MEDICA) VALUES
                            (8, '00357', 357);
INSERT INTO EX.SINTOMAS(FECHA_INICIO, ID_SINTOMA, ID_PERSONA, ID_FICHA_MEDICA) VALUES
                            (TO_DATE('2020-04-20','YYYY-MM-DD'), 1, '00357', 357);
INSERT INTO EX.SINTOMAS(FECHA_INICIO, ID_SINTOMA, ID_PERSONA, ID_FICHA_MEDICA) VALUES
                            (TO_DATE('2020-06-22','YYYY-MM-DD'), 2, '00357', 357);
INSERT INTO EX.SINTOMAS(FECHA_INICIO, ID_SINTOMA, ID_PERSONA, ID_FICHA_MEDICA) VALUES
                            (TO_DATE('2020-05-15','YYYY-MM-DD'), 3, '00357', 357);
INSERT INTO EX.SINTOMAS(FECHA_INICIO, ID_SINTOMA, ID_PERSONA, ID_FICHA_MEDICA) VALUES
                            (TO_DATE('2020-05-11','YYYY-MM-DD'), 4, '00357', 357);
INSERT INTO EX.SINTOMAS(FECHA_INICIO, ID_SINTOMA, ID_PERSONA, ID_FICHA_MEDICA) VALUES
                            (TO_DATE('2020-05-03','YYYY-MM-DD'), 5, '00357', 357);
INSERT INTO EX.SINTOMAS(FECHA_INICIO, ID_SINTOMA, ID_PERSONA, ID_FICHA_MEDICA) VALUES
                            (TO_DATE('2020-01-02','YYYY-MM-DD'), 6, '00357', 357);
INSERT INTO EX.SINTOMAS(FECHA_INICIO, ID_SINTOMA, ID_PERSONA, ID_FICHA_MEDICA) VALUES
                            (TO_DATE('2020-03-04','YYYY-MM-DD'), 7, '00357', 357);
INSERT INTO EX.PERSONA(DOC_IDENTIDAD, NOMBRE, NOMBRE1, APELLIDO, APELLIDO1, FECHA_NAC, GENERO, FOTO) VALUES
                  ('00358', 'Kim', 'Julia', 'Rosario', 'Campbell', TO_DATE('2005-09-09','YYYY-MM-DD'), 'm', NULL);
INSERT INTO EX.HISTORICO_RESIDENCIA(FECHA_INICIO, ID_LUGAR, ID_PERSONA, FECHA_FIN) VALUES
                  (TO_DATE('1970-02-12','YYYY-MM-DD'), 36, '00358', NULL);
INSERT INTO EX.FICHA_MEDICA(ID, ID_PERSONA, ID_CENTRO_SALUD, ID_LUGAR, ESTADO, FECHA_INFECCION, FECHA_RECUPERACION) VALUES
                                             (358, '00358', 21, 36, 'desconido', NULL, NULL);
INSERT INTO EX.PADECIMIENTOS(ID_PATOLOGIA, ID_PERSONA, ID_FICHA_MEDICA) VALUES
                            (1, '00358', 358);
INSERT INTO EX.PADECIMIENTOS(ID_PATOLOGIA, ID_PERSONA, ID_FICHA_MEDICA) VALUES
                            (2, '00358', 358);
INSERT INTO EX.PADECIMIENTOS(ID_PATOLOGIA, ID_PERSONA, ID_FICHA_MEDICA) VALUES
                            (3, '00358', 358);
INSERT INTO EX.PADECIMIENTOS(ID_PATOLOGIA, ID_PERSONA, ID_FICHA_MEDICA) VALUES
                            (4, '00358', 358);
INSERT INTO EX.PADECIMIENTOS(ID_PATOLOGIA, ID_PERSONA, ID_FICHA_MEDICA) VALUES
                            (5, '00358', 358);
INSERT INTO EX.PADECIMIENTOS(ID_PATOLOGIA, ID_PERSONA, ID_FICHA_MEDICA) VALUES
                            (6, '00358', 358);
INSERT INTO EX.PADECIMIENTOS(ID_PATOLOGIA, ID_PERSONA, ID_FICHA_MEDICA) VALUES
                            (7, '00358', 358);
INSERT INTO EX.PADECIMIENTOS(ID_PATOLOGIA, ID_PERSONA, ID_FICHA_MEDICA) VALUES
                            (8, '00358', 358);
INSERT INTO EX.PADECIMIENTOS(ID_PATOLOGIA, ID_PERSONA, ID_FICHA_MEDICA) VALUES
                            (9, '00358', 358);
INSERT INTO EX.PADECIMIENTOS(ID_PATOLOGIA, ID_PERSONA, ID_FICHA_MEDICA) VALUES
                            (10, '00358', 358);
INSERT INTO EX.PADECIMIENTOS(ID_PATOLOGIA, ID_PERSONA, ID_FICHA_MEDICA) VALUES
                            (11, '00358', 358);
INSERT INTO EX.SINTOMAS(FECHA_INICIO, ID_SINTOMA, ID_PERSONA, ID_FICHA_MEDICA) VALUES
                            (TO_DATE('2020-06-19','YYYY-MM-DD'), 1, '00358', 358);
INSERT INTO EX.SINTOMAS(FECHA_INICIO, ID_SINTOMA, ID_PERSONA, ID_FICHA_MEDICA) VALUES
                            (TO_DATE('2020-01-24','YYYY-MM-DD'), 2, '00358', 358);
INSERT INTO EX.SINTOMAS(FECHA_INICIO, ID_SINTOMA, ID_PERSONA, ID_FICHA_MEDICA) VALUES
                            (TO_DATE('2020-03-28','YYYY-MM-DD'), 3, '00358', 358);
INSERT INTO EX.SINTOMAS(FECHA_INICIO, ID_SINTOMA, ID_PERSONA, ID_FICHA_MEDICA) VALUES
                            (TO_DATE('2020-02-08','YYYY-MM-DD'), 4, '00358', 358);
INSERT INTO EX.SINTOMAS(FECHA_INICIO, ID_SINTOMA, ID_PERSONA, ID_FICHA_MEDICA) VALUES
                            (TO_DATE('2020-01-17','YYYY-MM-DD'), 5, '00358', 358);
INSERT INTO EX.SINTOMAS(FECHA_INICIO, ID_SINTOMA, ID_PERSONA, ID_FICHA_MEDICA) VALUES
                            (TO_DATE('2020-04-27','YYYY-MM-DD'), 6, '00358', 358);
INSERT INTO EX.SINTOMAS(FECHA_INICIO, ID_SINTOMA, ID_PERSONA, ID_FICHA_MEDICA) VALUES
                            (TO_DATE('2020-01-12','YYYY-MM-DD'), 7, '00358', 358);
INSERT INTO EX.SINTOMAS(FECHA_INICIO, ID_SINTOMA, ID_PERSONA, ID_FICHA_MEDICA) VALUES
                            (TO_DATE('2020-01-10','YYYY-MM-DD'), 8, '00358', 358);
INSERT INTO EX.SINTOMAS(FECHA_INICIO, ID_SINTOMA, ID_PERSONA, ID_FICHA_MEDICA) VALUES
                            (TO_DATE('2020-05-18','YYYY-MM-DD'), 9, '00358', 358);
INSERT INTO EX.PERSONA(DOC_IDENTIDAD, NOMBRE, NOMBRE1, APELLIDO, APELLIDO1, FECHA_NAC, GENERO, FOTO) VALUES
                  ('00359', 'Tiffany', 'Robert', 'Richardson', 'Gay', TO_DATE('2005-11-03','YYYY-MM-DD'), 'f', NULL);
INSERT INTO EX.HISTORICO_RESIDENCIA(FECHA_INICIO, ID_LUGAR, ID_PERSONA, FECHA_FIN) VALUES
                  (TO_DATE('2003-09-25','YYYY-MM-DD'), 26, '00359', NULL);
INSERT INTO EX.FICHA_MEDICA(ID, ID_PERSONA, ID_CENTRO_SALUD, ID_LUGAR, ESTADO, FECHA_INFECCION, FECHA_RECUPERACION) VALUES
                                             (359, '00359', 11, 26, 'desconido', NULL, NULL);
INSERT INTO EX.PADECIMIENTOS(ID_PATOLOGIA, ID_PERSONA, ID_FICHA_MEDICA) VALUES
                            (1, '00359', 359);
INSERT INTO EX.PADECIMIENTOS(ID_PATOLOGIA, ID_PERSONA, ID_FICHA_MEDICA) VALUES
                            (2, '00359', 359);
INSERT INTO EX.PADECIMIENTOS(ID_PATOLOGIA, ID_PERSONA, ID_FICHA_MEDICA) VALUES
                            (3, '00359', 359);
INSERT INTO EX.PADECIMIENTOS(ID_PATOLOGIA, ID_PERSONA, ID_FICHA_MEDICA) VALUES
                            (4, '00359', 359);
INSERT INTO EX.PERSONA(DOC_IDENTIDAD, NOMBRE, NOMBRE1, APELLIDO, APELLIDO1, FECHA_NAC, GENERO, FOTO) VALUES
                  ('00360', 'Thomas', 'Jamie', 'King', 'Austin', TO_DATE('1978-06-02','YYYY-MM-DD'), 'm', NULL);
INSERT INTO EX.HISTORICO_RESIDENCIA(FECHA_INICIO, ID_LUGAR, ID_PERSONA, FECHA_FIN) VALUES
                  (TO_DATE('1972-03-26','YYYY-MM-DD'), 45, '00360', NULL);
INSERT INTO EX.FICHA_MEDICA(ID, ID_PERSONA, ID_CENTRO_SALUD, ID_LUGAR, ESTADO, FECHA_INFECCION, FECHA_RECUPERACION) VALUES
                                             (360, '00360', 30, 45, 'desconido', NULL, NULL);
INSERT INTO EX.SINTOMAS(FECHA_INICIO, ID_SINTOMA, ID_PERSONA, ID_FICHA_MEDICA) VALUES
                            (TO_DATE('2020-04-17','YYYY-MM-DD'), 1, '00360', 360);
INSERT INTO EX.SINTOMAS(FECHA_INICIO, ID_SINTOMA, ID_PERSONA, ID_FICHA_MEDICA) VALUES
                            (TO_DATE('2020-01-02','YYYY-MM-DD'), 2, '00360', 360);
INSERT INTO EX.SINTOMAS(FECHA_INICIO, ID_SINTOMA, ID_PERSONA, ID_FICHA_MEDICA) VALUES
                            (TO_DATE('2020-03-18','YYYY-MM-DD'), 3, '00360', 360);
INSERT INTO EX.SINTOMAS(FECHA_INICIO, ID_SINTOMA, ID_PERSONA, ID_FICHA_MEDICA) VALUES
                            (TO_DATE('2020-04-08','YYYY-MM-DD'), 4, '00360', 360);
INSERT INTO EX.SINTOMAS(FECHA_INICIO, ID_SINTOMA, ID_PERSONA, ID_FICHA_MEDICA) VALUES
                            (TO_DATE('2020-02-21','YYYY-MM-DD'), 5, '00360', 360);
INSERT INTO EX.SINTOMAS(FECHA_INICIO, ID_SINTOMA, ID_PERSONA, ID_FICHA_MEDICA) VALUES
                            (TO_DATE('2020-05-13','YYYY-MM-DD'), 6, '00360', 360);
INSERT INTO EX.SINTOMAS(FECHA_INICIO, ID_SINTOMA, ID_PERSONA, ID_FICHA_MEDICA) VALUES
                            (TO_DATE('2020-06-20','YYYY-MM-DD'), 7, '00360', 360);
INSERT INTO EX.PERSONA(DOC_IDENTIDAD, NOMBRE, NOMBRE1, APELLIDO, APELLIDO1, FECHA_NAC, GENERO, FOTO) VALUES
                  ('00361', 'Matthew', 'Melissa', 'Davis', 'Santiago', TO_DATE('1971-02-03','YYYY-MM-DD'), 'f', NULL);
INSERT INTO EX.HISTORICO_RESIDENCIA(FECHA_INICIO, ID_LUGAR, ID_PERSONA, FECHA_FIN) VALUES
                  (TO_DATE('1975-12-05','YYYY-MM-DD'), 40, '00361', NULL);
INSERT INTO EX.FICHA_MEDICA(ID, ID_PERSONA, ID_CENTRO_SALUD, ID_LUGAR, ESTADO, FECHA_INFECCION, FECHA_RECUPERACION) VALUES
                                             (361, '00361', 25, 40, 'desconido', NULL, NULL);
INSERT INTO EX.SINTOMAS(FECHA_INICIO, ID_SINTOMA, ID_PERSONA, ID_FICHA_MEDICA) VALUES
                            (TO_DATE('2020-05-04','YYYY-MM-DD'), 1, '00361', 361);
INSERT INTO EX.PERSONA(DOC_IDENTIDAD, NOMBRE, NOMBRE1, APELLIDO, APELLIDO1, FECHA_NAC, GENERO, FOTO) VALUES
                  ('00362', 'Terri', 'Ethan', 'Myers', 'Jackson', TO_DATE('2014-07-08','YYYY-MM-DD'), 'm', NULL);
INSERT INTO EX.HISTORICO_RESIDENCIA(FECHA_INICIO, ID_LUGAR, ID_PERSONA, FECHA_FIN) VALUES
                  (TO_DATE('1988-02-24','YYYY-MM-DD'), 24, '00362', NULL);
INSERT INTO EX.FICHA_MEDICA(ID, ID_PERSONA, ID_CENTRO_SALUD, ID_LUGAR, ESTADO, FECHA_INFECCION, FECHA_RECUPERACION) VALUES
                                             (362, '00362', 9, 24, 'desconido', NULL, NULL);
INSERT INTO EX.SINTOMAS(FECHA_INICIO, ID_SINTOMA, ID_PERSONA, ID_FICHA_MEDICA) VALUES
                            (TO_DATE('2020-06-29','YYYY-MM-DD'), 1, '00362', 362);
INSERT INTO EX.SINTOMAS(FECHA_INICIO, ID_SINTOMA, ID_PERSONA, ID_FICHA_MEDICA) VALUES
                            (TO_DATE('2020-02-20','YYYY-MM-DD'), 2, '00362', 362);
INSERT INTO EX.SINTOMAS(FECHA_INICIO, ID_SINTOMA, ID_PERSONA, ID_FICHA_MEDICA) VALUES
                            (TO_DATE('2020-01-30','YYYY-MM-DD'), 3, '00362', 362);
INSERT INTO EX.SINTOMAS(FECHA_INICIO, ID_SINTOMA, ID_PERSONA, ID_FICHA_MEDICA) VALUES
                            (TO_DATE('2020-01-16','YYYY-MM-DD'), 4, '00362', 362);
INSERT INTO EX.SINTOMAS(FECHA_INICIO, ID_SINTOMA, ID_PERSONA, ID_FICHA_MEDICA) VALUES
                            (TO_DATE('2020-03-15','YYYY-MM-DD'), 5, '00362', 362);
INSERT INTO EX.SINTOMAS(FECHA_INICIO, ID_SINTOMA, ID_PERSONA, ID_FICHA_MEDICA) VALUES
                            (TO_DATE('2020-03-09','YYYY-MM-DD'), 6, '00362', 362);
INSERT INTO EX.SINTOMAS(FECHA_INICIO, ID_SINTOMA, ID_PERSONA, ID_FICHA_MEDICA) VALUES
                            (TO_DATE('2020-04-28','YYYY-MM-DD'), 7, '00362', 362);
INSERT INTO EX.SINTOMAS(FECHA_INICIO, ID_SINTOMA, ID_PERSONA, ID_FICHA_MEDICA) VALUES
                            (TO_DATE('2020-04-08','YYYY-MM-DD'), 8, '00362', 362);
INSERT INTO EX.SINTOMAS(FECHA_INICIO, ID_SINTOMA, ID_PERSONA, ID_FICHA_MEDICA) VALUES
                            (TO_DATE('2020-03-04','YYYY-MM-DD'), 9, '00362', 362);
INSERT INTO EX.SINTOMAS(FECHA_INICIO, ID_SINTOMA, ID_PERSONA, ID_FICHA_MEDICA) VALUES
                            (TO_DATE('2020-04-25','YYYY-MM-DD'), 10, '00362', 362);
INSERT INTO EX.SINTOMAS(FECHA_INICIO, ID_SINTOMA, ID_PERSONA, ID_FICHA_MEDICA) VALUES
                            (TO_DATE('2020-03-18','YYYY-MM-DD'), 11, '00362', 362);
INSERT INTO EX.SINTOMAS(FECHA_INICIO, ID_SINTOMA, ID_PERSONA, ID_FICHA_MEDICA) VALUES
                            (TO_DATE('2020-06-15','YYYY-MM-DD'), 12, '00362', 362);
INSERT INTO EX.SINTOMAS(FECHA_INICIO, ID_SINTOMA, ID_PERSONA, ID_FICHA_MEDICA) VALUES
                            (TO_DATE('2020-03-28','YYYY-MM-DD'), 13, '00362', 362);
INSERT INTO EX.SINTOMAS(FECHA_INICIO, ID_SINTOMA, ID_PERSONA, ID_FICHA_MEDICA) VALUES
                            (TO_DATE('2020-01-27','YYYY-MM-DD'), 14, '00362', 362);
INSERT INTO EX.SINTOMAS(FECHA_INICIO, ID_SINTOMA, ID_PERSONA, ID_FICHA_MEDICA) VALUES
                            (TO_DATE('2020-02-11','YYYY-MM-DD'), 15, '00362', 362);
INSERT INTO EX.SINTOMAS(FECHA_INICIO, ID_SINTOMA, ID_PERSONA, ID_FICHA_MEDICA) VALUES
                            (TO_DATE('2020-04-04','YYYY-MM-DD'), 16, '00362', 362);
INSERT INTO EX.SINTOMAS(FECHA_INICIO, ID_SINTOMA, ID_PERSONA, ID_FICHA_MEDICA) VALUES
                            (TO_DATE('2020-04-12','YYYY-MM-DD'), 17, '00362', 362);
INSERT INTO EX.SINTOMAS(FECHA_INICIO, ID_SINTOMA, ID_PERSONA, ID_FICHA_MEDICA) VALUES
                            (TO_DATE('2020-05-15','YYYY-MM-DD'), 18, '00362', 362);
INSERT INTO EX.SINTOMAS(FECHA_INICIO, ID_SINTOMA, ID_PERSONA, ID_FICHA_MEDICA) VALUES
                            (TO_DATE('2020-01-20','YYYY-MM-DD'), 19, '00362', 362);
INSERT INTO EX.PERSONA(DOC_IDENTIDAD, NOMBRE, NOMBRE1, APELLIDO, APELLIDO1, FECHA_NAC, GENERO, FOTO) VALUES
                  ('00363', 'Tracy', 'Stephanie', 'Robertson', 'Jordan', TO_DATE('2004-12-09','YYYY-MM-DD'), 'f', NULL);
INSERT INTO EX.HISTORICO_RESIDENCIA(FECHA_INICIO, ID_LUGAR, ID_PERSONA, FECHA_FIN) VALUES
                  (TO_DATE('2014-09-19','YYYY-MM-DD'), 35, '00363', NULL);
INSERT INTO EX.FICHA_MEDICA(ID, ID_PERSONA, ID_CENTRO_SALUD, ID_LUGAR, ESTADO, FECHA_INFECCION, FECHA_RECUPERACION) VALUES
                                             (363, '00363', 20, 35, 'desconido', NULL, NULL);
INSERT INTO EX.PERSONA(DOC_IDENTIDAD, NOMBRE, NOMBRE1, APELLIDO, APELLIDO1, FECHA_NAC, GENERO, FOTO) VALUES
                  ('00364', 'Nicholas', 'Kimberly', 'Russo', 'West', TO_DATE('1990-01-04','YYYY-MM-DD'), 'm', NULL);
INSERT INTO EX.HISTORICO_RESIDENCIA(FECHA_INICIO, ID_LUGAR, ID_PERSONA, FECHA_FIN) VALUES
                  (TO_DATE('1972-12-03','YYYY-MM-DD'), 44, '00364', NULL);
INSERT INTO EX.FICHA_MEDICA(ID, ID_PERSONA, ID_CENTRO_SALUD, ID_LUGAR, ESTADO, FECHA_INFECCION, FECHA_RECUPERACION) VALUES
                                             (364, '00364', 29, 44, 'desconido', NULL, NULL);
INSERT INTO EX.PADECIMIENTOS(ID_PATOLOGIA, ID_PERSONA, ID_FICHA_MEDICA) VALUES
                            (1, '00364', 364);
INSERT INTO EX.PADECIMIENTOS(ID_PATOLOGIA, ID_PERSONA, ID_FICHA_MEDICA) VALUES
                            (2, '00364', 364);
INSERT INTO EX.PADECIMIENTOS(ID_PATOLOGIA, ID_PERSONA, ID_FICHA_MEDICA) VALUES
                            (3, '00364', 364);
INSERT INTO EX.PADECIMIENTOS(ID_PATOLOGIA, ID_PERSONA, ID_FICHA_MEDICA) VALUES
                            (4, '00364', 364);
INSERT INTO EX.PADECIMIENTOS(ID_PATOLOGIA, ID_PERSONA, ID_FICHA_MEDICA) VALUES
                            (5, '00364', 364);
INSERT INTO EX.PADECIMIENTOS(ID_PATOLOGIA, ID_PERSONA, ID_FICHA_MEDICA) VALUES
                            (6, '00364', 364);
INSERT INTO EX.PADECIMIENTOS(ID_PATOLOGIA, ID_PERSONA, ID_FICHA_MEDICA) VALUES
                            (7, '00364', 364);
INSERT INTO EX.PADECIMIENTOS(ID_PATOLOGIA, ID_PERSONA, ID_FICHA_MEDICA) VALUES
                            (8, '00364', 364);
INSERT INTO EX.PADECIMIENTOS(ID_PATOLOGIA, ID_PERSONA, ID_FICHA_MEDICA) VALUES
                            (9, '00364', 364);
INSERT INTO EX.PADECIMIENTOS(ID_PATOLOGIA, ID_PERSONA, ID_FICHA_MEDICA) VALUES
                            (10, '00364', 364);
INSERT INTO EX.PERSONA(DOC_IDENTIDAD, NOMBRE, NOMBRE1, APELLIDO, APELLIDO1, FECHA_NAC, GENERO, FOTO) VALUES
                  ('00365', 'Kristen', 'Elizabeth', 'Chen', 'Holloway', TO_DATE('1976-03-22','YYYY-MM-DD'), 'f', NULL);
INSERT INTO EX.HISTORICO_RESIDENCIA(FECHA_INICIO, ID_LUGAR, ID_PERSONA, FECHA_FIN) VALUES
                  (TO_DATE('1970-02-01','YYYY-MM-DD'), 43, '00365', NULL);
INSERT INTO EX.FICHA_MEDICA(ID, ID_PERSONA, ID_CENTRO_SALUD, ID_LUGAR, ESTADO, FECHA_INFECCION, FECHA_RECUPERACION) VALUES
                                             (365, '00365', 28, 43, 'desconido', NULL, NULL);
INSERT INTO EX.PADECIMIENTOS(ID_PATOLOGIA, ID_PERSONA, ID_FICHA_MEDICA) VALUES
                            (1, '00365', 365);
INSERT INTO EX.PADECIMIENTOS(ID_PATOLOGIA, ID_PERSONA, ID_FICHA_MEDICA) VALUES
                            (2, '00365', 365);
INSERT INTO EX.PADECIMIENTOS(ID_PATOLOGIA, ID_PERSONA, ID_FICHA_MEDICA) VALUES
                            (3, '00365', 365);
INSERT INTO EX.PADECIMIENTOS(ID_PATOLOGIA, ID_PERSONA, ID_FICHA_MEDICA) VALUES
                            (4, '00365', 365);
INSERT INTO EX.PADECIMIENTOS(ID_PATOLOGIA, ID_PERSONA, ID_FICHA_MEDICA) VALUES
                            (5, '00365', 365);
INSERT INTO EX.PADECIMIENTOS(ID_PATOLOGIA, ID_PERSONA, ID_FICHA_MEDICA) VALUES
                            (6, '00365', 365);
INSERT INTO EX.PADECIMIENTOS(ID_PATOLOGIA, ID_PERSONA, ID_FICHA_MEDICA) VALUES
                            (7, '00365', 365);
INSERT INTO EX.PADECIMIENTOS(ID_PATOLOGIA, ID_PERSONA, ID_FICHA_MEDICA) VALUES
                            (8, '00365', 365);
INSERT INTO EX.PADECIMIENTOS(ID_PATOLOGIA, ID_PERSONA, ID_FICHA_MEDICA) VALUES
                            (9, '00365', 365);
INSERT INTO EX.SINTOMAS(FECHA_INICIO, ID_SINTOMA, ID_PERSONA, ID_FICHA_MEDICA) VALUES
                            (TO_DATE('2020-05-26','YYYY-MM-DD'), 1, '00365', 365);
INSERT INTO EX.SINTOMAS(FECHA_INICIO, ID_SINTOMA, ID_PERSONA, ID_FICHA_MEDICA) VALUES
                            (TO_DATE('2020-02-28','YYYY-MM-DD'), 2, '00365', 365);
INSERT INTO EX.SINTOMAS(FECHA_INICIO, ID_SINTOMA, ID_PERSONA, ID_FICHA_MEDICA) VALUES
                            (TO_DATE('2020-06-03','YYYY-MM-DD'), 3, '00365', 365);
INSERT INTO EX.SINTOMAS(FECHA_INICIO, ID_SINTOMA, ID_PERSONA, ID_FICHA_MEDICA) VALUES
                            (TO_DATE('2020-04-20','YYYY-MM-DD'), 4, '00365', 365);
INSERT INTO EX.SINTOMAS(FECHA_INICIO, ID_SINTOMA, ID_PERSONA, ID_FICHA_MEDICA) VALUES
                            (TO_DATE('2020-02-04','YYYY-MM-DD'), 5, '00365', 365);
INSERT INTO EX.SINTOMAS(FECHA_INICIO, ID_SINTOMA, ID_PERSONA, ID_FICHA_MEDICA) VALUES
                            (TO_DATE('2020-04-08','YYYY-MM-DD'), 6, '00365', 365);
INSERT INTO EX.SINTOMAS(FECHA_INICIO, ID_SINTOMA, ID_PERSONA, ID_FICHA_MEDICA) VALUES
                            (TO_DATE('2020-02-18','YYYY-MM-DD'), 7, '00365', 365);
INSERT INTO EX.SINTOMAS(FECHA_INICIO, ID_SINTOMA, ID_PERSONA, ID_FICHA_MEDICA) VALUES
                            (TO_DATE('2020-01-29','YYYY-MM-DD'), 8, '00365', 365);
INSERT INTO EX.SINTOMAS(FECHA_INICIO, ID_SINTOMA, ID_PERSONA, ID_FICHA_MEDICA) VALUES
                            (TO_DATE('2020-01-27','YYYY-MM-DD'), 9, '00365', 365);
INSERT INTO EX.SINTOMAS(FECHA_INICIO, ID_SINTOMA, ID_PERSONA, ID_FICHA_MEDICA) VALUES
                            (TO_DATE('2020-05-19','YYYY-MM-DD'), 10, '00365', 365);
INSERT INTO EX.SINTOMAS(FECHA_INICIO, ID_SINTOMA, ID_PERSONA, ID_FICHA_MEDICA) VALUES
                            (TO_DATE('2020-06-21','YYYY-MM-DD'), 11, '00365', 365);
INSERT INTO EX.SINTOMAS(FECHA_INICIO, ID_SINTOMA, ID_PERSONA, ID_FICHA_MEDICA) VALUES
                            (TO_DATE('2020-04-24','YYYY-MM-DD'), 12, '00365', 365);
INSERT INTO EX.SINTOMAS(FECHA_INICIO, ID_SINTOMA, ID_PERSONA, ID_FICHA_MEDICA) VALUES
                            (TO_DATE('2020-06-26','YYYY-MM-DD'), 13, '00365', 365);
INSERT INTO EX.SINTOMAS(FECHA_INICIO, ID_SINTOMA, ID_PERSONA, ID_FICHA_MEDICA) VALUES
                            (TO_DATE('2020-03-20','YYYY-MM-DD'), 14, '00365', 365);
INSERT INTO EX.SINTOMAS(FECHA_INICIO, ID_SINTOMA, ID_PERSONA, ID_FICHA_MEDICA) VALUES
                            (TO_DATE('2020-05-07','YYYY-MM-DD'), 15, '00365', 365);
INSERT INTO EX.SINTOMAS(FECHA_INICIO, ID_SINTOMA, ID_PERSONA, ID_FICHA_MEDICA) VALUES
                            (TO_DATE('2020-01-01','YYYY-MM-DD'), 16, '00365', 365);
INSERT INTO EX.SINTOMAS(FECHA_INICIO, ID_SINTOMA, ID_PERSONA, ID_FICHA_MEDICA) VALUES
                            (TO_DATE('2020-04-19','YYYY-MM-DD'), 17, '00365', 365);
INSERT INTO EX.SINTOMAS(FECHA_INICIO, ID_SINTOMA, ID_PERSONA, ID_FICHA_MEDICA) VALUES
                            (TO_DATE('2020-02-20','YYYY-MM-DD'), 18, '00365', 365);
INSERT INTO EX.SINTOMAS(FECHA_INICIO, ID_SINTOMA, ID_PERSONA, ID_FICHA_MEDICA) VALUES
                            (TO_DATE('2020-01-31','YYYY-MM-DD'), 19, '00365', 365);
INSERT INTO EX.PERSONA(DOC_IDENTIDAD, NOMBRE, NOMBRE1, APELLIDO, APELLIDO1, FECHA_NAC, GENERO, FOTO) VALUES
                  ('00366', 'Zachary', 'Robert', 'Nielsen', 'Gordon', TO_DATE('2010-09-26','YYYY-MM-DD'), 'm', NULL);
INSERT INTO EX.HISTORICO_RESIDENCIA(FECHA_INICIO, ID_LUGAR, ID_PERSONA, FECHA_FIN) VALUES
                  (TO_DATE('1981-11-25','YYYY-MM-DD'), 38, '00366', NULL);
INSERT INTO EX.FICHA_MEDICA(ID, ID_PERSONA, ID_CENTRO_SALUD, ID_LUGAR, ESTADO, FECHA_INFECCION, FECHA_RECUPERACION) VALUES
                                             (366, '00366', 23, 38, 'desconido', NULL, NULL);
INSERT INTO EX.SINTOMAS(FECHA_INICIO, ID_SINTOMA, ID_PERSONA, ID_FICHA_MEDICA) VALUES
                            (TO_DATE('2020-02-15','YYYY-MM-DD'), 1, '00366', 366);
INSERT INTO EX.SINTOMAS(FECHA_INICIO, ID_SINTOMA, ID_PERSONA, ID_FICHA_MEDICA) VALUES
                            (TO_DATE('2020-06-22','YYYY-MM-DD'), 2, '00366', 366);
INSERT INTO EX.SINTOMAS(FECHA_INICIO, ID_SINTOMA, ID_PERSONA, ID_FICHA_MEDICA) VALUES
                            (TO_DATE('2020-04-20','YYYY-MM-DD'), 3, '00366', 366);
INSERT INTO EX.SINTOMAS(FECHA_INICIO, ID_SINTOMA, ID_PERSONA, ID_FICHA_MEDICA) VALUES
                            (TO_DATE('2020-02-21','YYYY-MM-DD'), 4, '00366', 366);
INSERT INTO EX.SINTOMAS(FECHA_INICIO, ID_SINTOMA, ID_PERSONA, ID_FICHA_MEDICA) VALUES
                            (TO_DATE('2020-03-07','YYYY-MM-DD'), 5, '00366', 366);
INSERT INTO EX.SINTOMAS(FECHA_INICIO, ID_SINTOMA, ID_PERSONA, ID_FICHA_MEDICA) VALUES
                            (TO_DATE('2020-05-27','YYYY-MM-DD'), 6, '00366', 366);
INSERT INTO EX.SINTOMAS(FECHA_INICIO, ID_SINTOMA, ID_PERSONA, ID_FICHA_MEDICA) VALUES
                            (TO_DATE('2020-03-31','YYYY-MM-DD'), 7, '00366', 366);
INSERT INTO EX.SINTOMAS(FECHA_INICIO, ID_SINTOMA, ID_PERSONA, ID_FICHA_MEDICA) VALUES
                            (TO_DATE('2020-02-10','YYYY-MM-DD'), 8, '00366', 366);
INSERT INTO EX.SINTOMAS(FECHA_INICIO, ID_SINTOMA, ID_PERSONA, ID_FICHA_MEDICA) VALUES
                            (TO_DATE('2020-06-19','YYYY-MM-DD'), 9, '00366', 366);
INSERT INTO EX.SINTOMAS(FECHA_INICIO, ID_SINTOMA, ID_PERSONA, ID_FICHA_MEDICA) VALUES
                            (TO_DATE('2020-05-10','YYYY-MM-DD'), 10, '00366', 366);
INSERT INTO EX.SINTOMAS(FECHA_INICIO, ID_SINTOMA, ID_PERSONA, ID_FICHA_MEDICA) VALUES
                            (TO_DATE('2020-04-25','YYYY-MM-DD'), 11, '00366', 366);
INSERT INTO EX.PERSONA(DOC_IDENTIDAD, NOMBRE, NOMBRE1, APELLIDO, APELLIDO1, FECHA_NAC, GENERO, FOTO) VALUES
                  ('00367', 'Jessica', 'Gary', 'Cantu', 'Waller', TO_DATE('1987-03-15','YYYY-MM-DD'), 'f', NULL);
INSERT INTO EX.HISTORICO_RESIDENCIA(FECHA_INICIO, ID_LUGAR, ID_PERSONA, FECHA_FIN) VALUES
                  (TO_DATE('2007-05-23','YYYY-MM-DD'), 22, '00367', NULL);
INSERT INTO EX.FICHA_MEDICA(ID, ID_PERSONA, ID_CENTRO_SALUD, ID_LUGAR, ESTADO, FECHA_INFECCION, FECHA_RECUPERACION) VALUES
                                             (367, '00367', 7, 22, 'desconido', NULL, NULL);
INSERT INTO EX.PADECIMIENTOS(ID_PATOLOGIA, ID_PERSONA, ID_FICHA_MEDICA) VALUES
                            (1, '00367', 367);
INSERT INTO EX.PADECIMIENTOS(ID_PATOLOGIA, ID_PERSONA, ID_FICHA_MEDICA) VALUES
                            (2, '00367', 367);
INSERT INTO EX.PADECIMIENTOS(ID_PATOLOGIA, ID_PERSONA, ID_FICHA_MEDICA) VALUES
                            (3, '00367', 367);
INSERT INTO EX.PADECIMIENTOS(ID_PATOLOGIA, ID_PERSONA, ID_FICHA_MEDICA) VALUES
                            (4, '00367', 367);
INSERT INTO EX.PADECIMIENTOS(ID_PATOLOGIA, ID_PERSONA, ID_FICHA_MEDICA) VALUES
                            (5, '00367', 367);
INSERT INTO EX.PADECIMIENTOS(ID_PATOLOGIA, ID_PERSONA, ID_FICHA_MEDICA) VALUES
                            (6, '00367', 367);
INSERT INTO EX.PADECIMIENTOS(ID_PATOLOGIA, ID_PERSONA, ID_FICHA_MEDICA) VALUES
                            (7, '00367', 367);
INSERT INTO EX.PADECIMIENTOS(ID_PATOLOGIA, ID_PERSONA, ID_FICHA_MEDICA) VALUES
                            (8, '00367', 367);
INSERT INTO EX.PADECIMIENTOS(ID_PATOLOGIA, ID_PERSONA, ID_FICHA_MEDICA) VALUES
                            (9, '00367', 367);
INSERT INTO EX.PADECIMIENTOS(ID_PATOLOGIA, ID_PERSONA, ID_FICHA_MEDICA) VALUES
                            (10, '00367', 367);
INSERT INTO EX.SINTOMAS(FECHA_INICIO, ID_SINTOMA, ID_PERSONA, ID_FICHA_MEDICA) VALUES
                            (TO_DATE('2020-04-25','YYYY-MM-DD'), 1, '00367', 367);
INSERT INTO EX.SINTOMAS(FECHA_INICIO, ID_SINTOMA, ID_PERSONA, ID_FICHA_MEDICA) VALUES
                            (TO_DATE('2020-06-29','YYYY-MM-DD'), 2, '00367', 367);
INSERT INTO EX.SINTOMAS(FECHA_INICIO, ID_SINTOMA, ID_PERSONA, ID_FICHA_MEDICA) VALUES
                            (TO_DATE('2020-03-31','YYYY-MM-DD'), 3, '00367', 367);
INSERT INTO EX.SINTOMAS(FECHA_INICIO, ID_SINTOMA, ID_PERSONA, ID_FICHA_MEDICA) VALUES
                            (TO_DATE('2020-01-30','YYYY-MM-DD'), 4, '00367', 367);
INSERT INTO EX.SINTOMAS(FECHA_INICIO, ID_SINTOMA, ID_PERSONA, ID_FICHA_MEDICA) VALUES
                            (TO_DATE('2020-06-01','YYYY-MM-DD'), 5, '00367', 367);
INSERT INTO EX.SINTOMAS(FECHA_INICIO, ID_SINTOMA, ID_PERSONA, ID_FICHA_MEDICA) VALUES
                            (TO_DATE('2020-03-08','YYYY-MM-DD'), 6, '00367', 367);
INSERT INTO EX.SINTOMAS(FECHA_INICIO, ID_SINTOMA, ID_PERSONA, ID_FICHA_MEDICA) VALUES
                            (TO_DATE('2020-03-30','YYYY-MM-DD'), 7, '00367', 367);
INSERT INTO EX.SINTOMAS(FECHA_INICIO, ID_SINTOMA, ID_PERSONA, ID_FICHA_MEDICA) VALUES
                            (TO_DATE('2020-06-28','YYYY-MM-DD'), 8, '00367', 367);
INSERT INTO EX.SINTOMAS(FECHA_INICIO, ID_SINTOMA, ID_PERSONA, ID_FICHA_MEDICA) VALUES
                            (TO_DATE('2020-04-27','YYYY-MM-DD'), 9, '00367', 367);
INSERT INTO EX.SINTOMAS(FECHA_INICIO, ID_SINTOMA, ID_PERSONA, ID_FICHA_MEDICA) VALUES
                            (TO_DATE('2020-02-11','YYYY-MM-DD'), 10, '00367', 367);
INSERT INTO EX.SINTOMAS(FECHA_INICIO, ID_SINTOMA, ID_PERSONA, ID_FICHA_MEDICA) VALUES
                            (TO_DATE('2020-05-01','YYYY-MM-DD'), 11, '00367', 367);
INSERT INTO EX.SINTOMAS(FECHA_INICIO, ID_SINTOMA, ID_PERSONA, ID_FICHA_MEDICA) VALUES
                            (TO_DATE('2020-03-20','YYYY-MM-DD'), 12, '00367', 367);
INSERT INTO EX.SINTOMAS(FECHA_INICIO, ID_SINTOMA, ID_PERSONA, ID_FICHA_MEDICA) VALUES
                            (TO_DATE('2020-01-09','YYYY-MM-DD'), 13, '00367', 367);
INSERT INTO EX.SINTOMAS(FECHA_INICIO, ID_SINTOMA, ID_PERSONA, ID_FICHA_MEDICA) VALUES
                            (TO_DATE('2020-02-03','YYYY-MM-DD'), 14, '00367', 367);
INSERT INTO EX.SINTOMAS(FECHA_INICIO, ID_SINTOMA, ID_PERSONA, ID_FICHA_MEDICA) VALUES
                            (TO_DATE('2020-03-14','YYYY-MM-DD'), 15, '00367', 367);
INSERT INTO EX.PERSONA(DOC_IDENTIDAD, NOMBRE, NOMBRE1, APELLIDO, APELLIDO1, FECHA_NAC, GENERO, FOTO) VALUES
                  ('00368', 'Richard', 'Mary', 'Knight', 'Acevedo', TO_DATE('1981-02-04','YYYY-MM-DD'), 'm', NULL);
INSERT INTO EX.HISTORICO_RESIDENCIA(FECHA_INICIO, ID_LUGAR, ID_PERSONA, FECHA_FIN) VALUES
                  (TO_DATE('1985-06-14','YYYY-MM-DD'), 44, '00368', NULL);
INSERT INTO EX.FICHA_MEDICA(ID, ID_PERSONA, ID_CENTRO_SALUD, ID_LUGAR, ESTADO, FECHA_INFECCION, FECHA_RECUPERACION) VALUES
                                             (368, '00368', 29, 44, 'desconido', NULL, NULL);
INSERT INTO EX.PERSONA(DOC_IDENTIDAD, NOMBRE, NOMBRE1, APELLIDO, APELLIDO1, FECHA_NAC, GENERO, FOTO) VALUES
                  ('00369', 'Joseph', 'Tiffany', 'Quinn', 'Stein', TO_DATE('2014-01-24','YYYY-MM-DD'), 'f', NULL);
INSERT INTO EX.HISTORICO_RESIDENCIA(FECHA_INICIO, ID_LUGAR, ID_PERSONA, FECHA_FIN) VALUES
                  (TO_DATE('1989-07-01','YYYY-MM-DD'), 42, '00369', NULL);
INSERT INTO EX.FICHA_MEDICA(ID, ID_PERSONA, ID_CENTRO_SALUD, ID_LUGAR, ESTADO, FECHA_INFECCION, FECHA_RECUPERACION) VALUES
                                             (369, '00369', 27, 42, 'desconido', NULL, NULL);
INSERT INTO EX.SINTOMAS(FECHA_INICIO, ID_SINTOMA, ID_PERSONA, ID_FICHA_MEDICA) VALUES
                            (TO_DATE('2020-05-13','YYYY-MM-DD'), 1, '00369', 369);
INSERT INTO EX.SINTOMAS(FECHA_INICIO, ID_SINTOMA, ID_PERSONA, ID_FICHA_MEDICA) VALUES
                            (TO_DATE('2020-06-30','YYYY-MM-DD'), 2, '00369', 369);
INSERT INTO EX.SINTOMAS(FECHA_INICIO, ID_SINTOMA, ID_PERSONA, ID_FICHA_MEDICA) VALUES
                            (TO_DATE('2020-03-23','YYYY-MM-DD'), 3, '00369', 369);
INSERT INTO EX.SINTOMAS(FECHA_INICIO, ID_SINTOMA, ID_PERSONA, ID_FICHA_MEDICA) VALUES
                            (TO_DATE('2020-05-17','YYYY-MM-DD'), 4, '00369', 369);
INSERT INTO EX.SINTOMAS(FECHA_INICIO, ID_SINTOMA, ID_PERSONA, ID_FICHA_MEDICA) VALUES
                            (TO_DATE('2020-04-01','YYYY-MM-DD'), 5, '00369', 369);
INSERT INTO EX.SINTOMAS(FECHA_INICIO, ID_SINTOMA, ID_PERSONA, ID_FICHA_MEDICA) VALUES
                            (TO_DATE('2020-06-13','YYYY-MM-DD'), 6, '00369', 369);
INSERT INTO EX.SINTOMAS(FECHA_INICIO, ID_SINTOMA, ID_PERSONA, ID_FICHA_MEDICA) VALUES
                            (TO_DATE('2020-04-18','YYYY-MM-DD'), 7, '00369', 369);
INSERT INTO EX.SINTOMAS(FECHA_INICIO, ID_SINTOMA, ID_PERSONA, ID_FICHA_MEDICA) VALUES
                            (TO_DATE('2020-01-31','YYYY-MM-DD'), 8, '00369', 369);
INSERT INTO EX.PERSONA(DOC_IDENTIDAD, NOMBRE, NOMBRE1, APELLIDO, APELLIDO1, FECHA_NAC, GENERO, FOTO) VALUES
                  ('00370', 'Kevin', 'Timothy', 'Williams', 'Allison', TO_DATE('2014-03-01','YYYY-MM-DD'), 'm', NULL);
INSERT INTO EX.HISTORICO_RESIDENCIA(FECHA_INICIO, ID_LUGAR, ID_PERSONA, FECHA_FIN) VALUES
                  (TO_DATE('2017-01-22','YYYY-MM-DD'), 37, '00370', NULL);
INSERT INTO EX.FICHA_MEDICA(ID, ID_PERSONA, ID_CENTRO_SALUD, ID_LUGAR, ESTADO, FECHA_INFECCION, FECHA_RECUPERACION) VALUES
                                             (370, '00370', 22, 37, 'desconido', NULL, NULL);
INSERT INTO EX.PADECIMIENTOS(ID_PATOLOGIA, ID_PERSONA, ID_FICHA_MEDICA) VALUES
                            (1, '00370', 370);
INSERT INTO EX.PADECIMIENTOS(ID_PATOLOGIA, ID_PERSONA, ID_FICHA_MEDICA) VALUES
                            (2, '00370', 370);
INSERT INTO EX.PADECIMIENTOS(ID_PATOLOGIA, ID_PERSONA, ID_FICHA_MEDICA) VALUES
                            (3, '00370', 370);
INSERT INTO EX.PADECIMIENTOS(ID_PATOLOGIA, ID_PERSONA, ID_FICHA_MEDICA) VALUES
                            (4, '00370', 370);
INSERT INTO EX.PADECIMIENTOS(ID_PATOLOGIA, ID_PERSONA, ID_FICHA_MEDICA) VALUES
                            (5, '00370', 370);
INSERT INTO EX.PADECIMIENTOS(ID_PATOLOGIA, ID_PERSONA, ID_FICHA_MEDICA) VALUES
                            (6, '00370', 370);
INSERT INTO EX.PADECIMIENTOS(ID_PATOLOGIA, ID_PERSONA, ID_FICHA_MEDICA) VALUES
                            (7, '00370', 370);
INSERT INTO EX.SINTOMAS(FECHA_INICIO, ID_SINTOMA, ID_PERSONA, ID_FICHA_MEDICA) VALUES
                            (TO_DATE('2020-06-01','YYYY-MM-DD'), 1, '00370', 370);
INSERT INTO EX.SINTOMAS(FECHA_INICIO, ID_SINTOMA, ID_PERSONA, ID_FICHA_MEDICA) VALUES
                            (TO_DATE('2020-04-03','YYYY-MM-DD'), 2, '00370', 370);
INSERT INTO EX.SINTOMAS(FECHA_INICIO, ID_SINTOMA, ID_PERSONA, ID_FICHA_MEDICA) VALUES
                            (TO_DATE('2020-02-27','YYYY-MM-DD'), 3, '00370', 370);
INSERT INTO EX.SINTOMAS(FECHA_INICIO, ID_SINTOMA, ID_PERSONA, ID_FICHA_MEDICA) VALUES
                            (TO_DATE('2020-05-02','YYYY-MM-DD'), 4, '00370', 370);
INSERT INTO EX.SINTOMAS(FECHA_INICIO, ID_SINTOMA, ID_PERSONA, ID_FICHA_MEDICA) VALUES
                            (TO_DATE('2020-03-27','YYYY-MM-DD'), 5, '00370', 370);
INSERT INTO EX.SINTOMAS(FECHA_INICIO, ID_SINTOMA, ID_PERSONA, ID_FICHA_MEDICA) VALUES
                            (TO_DATE('2020-04-08','YYYY-MM-DD'), 6, '00370', 370);
INSERT INTO EX.SINTOMAS(FECHA_INICIO, ID_SINTOMA, ID_PERSONA, ID_FICHA_MEDICA) VALUES
                            (TO_DATE('2020-03-19','YYYY-MM-DD'), 7, '00370', 370);
INSERT INTO EX.SINTOMAS(FECHA_INICIO, ID_SINTOMA, ID_PERSONA, ID_FICHA_MEDICA) VALUES
                            (TO_DATE('2020-05-17','YYYY-MM-DD'), 8, '00370', 370);
INSERT INTO EX.SINTOMAS(FECHA_INICIO, ID_SINTOMA, ID_PERSONA, ID_FICHA_MEDICA) VALUES
                            (TO_DATE('2020-05-24','YYYY-MM-DD'), 9, '00370', 370);
INSERT INTO EX.SINTOMAS(FECHA_INICIO, ID_SINTOMA, ID_PERSONA, ID_FICHA_MEDICA) VALUES
                            (TO_DATE('2020-05-20','YYYY-MM-DD'), 10, '00370', 370);
INSERT INTO EX.SINTOMAS(FECHA_INICIO, ID_SINTOMA, ID_PERSONA, ID_FICHA_MEDICA) VALUES
                            (TO_DATE('2020-02-25','YYYY-MM-DD'), 11, '00370', 370);
INSERT INTO EX.SINTOMAS(FECHA_INICIO, ID_SINTOMA, ID_PERSONA, ID_FICHA_MEDICA) VALUES
                            (TO_DATE('2020-06-12','YYYY-MM-DD'), 12, '00370', 370);
INSERT INTO EX.SINTOMAS(FECHA_INICIO, ID_SINTOMA, ID_PERSONA, ID_FICHA_MEDICA) VALUES
                            (TO_DATE('2020-05-16','YYYY-MM-DD'), 13, '00370', 370);
INSERT INTO EX.SINTOMAS(FECHA_INICIO, ID_SINTOMA, ID_PERSONA, ID_FICHA_MEDICA) VALUES
                            (TO_DATE('2020-02-22','YYYY-MM-DD'), 14, '00370', 370);
INSERT INTO EX.SINTOMAS(FECHA_INICIO, ID_SINTOMA, ID_PERSONA, ID_FICHA_MEDICA) VALUES
                            (TO_DATE('2020-02-15','YYYY-MM-DD'), 15, '00370', 370);
INSERT INTO EX.SINTOMAS(FECHA_INICIO, ID_SINTOMA, ID_PERSONA, ID_FICHA_MEDICA) VALUES
                            (TO_DATE('2020-06-06','YYYY-MM-DD'), 16, '00370', 370);
INSERT INTO EX.SINTOMAS(FECHA_INICIO, ID_SINTOMA, ID_PERSONA, ID_FICHA_MEDICA) VALUES
                            (TO_DATE('2020-02-17','YYYY-MM-DD'), 17, '00370', 370);
INSERT INTO EX.PERSONA(DOC_IDENTIDAD, NOMBRE, NOMBRE1, APELLIDO, APELLIDO1, FECHA_NAC, GENERO, FOTO) VALUES
                  ('00371', 'Tina', 'David', 'Pittman', 'Mitchell', TO_DATE('1999-04-04','YYYY-MM-DD'), 'f', NULL);
INSERT INTO EX.HISTORICO_RESIDENCIA(FECHA_INICIO, ID_LUGAR, ID_PERSONA, FECHA_FIN) VALUES
                  (TO_DATE('2019-07-27','YYYY-MM-DD'), 45, '00371', NULL);
INSERT INTO EX.FICHA_MEDICA(ID, ID_PERSONA, ID_CENTRO_SALUD, ID_LUGAR, ESTADO, FECHA_INFECCION, FECHA_RECUPERACION) VALUES
                                             (371, '00371', 30, 45, 'desconido', NULL, NULL);
INSERT INTO EX.PERSONA(DOC_IDENTIDAD, NOMBRE, NOMBRE1, APELLIDO, APELLIDO1, FECHA_NAC, GENERO, FOTO) VALUES
                  ('00372', 'Renee', 'William', 'Kim', 'Gray', TO_DATE('1974-12-20','YYYY-MM-DD'), 'm', NULL);
INSERT INTO EX.HISTORICO_RESIDENCIA(FECHA_INICIO, ID_LUGAR, ID_PERSONA, FECHA_FIN) VALUES
                  (TO_DATE('1988-01-04','YYYY-MM-DD'), 35, '00372', NULL);
INSERT INTO EX.FICHA_MEDICA(ID, ID_PERSONA, ID_CENTRO_SALUD, ID_LUGAR, ESTADO, FECHA_INFECCION, FECHA_RECUPERACION) VALUES
                                             (372, '00372', 20, 35, 'desconido', NULL, NULL);
INSERT INTO EX.SINTOMAS(FECHA_INICIO, ID_SINTOMA, ID_PERSONA, ID_FICHA_MEDICA) VALUES
                            (TO_DATE('2020-04-25','YYYY-MM-DD'), 1, '00372', 372);
INSERT INTO EX.SINTOMAS(FECHA_INICIO, ID_SINTOMA, ID_PERSONA, ID_FICHA_MEDICA) VALUES
                            (TO_DATE('2020-06-18','YYYY-MM-DD'), 2, '00372', 372);
INSERT INTO EX.SINTOMAS(FECHA_INICIO, ID_SINTOMA, ID_PERSONA, ID_FICHA_MEDICA) VALUES
                            (TO_DATE('2020-05-30','YYYY-MM-DD'), 3, '00372', 372);
INSERT INTO EX.SINTOMAS(FECHA_INICIO, ID_SINTOMA, ID_PERSONA, ID_FICHA_MEDICA) VALUES
                            (TO_DATE('2020-05-21','YYYY-MM-DD'), 4, '00372', 372);
INSERT INTO EX.SINTOMAS(FECHA_INICIO, ID_SINTOMA, ID_PERSONA, ID_FICHA_MEDICA) VALUES
                            (TO_DATE('2020-02-18','YYYY-MM-DD'), 5, '00372', 372);
INSERT INTO EX.SINTOMAS(FECHA_INICIO, ID_SINTOMA, ID_PERSONA, ID_FICHA_MEDICA) VALUES
                            (TO_DATE('2020-01-05','YYYY-MM-DD'), 6, '00372', 372);
INSERT INTO EX.SINTOMAS(FECHA_INICIO, ID_SINTOMA, ID_PERSONA, ID_FICHA_MEDICA) VALUES
                            (TO_DATE('2020-06-21','YYYY-MM-DD'), 7, '00372', 372);
INSERT INTO EX.SINTOMAS(FECHA_INICIO, ID_SINTOMA, ID_PERSONA, ID_FICHA_MEDICA) VALUES
                            (TO_DATE('2020-04-24','YYYY-MM-DD'), 8, '00372', 372);
INSERT INTO EX.SINTOMAS(FECHA_INICIO, ID_SINTOMA, ID_PERSONA, ID_FICHA_MEDICA) VALUES
                            (TO_DATE('2020-04-14','YYYY-MM-DD'), 9, '00372', 372);
INSERT INTO EX.SINTOMAS(FECHA_INICIO, ID_SINTOMA, ID_PERSONA, ID_FICHA_MEDICA) VALUES
                            (TO_DATE('2020-05-11','YYYY-MM-DD'), 10, '00372', 372);
INSERT INTO EX.SINTOMAS(FECHA_INICIO, ID_SINTOMA, ID_PERSONA, ID_FICHA_MEDICA) VALUES
                            (TO_DATE('2020-04-03','YYYY-MM-DD'), 11, '00372', 372);
INSERT INTO EX.SINTOMAS(FECHA_INICIO, ID_SINTOMA, ID_PERSONA, ID_FICHA_MEDICA) VALUES
                            (TO_DATE('2020-02-01','YYYY-MM-DD'), 12, '00372', 372);
INSERT INTO EX.SINTOMAS(FECHA_INICIO, ID_SINTOMA, ID_PERSONA, ID_FICHA_MEDICA) VALUES
                            (TO_DATE('2020-03-15','YYYY-MM-DD'), 13, '00372', 372);
INSERT INTO EX.SINTOMAS(FECHA_INICIO, ID_SINTOMA, ID_PERSONA, ID_FICHA_MEDICA) VALUES
                            (TO_DATE('2020-06-27','YYYY-MM-DD'), 14, '00372', 372);
INSERT INTO EX.SINTOMAS(FECHA_INICIO, ID_SINTOMA, ID_PERSONA, ID_FICHA_MEDICA) VALUES
                            (TO_DATE('2020-02-18','YYYY-MM-DD'), 15, '00372', 372);
INSERT INTO EX.SINTOMAS(FECHA_INICIO, ID_SINTOMA, ID_PERSONA, ID_FICHA_MEDICA) VALUES
                            (TO_DATE('2020-02-22','YYYY-MM-DD'), 16, '00372', 372);
INSERT INTO EX.PERSONA(DOC_IDENTIDAD, NOMBRE, NOMBRE1, APELLIDO, APELLIDO1, FECHA_NAC, GENERO, FOTO) VALUES
                  ('00373', 'Gail', 'Aaron', 'Marks', 'Cruz', TO_DATE('1971-11-26','YYYY-MM-DD'), 'f', NULL);
INSERT INTO EX.HISTORICO_RESIDENCIA(FECHA_INICIO, ID_LUGAR, ID_PERSONA, FECHA_FIN) VALUES
                  (TO_DATE('1996-12-29','YYYY-MM-DD'), 34, '00373', NULL);
INSERT INTO EX.FICHA_MEDICA(ID, ID_PERSONA, ID_CENTRO_SALUD, ID_LUGAR, ESTADO, FECHA_INFECCION, FECHA_RECUPERACION) VALUES
                                             (373, '00373', 19, 34, 'desconido', NULL, NULL);
INSERT INTO EX.PADECIMIENTOS(ID_PATOLOGIA, ID_PERSONA, ID_FICHA_MEDICA) VALUES
                            (1, '00373', 373);
INSERT INTO EX.PADECIMIENTOS(ID_PATOLOGIA, ID_PERSONA, ID_FICHA_MEDICA) VALUES
                            (2, '00373', 373);
INSERT INTO EX.PADECIMIENTOS(ID_PATOLOGIA, ID_PERSONA, ID_FICHA_MEDICA) VALUES
                            (3, '00373', 373);
INSERT INTO EX.PADECIMIENTOS(ID_PATOLOGIA, ID_PERSONA, ID_FICHA_MEDICA) VALUES
                            (4, '00373', 373);
INSERT INTO EX.PADECIMIENTOS(ID_PATOLOGIA, ID_PERSONA, ID_FICHA_MEDICA) VALUES
                            (5, '00373', 373);
INSERT INTO EX.PADECIMIENTOS(ID_PATOLOGIA, ID_PERSONA, ID_FICHA_MEDICA) VALUES
                            (6, '00373', 373);
INSERT INTO EX.PADECIMIENTOS(ID_PATOLOGIA, ID_PERSONA, ID_FICHA_MEDICA) VALUES
                            (7, '00373', 373);
INSERT INTO EX.PADECIMIENTOS(ID_PATOLOGIA, ID_PERSONA, ID_FICHA_MEDICA) VALUES
                            (8, '00373', 373);
INSERT INTO EX.PADECIMIENTOS(ID_PATOLOGIA, ID_PERSONA, ID_FICHA_MEDICA) VALUES
                            (9, '00373', 373);
INSERT INTO EX.PADECIMIENTOS(ID_PATOLOGIA, ID_PERSONA, ID_FICHA_MEDICA) VALUES
                            (10, '00373', 373);
INSERT INTO EX.PADECIMIENTOS(ID_PATOLOGIA, ID_PERSONA, ID_FICHA_MEDICA) VALUES
                            (11, '00373', 373);
INSERT INTO EX.PADECIMIENTOS(ID_PATOLOGIA, ID_PERSONA, ID_FICHA_MEDICA) VALUES
                            (12, '00373', 373);
INSERT INTO EX.PADECIMIENTOS(ID_PATOLOGIA, ID_PERSONA, ID_FICHA_MEDICA) VALUES
                            (13, '00373', 373);
INSERT INTO EX.SINTOMAS(FECHA_INICIO, ID_SINTOMA, ID_PERSONA, ID_FICHA_MEDICA) VALUES
                            (TO_DATE('2020-01-15','YYYY-MM-DD'), 1, '00373', 373);
INSERT INTO EX.SINTOMAS(FECHA_INICIO, ID_SINTOMA, ID_PERSONA, ID_FICHA_MEDICA) VALUES
                            (TO_DATE('2020-04-24','YYYY-MM-DD'), 2, '00373', 373);
INSERT INTO EX.SINTOMAS(FECHA_INICIO, ID_SINTOMA, ID_PERSONA, ID_FICHA_MEDICA) VALUES
                            (TO_DATE('2020-06-06','YYYY-MM-DD'), 3, '00373', 373);
INSERT INTO EX.PERSONA(DOC_IDENTIDAD, NOMBRE, NOMBRE1, APELLIDO, APELLIDO1, FECHA_NAC, GENERO, FOTO) VALUES
                  ('00374', 'Elizabeth', 'Danielle', 'Mercer', 'Marsh', TO_DATE('1991-07-13','YYYY-MM-DD'), 'm', NULL);
INSERT INTO EX.HISTORICO_RESIDENCIA(FECHA_INICIO, ID_LUGAR, ID_PERSONA, FECHA_FIN) VALUES
                  (TO_DATE('1997-10-05','YYYY-MM-DD'), 26, '00374', NULL);
INSERT INTO EX.FICHA_MEDICA(ID, ID_PERSONA, ID_CENTRO_SALUD, ID_LUGAR, ESTADO, FECHA_INFECCION, FECHA_RECUPERACION) VALUES
                                             (374, '00374', 11, 26, 'desconido', NULL, NULL);
INSERT INTO EX.PADECIMIENTOS(ID_PATOLOGIA, ID_PERSONA, ID_FICHA_MEDICA) VALUES
                            (1, '00374', 374);
INSERT INTO EX.PADECIMIENTOS(ID_PATOLOGIA, ID_PERSONA, ID_FICHA_MEDICA) VALUES
                            (2, '00374', 374);
INSERT INTO EX.PADECIMIENTOS(ID_PATOLOGIA, ID_PERSONA, ID_FICHA_MEDICA) VALUES
                            (3, '00374', 374);
INSERT INTO EX.PADECIMIENTOS(ID_PATOLOGIA, ID_PERSONA, ID_FICHA_MEDICA) VALUES
                            (4, '00374', 374);
INSERT INTO EX.PADECIMIENTOS(ID_PATOLOGIA, ID_PERSONA, ID_FICHA_MEDICA) VALUES
                            (5, '00374', 374);
INSERT INTO EX.PADECIMIENTOS(ID_PATOLOGIA, ID_PERSONA, ID_FICHA_MEDICA) VALUES
                            (6, '00374', 374);
INSERT INTO EX.PADECIMIENTOS(ID_PATOLOGIA, ID_PERSONA, ID_FICHA_MEDICA) VALUES
                            (7, '00374', 374);
INSERT INTO EX.PADECIMIENTOS(ID_PATOLOGIA, ID_PERSONA, ID_FICHA_MEDICA) VALUES
                            (8, '00374', 374);
INSERT INTO EX.PADECIMIENTOS(ID_PATOLOGIA, ID_PERSONA, ID_FICHA_MEDICA) VALUES
                            (9, '00374', 374);
INSERT INTO EX.PADECIMIENTOS(ID_PATOLOGIA, ID_PERSONA, ID_FICHA_MEDICA) VALUES
                            (10, '00374', 374);
INSERT INTO EX.PADECIMIENTOS(ID_PATOLOGIA, ID_PERSONA, ID_FICHA_MEDICA) VALUES
                            (11, '00374', 374);
INSERT INTO EX.PADECIMIENTOS(ID_PATOLOGIA, ID_PERSONA, ID_FICHA_MEDICA) VALUES
                            (12, '00374', 374);
INSERT INTO EX.PADECIMIENTOS(ID_PATOLOGIA, ID_PERSONA, ID_FICHA_MEDICA) VALUES
                            (13, '00374', 374);
INSERT INTO EX.PADECIMIENTOS(ID_PATOLOGIA, ID_PERSONA, ID_FICHA_MEDICA) VALUES
                            (14, '00374', 374);
INSERT INTO EX.PADECIMIENTOS(ID_PATOLOGIA, ID_PERSONA, ID_FICHA_MEDICA) VALUES
                            (15, '00374', 374);
INSERT INTO EX.PERSONA(DOC_IDENTIDAD, NOMBRE, NOMBRE1, APELLIDO, APELLIDO1, FECHA_NAC, GENERO, FOTO) VALUES
                  ('00375', 'Jeremy', 'Tiffany', 'Silva', 'Pearson', TO_DATE('1994-11-10','YYYY-MM-DD'), 'f', NULL);
INSERT INTO EX.HISTORICO_RESIDENCIA(FECHA_INICIO, ID_LUGAR, ID_PERSONA, FECHA_FIN) VALUES
                  (TO_DATE('2000-08-23','YYYY-MM-DD'), 19, '00375', NULL);
INSERT INTO EX.FICHA_MEDICA(ID, ID_PERSONA, ID_CENTRO_SALUD, ID_LUGAR, ESTADO, FECHA_INFECCION, FECHA_RECUPERACION) VALUES
                                             (375, '00375', 4, 19, 'desconido', NULL, NULL);
INSERT INTO EX.PADECIMIENTOS(ID_PATOLOGIA, ID_PERSONA, ID_FICHA_MEDICA) VALUES
                            (1, '00375', 375);
INSERT INTO EX.PADECIMIENTOS(ID_PATOLOGIA, ID_PERSONA, ID_FICHA_MEDICA) VALUES
                            (2, '00375', 375);
INSERT INTO EX.SINTOMAS(FECHA_INICIO, ID_SINTOMA, ID_PERSONA, ID_FICHA_MEDICA) VALUES
                            (TO_DATE('2020-02-04','YYYY-MM-DD'), 1, '00375', 375);
INSERT INTO EX.SINTOMAS(FECHA_INICIO, ID_SINTOMA, ID_PERSONA, ID_FICHA_MEDICA) VALUES
                            (TO_DATE('2020-03-28','YYYY-MM-DD'), 2, '00375', 375);
INSERT INTO EX.SINTOMAS(FECHA_INICIO, ID_SINTOMA, ID_PERSONA, ID_FICHA_MEDICA) VALUES
                            (TO_DATE('2020-01-11','YYYY-MM-DD'), 3, '00375', 375);
INSERT INTO EX.SINTOMAS(FECHA_INICIO, ID_SINTOMA, ID_PERSONA, ID_FICHA_MEDICA) VALUES
                            (TO_DATE('2020-06-23','YYYY-MM-DD'), 4, '00375', 375);
INSERT INTO EX.SINTOMAS(FECHA_INICIO, ID_SINTOMA, ID_PERSONA, ID_FICHA_MEDICA) VALUES
                            (TO_DATE('2020-02-13','YYYY-MM-DD'), 5, '00375', 375);
INSERT INTO EX.SINTOMAS(FECHA_INICIO, ID_SINTOMA, ID_PERSONA, ID_FICHA_MEDICA) VALUES
                            (TO_DATE('2020-01-21','YYYY-MM-DD'), 6, '00375', 375);
INSERT INTO EX.SINTOMAS(FECHA_INICIO, ID_SINTOMA, ID_PERSONA, ID_FICHA_MEDICA) VALUES
                            (TO_DATE('2020-06-10','YYYY-MM-DD'), 7, '00375', 375);
INSERT INTO EX.SINTOMAS(FECHA_INICIO, ID_SINTOMA, ID_PERSONA, ID_FICHA_MEDICA) VALUES
                            (TO_DATE('2020-06-22','YYYY-MM-DD'), 8, '00375', 375);
INSERT INTO EX.SINTOMAS(FECHA_INICIO, ID_SINTOMA, ID_PERSONA, ID_FICHA_MEDICA) VALUES
                            (TO_DATE('2020-02-03','YYYY-MM-DD'), 9, '00375', 375);
INSERT INTO EX.SINTOMAS(FECHA_INICIO, ID_SINTOMA, ID_PERSONA, ID_FICHA_MEDICA) VALUES
                            (TO_DATE('2020-01-29','YYYY-MM-DD'), 10, '00375', 375);
INSERT INTO EX.SINTOMAS(FECHA_INICIO, ID_SINTOMA, ID_PERSONA, ID_FICHA_MEDICA) VALUES
                            (TO_DATE('2020-06-11','YYYY-MM-DD'), 11, '00375', 375);
INSERT INTO EX.SINTOMAS(FECHA_INICIO, ID_SINTOMA, ID_PERSONA, ID_FICHA_MEDICA) VALUES
                            (TO_DATE('2020-06-21','YYYY-MM-DD'), 12, '00375', 375);
INSERT INTO EX.SINTOMAS(FECHA_INICIO, ID_SINTOMA, ID_PERSONA, ID_FICHA_MEDICA) VALUES
                            (TO_DATE('2020-04-30','YYYY-MM-DD'), 13, '00375', 375);
INSERT INTO EX.SINTOMAS(FECHA_INICIO, ID_SINTOMA, ID_PERSONA, ID_FICHA_MEDICA) VALUES
                            (TO_DATE('2020-06-12','YYYY-MM-DD'), 14, '00375', 375);
INSERT INTO EX.SINTOMAS(FECHA_INICIO, ID_SINTOMA, ID_PERSONA, ID_FICHA_MEDICA) VALUES
                            (TO_DATE('2020-04-10','YYYY-MM-DD'), 15, '00375', 375);
INSERT INTO EX.SINTOMAS(FECHA_INICIO, ID_SINTOMA, ID_PERSONA, ID_FICHA_MEDICA) VALUES
                            (TO_DATE('2020-05-06','YYYY-MM-DD'), 16, '00375', 375);
INSERT INTO EX.SINTOMAS(FECHA_INICIO, ID_SINTOMA, ID_PERSONA, ID_FICHA_MEDICA) VALUES
                            (TO_DATE('2020-04-07','YYYY-MM-DD'), 17, '00375', 375);
INSERT INTO EX.SINTOMAS(FECHA_INICIO, ID_SINTOMA, ID_PERSONA, ID_FICHA_MEDICA) VALUES
                            (TO_DATE('2020-05-04','YYYY-MM-DD'), 18, '00375', 375);
INSERT INTO EX.SINTOMAS(FECHA_INICIO, ID_SINTOMA, ID_PERSONA, ID_FICHA_MEDICA) VALUES
                            (TO_DATE('2020-01-31','YYYY-MM-DD'), 19, '00375', 375);
INSERT INTO EX.PERSONA(DOC_IDENTIDAD, NOMBRE, NOMBRE1, APELLIDO, APELLIDO1, FECHA_NAC, GENERO, FOTO) VALUES
                  ('00376', 'Alejandra', 'Meghan', 'Estes', 'Stokes', TO_DATE('2017-05-21','YYYY-MM-DD'), 'm', NULL);
INSERT INTO EX.HISTORICO_RESIDENCIA(FECHA_INICIO, ID_LUGAR, ID_PERSONA, FECHA_FIN) VALUES
                  (TO_DATE('2006-04-29','YYYY-MM-DD'), 40, '00376', NULL);
INSERT INTO EX.FICHA_MEDICA(ID, ID_PERSONA, ID_CENTRO_SALUD, ID_LUGAR, ESTADO, FECHA_INFECCION, FECHA_RECUPERACION) VALUES
                                             (376, '00376', 25, 40, 'desconido', NULL, NULL);
INSERT INTO EX.PADECIMIENTOS(ID_PATOLOGIA, ID_PERSONA, ID_FICHA_MEDICA) VALUES
                            (1, '00376', 376);
INSERT INTO EX.PADECIMIENTOS(ID_PATOLOGIA, ID_PERSONA, ID_FICHA_MEDICA) VALUES
                            (2, '00376', 376);
INSERT INTO EX.PADECIMIENTOS(ID_PATOLOGIA, ID_PERSONA, ID_FICHA_MEDICA) VALUES
                            (3, '00376', 376);
INSERT INTO EX.PADECIMIENTOS(ID_PATOLOGIA, ID_PERSONA, ID_FICHA_MEDICA) VALUES
                            (4, '00376', 376);
INSERT INTO EX.PADECIMIENTOS(ID_PATOLOGIA, ID_PERSONA, ID_FICHA_MEDICA) VALUES
                            (5, '00376', 376);
INSERT INTO EX.PADECIMIENTOS(ID_PATOLOGIA, ID_PERSONA, ID_FICHA_MEDICA) VALUES
                            (6, '00376', 376);
INSERT INTO EX.PADECIMIENTOS(ID_PATOLOGIA, ID_PERSONA, ID_FICHA_MEDICA) VALUES
                            (7, '00376', 376);
INSERT INTO EX.PADECIMIENTOS(ID_PATOLOGIA, ID_PERSONA, ID_FICHA_MEDICA) VALUES
                            (8, '00376', 376);
INSERT INTO EX.PADECIMIENTOS(ID_PATOLOGIA, ID_PERSONA, ID_FICHA_MEDICA) VALUES
                            (9, '00376', 376);
INSERT INTO EX.PERSONA(DOC_IDENTIDAD, NOMBRE, NOMBRE1, APELLIDO, APELLIDO1, FECHA_NAC, GENERO, FOTO) VALUES
                  ('00377', 'Eric', 'Thomas', 'Salazar', 'Mcintosh', TO_DATE('1992-08-13','YYYY-MM-DD'), 'f', NULL);
INSERT INTO EX.HISTORICO_RESIDENCIA(FECHA_INICIO, ID_LUGAR, ID_PERSONA, FECHA_FIN) VALUES
                  (TO_DATE('1997-11-11','YYYY-MM-DD'), 34, '00377', NULL);
INSERT INTO EX.FICHA_MEDICA(ID, ID_PERSONA, ID_CENTRO_SALUD, ID_LUGAR, ESTADO, FECHA_INFECCION, FECHA_RECUPERACION) VALUES
                                             (377, '00377', 19, 34, 'desconido', NULL, NULL);
INSERT INTO EX.PADECIMIENTOS(ID_PATOLOGIA, ID_PERSONA, ID_FICHA_MEDICA) VALUES
                            (1, '00377', 377);
INSERT INTO EX.PADECIMIENTOS(ID_PATOLOGIA, ID_PERSONA, ID_FICHA_MEDICA) VALUES
                            (2, '00377', 377);
INSERT INTO EX.PADECIMIENTOS(ID_PATOLOGIA, ID_PERSONA, ID_FICHA_MEDICA) VALUES
                            (3, '00377', 377);
INSERT INTO EX.PADECIMIENTOS(ID_PATOLOGIA, ID_PERSONA, ID_FICHA_MEDICA) VALUES
                            (4, '00377', 377);
INSERT INTO EX.PADECIMIENTOS(ID_PATOLOGIA, ID_PERSONA, ID_FICHA_MEDICA) VALUES
                            (5, '00377', 377);
INSERT INTO EX.PADECIMIENTOS(ID_PATOLOGIA, ID_PERSONA, ID_FICHA_MEDICA) VALUES
                            (6, '00377', 377);
INSERT INTO EX.PADECIMIENTOS(ID_PATOLOGIA, ID_PERSONA, ID_FICHA_MEDICA) VALUES
                            (7, '00377', 377);
INSERT INTO EX.PADECIMIENTOS(ID_PATOLOGIA, ID_PERSONA, ID_FICHA_MEDICA) VALUES
                            (8, '00377', 377);
INSERT INTO EX.PERSONA(DOC_IDENTIDAD, NOMBRE, NOMBRE1, APELLIDO, APELLIDO1, FECHA_NAC, GENERO, FOTO) VALUES
                  ('00378', 'Juan', 'Arthur', 'Green', 'Miranda', TO_DATE('1991-08-01','YYYY-MM-DD'), 'm', NULL);
INSERT INTO EX.HISTORICO_RESIDENCIA(FECHA_INICIO, ID_LUGAR, ID_PERSONA, FECHA_FIN) VALUES
                  (TO_DATE('2008-12-15','YYYY-MM-DD'), 35, '00378', NULL);
INSERT INTO EX.FICHA_MEDICA(ID, ID_PERSONA, ID_CENTRO_SALUD, ID_LUGAR, ESTADO, FECHA_INFECCION, FECHA_RECUPERACION) VALUES
                                             (378, '00378', 20, 35, 'desconido', NULL, NULL);
INSERT INTO EX.SINTOMAS(FECHA_INICIO, ID_SINTOMA, ID_PERSONA, ID_FICHA_MEDICA) VALUES
                            (TO_DATE('2020-06-16','YYYY-MM-DD'), 1, '00378', 378);
INSERT INTO EX.PERSONA(DOC_IDENTIDAD, NOMBRE, NOMBRE1, APELLIDO, APELLIDO1, FECHA_NAC, GENERO, FOTO) VALUES
                  ('00379', 'Kimberly', 'Sara', 'Rose', 'Maldonado', TO_DATE('2008-01-19','YYYY-MM-DD'), 'f', NULL);
INSERT INTO EX.HISTORICO_RESIDENCIA(FECHA_INICIO, ID_LUGAR, ID_PERSONA, FECHA_FIN) VALUES
                  (TO_DATE('1970-11-03','YYYY-MM-DD'), 27, '00379', NULL);
INSERT INTO EX.FICHA_MEDICA(ID, ID_PERSONA, ID_CENTRO_SALUD, ID_LUGAR, ESTADO, FECHA_INFECCION, FECHA_RECUPERACION) VALUES
                                             (379, '00379', 12, 27, 'desconido', NULL, NULL);
INSERT INTO EX.PADECIMIENTOS(ID_PATOLOGIA, ID_PERSONA, ID_FICHA_MEDICA) VALUES
                            (1, '00379', 379);
INSERT INTO EX.PADECIMIENTOS(ID_PATOLOGIA, ID_PERSONA, ID_FICHA_MEDICA) VALUES
                            (2, '00379', 379);
INSERT INTO EX.PADECIMIENTOS(ID_PATOLOGIA, ID_PERSONA, ID_FICHA_MEDICA) VALUES
                            (3, '00379', 379);
INSERT INTO EX.PADECIMIENTOS(ID_PATOLOGIA, ID_PERSONA, ID_FICHA_MEDICA) VALUES
                            (4, '00379', 379);
INSERT INTO EX.PADECIMIENTOS(ID_PATOLOGIA, ID_PERSONA, ID_FICHA_MEDICA) VALUES
                            (5, '00379', 379);
INSERT INTO EX.PADECIMIENTOS(ID_PATOLOGIA, ID_PERSONA, ID_FICHA_MEDICA) VALUES
                            (6, '00379', 379);
INSERT INTO EX.SINTOMAS(FECHA_INICIO, ID_SINTOMA, ID_PERSONA, ID_FICHA_MEDICA) VALUES
                            (TO_DATE('2020-04-24','YYYY-MM-DD'), 1, '00379', 379);
INSERT INTO EX.SINTOMAS(FECHA_INICIO, ID_SINTOMA, ID_PERSONA, ID_FICHA_MEDICA) VALUES
                            (TO_DATE('2020-03-06','YYYY-MM-DD'), 2, '00379', 379);
INSERT INTO EX.SINTOMAS(FECHA_INICIO, ID_SINTOMA, ID_PERSONA, ID_FICHA_MEDICA) VALUES
                            (TO_DATE('2020-06-18','YYYY-MM-DD'), 3, '00379', 379);
INSERT INTO EX.SINTOMAS(FECHA_INICIO, ID_SINTOMA, ID_PERSONA, ID_FICHA_MEDICA) VALUES
                            (TO_DATE('2020-05-14','YYYY-MM-DD'), 4, '00379', 379);
INSERT INTO EX.SINTOMAS(FECHA_INICIO, ID_SINTOMA, ID_PERSONA, ID_FICHA_MEDICA) VALUES
                            (TO_DATE('2020-04-19','YYYY-MM-DD'), 5, '00379', 379);
INSERT INTO EX.SINTOMAS(FECHA_INICIO, ID_SINTOMA, ID_PERSONA, ID_FICHA_MEDICA) VALUES
                            (TO_DATE('2020-04-28','YYYY-MM-DD'), 6, '00379', 379);
INSERT INTO EX.SINTOMAS(FECHA_INICIO, ID_SINTOMA, ID_PERSONA, ID_FICHA_MEDICA) VALUES
                            (TO_DATE('2020-03-10','YYYY-MM-DD'), 7, '00379', 379);
INSERT INTO EX.SINTOMAS(FECHA_INICIO, ID_SINTOMA, ID_PERSONA, ID_FICHA_MEDICA) VALUES
                            (TO_DATE('2020-03-31','YYYY-MM-DD'), 8, '00379', 379);
INSERT INTO EX.PERSONA(DOC_IDENTIDAD, NOMBRE, NOMBRE1, APELLIDO, APELLIDO1, FECHA_NAC, GENERO, FOTO) VALUES
                  ('00380', 'Susan', 'Lynn', 'Williams', 'Eaton', TO_DATE('2011-05-06','YYYY-MM-DD'), 'm', NULL);
INSERT INTO EX.HISTORICO_RESIDENCIA(FECHA_INICIO, ID_LUGAR, ID_PERSONA, FECHA_FIN) VALUES
                  (TO_DATE('2010-11-14','YYYY-MM-DD'), 25, '00380', NULL);
INSERT INTO EX.FICHA_MEDICA(ID, ID_PERSONA, ID_CENTRO_SALUD, ID_LUGAR, ESTADO, FECHA_INFECCION, FECHA_RECUPERACION) VALUES
                                             (380, '00380', 10, 25, 'desconido', NULL, NULL);
INSERT INTO EX.PADECIMIENTOS(ID_PATOLOGIA, ID_PERSONA, ID_FICHA_MEDICA) VALUES
                            (1, '00380', 380);
INSERT INTO EX.PADECIMIENTOS(ID_PATOLOGIA, ID_PERSONA, ID_FICHA_MEDICA) VALUES
                            (2, '00380', 380);
INSERT INTO EX.PADECIMIENTOS(ID_PATOLOGIA, ID_PERSONA, ID_FICHA_MEDICA) VALUES
                            (3, '00380', 380);
INSERT INTO EX.PADECIMIENTOS(ID_PATOLOGIA, ID_PERSONA, ID_FICHA_MEDICA) VALUES
                            (4, '00380', 380);
INSERT INTO EX.PADECIMIENTOS(ID_PATOLOGIA, ID_PERSONA, ID_FICHA_MEDICA) VALUES
                            (5, '00380', 380);
INSERT INTO EX.PERSONA(DOC_IDENTIDAD, NOMBRE, NOMBRE1, APELLIDO, APELLIDO1, FECHA_NAC, GENERO, FOTO) VALUES
                  ('00381', 'Megan', 'Andrew', 'Riddle', 'Chavez', TO_DATE('1990-10-22','YYYY-MM-DD'), 'f', NULL);
INSERT INTO EX.HISTORICO_RESIDENCIA(FECHA_INICIO, ID_LUGAR, ID_PERSONA, FECHA_FIN) VALUES
                  (TO_DATE('1992-07-01','YYYY-MM-DD'), 32, '00381', NULL);
INSERT INTO EX.FICHA_MEDICA(ID, ID_PERSONA, ID_CENTRO_SALUD, ID_LUGAR, ESTADO, FECHA_INFECCION, FECHA_RECUPERACION) VALUES
                                             (381, '00381', 17, 32, 'desconido', NULL, NULL);
INSERT INTO EX.PERSONA(DOC_IDENTIDAD, NOMBRE, NOMBRE1, APELLIDO, APELLIDO1, FECHA_NAC, GENERO, FOTO) VALUES
                  ('00382', 'Donna', 'William', 'Barr', 'Jimenez', TO_DATE('2013-08-14','YYYY-MM-DD'), 'm', NULL);
INSERT INTO EX.HISTORICO_RESIDENCIA(FECHA_INICIO, ID_LUGAR, ID_PERSONA, FECHA_FIN) VALUES
                  (TO_DATE('1983-07-01','YYYY-MM-DD'), 34, '00382', NULL);
INSERT INTO EX.FICHA_MEDICA(ID, ID_PERSONA, ID_CENTRO_SALUD, ID_LUGAR, ESTADO, FECHA_INFECCION, FECHA_RECUPERACION) VALUES
                                             (382, '00382', 19, 34, 'desconido', NULL, NULL);
INSERT INTO EX.PADECIMIENTOS(ID_PATOLOGIA, ID_PERSONA, ID_FICHA_MEDICA) VALUES
                            (1, '00382', 382);
INSERT INTO EX.PADECIMIENTOS(ID_PATOLOGIA, ID_PERSONA, ID_FICHA_MEDICA) VALUES
                            (2, '00382', 382);
INSERT INTO EX.PADECIMIENTOS(ID_PATOLOGIA, ID_PERSONA, ID_FICHA_MEDICA) VALUES
                            (3, '00382', 382);
INSERT INTO EX.PERSONA(DOC_IDENTIDAD, NOMBRE, NOMBRE1, APELLIDO, APELLIDO1, FECHA_NAC, GENERO, FOTO) VALUES
                  ('00383', 'David', 'Stephanie', 'Carr', 'Myers', TO_DATE('2012-07-26','YYYY-MM-DD'), 'f', NULL);
INSERT INTO EX.HISTORICO_RESIDENCIA(FECHA_INICIO, ID_LUGAR, ID_PERSONA, FECHA_FIN) VALUES
                  (TO_DATE('2013-05-30','YYYY-MM-DD'), 26, '00383', NULL);
INSERT INTO EX.FICHA_MEDICA(ID, ID_PERSONA, ID_CENTRO_SALUD, ID_LUGAR, ESTADO, FECHA_INFECCION, FECHA_RECUPERACION) VALUES
                                             (383, '00383', 11, 26, 'desconido', NULL, NULL);
INSERT INTO EX.PADECIMIENTOS(ID_PATOLOGIA, ID_PERSONA, ID_FICHA_MEDICA) VALUES
                            (1, '00383', 383);
INSERT INTO EX.PADECIMIENTOS(ID_PATOLOGIA, ID_PERSONA, ID_FICHA_MEDICA) VALUES
                            (2, '00383', 383);
INSERT INTO EX.PADECIMIENTOS(ID_PATOLOGIA, ID_PERSONA, ID_FICHA_MEDICA) VALUES
                            (3, '00383', 383);
INSERT INTO EX.PADECIMIENTOS(ID_PATOLOGIA, ID_PERSONA, ID_FICHA_MEDICA) VALUES
                            (4, '00383', 383);
INSERT INTO EX.PADECIMIENTOS(ID_PATOLOGIA, ID_PERSONA, ID_FICHA_MEDICA) VALUES
                            (5, '00383', 383);
INSERT INTO EX.PADECIMIENTOS(ID_PATOLOGIA, ID_PERSONA, ID_FICHA_MEDICA) VALUES
                            (6, '00383', 383);
INSERT INTO EX.PADECIMIENTOS(ID_PATOLOGIA, ID_PERSONA, ID_FICHA_MEDICA) VALUES
                            (7, '00383', 383);
INSERT INTO EX.PADECIMIENTOS(ID_PATOLOGIA, ID_PERSONA, ID_FICHA_MEDICA) VALUES
                            (8, '00383', 383);
INSERT INTO EX.PADECIMIENTOS(ID_PATOLOGIA, ID_PERSONA, ID_FICHA_MEDICA) VALUES
                            (9, '00383', 383);
INSERT INTO EX.SINTOMAS(FECHA_INICIO, ID_SINTOMA, ID_PERSONA, ID_FICHA_MEDICA) VALUES
                            (TO_DATE('2020-03-26','YYYY-MM-DD'), 1, '00383', 383);
INSERT INTO EX.SINTOMAS(FECHA_INICIO, ID_SINTOMA, ID_PERSONA, ID_FICHA_MEDICA) VALUES
                            (TO_DATE('2020-05-23','YYYY-MM-DD'), 2, '00383', 383);
INSERT INTO EX.SINTOMAS(FECHA_INICIO, ID_SINTOMA, ID_PERSONA, ID_FICHA_MEDICA) VALUES
                            (TO_DATE('2020-01-26','YYYY-MM-DD'), 3, '00383', 383);
INSERT INTO EX.SINTOMAS(FECHA_INICIO, ID_SINTOMA, ID_PERSONA, ID_FICHA_MEDICA) VALUES
                            (TO_DATE('2020-03-13','YYYY-MM-DD'), 4, '00383', 383);
INSERT INTO EX.SINTOMAS(FECHA_INICIO, ID_SINTOMA, ID_PERSONA, ID_FICHA_MEDICA) VALUES
                            (TO_DATE('2020-03-28','YYYY-MM-DD'), 5, '00383', 383);
INSERT INTO EX.SINTOMAS(FECHA_INICIO, ID_SINTOMA, ID_PERSONA, ID_FICHA_MEDICA) VALUES
                            (TO_DATE('2020-04-09','YYYY-MM-DD'), 6, '00383', 383);
INSERT INTO EX.PERSONA(DOC_IDENTIDAD, NOMBRE, NOMBRE1, APELLIDO, APELLIDO1, FECHA_NAC, GENERO, FOTO) VALUES
                  ('00384', 'Kayla', 'Anna', 'Dawson', 'Morgan', TO_DATE('1977-08-07','YYYY-MM-DD'), 'm', NULL);
INSERT INTO EX.HISTORICO_RESIDENCIA(FECHA_INICIO, ID_LUGAR, ID_PERSONA, FECHA_FIN) VALUES
                  (TO_DATE('1996-05-06','YYYY-MM-DD'), 31, '00384', NULL);
INSERT INTO EX.FICHA_MEDICA(ID, ID_PERSONA, ID_CENTRO_SALUD, ID_LUGAR, ESTADO, FECHA_INFECCION, FECHA_RECUPERACION) VALUES
                                             (384, '00384', 16, 31, 'desconido', NULL, NULL);
INSERT INTO EX.PADECIMIENTOS(ID_PATOLOGIA, ID_PERSONA, ID_FICHA_MEDICA) VALUES
                            (1, '00384', 384);
INSERT INTO EX.PADECIMIENTOS(ID_PATOLOGIA, ID_PERSONA, ID_FICHA_MEDICA) VALUES
                            (2, '00384', 384);
INSERT INTO EX.PADECIMIENTOS(ID_PATOLOGIA, ID_PERSONA, ID_FICHA_MEDICA) VALUES
                            (3, '00384', 384);
INSERT INTO EX.PADECIMIENTOS(ID_PATOLOGIA, ID_PERSONA, ID_FICHA_MEDICA) VALUES
                            (4, '00384', 384);
INSERT INTO EX.PADECIMIENTOS(ID_PATOLOGIA, ID_PERSONA, ID_FICHA_MEDICA) VALUES
                            (5, '00384', 384);
INSERT INTO EX.PADECIMIENTOS(ID_PATOLOGIA, ID_PERSONA, ID_FICHA_MEDICA) VALUES
                            (6, '00384', 384);
INSERT INTO EX.PADECIMIENTOS(ID_PATOLOGIA, ID_PERSONA, ID_FICHA_MEDICA) VALUES
                            (7, '00384', 384);
INSERT INTO EX.PADECIMIENTOS(ID_PATOLOGIA, ID_PERSONA, ID_FICHA_MEDICA) VALUES
                            (8, '00384', 384);
INSERT INTO EX.PADECIMIENTOS(ID_PATOLOGIA, ID_PERSONA, ID_FICHA_MEDICA) VALUES
                            (9, '00384', 384);
INSERT INTO EX.PADECIMIENTOS(ID_PATOLOGIA, ID_PERSONA, ID_FICHA_MEDICA) VALUES
                            (10, '00384', 384);
INSERT INTO EX.PADECIMIENTOS(ID_PATOLOGIA, ID_PERSONA, ID_FICHA_MEDICA) VALUES
                            (11, '00384', 384);
INSERT INTO EX.PERSONA(DOC_IDENTIDAD, NOMBRE, NOMBRE1, APELLIDO, APELLIDO1, FECHA_NAC, GENERO, FOTO) VALUES
                  ('00385', 'Samantha', 'Brittany', 'Brown', 'Vance', TO_DATE('2012-07-19','YYYY-MM-DD'), 'f', NULL);
INSERT INTO EX.HISTORICO_RESIDENCIA(FECHA_INICIO, ID_LUGAR, ID_PERSONA, FECHA_FIN) VALUES
                  (TO_DATE('1990-06-10','YYYY-MM-DD'), 44, '00385', NULL);
INSERT INTO EX.FICHA_MEDICA(ID, ID_PERSONA, ID_CENTRO_SALUD, ID_LUGAR, ESTADO, FECHA_INFECCION, FECHA_RECUPERACION) VALUES
                                             (385, '00385', 29, 44, 'desconido', NULL, NULL);
INSERT INTO EX.PERSONA(DOC_IDENTIDAD, NOMBRE, NOMBRE1, APELLIDO, APELLIDO1, FECHA_NAC, GENERO, FOTO) VALUES
                  ('00386', 'Katherine', 'Mary', 'Burgess', 'Estes', TO_DATE('2020-06-12','YYYY-MM-DD'), 'm', NULL);
INSERT INTO EX.HISTORICO_RESIDENCIA(FECHA_INICIO, ID_LUGAR, ID_PERSONA, FECHA_FIN) VALUES
                  (TO_DATE('2005-05-31','YYYY-MM-DD'), 38, '00386', NULL);
INSERT INTO EX.FICHA_MEDICA(ID, ID_PERSONA, ID_CENTRO_SALUD, ID_LUGAR, ESTADO, FECHA_INFECCION, FECHA_RECUPERACION) VALUES
                                             (386, '00386', 23, 38, 'desconido', NULL, NULL);
INSERT INTO EX.PADECIMIENTOS(ID_PATOLOGIA, ID_PERSONA, ID_FICHA_MEDICA) VALUES
                            (1, '00386', 386);
INSERT INTO EX.PADECIMIENTOS(ID_PATOLOGIA, ID_PERSONA, ID_FICHA_MEDICA) VALUES
                            (2, '00386', 386);
INSERT INTO EX.PADECIMIENTOS(ID_PATOLOGIA, ID_PERSONA, ID_FICHA_MEDICA) VALUES
                            (3, '00386', 386);
INSERT INTO EX.PADECIMIENTOS(ID_PATOLOGIA, ID_PERSONA, ID_FICHA_MEDICA) VALUES
                            (4, '00386', 386);
INSERT INTO EX.PADECIMIENTOS(ID_PATOLOGIA, ID_PERSONA, ID_FICHA_MEDICA) VALUES
                            (5, '00386', 386);
INSERT INTO EX.PERSONA(DOC_IDENTIDAD, NOMBRE, NOMBRE1, APELLIDO, APELLIDO1, FECHA_NAC, GENERO, FOTO) VALUES
                  ('00387', 'Justin', 'Eric', 'Mcgee', 'Lopez', TO_DATE('2005-10-19','YYYY-MM-DD'), 'f', NULL);
INSERT INTO EX.HISTORICO_RESIDENCIA(FECHA_INICIO, ID_LUGAR, ID_PERSONA, FECHA_FIN) VALUES
                  (TO_DATE('2006-03-19','YYYY-MM-DD'), 29, '00387', NULL);
INSERT INTO EX.FICHA_MEDICA(ID, ID_PERSONA, ID_CENTRO_SALUD, ID_LUGAR, ESTADO, FECHA_INFECCION, FECHA_RECUPERACION) VALUES
                                             (387, '00387', 14, 29, 'desconido', NULL, NULL);
INSERT INTO EX.PERSONA(DOC_IDENTIDAD, NOMBRE, NOMBRE1, APELLIDO, APELLIDO1, FECHA_NAC, GENERO, FOTO) VALUES
                  ('00388', 'Melissa', 'Natalie', 'Edwards', 'Fernandez', TO_DATE('2018-10-17','YYYY-MM-DD'), 'm', NULL);
INSERT INTO EX.HISTORICO_RESIDENCIA(FECHA_INICIO, ID_LUGAR, ID_PERSONA, FECHA_FIN) VALUES
                  (TO_DATE('2020-02-13','YYYY-MM-DD'), 42, '00388', NULL);
INSERT INTO EX.FICHA_MEDICA(ID, ID_PERSONA, ID_CENTRO_SALUD, ID_LUGAR, ESTADO, FECHA_INFECCION, FECHA_RECUPERACION) VALUES
                                             (388, '00388', 27, 42, 'desconido', NULL, NULL);
INSERT INTO EX.PERSONA(DOC_IDENTIDAD, NOMBRE, NOMBRE1, APELLIDO, APELLIDO1, FECHA_NAC, GENERO, FOTO) VALUES
                  ('00389', 'Richard', 'Hunter', 'Chan', 'Washington', TO_DATE('2013-05-26','YYYY-MM-DD'), 'f', NULL);
INSERT INTO EX.HISTORICO_RESIDENCIA(FECHA_INICIO, ID_LUGAR, ID_PERSONA, FECHA_FIN) VALUES
                  (TO_DATE('1970-08-11','YYYY-MM-DD'), 40, '00389', NULL);
INSERT INTO EX.FICHA_MEDICA(ID, ID_PERSONA, ID_CENTRO_SALUD, ID_LUGAR, ESTADO, FECHA_INFECCION, FECHA_RECUPERACION) VALUES
                                             (389, '00389', 25, 40, 'desconido', NULL, NULL);
INSERT INTO EX.SINTOMAS(FECHA_INICIO, ID_SINTOMA, ID_PERSONA, ID_FICHA_MEDICA) VALUES
                            (TO_DATE('2020-02-17','YYYY-MM-DD'), 1, '00389', 389);
INSERT INTO EX.SINTOMAS(FECHA_INICIO, ID_SINTOMA, ID_PERSONA, ID_FICHA_MEDICA) VALUES
                            (TO_DATE('2020-01-12','YYYY-MM-DD'), 2, '00389', 389);
INSERT INTO EX.SINTOMAS(FECHA_INICIO, ID_SINTOMA, ID_PERSONA, ID_FICHA_MEDICA) VALUES
                            (TO_DATE('2020-04-30','YYYY-MM-DD'), 3, '00389', 389);
INSERT INTO EX.SINTOMAS(FECHA_INICIO, ID_SINTOMA, ID_PERSONA, ID_FICHA_MEDICA) VALUES
                            (TO_DATE('2020-03-23','YYYY-MM-DD'), 4, '00389', 389);
INSERT INTO EX.SINTOMAS(FECHA_INICIO, ID_SINTOMA, ID_PERSONA, ID_FICHA_MEDICA) VALUES
                            (TO_DATE('2020-01-16','YYYY-MM-DD'), 5, '00389', 389);
INSERT INTO EX.SINTOMAS(FECHA_INICIO, ID_SINTOMA, ID_PERSONA, ID_FICHA_MEDICA) VALUES
                            (TO_DATE('2020-02-11','YYYY-MM-DD'), 6, '00389', 389);
INSERT INTO EX.SINTOMAS(FECHA_INICIO, ID_SINTOMA, ID_PERSONA, ID_FICHA_MEDICA) VALUES
                            (TO_DATE('2020-03-13','YYYY-MM-DD'), 7, '00389', 389);
INSERT INTO EX.SINTOMAS(FECHA_INICIO, ID_SINTOMA, ID_PERSONA, ID_FICHA_MEDICA) VALUES
                            (TO_DATE('2020-02-26','YYYY-MM-DD'), 8, '00389', 389);
INSERT INTO EX.SINTOMAS(FECHA_INICIO, ID_SINTOMA, ID_PERSONA, ID_FICHA_MEDICA) VALUES
                            (TO_DATE('2020-05-28','YYYY-MM-DD'), 9, '00389', 389);
INSERT INTO EX.SINTOMAS(FECHA_INICIO, ID_SINTOMA, ID_PERSONA, ID_FICHA_MEDICA) VALUES
                            (TO_DATE('2020-04-11','YYYY-MM-DD'), 10, '00389', 389);
INSERT INTO EX.SINTOMAS(FECHA_INICIO, ID_SINTOMA, ID_PERSONA, ID_FICHA_MEDICA) VALUES
                            (TO_DATE('2020-04-28','YYYY-MM-DD'), 11, '00389', 389);
INSERT INTO EX.SINTOMAS(FECHA_INICIO, ID_SINTOMA, ID_PERSONA, ID_FICHA_MEDICA) VALUES
                            (TO_DATE('2020-01-11','YYYY-MM-DD'), 12, '00389', 389);
INSERT INTO EX.SINTOMAS(FECHA_INICIO, ID_SINTOMA, ID_PERSONA, ID_FICHA_MEDICA) VALUES
                            (TO_DATE('2020-01-30','YYYY-MM-DD'), 13, '00389', 389);
INSERT INTO EX.SINTOMAS(FECHA_INICIO, ID_SINTOMA, ID_PERSONA, ID_FICHA_MEDICA) VALUES
                            (TO_DATE('2020-01-18','YYYY-MM-DD'), 14, '00389', 389);
INSERT INTO EX.SINTOMAS(FECHA_INICIO, ID_SINTOMA, ID_PERSONA, ID_FICHA_MEDICA) VALUES
                            (TO_DATE('2020-05-25','YYYY-MM-DD'), 15, '00389', 389);
INSERT INTO EX.SINTOMAS(FECHA_INICIO, ID_SINTOMA, ID_PERSONA, ID_FICHA_MEDICA) VALUES
                            (TO_DATE('2020-03-04','YYYY-MM-DD'), 16, '00389', 389);
INSERT INTO EX.SINTOMAS(FECHA_INICIO, ID_SINTOMA, ID_PERSONA, ID_FICHA_MEDICA) VALUES
                            (TO_DATE('2020-04-12','YYYY-MM-DD'), 17, '00389', 389);
INSERT INTO EX.PERSONA(DOC_IDENTIDAD, NOMBRE, NOMBRE1, APELLIDO, APELLIDO1, FECHA_NAC, GENERO, FOTO) VALUES
                  ('00390', 'Emily', 'John', 'Davis', 'Long', TO_DATE('2016-07-27','YYYY-MM-DD'), 'm', NULL);
INSERT INTO EX.HISTORICO_RESIDENCIA(FECHA_INICIO, ID_LUGAR, ID_PERSONA, FECHA_FIN) VALUES
                  (TO_DATE('1980-11-01','YYYY-MM-DD'), 22, '00390', NULL);
INSERT INTO EX.FICHA_MEDICA(ID, ID_PERSONA, ID_CENTRO_SALUD, ID_LUGAR, ESTADO, FECHA_INFECCION, FECHA_RECUPERACION) VALUES
                                             (390, '00390', 7, 22, 'desconido', NULL, NULL);
INSERT INTO EX.PADECIMIENTOS(ID_PATOLOGIA, ID_PERSONA, ID_FICHA_MEDICA) VALUES
                            (1, '00390', 390);
INSERT INTO EX.PADECIMIENTOS(ID_PATOLOGIA, ID_PERSONA, ID_FICHA_MEDICA) VALUES
                            (2, '00390', 390);
INSERT INTO EX.PADECIMIENTOS(ID_PATOLOGIA, ID_PERSONA, ID_FICHA_MEDICA) VALUES
                            (3, '00390', 390);
INSERT INTO EX.PADECIMIENTOS(ID_PATOLOGIA, ID_PERSONA, ID_FICHA_MEDICA) VALUES
                            (4, '00390', 390);
INSERT INTO EX.PADECIMIENTOS(ID_PATOLOGIA, ID_PERSONA, ID_FICHA_MEDICA) VALUES
                            (5, '00390', 390);
INSERT INTO EX.PADECIMIENTOS(ID_PATOLOGIA, ID_PERSONA, ID_FICHA_MEDICA) VALUES
                            (6, '00390', 390);
INSERT INTO EX.PADECIMIENTOS(ID_PATOLOGIA, ID_PERSONA, ID_FICHA_MEDICA) VALUES
                            (7, '00390', 390);
INSERT INTO EX.PADECIMIENTOS(ID_PATOLOGIA, ID_PERSONA, ID_FICHA_MEDICA) VALUES
                            (8, '00390', 390);
INSERT INTO EX.PADECIMIENTOS(ID_PATOLOGIA, ID_PERSONA, ID_FICHA_MEDICA) VALUES
                            (9, '00390', 390);
INSERT INTO EX.PERSONA(DOC_IDENTIDAD, NOMBRE, NOMBRE1, APELLIDO, APELLIDO1, FECHA_NAC, GENERO, FOTO) VALUES
                  ('00391', 'Matthew', 'Herbert', 'Stevens', 'Wood', TO_DATE('1987-09-19','YYYY-MM-DD'), 'f', NULL);
INSERT INTO EX.HISTORICO_RESIDENCIA(FECHA_INICIO, ID_LUGAR, ID_PERSONA, FECHA_FIN) VALUES
                  (TO_DATE('2002-09-06','YYYY-MM-DD'), 39, '00391', NULL);
INSERT INTO EX.FICHA_MEDICA(ID, ID_PERSONA, ID_CENTRO_SALUD, ID_LUGAR, ESTADO, FECHA_INFECCION, FECHA_RECUPERACION) VALUES
                                             (391, '00391', 24, 39, 'desconido', NULL, NULL);
INSERT INTO EX.PADECIMIENTOS(ID_PATOLOGIA, ID_PERSONA, ID_FICHA_MEDICA) VALUES
                            (1, '00391', 391);
INSERT INTO EX.PADECIMIENTOS(ID_PATOLOGIA, ID_PERSONA, ID_FICHA_MEDICA) VALUES
                            (2, '00391', 391);
INSERT INTO EX.PADECIMIENTOS(ID_PATOLOGIA, ID_PERSONA, ID_FICHA_MEDICA) VALUES
                            (3, '00391', 391);
INSERT INTO EX.PADECIMIENTOS(ID_PATOLOGIA, ID_PERSONA, ID_FICHA_MEDICA) VALUES
                            (4, '00391', 391);
INSERT INTO EX.PADECIMIENTOS(ID_PATOLOGIA, ID_PERSONA, ID_FICHA_MEDICA) VALUES
                            (5, '00391', 391);
INSERT INTO EX.PADECIMIENTOS(ID_PATOLOGIA, ID_PERSONA, ID_FICHA_MEDICA) VALUES
                            (6, '00391', 391);
INSERT INTO EX.PADECIMIENTOS(ID_PATOLOGIA, ID_PERSONA, ID_FICHA_MEDICA) VALUES
                            (7, '00391', 391);
INSERT INTO EX.PADECIMIENTOS(ID_PATOLOGIA, ID_PERSONA, ID_FICHA_MEDICA) VALUES
                            (8, '00391', 391);
INSERT INTO EX.PADECIMIENTOS(ID_PATOLOGIA, ID_PERSONA, ID_FICHA_MEDICA) VALUES
                            (9, '00391', 391);
INSERT INTO EX.PADECIMIENTOS(ID_PATOLOGIA, ID_PERSONA, ID_FICHA_MEDICA) VALUES
                            (10, '00391', 391);
INSERT INTO EX.PADECIMIENTOS(ID_PATOLOGIA, ID_PERSONA, ID_FICHA_MEDICA) VALUES
                            (11, '00391', 391);
INSERT INTO EX.PADECIMIENTOS(ID_PATOLOGIA, ID_PERSONA, ID_FICHA_MEDICA) VALUES
                            (12, '00391', 391);
INSERT INTO EX.PADECIMIENTOS(ID_PATOLOGIA, ID_PERSONA, ID_FICHA_MEDICA) VALUES
                            (13, '00391', 391);
INSERT INTO EX.PERSONA(DOC_IDENTIDAD, NOMBRE, NOMBRE1, APELLIDO, APELLIDO1, FECHA_NAC, GENERO, FOTO) VALUES
                  ('00392', 'Christopher', 'Dana', 'Young', 'Barnes', TO_DATE('1984-05-19','YYYY-MM-DD'), 'm', NULL);
INSERT INTO EX.HISTORICO_RESIDENCIA(FECHA_INICIO, ID_LUGAR, ID_PERSONA, FECHA_FIN) VALUES
                  (TO_DATE('1977-04-20','YYYY-MM-DD'), 32, '00392', NULL);
INSERT INTO EX.FICHA_MEDICA(ID, ID_PERSONA, ID_CENTRO_SALUD, ID_LUGAR, ESTADO, FECHA_INFECCION, FECHA_RECUPERACION) VALUES
                                             (392, '00392', 17, 32, 'desconido', NULL, NULL);
INSERT INTO EX.PADECIMIENTOS(ID_PATOLOGIA, ID_PERSONA, ID_FICHA_MEDICA) VALUES
                            (1, '00392', 392);
INSERT INTO EX.PERSONA(DOC_IDENTIDAD, NOMBRE, NOMBRE1, APELLIDO, APELLIDO1, FECHA_NAC, GENERO, FOTO) VALUES
                  ('00393', 'Monica', 'James', 'Yu', 'Thomas', TO_DATE('1977-08-29','YYYY-MM-DD'), 'f', NULL);
INSERT INTO EX.HISTORICO_RESIDENCIA(FECHA_INICIO, ID_LUGAR, ID_PERSONA, FECHA_FIN) VALUES
                  (TO_DATE('2018-03-03','YYYY-MM-DD'), 42, '00393', NULL);
INSERT INTO EX.FICHA_MEDICA(ID, ID_PERSONA, ID_CENTRO_SALUD, ID_LUGAR, ESTADO, FECHA_INFECCION, FECHA_RECUPERACION) VALUES
                                             (393, '00393', 27, 42, 'desconido', NULL, NULL);
INSERT INTO EX.SINTOMAS(FECHA_INICIO, ID_SINTOMA, ID_PERSONA, ID_FICHA_MEDICA) VALUES
                            (TO_DATE('2020-01-02','YYYY-MM-DD'), 1, '00393', 393);
INSERT INTO EX.PERSONA(DOC_IDENTIDAD, NOMBRE, NOMBRE1, APELLIDO, APELLIDO1, FECHA_NAC, GENERO, FOTO) VALUES
                  ('00394', 'Susan', 'Leah', 'Schwartz', 'Merritt', TO_DATE('2019-01-02','YYYY-MM-DD'), 'm', NULL);
INSERT INTO EX.HISTORICO_RESIDENCIA(FECHA_INICIO, ID_LUGAR, ID_PERSONA, FECHA_FIN) VALUES
                  (TO_DATE('1992-11-26','YYYY-MM-DD'), 22, '00394', NULL);
INSERT INTO EX.FICHA_MEDICA(ID, ID_PERSONA, ID_CENTRO_SALUD, ID_LUGAR, ESTADO, FECHA_INFECCION, FECHA_RECUPERACION) VALUES
                                             (394, '00394', 7, 22, 'desconido', NULL, NULL);
INSERT INTO EX.PADECIMIENTOS(ID_PATOLOGIA, ID_PERSONA, ID_FICHA_MEDICA) VALUES
                            (1, '00394', 394);
INSERT INTO EX.PADECIMIENTOS(ID_PATOLOGIA, ID_PERSONA, ID_FICHA_MEDICA) VALUES
                            (2, '00394', 394);
INSERT INTO EX.PADECIMIENTOS(ID_PATOLOGIA, ID_PERSONA, ID_FICHA_MEDICA) VALUES
                            (3, '00394', 394);
INSERT INTO EX.PADECIMIENTOS(ID_PATOLOGIA, ID_PERSONA, ID_FICHA_MEDICA) VALUES
                            (4, '00394', 394);
INSERT INTO EX.PADECIMIENTOS(ID_PATOLOGIA, ID_PERSONA, ID_FICHA_MEDICA) VALUES
                            (5, '00394', 394);
INSERT INTO EX.PADECIMIENTOS(ID_PATOLOGIA, ID_PERSONA, ID_FICHA_MEDICA) VALUES
                            (6, '00394', 394);
INSERT INTO EX.PADECIMIENTOS(ID_PATOLOGIA, ID_PERSONA, ID_FICHA_MEDICA) VALUES
                            (7, '00394', 394);
INSERT INTO EX.PADECIMIENTOS(ID_PATOLOGIA, ID_PERSONA, ID_FICHA_MEDICA) VALUES
                            (8, '00394', 394);
INSERT INTO EX.PADECIMIENTOS(ID_PATOLOGIA, ID_PERSONA, ID_FICHA_MEDICA) VALUES
                            (9, '00394', 394);
INSERT INTO EX.PERSONA(DOC_IDENTIDAD, NOMBRE, NOMBRE1, APELLIDO, APELLIDO1, FECHA_NAC, GENERO, FOTO) VALUES
                  ('00395', 'Jeremy', 'Paul', 'Kelly', 'Simon', TO_DATE('1992-03-16','YYYY-MM-DD'), 'f', NULL);
INSERT INTO EX.HISTORICO_RESIDENCIA(FECHA_INICIO, ID_LUGAR, ID_PERSONA, FECHA_FIN) VALUES
                  (TO_DATE('2017-12-31','YYYY-MM-DD'), 32, '00395', NULL);
INSERT INTO EX.FICHA_MEDICA(ID, ID_PERSONA, ID_CENTRO_SALUD, ID_LUGAR, ESTADO, FECHA_INFECCION, FECHA_RECUPERACION) VALUES
                                             (395, '00395', 17, 32, 'desconido', NULL, NULL);
INSERT INTO EX.PERSONA(DOC_IDENTIDAD, NOMBRE, NOMBRE1, APELLIDO, APELLIDO1, FECHA_NAC, GENERO, FOTO) VALUES
                  ('00396', 'Renee', 'James', 'Hunt', 'Haney', TO_DATE('1977-11-11','YYYY-MM-DD'), 'm', NULL);
INSERT INTO EX.HISTORICO_RESIDENCIA(FECHA_INICIO, ID_LUGAR, ID_PERSONA, FECHA_FIN) VALUES
                  (TO_DATE('1976-09-29','YYYY-MM-DD'), 42, '00396', NULL);
INSERT INTO EX.FICHA_MEDICA(ID, ID_PERSONA, ID_CENTRO_SALUD, ID_LUGAR, ESTADO, FECHA_INFECCION, FECHA_RECUPERACION) VALUES
                                             (396, '00396', 27, 42, 'desconido', NULL, NULL);
INSERT INTO EX.PERSONA(DOC_IDENTIDAD, NOMBRE, NOMBRE1, APELLIDO, APELLIDO1, FECHA_NAC, GENERO, FOTO) VALUES
                  ('00397', 'Eric', 'Austin', 'Mccarthy', 'Alexander', TO_DATE('2004-03-03','YYYY-MM-DD'), 'f', NULL);
INSERT INTO EX.HISTORICO_RESIDENCIA(FECHA_INICIO, ID_LUGAR, ID_PERSONA, FECHA_FIN) VALUES
                  (TO_DATE('1982-12-18','YYYY-MM-DD'), 27, '00397', NULL);
INSERT INTO EX.FICHA_MEDICA(ID, ID_PERSONA, ID_CENTRO_SALUD, ID_LUGAR, ESTADO, FECHA_INFECCION, FECHA_RECUPERACION) VALUES
                                             (397, '00397', 12, 27, 'desconido', NULL, NULL);
INSERT INTO EX.PADECIMIENTOS(ID_PATOLOGIA, ID_PERSONA, ID_FICHA_MEDICA) VALUES
                            (1, '00397', 397);
INSERT INTO EX.PADECIMIENTOS(ID_PATOLOGIA, ID_PERSONA, ID_FICHA_MEDICA) VALUES
                            (2, '00397', 397);
INSERT INTO EX.PADECIMIENTOS(ID_PATOLOGIA, ID_PERSONA, ID_FICHA_MEDICA) VALUES
                            (3, '00397', 397);
INSERT INTO EX.PADECIMIENTOS(ID_PATOLOGIA, ID_PERSONA, ID_FICHA_MEDICA) VALUES
                            (4, '00397', 397);
INSERT INTO EX.PADECIMIENTOS(ID_PATOLOGIA, ID_PERSONA, ID_FICHA_MEDICA) VALUES
                            (5, '00397', 397);
INSERT INTO EX.PADECIMIENTOS(ID_PATOLOGIA, ID_PERSONA, ID_FICHA_MEDICA) VALUES
                            (6, '00397', 397);
INSERT INTO EX.PADECIMIENTOS(ID_PATOLOGIA, ID_PERSONA, ID_FICHA_MEDICA) VALUES
                            (7, '00397', 397);
INSERT INTO EX.PADECIMIENTOS(ID_PATOLOGIA, ID_PERSONA, ID_FICHA_MEDICA) VALUES
                            (8, '00397', 397);
INSERT INTO EX.PADECIMIENTOS(ID_PATOLOGIA, ID_PERSONA, ID_FICHA_MEDICA) VALUES
                            (9, '00397', 397);
INSERT INTO EX.PADECIMIENTOS(ID_PATOLOGIA, ID_PERSONA, ID_FICHA_MEDICA) VALUES
                            (10, '00397', 397);
INSERT INTO EX.PADECIMIENTOS(ID_PATOLOGIA, ID_PERSONA, ID_FICHA_MEDICA) VALUES
                            (11, '00397', 397);
INSERT INTO EX.PADECIMIENTOS(ID_PATOLOGIA, ID_PERSONA, ID_FICHA_MEDICA) VALUES
                            (12, '00397', 397);
INSERT INTO EX.SINTOMAS(FECHA_INICIO, ID_SINTOMA, ID_PERSONA, ID_FICHA_MEDICA) VALUES
                            (TO_DATE('2020-04-19','YYYY-MM-DD'), 1, '00397', 397);
INSERT INTO EX.SINTOMAS(FECHA_INICIO, ID_SINTOMA, ID_PERSONA, ID_FICHA_MEDICA) VALUES
                            (TO_DATE('2020-03-06','YYYY-MM-DD'), 2, '00397', 397);
INSERT INTO EX.SINTOMAS(FECHA_INICIO, ID_SINTOMA, ID_PERSONA, ID_FICHA_MEDICA) VALUES
                            (TO_DATE('2020-02-13','YYYY-MM-DD'), 3, '00397', 397);
INSERT INTO EX.SINTOMAS(FECHA_INICIO, ID_SINTOMA, ID_PERSONA, ID_FICHA_MEDICA) VALUES
                            (TO_DATE('2020-05-15','YYYY-MM-DD'), 4, '00397', 397);
INSERT INTO EX.SINTOMAS(FECHA_INICIO, ID_SINTOMA, ID_PERSONA, ID_FICHA_MEDICA) VALUES
                            (TO_DATE('2020-03-02','YYYY-MM-DD'), 5, '00397', 397);
INSERT INTO EX.SINTOMAS(FECHA_INICIO, ID_SINTOMA, ID_PERSONA, ID_FICHA_MEDICA) VALUES
                            (TO_DATE('2020-03-19','YYYY-MM-DD'), 6, '00397', 397);
INSERT INTO EX.SINTOMAS(FECHA_INICIO, ID_SINTOMA, ID_PERSONA, ID_FICHA_MEDICA) VALUES
                            (TO_DATE('2020-03-21','YYYY-MM-DD'), 7, '00397', 397);
INSERT INTO EX.SINTOMAS(FECHA_INICIO, ID_SINTOMA, ID_PERSONA, ID_FICHA_MEDICA) VALUES
                            (TO_DATE('2020-06-01','YYYY-MM-DD'), 8, '00397', 397);
INSERT INTO EX.SINTOMAS(FECHA_INICIO, ID_SINTOMA, ID_PERSONA, ID_FICHA_MEDICA) VALUES
                            (TO_DATE('2020-01-18','YYYY-MM-DD'), 9, '00397', 397);
INSERT INTO EX.SINTOMAS(FECHA_INICIO, ID_SINTOMA, ID_PERSONA, ID_FICHA_MEDICA) VALUES
                            (TO_DATE('2020-01-29','YYYY-MM-DD'), 10, '00397', 397);
INSERT INTO EX.SINTOMAS(FECHA_INICIO, ID_SINTOMA, ID_PERSONA, ID_FICHA_MEDICA) VALUES
                            (TO_DATE('2020-01-29','YYYY-MM-DD'), 11, '00397', 397);
INSERT INTO EX.SINTOMAS(FECHA_INICIO, ID_SINTOMA, ID_PERSONA, ID_FICHA_MEDICA) VALUES
                            (TO_DATE('2020-04-18','YYYY-MM-DD'), 12, '00397', 397);
INSERT INTO EX.SINTOMAS(FECHA_INICIO, ID_SINTOMA, ID_PERSONA, ID_FICHA_MEDICA) VALUES
                            (TO_DATE('2020-06-22','YYYY-MM-DD'), 13, '00397', 397);
INSERT INTO EX.SINTOMAS(FECHA_INICIO, ID_SINTOMA, ID_PERSONA, ID_FICHA_MEDICA) VALUES
                            (TO_DATE('2020-03-06','YYYY-MM-DD'), 14, '00397', 397);
INSERT INTO EX.SINTOMAS(FECHA_INICIO, ID_SINTOMA, ID_PERSONA, ID_FICHA_MEDICA) VALUES
                            (TO_DATE('2020-02-16','YYYY-MM-DD'), 15, '00397', 397);
INSERT INTO EX.SINTOMAS(FECHA_INICIO, ID_SINTOMA, ID_PERSONA, ID_FICHA_MEDICA) VALUES
                            (TO_DATE('2020-06-16','YYYY-MM-DD'), 16, '00397', 397);
INSERT INTO EX.SINTOMAS(FECHA_INICIO, ID_SINTOMA, ID_PERSONA, ID_FICHA_MEDICA) VALUES
                            (TO_DATE('2020-04-21','YYYY-MM-DD'), 17, '00397', 397);
INSERT INTO EX.SINTOMAS(FECHA_INICIO, ID_SINTOMA, ID_PERSONA, ID_FICHA_MEDICA) VALUES
                            (TO_DATE('2020-05-26','YYYY-MM-DD'), 18, '00397', 397);
INSERT INTO EX.SINTOMAS(FECHA_INICIO, ID_SINTOMA, ID_PERSONA, ID_FICHA_MEDICA) VALUES
                            (TO_DATE('2020-04-24','YYYY-MM-DD'), 19, '00397', 397);
INSERT INTO EX.PERSONA(DOC_IDENTIDAD, NOMBRE, NOMBRE1, APELLIDO, APELLIDO1, FECHA_NAC, GENERO, FOTO) VALUES
                  ('00398', 'Dan', 'Jennifer', 'Perez', 'Castaneda', TO_DATE('1981-04-09','YYYY-MM-DD'), 'm', NULL);
INSERT INTO EX.HISTORICO_RESIDENCIA(FECHA_INICIO, ID_LUGAR, ID_PERSONA, FECHA_FIN) VALUES
                  (TO_DATE('1995-02-23','YYYY-MM-DD'), 21, '00398', NULL);
INSERT INTO EX.FICHA_MEDICA(ID, ID_PERSONA, ID_CENTRO_SALUD, ID_LUGAR, ESTADO, FECHA_INFECCION, FECHA_RECUPERACION) VALUES
                                             (398, '00398', 6, 21, 'desconido', NULL, NULL);
INSERT INTO EX.PADECIMIENTOS(ID_PATOLOGIA, ID_PERSONA, ID_FICHA_MEDICA) VALUES
                            (1, '00398', 398);
INSERT INTO EX.PADECIMIENTOS(ID_PATOLOGIA, ID_PERSONA, ID_FICHA_MEDICA) VALUES
                            (2, '00398', 398);
INSERT INTO EX.SINTOMAS(FECHA_INICIO, ID_SINTOMA, ID_PERSONA, ID_FICHA_MEDICA) VALUES
                            (TO_DATE('2020-02-25','YYYY-MM-DD'), 1, '00398', 398);
INSERT INTO EX.SINTOMAS(FECHA_INICIO, ID_SINTOMA, ID_PERSONA, ID_FICHA_MEDICA) VALUES
                            (TO_DATE('2020-03-29','YYYY-MM-DD'), 2, '00398', 398);
INSERT INTO EX.SINTOMAS(FECHA_INICIO, ID_SINTOMA, ID_PERSONA, ID_FICHA_MEDICA) VALUES
                            (TO_DATE('2020-05-14','YYYY-MM-DD'), 3, '00398', 398);
INSERT INTO EX.SINTOMAS(FECHA_INICIO, ID_SINTOMA, ID_PERSONA, ID_FICHA_MEDICA) VALUES
                            (TO_DATE('2020-05-01','YYYY-MM-DD'), 4, '00398', 398);
INSERT INTO EX.SINTOMAS(FECHA_INICIO, ID_SINTOMA, ID_PERSONA, ID_FICHA_MEDICA) VALUES
                            (TO_DATE('2020-01-03','YYYY-MM-DD'), 5, '00398', 398);
INSERT INTO EX.SINTOMAS(FECHA_INICIO, ID_SINTOMA, ID_PERSONA, ID_FICHA_MEDICA) VALUES
                            (TO_DATE('2020-03-12','YYYY-MM-DD'), 6, '00398', 398);
INSERT INTO EX.PERSONA(DOC_IDENTIDAD, NOMBRE, NOMBRE1, APELLIDO, APELLIDO1, FECHA_NAC, GENERO, FOTO) VALUES
                  ('00399', 'Aaron', 'Kevin', 'Shepherd', 'Williams', TO_DATE('1984-12-07','YYYY-MM-DD'), 'f', NULL);
INSERT INTO EX.HISTORICO_RESIDENCIA(FECHA_INICIO, ID_LUGAR, ID_PERSONA, FECHA_FIN) VALUES
                  (TO_DATE('2009-06-27','YYYY-MM-DD'), 28, '00399', NULL);
INSERT INTO EX.FICHA_MEDICA(ID, ID_PERSONA, ID_CENTRO_SALUD, ID_LUGAR, ESTADO, FECHA_INFECCION, FECHA_RECUPERACION) VALUES
                                             (399, '00399', 13, 28, 'desconido', NULL, NULL);
INSERT INTO EX.PADECIMIENTOS(ID_PATOLOGIA, ID_PERSONA, ID_FICHA_MEDICA) VALUES
                            (1, '00399', 399);
INSERT INTO EX.PADECIMIENTOS(ID_PATOLOGIA, ID_PERSONA, ID_FICHA_MEDICA) VALUES
                            (2, '00399', 399);
INSERT INTO EX.PADECIMIENTOS(ID_PATOLOGIA, ID_PERSONA, ID_FICHA_MEDICA) VALUES
                            (3, '00399', 399);
INSERT INTO EX.PADECIMIENTOS(ID_PATOLOGIA, ID_PERSONA, ID_FICHA_MEDICA) VALUES
                            (4, '00399', 399);
INSERT INTO EX.PADECIMIENTOS(ID_PATOLOGIA, ID_PERSONA, ID_FICHA_MEDICA) VALUES
                            (5, '00399', 399);
INSERT INTO EX.PADECIMIENTOS(ID_PATOLOGIA, ID_PERSONA, ID_FICHA_MEDICA) VALUES
                            (6, '00399', 399);
INSERT INTO EX.PADECIMIENTOS(ID_PATOLOGIA, ID_PERSONA, ID_FICHA_MEDICA) VALUES
                            (7, '00399', 399);
INSERT INTO EX.PADECIMIENTOS(ID_PATOLOGIA, ID_PERSONA, ID_FICHA_MEDICA) VALUES
                            (8, '00399', 399);
INSERT INTO EX.PADECIMIENTOS(ID_PATOLOGIA, ID_PERSONA, ID_FICHA_MEDICA) VALUES
                            (9, '00399', 399);
INSERT INTO EX.PADECIMIENTOS(ID_PATOLOGIA, ID_PERSONA, ID_FICHA_MEDICA) VALUES
                            (10, '00399', 399);
INSERT INTO EX.PADECIMIENTOS(ID_PATOLOGIA, ID_PERSONA, ID_FICHA_MEDICA) VALUES
                            (11, '00399', 399);
INSERT INTO EX.PADECIMIENTOS(ID_PATOLOGIA, ID_PERSONA, ID_FICHA_MEDICA) VALUES
                            (12, '00399', 399);
INSERT INTO EX.PADECIMIENTOS(ID_PATOLOGIA, ID_PERSONA, ID_FICHA_MEDICA) VALUES
                            (13, '00399', 399);
INSERT INTO EX.PADECIMIENTOS(ID_PATOLOGIA, ID_PERSONA, ID_FICHA_MEDICA) VALUES
                            (14, '00399', 399);
INSERT INTO EX.PERSONA(DOC_IDENTIDAD, NOMBRE, NOMBRE1, APELLIDO, APELLIDO1, FECHA_NAC, GENERO, FOTO) VALUES
                  ('00400', 'Michael', 'Douglas', 'Wright', 'Mcmahon', TO_DATE('2016-07-31','YYYY-MM-DD'), 'm', NULL);
INSERT INTO EX.HISTORICO_RESIDENCIA(FECHA_INICIO, ID_LUGAR, ID_PERSONA, FECHA_FIN) VALUES
                  (TO_DATE('1999-06-30','YYYY-MM-DD'), 29, '00400', NULL);
INSERT INTO EX.FICHA_MEDICA(ID, ID_PERSONA, ID_CENTRO_SALUD, ID_LUGAR, ESTADO, FECHA_INFECCION, FECHA_RECUPERACION) VALUES
                                             (400, '00400', 14, 29, 'desconido', NULL, NULL);
INSERT INTO EX.PADECIMIENTOS(ID_PATOLOGIA, ID_PERSONA, ID_FICHA_MEDICA) VALUES
                            (1, '00400', 400);
INSERT INTO EX.PADECIMIENTOS(ID_PATOLOGIA, ID_PERSONA, ID_FICHA_MEDICA) VALUES
                            (2, '00400', 400);
INSERT INTO EX.PADECIMIENTOS(ID_PATOLOGIA, ID_PERSONA, ID_FICHA_MEDICA) VALUES
                            (3, '00400', 400);
INSERT INTO EX.PADECIMIENTOS(ID_PATOLOGIA, ID_PERSONA, ID_FICHA_MEDICA) VALUES
                            (4, '00400', 400);
INSERT INTO EX.PADECIMIENTOS(ID_PATOLOGIA, ID_PERSONA, ID_FICHA_MEDICA) VALUES
                            (5, '00400', 400);
INSERT INTO EX.PADECIMIENTOS(ID_PATOLOGIA, ID_PERSONA, ID_FICHA_MEDICA) VALUES
                            (6, '00400', 400);
INSERT INTO EX.PADECIMIENTOS(ID_PATOLOGIA, ID_PERSONA, ID_FICHA_MEDICA) VALUES
                            (7, '00400', 400);
INSERT INTO EX.PADECIMIENTOS(ID_PATOLOGIA, ID_PERSONA, ID_FICHA_MEDICA) VALUES
                            (8, '00400', 400);
INSERT INTO EX.PADECIMIENTOS(ID_PATOLOGIA, ID_PERSONA, ID_FICHA_MEDICA) VALUES
                            (9, '00400', 400);
INSERT INTO EX.PADECIMIENTOS(ID_PATOLOGIA, ID_PERSONA, ID_FICHA_MEDICA) VALUES
                            (10, '00400', 400);
INSERT INTO EX.PADECIMIENTOS(ID_PATOLOGIA, ID_PERSONA, ID_FICHA_MEDICA) VALUES
                            (11, '00400', 400);
INSERT INTO EX.PERSONA(DOC_IDENTIDAD, NOMBRE, NOMBRE1, APELLIDO, APELLIDO1, FECHA_NAC, GENERO, FOTO) VALUES
                  ('00401', 'Peter', 'Nichole', 'Ramirez', 'Wagner', TO_DATE('1970-10-03','YYYY-MM-DD'), 'f', NULL);
INSERT INTO EX.HISTORICO_RESIDENCIA(FECHA_INICIO, ID_LUGAR, ID_PERSONA, FECHA_FIN) VALUES
                  (TO_DATE('1999-11-06','YYYY-MM-DD'), 35, '00401', NULL);
INSERT INTO EX.FICHA_MEDICA(ID, ID_PERSONA, ID_CENTRO_SALUD, ID_LUGAR, ESTADO, FECHA_INFECCION, FECHA_RECUPERACION) VALUES
                                             (401, '00401', 20, 35, 'desconido', NULL, NULL);
INSERT INTO EX.PADECIMIENTOS(ID_PATOLOGIA, ID_PERSONA, ID_FICHA_MEDICA) VALUES
                            (1, '00401', 401);
INSERT INTO EX.PADECIMIENTOS(ID_PATOLOGIA, ID_PERSONA, ID_FICHA_MEDICA) VALUES
                            (2, '00401', 401);
INSERT INTO EX.PADECIMIENTOS(ID_PATOLOGIA, ID_PERSONA, ID_FICHA_MEDICA) VALUES
                            (3, '00401', 401);
INSERT INTO EX.PADECIMIENTOS(ID_PATOLOGIA, ID_PERSONA, ID_FICHA_MEDICA) VALUES
                            (4, '00401', 401);
INSERT INTO EX.PADECIMIENTOS(ID_PATOLOGIA, ID_PERSONA, ID_FICHA_MEDICA) VALUES
                            (5, '00401', 401);
INSERT INTO EX.PADECIMIENTOS(ID_PATOLOGIA, ID_PERSONA, ID_FICHA_MEDICA) VALUES
                            (6, '00401', 401);
INSERT INTO EX.SINTOMAS(FECHA_INICIO, ID_SINTOMA, ID_PERSONA, ID_FICHA_MEDICA) VALUES
                            (TO_DATE('2020-04-23','YYYY-MM-DD'), 1, '00401', 401);
INSERT INTO EX.SINTOMAS(FECHA_INICIO, ID_SINTOMA, ID_PERSONA, ID_FICHA_MEDICA) VALUES
                            (TO_DATE('2020-03-21','YYYY-MM-DD'), 2, '00401', 401);
INSERT INTO EX.SINTOMAS(FECHA_INICIO, ID_SINTOMA, ID_PERSONA, ID_FICHA_MEDICA) VALUES
                            (TO_DATE('2020-01-16','YYYY-MM-DD'), 3, '00401', 401);
INSERT INTO EX.SINTOMAS(FECHA_INICIO, ID_SINTOMA, ID_PERSONA, ID_FICHA_MEDICA) VALUES
                            (TO_DATE('2020-04-21','YYYY-MM-DD'), 4, '00401', 401);
INSERT INTO EX.SINTOMAS(FECHA_INICIO, ID_SINTOMA, ID_PERSONA, ID_FICHA_MEDICA) VALUES
                            (TO_DATE('2020-01-19','YYYY-MM-DD'), 5, '00401', 401);
INSERT INTO EX.SINTOMAS(FECHA_INICIO, ID_SINTOMA, ID_PERSONA, ID_FICHA_MEDICA) VALUES
                            (TO_DATE('2020-02-16','YYYY-MM-DD'), 6, '00401', 401);
INSERT INTO EX.SINTOMAS(FECHA_INICIO, ID_SINTOMA, ID_PERSONA, ID_FICHA_MEDICA) VALUES
                            (TO_DATE('2020-04-03','YYYY-MM-DD'), 7, '00401', 401);
INSERT INTO EX.SINTOMAS(FECHA_INICIO, ID_SINTOMA, ID_PERSONA, ID_FICHA_MEDICA) VALUES
                            (TO_DATE('2020-01-06','YYYY-MM-DD'), 8, '00401', 401);
INSERT INTO EX.SINTOMAS(FECHA_INICIO, ID_SINTOMA, ID_PERSONA, ID_FICHA_MEDICA) VALUES
                            (TO_DATE('2020-02-23','YYYY-MM-DD'), 9, '00401', 401);
INSERT INTO EX.SINTOMAS(FECHA_INICIO, ID_SINTOMA, ID_PERSONA, ID_FICHA_MEDICA) VALUES
                            (TO_DATE('2020-02-23','YYYY-MM-DD'), 10, '00401', 401);
INSERT INTO EX.SINTOMAS(FECHA_INICIO, ID_SINTOMA, ID_PERSONA, ID_FICHA_MEDICA) VALUES
                            (TO_DATE('2020-06-08','YYYY-MM-DD'), 11, '00401', 401);
INSERT INTO EX.SINTOMAS(FECHA_INICIO, ID_SINTOMA, ID_PERSONA, ID_FICHA_MEDICA) VALUES
                            (TO_DATE('2020-02-08','YYYY-MM-DD'), 12, '00401', 401);
INSERT INTO EX.SINTOMAS(FECHA_INICIO, ID_SINTOMA, ID_PERSONA, ID_FICHA_MEDICA) VALUES
                            (TO_DATE('2020-01-02','YYYY-MM-DD'), 13, '00401', 401);
INSERT INTO EX.SINTOMAS(FECHA_INICIO, ID_SINTOMA, ID_PERSONA, ID_FICHA_MEDICA) VALUES
                            (TO_DATE('2020-01-29','YYYY-MM-DD'), 14, '00401', 401);
INSERT INTO EX.SINTOMAS(FECHA_INICIO, ID_SINTOMA, ID_PERSONA, ID_FICHA_MEDICA) VALUES
                            (TO_DATE('2020-01-01','YYYY-MM-DD'), 15, '00401', 401);
INSERT INTO EX.PERSONA(DOC_IDENTIDAD, NOMBRE, NOMBRE1, APELLIDO, APELLIDO1, FECHA_NAC, GENERO, FOTO) VALUES
                  ('00402', 'Nicole', 'Robert', 'Sweeney', 'Murray', TO_DATE('2009-03-11','YYYY-MM-DD'), 'm', NULL);
INSERT INTO EX.HISTORICO_RESIDENCIA(FECHA_INICIO, ID_LUGAR, ID_PERSONA, FECHA_FIN) VALUES
                  (TO_DATE('1988-05-17','YYYY-MM-DD'), 44, '00402', NULL);
INSERT INTO EX.FICHA_MEDICA(ID, ID_PERSONA, ID_CENTRO_SALUD, ID_LUGAR, ESTADO, FECHA_INFECCION, FECHA_RECUPERACION) VALUES
                                             (402, '00402', 29, 44, 'desconido', NULL, NULL);
INSERT INTO EX.PADECIMIENTOS(ID_PATOLOGIA, ID_PERSONA, ID_FICHA_MEDICA) VALUES
                            (1, '00402', 402);
INSERT INTO EX.PADECIMIENTOS(ID_PATOLOGIA, ID_PERSONA, ID_FICHA_MEDICA) VALUES
                            (2, '00402', 402);
INSERT INTO EX.PADECIMIENTOS(ID_PATOLOGIA, ID_PERSONA, ID_FICHA_MEDICA) VALUES
                            (3, '00402', 402);
INSERT INTO EX.PADECIMIENTOS(ID_PATOLOGIA, ID_PERSONA, ID_FICHA_MEDICA) VALUES
                            (4, '00402', 402);
INSERT INTO EX.PADECIMIENTOS(ID_PATOLOGIA, ID_PERSONA, ID_FICHA_MEDICA) VALUES
                            (5, '00402', 402);
INSERT INTO EX.PADECIMIENTOS(ID_PATOLOGIA, ID_PERSONA, ID_FICHA_MEDICA) VALUES
                            (6, '00402', 402);
INSERT INTO EX.PADECIMIENTOS(ID_PATOLOGIA, ID_PERSONA, ID_FICHA_MEDICA) VALUES
                            (7, '00402', 402);
INSERT INTO EX.PADECIMIENTOS(ID_PATOLOGIA, ID_PERSONA, ID_FICHA_MEDICA) VALUES
                            (8, '00402', 402);
INSERT INTO EX.PADECIMIENTOS(ID_PATOLOGIA, ID_PERSONA, ID_FICHA_MEDICA) VALUES
                            (9, '00402', 402);
INSERT INTO EX.PADECIMIENTOS(ID_PATOLOGIA, ID_PERSONA, ID_FICHA_MEDICA) VALUES
                            (10, '00402', 402);
INSERT INTO EX.PADECIMIENTOS(ID_PATOLOGIA, ID_PERSONA, ID_FICHA_MEDICA) VALUES
                            (11, '00402', 402);
INSERT INTO EX.PADECIMIENTOS(ID_PATOLOGIA, ID_PERSONA, ID_FICHA_MEDICA) VALUES
                            (12, '00402', 402);
INSERT INTO EX.PADECIMIENTOS(ID_PATOLOGIA, ID_PERSONA, ID_FICHA_MEDICA) VALUES
                            (13, '00402', 402);
INSERT INTO EX.PERSONA(DOC_IDENTIDAD, NOMBRE, NOMBRE1, APELLIDO, APELLIDO1, FECHA_NAC, GENERO, FOTO) VALUES
                  ('00403', 'Tim', 'Michael', 'Cline', 'Mercado', TO_DATE('1977-08-19','YYYY-MM-DD'), 'f', NULL);
INSERT INTO EX.HISTORICO_RESIDENCIA(FECHA_INICIO, ID_LUGAR, ID_PERSONA, FECHA_FIN) VALUES
                  (TO_DATE('1991-07-13','YYYY-MM-DD'), 28, '00403', NULL);
INSERT INTO EX.FICHA_MEDICA(ID, ID_PERSONA, ID_CENTRO_SALUD, ID_LUGAR, ESTADO, FECHA_INFECCION, FECHA_RECUPERACION) VALUES
                                             (403, '00403', 13, 28, 'desconido', NULL, NULL);
INSERT INTO EX.SINTOMAS(FECHA_INICIO, ID_SINTOMA, ID_PERSONA, ID_FICHA_MEDICA) VALUES
                            (TO_DATE('2020-03-28','YYYY-MM-DD'), 1, '00403', 403);
INSERT INTO EX.SINTOMAS(FECHA_INICIO, ID_SINTOMA, ID_PERSONA, ID_FICHA_MEDICA) VALUES
                            (TO_DATE('2020-03-30','YYYY-MM-DD'), 2, '00403', 403);
INSERT INTO EX.SINTOMAS(FECHA_INICIO, ID_SINTOMA, ID_PERSONA, ID_FICHA_MEDICA) VALUES
                            (TO_DATE('2020-04-12','YYYY-MM-DD'), 3, '00403', 403);
INSERT INTO EX.SINTOMAS(FECHA_INICIO, ID_SINTOMA, ID_PERSONA, ID_FICHA_MEDICA) VALUES
                            (TO_DATE('2020-04-16','YYYY-MM-DD'), 4, '00403', 403);
INSERT INTO EX.SINTOMAS(FECHA_INICIO, ID_SINTOMA, ID_PERSONA, ID_FICHA_MEDICA) VALUES
                            (TO_DATE('2020-03-08','YYYY-MM-DD'), 5, '00403', 403);
INSERT INTO EX.PERSONA(DOC_IDENTIDAD, NOMBRE, NOMBRE1, APELLIDO, APELLIDO1, FECHA_NAC, GENERO, FOTO) VALUES
                  ('00404', 'Deborah', 'Marie', 'Perry', 'Brown', TO_DATE('1997-09-06','YYYY-MM-DD'), 'm', NULL);
INSERT INTO EX.HISTORICO_RESIDENCIA(FECHA_INICIO, ID_LUGAR, ID_PERSONA, FECHA_FIN) VALUES
                  (TO_DATE('1970-07-04','YYYY-MM-DD'), 41, '00404', NULL);
INSERT INTO EX.FICHA_MEDICA(ID, ID_PERSONA, ID_CENTRO_SALUD, ID_LUGAR, ESTADO, FECHA_INFECCION, FECHA_RECUPERACION) VALUES
                                             (404, '00404', 26, 41, 'desconido', NULL, NULL);
INSERT INTO EX.PADECIMIENTOS(ID_PATOLOGIA, ID_PERSONA, ID_FICHA_MEDICA) VALUES
                            (1, '00404', 404);
INSERT INTO EX.PADECIMIENTOS(ID_PATOLOGIA, ID_PERSONA, ID_FICHA_MEDICA) VALUES
                            (2, '00404', 404);
INSERT INTO EX.PADECIMIENTOS(ID_PATOLOGIA, ID_PERSONA, ID_FICHA_MEDICA) VALUES
                            (3, '00404', 404);
INSERT INTO EX.PADECIMIENTOS(ID_PATOLOGIA, ID_PERSONA, ID_FICHA_MEDICA) VALUES
                            (4, '00404', 404);
INSERT INTO EX.PADECIMIENTOS(ID_PATOLOGIA, ID_PERSONA, ID_FICHA_MEDICA) VALUES
                            (5, '00404', 404);
INSERT INTO EX.PADECIMIENTOS(ID_PATOLOGIA, ID_PERSONA, ID_FICHA_MEDICA) VALUES
                            (6, '00404', 404);
INSERT INTO EX.PADECIMIENTOS(ID_PATOLOGIA, ID_PERSONA, ID_FICHA_MEDICA) VALUES
                            (7, '00404', 404);
INSERT INTO EX.PADECIMIENTOS(ID_PATOLOGIA, ID_PERSONA, ID_FICHA_MEDICA) VALUES
                            (8, '00404', 404);
INSERT INTO EX.PADECIMIENTOS(ID_PATOLOGIA, ID_PERSONA, ID_FICHA_MEDICA) VALUES
                            (9, '00404', 404);
INSERT INTO EX.PADECIMIENTOS(ID_PATOLOGIA, ID_PERSONA, ID_FICHA_MEDICA) VALUES
                            (10, '00404', 404);
INSERT INTO EX.PADECIMIENTOS(ID_PATOLOGIA, ID_PERSONA, ID_FICHA_MEDICA) VALUES
                            (11, '00404', 404);
INSERT INTO EX.PADECIMIENTOS(ID_PATOLOGIA, ID_PERSONA, ID_FICHA_MEDICA) VALUES
                            (12, '00404', 404);
INSERT INTO EX.PADECIMIENTOS(ID_PATOLOGIA, ID_PERSONA, ID_FICHA_MEDICA) VALUES
                            (13, '00404', 404);
INSERT INTO EX.PADECIMIENTOS(ID_PATOLOGIA, ID_PERSONA, ID_FICHA_MEDICA) VALUES
                            (14, '00404', 404);
INSERT INTO EX.PADECIMIENTOS(ID_PATOLOGIA, ID_PERSONA, ID_FICHA_MEDICA) VALUES
                            (15, '00404', 404);
INSERT INTO EX.SINTOMAS(FECHA_INICIO, ID_SINTOMA, ID_PERSONA, ID_FICHA_MEDICA) VALUES
                            (TO_DATE('2020-04-03','YYYY-MM-DD'), 1, '00404', 404);
INSERT INTO EX.SINTOMAS(FECHA_INICIO, ID_SINTOMA, ID_PERSONA, ID_FICHA_MEDICA) VALUES
                            (TO_DATE('2020-03-01','YYYY-MM-DD'), 2, '00404', 404);
INSERT INTO EX.SINTOMAS(FECHA_INICIO, ID_SINTOMA, ID_PERSONA, ID_FICHA_MEDICA) VALUES
                            (TO_DATE('2020-02-18','YYYY-MM-DD'), 3, '00404', 404);
INSERT INTO EX.SINTOMAS(FECHA_INICIO, ID_SINTOMA, ID_PERSONA, ID_FICHA_MEDICA) VALUES
                            (TO_DATE('2020-02-25','YYYY-MM-DD'), 4, '00404', 404);
INSERT INTO EX.PERSONA(DOC_IDENTIDAD, NOMBRE, NOMBRE1, APELLIDO, APELLIDO1, FECHA_NAC, GENERO, FOTO) VALUES
                  ('00405', 'Jody', 'Alisha', 'Larson', 'Carpenter', TO_DATE('1994-06-05','YYYY-MM-DD'), 'f', NULL);
INSERT INTO EX.HISTORICO_RESIDENCIA(FECHA_INICIO, ID_LUGAR, ID_PERSONA, FECHA_FIN) VALUES
                  (TO_DATE('2016-07-15','YYYY-MM-DD'), 39, '00405', NULL);
INSERT INTO EX.FICHA_MEDICA(ID, ID_PERSONA, ID_CENTRO_SALUD, ID_LUGAR, ESTADO, FECHA_INFECCION, FECHA_RECUPERACION) VALUES
                                             (405, '00405', 24, 39, 'desconido', NULL, NULL);
INSERT INTO EX.PADECIMIENTOS(ID_PATOLOGIA, ID_PERSONA, ID_FICHA_MEDICA) VALUES
                            (1, '00405', 405);
INSERT INTO EX.PADECIMIENTOS(ID_PATOLOGIA, ID_PERSONA, ID_FICHA_MEDICA) VALUES
                            (2, '00405', 405);
INSERT INTO EX.PADECIMIENTOS(ID_PATOLOGIA, ID_PERSONA, ID_FICHA_MEDICA) VALUES
                            (3, '00405', 405);
INSERT INTO EX.PADECIMIENTOS(ID_PATOLOGIA, ID_PERSONA, ID_FICHA_MEDICA) VALUES
                            (4, '00405', 405);
INSERT INTO EX.PADECIMIENTOS(ID_PATOLOGIA, ID_PERSONA, ID_FICHA_MEDICA) VALUES
                            (5, '00405', 405);
INSERT INTO EX.PADECIMIENTOS(ID_PATOLOGIA, ID_PERSONA, ID_FICHA_MEDICA) VALUES
                            (6, '00405', 405);
INSERT INTO EX.PADECIMIENTOS(ID_PATOLOGIA, ID_PERSONA, ID_FICHA_MEDICA) VALUES
                            (7, '00405', 405);
INSERT INTO EX.PADECIMIENTOS(ID_PATOLOGIA, ID_PERSONA, ID_FICHA_MEDICA) VALUES
                            (8, '00405', 405);
INSERT INTO EX.PADECIMIENTOS(ID_PATOLOGIA, ID_PERSONA, ID_FICHA_MEDICA) VALUES
                            (9, '00405', 405);
INSERT INTO EX.SINTOMAS(FECHA_INICIO, ID_SINTOMA, ID_PERSONA, ID_FICHA_MEDICA) VALUES
                            (TO_DATE('2020-02-21','YYYY-MM-DD'), 1, '00405', 405);
INSERT INTO EX.SINTOMAS(FECHA_INICIO, ID_SINTOMA, ID_PERSONA, ID_FICHA_MEDICA) VALUES
                            (TO_DATE('2020-02-20','YYYY-MM-DD'), 2, '00405', 405);
INSERT INTO EX.SINTOMAS(FECHA_INICIO, ID_SINTOMA, ID_PERSONA, ID_FICHA_MEDICA) VALUES
                            (TO_DATE('2020-04-22','YYYY-MM-DD'), 3, '00405', 405);
INSERT INTO EX.SINTOMAS(FECHA_INICIO, ID_SINTOMA, ID_PERSONA, ID_FICHA_MEDICA) VALUES
                            (TO_DATE('2020-03-25','YYYY-MM-DD'), 4, '00405', 405);
INSERT INTO EX.SINTOMAS(FECHA_INICIO, ID_SINTOMA, ID_PERSONA, ID_FICHA_MEDICA) VALUES
                            (TO_DATE('2020-01-10','YYYY-MM-DD'), 5, '00405', 405);
INSERT INTO EX.SINTOMAS(FECHA_INICIO, ID_SINTOMA, ID_PERSONA, ID_FICHA_MEDICA) VALUES
                            (TO_DATE('2020-01-27','YYYY-MM-DD'), 6, '00405', 405);
INSERT INTO EX.SINTOMAS(FECHA_INICIO, ID_SINTOMA, ID_PERSONA, ID_FICHA_MEDICA) VALUES
                            (TO_DATE('2020-01-27','YYYY-MM-DD'), 7, '00405', 405);
INSERT INTO EX.SINTOMAS(FECHA_INICIO, ID_SINTOMA, ID_PERSONA, ID_FICHA_MEDICA) VALUES
                            (TO_DATE('2020-06-09','YYYY-MM-DD'), 8, '00405', 405);
INSERT INTO EX.SINTOMAS(FECHA_INICIO, ID_SINTOMA, ID_PERSONA, ID_FICHA_MEDICA) VALUES
                            (TO_DATE('2020-01-03','YYYY-MM-DD'), 9, '00405', 405);
INSERT INTO EX.PERSONA(DOC_IDENTIDAD, NOMBRE, NOMBRE1, APELLIDO, APELLIDO1, FECHA_NAC, GENERO, FOTO) VALUES
                  ('00406', 'Brandon', 'Heidi', 'Mccoy', 'Ortega', TO_DATE('1974-10-23','YYYY-MM-DD'), 'm', NULL);
INSERT INTO EX.HISTORICO_RESIDENCIA(FECHA_INICIO, ID_LUGAR, ID_PERSONA, FECHA_FIN) VALUES
                  (TO_DATE('1988-07-29','YYYY-MM-DD'), 33, '00406', NULL);
INSERT INTO EX.FICHA_MEDICA(ID, ID_PERSONA, ID_CENTRO_SALUD, ID_LUGAR, ESTADO, FECHA_INFECCION, FECHA_RECUPERACION) VALUES
                                             (406, '00406', 18, 33, 'desconido', NULL, NULL);
INSERT INTO EX.PERSONA(DOC_IDENTIDAD, NOMBRE, NOMBRE1, APELLIDO, APELLIDO1, FECHA_NAC, GENERO, FOTO) VALUES
                  ('00407', 'Joshua', 'Lisa', 'Moon', 'Thompson', TO_DATE('1993-04-23','YYYY-MM-DD'), 'f', NULL);
INSERT INTO EX.HISTORICO_RESIDENCIA(FECHA_INICIO, ID_LUGAR, ID_PERSONA, FECHA_FIN) VALUES
                  (TO_DATE('1988-09-20','YYYY-MM-DD'), 34, '00407', NULL);
INSERT INTO EX.FICHA_MEDICA(ID, ID_PERSONA, ID_CENTRO_SALUD, ID_LUGAR, ESTADO, FECHA_INFECCION, FECHA_RECUPERACION) VALUES
                                             (407, '00407', 19, 34, 'desconido', NULL, NULL);
INSERT INTO EX.SINTOMAS(FECHA_INICIO, ID_SINTOMA, ID_PERSONA, ID_FICHA_MEDICA) VALUES
                            (TO_DATE('2020-02-26','YYYY-MM-DD'), 1, '00407', 407);
INSERT INTO EX.SINTOMAS(FECHA_INICIO, ID_SINTOMA, ID_PERSONA, ID_FICHA_MEDICA) VALUES
                            (TO_DATE('2020-01-11','YYYY-MM-DD'), 2, '00407', 407);
INSERT INTO EX.SINTOMAS(FECHA_INICIO, ID_SINTOMA, ID_PERSONA, ID_FICHA_MEDICA) VALUES
                            (TO_DATE('2020-04-13','YYYY-MM-DD'), 3, '00407', 407);
INSERT INTO EX.SINTOMAS(FECHA_INICIO, ID_SINTOMA, ID_PERSONA, ID_FICHA_MEDICA) VALUES
                            (TO_DATE('2020-01-20','YYYY-MM-DD'), 4, '00407', 407);
INSERT INTO EX.SINTOMAS(FECHA_INICIO, ID_SINTOMA, ID_PERSONA, ID_FICHA_MEDICA) VALUES
                            (TO_DATE('2020-04-21','YYYY-MM-DD'), 5, '00407', 407);
INSERT INTO EX.SINTOMAS(FECHA_INICIO, ID_SINTOMA, ID_PERSONA, ID_FICHA_MEDICA) VALUES
                            (TO_DATE('2020-02-01','YYYY-MM-DD'), 6, '00407', 407);
INSERT INTO EX.PERSONA(DOC_IDENTIDAD, NOMBRE, NOMBRE1, APELLIDO, APELLIDO1, FECHA_NAC, GENERO, FOTO) VALUES
                  ('00408', 'Virginia', 'Shawn', 'Williams', 'Myers', TO_DATE('2018-02-23','YYYY-MM-DD'), 'm', NULL);
INSERT INTO EX.HISTORICO_RESIDENCIA(FECHA_INICIO, ID_LUGAR, ID_PERSONA, FECHA_FIN) VALUES
                  (TO_DATE('1982-01-01','YYYY-MM-DD'), 19, '00408', NULL);
INSERT INTO EX.FICHA_MEDICA(ID, ID_PERSONA, ID_CENTRO_SALUD, ID_LUGAR, ESTADO, FECHA_INFECCION, FECHA_RECUPERACION) VALUES
                                             (408, '00408', 4, 19, 'desconido', NULL, NULL);
INSERT INTO EX.PERSONA(DOC_IDENTIDAD, NOMBRE, NOMBRE1, APELLIDO, APELLIDO1, FECHA_NAC, GENERO, FOTO) VALUES
                  ('00409', 'John', 'Jennifer', 'Jones', 'Beck', TO_DATE('2018-02-26','YYYY-MM-DD'), 'f', NULL);
INSERT INTO EX.HISTORICO_RESIDENCIA(FECHA_INICIO, ID_LUGAR, ID_PERSONA, FECHA_FIN) VALUES
                  (TO_DATE('2003-08-03','YYYY-MM-DD'), 23, '00409', NULL);
INSERT INTO EX.FICHA_MEDICA(ID, ID_PERSONA, ID_CENTRO_SALUD, ID_LUGAR, ESTADO, FECHA_INFECCION, FECHA_RECUPERACION) VALUES
                                             (409, '00409', 8, 23, 'desconido', NULL, NULL);
INSERT INTO EX.SINTOMAS(FECHA_INICIO, ID_SINTOMA, ID_PERSONA, ID_FICHA_MEDICA) VALUES
                            (TO_DATE('2020-04-04','YYYY-MM-DD'), 1, '00409', 409);
INSERT INTO EX.SINTOMAS(FECHA_INICIO, ID_SINTOMA, ID_PERSONA, ID_FICHA_MEDICA) VALUES
                            (TO_DATE('2020-04-19','YYYY-MM-DD'), 2, '00409', 409);
INSERT INTO EX.SINTOMAS(FECHA_INICIO, ID_SINTOMA, ID_PERSONA, ID_FICHA_MEDICA) VALUES
                            (TO_DATE('2020-01-23','YYYY-MM-DD'), 3, '00409', 409);
INSERT INTO EX.SINTOMAS(FECHA_INICIO, ID_SINTOMA, ID_PERSONA, ID_FICHA_MEDICA) VALUES
                            (TO_DATE('2020-02-06','YYYY-MM-DD'), 4, '00409', 409);
INSERT INTO EX.SINTOMAS(FECHA_INICIO, ID_SINTOMA, ID_PERSONA, ID_FICHA_MEDICA) VALUES
                            (TO_DATE('2020-04-06','YYYY-MM-DD'), 5, '00409', 409);
INSERT INTO EX.SINTOMAS(FECHA_INICIO, ID_SINTOMA, ID_PERSONA, ID_FICHA_MEDICA) VALUES
                            (TO_DATE('2020-01-18','YYYY-MM-DD'), 6, '00409', 409);
INSERT INTO EX.SINTOMAS(FECHA_INICIO, ID_SINTOMA, ID_PERSONA, ID_FICHA_MEDICA) VALUES
                            (TO_DATE('2020-05-13','YYYY-MM-DD'), 7, '00409', 409);
INSERT INTO EX.SINTOMAS(FECHA_INICIO, ID_SINTOMA, ID_PERSONA, ID_FICHA_MEDICA) VALUES
                            (TO_DATE('2020-02-03','YYYY-MM-DD'), 8, '00409', 409);
INSERT INTO EX.SINTOMAS(FECHA_INICIO, ID_SINTOMA, ID_PERSONA, ID_FICHA_MEDICA) VALUES
                            (TO_DATE('2020-05-02','YYYY-MM-DD'), 9, '00409', 409);
INSERT INTO EX.SINTOMAS(FECHA_INICIO, ID_SINTOMA, ID_PERSONA, ID_FICHA_MEDICA) VALUES
                            (TO_DATE('2020-04-06','YYYY-MM-DD'), 10, '00409', 409);
INSERT INTO EX.SINTOMAS(FECHA_INICIO, ID_SINTOMA, ID_PERSONA, ID_FICHA_MEDICA) VALUES
                            (TO_DATE('2020-03-20','YYYY-MM-DD'), 11, '00409', 409);
INSERT INTO EX.SINTOMAS(FECHA_INICIO, ID_SINTOMA, ID_PERSONA, ID_FICHA_MEDICA) VALUES
                            (TO_DATE('2020-02-02','YYYY-MM-DD'), 12, '00409', 409);
INSERT INTO EX.SINTOMAS(FECHA_INICIO, ID_SINTOMA, ID_PERSONA, ID_FICHA_MEDICA) VALUES
                            (TO_DATE('2020-04-22','YYYY-MM-DD'), 13, '00409', 409);
INSERT INTO EX.SINTOMAS(FECHA_INICIO, ID_SINTOMA, ID_PERSONA, ID_FICHA_MEDICA) VALUES
                            (TO_DATE('2020-06-25','YYYY-MM-DD'), 14, '00409', 409);
INSERT INTO EX.SINTOMAS(FECHA_INICIO, ID_SINTOMA, ID_PERSONA, ID_FICHA_MEDICA) VALUES
                            (TO_DATE('2020-03-10','YYYY-MM-DD'), 15, '00409', 409);
INSERT INTO EX.SINTOMAS(FECHA_INICIO, ID_SINTOMA, ID_PERSONA, ID_FICHA_MEDICA) VALUES
                            (TO_DATE('2020-03-11','YYYY-MM-DD'), 16, '00409', 409);
INSERT INTO EX.PERSONA(DOC_IDENTIDAD, NOMBRE, NOMBRE1, APELLIDO, APELLIDO1, FECHA_NAC, GENERO, FOTO) VALUES
                  ('00410', 'Blake', 'Yvonne', 'Riddle', 'Jenkins', TO_DATE('1994-01-09','YYYY-MM-DD'), 'm', NULL);
INSERT INTO EX.HISTORICO_RESIDENCIA(FECHA_INICIO, ID_LUGAR, ID_PERSONA, FECHA_FIN) VALUES
                  (TO_DATE('1995-03-23','YYYY-MM-DD'), 28, '00410', NULL);
INSERT INTO EX.FICHA_MEDICA(ID, ID_PERSONA, ID_CENTRO_SALUD, ID_LUGAR, ESTADO, FECHA_INFECCION, FECHA_RECUPERACION) VALUES
                                             (410, '00410', 13, 28, 'desconido', NULL, NULL);
INSERT INTO EX.PADECIMIENTOS(ID_PATOLOGIA, ID_PERSONA, ID_FICHA_MEDICA) VALUES
                            (1, '00410', 410);
INSERT INTO EX.PADECIMIENTOS(ID_PATOLOGIA, ID_PERSONA, ID_FICHA_MEDICA) VALUES
                            (2, '00410', 410);
INSERT INTO EX.PADECIMIENTOS(ID_PATOLOGIA, ID_PERSONA, ID_FICHA_MEDICA) VALUES
                            (3, '00410', 410);
INSERT INTO EX.PADECIMIENTOS(ID_PATOLOGIA, ID_PERSONA, ID_FICHA_MEDICA) VALUES
                            (4, '00410', 410);
INSERT INTO EX.PADECIMIENTOS(ID_PATOLOGIA, ID_PERSONA, ID_FICHA_MEDICA) VALUES
                            (5, '00410', 410);
INSERT INTO EX.PADECIMIENTOS(ID_PATOLOGIA, ID_PERSONA, ID_FICHA_MEDICA) VALUES
                            (6, '00410', 410);
INSERT INTO EX.PADECIMIENTOS(ID_PATOLOGIA, ID_PERSONA, ID_FICHA_MEDICA) VALUES
                            (7, '00410', 410);
INSERT INTO EX.PADECIMIENTOS(ID_PATOLOGIA, ID_PERSONA, ID_FICHA_MEDICA) VALUES
                            (8, '00410', 410);
INSERT INTO EX.SINTOMAS(FECHA_INICIO, ID_SINTOMA, ID_PERSONA, ID_FICHA_MEDICA) VALUES
                            (TO_DATE('2020-01-09','YYYY-MM-DD'), 1, '00410', 410);
INSERT INTO EX.SINTOMAS(FECHA_INICIO, ID_SINTOMA, ID_PERSONA, ID_FICHA_MEDICA) VALUES
                            (TO_DATE('2020-03-07','YYYY-MM-DD'), 2, '00410', 410);
INSERT INTO EX.SINTOMAS(FECHA_INICIO, ID_SINTOMA, ID_PERSONA, ID_FICHA_MEDICA) VALUES
                            (TO_DATE('2020-05-29','YYYY-MM-DD'), 3, '00410', 410);
INSERT INTO EX.SINTOMAS(FECHA_INICIO, ID_SINTOMA, ID_PERSONA, ID_FICHA_MEDICA) VALUES
                            (TO_DATE('2020-03-29','YYYY-MM-DD'), 4, '00410', 410);
INSERT INTO EX.SINTOMAS(FECHA_INICIO, ID_SINTOMA, ID_PERSONA, ID_FICHA_MEDICA) VALUES
                            (TO_DATE('2020-01-24','YYYY-MM-DD'), 5, '00410', 410);
INSERT INTO EX.SINTOMAS(FECHA_INICIO, ID_SINTOMA, ID_PERSONA, ID_FICHA_MEDICA) VALUES
                            (TO_DATE('2020-05-10','YYYY-MM-DD'), 6, '00410', 410);
INSERT INTO EX.SINTOMAS(FECHA_INICIO, ID_SINTOMA, ID_PERSONA, ID_FICHA_MEDICA) VALUES
                            (TO_DATE('2020-05-22','YYYY-MM-DD'), 7, '00410', 410);
INSERT INTO EX.SINTOMAS(FECHA_INICIO, ID_SINTOMA, ID_PERSONA, ID_FICHA_MEDICA) VALUES
                            (TO_DATE('2020-04-27','YYYY-MM-DD'), 8, '00410', 410);
INSERT INTO EX.SINTOMAS(FECHA_INICIO, ID_SINTOMA, ID_PERSONA, ID_FICHA_MEDICA) VALUES
                            (TO_DATE('2020-06-03','YYYY-MM-DD'), 9, '00410', 410);
INSERT INTO EX.SINTOMAS(FECHA_INICIO, ID_SINTOMA, ID_PERSONA, ID_FICHA_MEDICA) VALUES
                            (TO_DATE('2020-06-27','YYYY-MM-DD'), 10, '00410', 410);
INSERT INTO EX.SINTOMAS(FECHA_INICIO, ID_SINTOMA, ID_PERSONA, ID_FICHA_MEDICA) VALUES
                            (TO_DATE('2020-01-05','YYYY-MM-DD'), 11, '00410', 410);
INSERT INTO EX.SINTOMAS(FECHA_INICIO, ID_SINTOMA, ID_PERSONA, ID_FICHA_MEDICA) VALUES
                            (TO_DATE('2020-02-21','YYYY-MM-DD'), 12, '00410', 410);
INSERT INTO EX.SINTOMAS(FECHA_INICIO, ID_SINTOMA, ID_PERSONA, ID_FICHA_MEDICA) VALUES
                            (TO_DATE('2020-02-12','YYYY-MM-DD'), 13, '00410', 410);
INSERT INTO EX.SINTOMAS(FECHA_INICIO, ID_SINTOMA, ID_PERSONA, ID_FICHA_MEDICA) VALUES
                            (TO_DATE('2020-01-25','YYYY-MM-DD'), 14, '00410', 410);
INSERT INTO EX.SINTOMAS(FECHA_INICIO, ID_SINTOMA, ID_PERSONA, ID_FICHA_MEDICA) VALUES
                            (TO_DATE('2020-01-06','YYYY-MM-DD'), 15, '00410', 410);
INSERT INTO EX.SINTOMAS(FECHA_INICIO, ID_SINTOMA, ID_PERSONA, ID_FICHA_MEDICA) VALUES
                            (TO_DATE('2020-05-22','YYYY-MM-DD'), 16, '00410', 410);
INSERT INTO EX.SINTOMAS(FECHA_INICIO, ID_SINTOMA, ID_PERSONA, ID_FICHA_MEDICA) VALUES
                            (TO_DATE('2020-04-17','YYYY-MM-DD'), 17, '00410', 410);
INSERT INTO EX.SINTOMAS(FECHA_INICIO, ID_SINTOMA, ID_PERSONA, ID_FICHA_MEDICA) VALUES
                            (TO_DATE('2020-05-19','YYYY-MM-DD'), 18, '00410', 410);
INSERT INTO EX.PERSONA(DOC_IDENTIDAD, NOMBRE, NOMBRE1, APELLIDO, APELLIDO1, FECHA_NAC, GENERO, FOTO) VALUES
                  ('00411', 'Kyle', 'Tina', 'Horn', 'James', TO_DATE('1987-08-15','YYYY-MM-DD'), 'f', NULL);
INSERT INTO EX.HISTORICO_RESIDENCIA(FECHA_INICIO, ID_LUGAR, ID_PERSONA, FECHA_FIN) VALUES
                  (TO_DATE('1998-10-20','YYYY-MM-DD'), 33, '00411', NULL);
INSERT INTO EX.FICHA_MEDICA(ID, ID_PERSONA, ID_CENTRO_SALUD, ID_LUGAR, ESTADO, FECHA_INFECCION, FECHA_RECUPERACION) VALUES
                                             (411, '00411', 18, 33, 'desconido', NULL, NULL);
INSERT INTO EX.SINTOMAS(FECHA_INICIO, ID_SINTOMA, ID_PERSONA, ID_FICHA_MEDICA) VALUES
                            (TO_DATE('2020-06-08','YYYY-MM-DD'), 1, '00411', 411);
INSERT INTO EX.SINTOMAS(FECHA_INICIO, ID_SINTOMA, ID_PERSONA, ID_FICHA_MEDICA) VALUES
                            (TO_DATE('2020-01-28','YYYY-MM-DD'), 2, '00411', 411);
INSERT INTO EX.SINTOMAS(FECHA_INICIO, ID_SINTOMA, ID_PERSONA, ID_FICHA_MEDICA) VALUES
                            (TO_DATE('2020-03-07','YYYY-MM-DD'), 3, '00411', 411);
INSERT INTO EX.SINTOMAS(FECHA_INICIO, ID_SINTOMA, ID_PERSONA, ID_FICHA_MEDICA) VALUES
                            (TO_DATE('2020-02-27','YYYY-MM-DD'), 4, '00411', 411);
INSERT INTO EX.SINTOMAS(FECHA_INICIO, ID_SINTOMA, ID_PERSONA, ID_FICHA_MEDICA) VALUES
                            (TO_DATE('2020-04-18','YYYY-MM-DD'), 5, '00411', 411);
INSERT INTO EX.SINTOMAS(FECHA_INICIO, ID_SINTOMA, ID_PERSONA, ID_FICHA_MEDICA) VALUES
                            (TO_DATE('2020-04-14','YYYY-MM-DD'), 6, '00411', 411);
INSERT INTO EX.PERSONA(DOC_IDENTIDAD, NOMBRE, NOMBRE1, APELLIDO, APELLIDO1, FECHA_NAC, GENERO, FOTO) VALUES
                  ('00412', 'Gregory', 'Mary', 'Smith', 'Luna', TO_DATE('1979-07-10','YYYY-MM-DD'), 'm', NULL);
INSERT INTO EX.HISTORICO_RESIDENCIA(FECHA_INICIO, ID_LUGAR, ID_PERSONA, FECHA_FIN) VALUES
                  (TO_DATE('1999-05-27','YYYY-MM-DD'), 18, '00412', NULL);
INSERT INTO EX.FICHA_MEDICA(ID, ID_PERSONA, ID_CENTRO_SALUD, ID_LUGAR, ESTADO, FECHA_INFECCION, FECHA_RECUPERACION) VALUES
                                             (412, '00412', 3, 18, 'desconido', NULL, NULL);
INSERT INTO EX.SINTOMAS(FECHA_INICIO, ID_SINTOMA, ID_PERSONA, ID_FICHA_MEDICA) VALUES
                            (TO_DATE('2020-06-28','YYYY-MM-DD'), 1, '00412', 412);
INSERT INTO EX.SINTOMAS(FECHA_INICIO, ID_SINTOMA, ID_PERSONA, ID_FICHA_MEDICA) VALUES
                            (TO_DATE('2020-04-09','YYYY-MM-DD'), 2, '00412', 412);
INSERT INTO EX.PERSONA(DOC_IDENTIDAD, NOMBRE, NOMBRE1, APELLIDO, APELLIDO1, FECHA_NAC, GENERO, FOTO) VALUES
                  ('00413', 'Justin', 'Craig', 'Houston', 'Washington', TO_DATE('2018-06-03','YYYY-MM-DD'), 'f', NULL);
INSERT INTO EX.HISTORICO_RESIDENCIA(FECHA_INICIO, ID_LUGAR, ID_PERSONA, FECHA_FIN) VALUES
                  (TO_DATE('1980-05-21','YYYY-MM-DD'), 33, '00413', NULL);
INSERT INTO EX.FICHA_MEDICA(ID, ID_PERSONA, ID_CENTRO_SALUD, ID_LUGAR, ESTADO, FECHA_INFECCION, FECHA_RECUPERACION) VALUES
                                             (413, '00413', 18, 33, 'desconido', NULL, NULL);
INSERT INTO EX.PERSONA(DOC_IDENTIDAD, NOMBRE, NOMBRE1, APELLIDO, APELLIDO1, FECHA_NAC, GENERO, FOTO) VALUES
                  ('00414', 'Jessica', 'Jamie', 'Gomez', 'Diaz', TO_DATE('2018-10-04','YYYY-MM-DD'), 'm', NULL);
INSERT INTO EX.HISTORICO_RESIDENCIA(FECHA_INICIO, ID_LUGAR, ID_PERSONA, FECHA_FIN) VALUES
                  (TO_DATE('2003-09-03','YYYY-MM-DD'), 28, '00414', NULL);
INSERT INTO EX.FICHA_MEDICA(ID, ID_PERSONA, ID_CENTRO_SALUD, ID_LUGAR, ESTADO, FECHA_INFECCION, FECHA_RECUPERACION) VALUES
                                             (414, '00414', 13, 28, 'desconido', NULL, NULL);
INSERT INTO EX.PADECIMIENTOS(ID_PATOLOGIA, ID_PERSONA, ID_FICHA_MEDICA) VALUES
                            (1, '00414', 414);
INSERT INTO EX.PADECIMIENTOS(ID_PATOLOGIA, ID_PERSONA, ID_FICHA_MEDICA) VALUES
                            (2, '00414', 414);
INSERT INTO EX.PADECIMIENTOS(ID_PATOLOGIA, ID_PERSONA, ID_FICHA_MEDICA) VALUES
                            (3, '00414', 414);
INSERT INTO EX.PADECIMIENTOS(ID_PATOLOGIA, ID_PERSONA, ID_FICHA_MEDICA) VALUES
                            (4, '00414', 414);
INSERT INTO EX.PADECIMIENTOS(ID_PATOLOGIA, ID_PERSONA, ID_FICHA_MEDICA) VALUES
                            (5, '00414', 414);
INSERT INTO EX.PADECIMIENTOS(ID_PATOLOGIA, ID_PERSONA, ID_FICHA_MEDICA) VALUES
                            (6, '00414', 414);
INSERT INTO EX.PADECIMIENTOS(ID_PATOLOGIA, ID_PERSONA, ID_FICHA_MEDICA) VALUES
                            (7, '00414', 414);
INSERT INTO EX.PADECIMIENTOS(ID_PATOLOGIA, ID_PERSONA, ID_FICHA_MEDICA) VALUES
                            (8, '00414', 414);
INSERT INTO EX.PADECIMIENTOS(ID_PATOLOGIA, ID_PERSONA, ID_FICHA_MEDICA) VALUES
                            (9, '00414', 414);
INSERT INTO EX.PERSONA(DOC_IDENTIDAD, NOMBRE, NOMBRE1, APELLIDO, APELLIDO1, FECHA_NAC, GENERO, FOTO) VALUES
                  ('00415', 'Robert', 'Kenneth', 'Ward', 'Cohen', TO_DATE('1979-03-13','YYYY-MM-DD'), 'f', NULL);
INSERT INTO EX.HISTORICO_RESIDENCIA(FECHA_INICIO, ID_LUGAR, ID_PERSONA, FECHA_FIN) VALUES
                  (TO_DATE('1995-06-24','YYYY-MM-DD'), 35, '00415', NULL);
INSERT INTO EX.FICHA_MEDICA(ID, ID_PERSONA, ID_CENTRO_SALUD, ID_LUGAR, ESTADO, FECHA_INFECCION, FECHA_RECUPERACION) VALUES
                                             (415, '00415', 20, 35, 'desconido', NULL, NULL);
INSERT INTO EX.PADECIMIENTOS(ID_PATOLOGIA, ID_PERSONA, ID_FICHA_MEDICA) VALUES
                            (1, '00415', 415);
INSERT INTO EX.PERSONA(DOC_IDENTIDAD, NOMBRE, NOMBRE1, APELLIDO, APELLIDO1, FECHA_NAC, GENERO, FOTO) VALUES
                  ('00416', 'Sean', 'Heather', 'Perez', 'Phelps', TO_DATE('2006-01-04','YYYY-MM-DD'), 'm', NULL);
INSERT INTO EX.HISTORICO_RESIDENCIA(FECHA_INICIO, ID_LUGAR, ID_PERSONA, FECHA_FIN) VALUES
                  (TO_DATE('2002-05-27','YYYY-MM-DD'), 40, '00416', NULL);
INSERT INTO EX.FICHA_MEDICA(ID, ID_PERSONA, ID_CENTRO_SALUD, ID_LUGAR, ESTADO, FECHA_INFECCION, FECHA_RECUPERACION) VALUES
                                             (416, '00416', 25, 40, 'desconido', NULL, NULL);
INSERT INTO EX.PERSONA(DOC_IDENTIDAD, NOMBRE, NOMBRE1, APELLIDO, APELLIDO1, FECHA_NAC, GENERO, FOTO) VALUES
                  ('00417', 'Joseph', 'Andrew', 'Perez', 'Pineda', TO_DATE('2018-12-11','YYYY-MM-DD'), 'f', NULL);
INSERT INTO EX.HISTORICO_RESIDENCIA(FECHA_INICIO, ID_LUGAR, ID_PERSONA, FECHA_FIN) VALUES
                  (TO_DATE('1972-09-24','YYYY-MM-DD'), 20, '00417', NULL);
INSERT INTO EX.FICHA_MEDICA(ID, ID_PERSONA, ID_CENTRO_SALUD, ID_LUGAR, ESTADO, FECHA_INFECCION, FECHA_RECUPERACION) VALUES
                                             (417, '00417', 5, 20, 'desconido', NULL, NULL);
INSERT INTO EX.PADECIMIENTOS(ID_PATOLOGIA, ID_PERSONA, ID_FICHA_MEDICA) VALUES
                            (1, '00417', 417);
INSERT INTO EX.PADECIMIENTOS(ID_PATOLOGIA, ID_PERSONA, ID_FICHA_MEDICA) VALUES
                            (2, '00417', 417);
INSERT INTO EX.PADECIMIENTOS(ID_PATOLOGIA, ID_PERSONA, ID_FICHA_MEDICA) VALUES
                            (3, '00417', 417);
INSERT INTO EX.PADECIMIENTOS(ID_PATOLOGIA, ID_PERSONA, ID_FICHA_MEDICA) VALUES
                            (4, '00417', 417);
INSERT INTO EX.PERSONA(DOC_IDENTIDAD, NOMBRE, NOMBRE1, APELLIDO, APELLIDO1, FECHA_NAC, GENERO, FOTO) VALUES
                  ('00418', 'Elizabeth', 'Ryan', 'Fisher', 'Williams', TO_DATE('1982-05-10','YYYY-MM-DD'), 'm', NULL);
INSERT INTO EX.HISTORICO_RESIDENCIA(FECHA_INICIO, ID_LUGAR, ID_PERSONA, FECHA_FIN) VALUES
                  (TO_DATE('1976-01-26','YYYY-MM-DD'), 38, '00418', NULL);
INSERT INTO EX.FICHA_MEDICA(ID, ID_PERSONA, ID_CENTRO_SALUD, ID_LUGAR, ESTADO, FECHA_INFECCION, FECHA_RECUPERACION) VALUES
                                             (418, '00418', 23, 38, 'desconido', NULL, NULL);
INSERT INTO EX.PADECIMIENTOS(ID_PATOLOGIA, ID_PERSONA, ID_FICHA_MEDICA) VALUES
                            (1, '00418', 418);
INSERT INTO EX.PADECIMIENTOS(ID_PATOLOGIA, ID_PERSONA, ID_FICHA_MEDICA) VALUES
                            (2, '00418', 418);
INSERT INTO EX.PADECIMIENTOS(ID_PATOLOGIA, ID_PERSONA, ID_FICHA_MEDICA) VALUES
                            (3, '00418', 418);
INSERT INTO EX.PADECIMIENTOS(ID_PATOLOGIA, ID_PERSONA, ID_FICHA_MEDICA) VALUES
                            (4, '00418', 418);
INSERT INTO EX.PADECIMIENTOS(ID_PATOLOGIA, ID_PERSONA, ID_FICHA_MEDICA) VALUES
                            (5, '00418', 418);
INSERT INTO EX.PADECIMIENTOS(ID_PATOLOGIA, ID_PERSONA, ID_FICHA_MEDICA) VALUES
                            (6, '00418', 418);
INSERT INTO EX.PADECIMIENTOS(ID_PATOLOGIA, ID_PERSONA, ID_FICHA_MEDICA) VALUES
                            (7, '00418', 418);
INSERT INTO EX.PADECIMIENTOS(ID_PATOLOGIA, ID_PERSONA, ID_FICHA_MEDICA) VALUES
                            (8, '00418', 418);
INSERT INTO EX.PERSONA(DOC_IDENTIDAD, NOMBRE, NOMBRE1, APELLIDO, APELLIDO1, FECHA_NAC, GENERO, FOTO) VALUES
                  ('00419', 'Lori', 'Christopher', 'Ellison', 'Velez', TO_DATE('1983-10-19','YYYY-MM-DD'), 'f', NULL);
INSERT INTO EX.HISTORICO_RESIDENCIA(FECHA_INICIO, ID_LUGAR, ID_PERSONA, FECHA_FIN) VALUES
                  (TO_DATE('1970-05-08','YYYY-MM-DD'), 27, '00419', NULL);
INSERT INTO EX.FICHA_MEDICA(ID, ID_PERSONA, ID_CENTRO_SALUD, ID_LUGAR, ESTADO, FECHA_INFECCION, FECHA_RECUPERACION) VALUES
                                             (419, '00419', 12, 27, 'desconido', NULL, NULL);
INSERT INTO EX.PADECIMIENTOS(ID_PATOLOGIA, ID_PERSONA, ID_FICHA_MEDICA) VALUES
                            (1, '00419', 419);
INSERT INTO EX.PADECIMIENTOS(ID_PATOLOGIA, ID_PERSONA, ID_FICHA_MEDICA) VALUES
                            (2, '00419', 419);
INSERT INTO EX.PADECIMIENTOS(ID_PATOLOGIA, ID_PERSONA, ID_FICHA_MEDICA) VALUES
                            (3, '00419', 419);
INSERT INTO EX.PERSONA(DOC_IDENTIDAD, NOMBRE, NOMBRE1, APELLIDO, APELLIDO1, FECHA_NAC, GENERO, FOTO) VALUES
                  ('00420', 'Ronald', 'Joseph', 'Bell', 'Bennett', TO_DATE('2001-02-28','YYYY-MM-DD'), 'm', NULL);
INSERT INTO EX.HISTORICO_RESIDENCIA(FECHA_INICIO, ID_LUGAR, ID_PERSONA, FECHA_FIN) VALUES
                  (TO_DATE('2017-04-27','YYYY-MM-DD'), 31, '00420', NULL);
INSERT INTO EX.FICHA_MEDICA(ID, ID_PERSONA, ID_CENTRO_SALUD, ID_LUGAR, ESTADO, FECHA_INFECCION, FECHA_RECUPERACION) VALUES
                                             (420, '00420', 16, 31, 'desconido', NULL, NULL);
INSERT INTO EX.PERSONA(DOC_IDENTIDAD, NOMBRE, NOMBRE1, APELLIDO, APELLIDO1, FECHA_NAC, GENERO, FOTO) VALUES
                  ('00421', 'Kristen', 'Sean', 'Mathis', 'Morton', TO_DATE('2007-10-05','YYYY-MM-DD'), 'f', NULL);
INSERT INTO EX.HISTORICO_RESIDENCIA(FECHA_INICIO, ID_LUGAR, ID_PERSONA, FECHA_FIN) VALUES
                  (TO_DATE('1977-12-24','YYYY-MM-DD'), 25, '00421', NULL);
INSERT INTO EX.FICHA_MEDICA(ID, ID_PERSONA, ID_CENTRO_SALUD, ID_LUGAR, ESTADO, FECHA_INFECCION, FECHA_RECUPERACION) VALUES
                                             (421, '00421', 10, 25, 'desconido', NULL, NULL);
INSERT INTO EX.PADECIMIENTOS(ID_PATOLOGIA, ID_PERSONA, ID_FICHA_MEDICA) VALUES
                            (1, '00421', 421);
INSERT INTO EX.PADECIMIENTOS(ID_PATOLOGIA, ID_PERSONA, ID_FICHA_MEDICA) VALUES
                            (2, '00421', 421);
INSERT INTO EX.PADECIMIENTOS(ID_PATOLOGIA, ID_PERSONA, ID_FICHA_MEDICA) VALUES
                            (3, '00421', 421);
INSERT INTO EX.PADECIMIENTOS(ID_PATOLOGIA, ID_PERSONA, ID_FICHA_MEDICA) VALUES
                            (4, '00421', 421);
INSERT INTO EX.PADECIMIENTOS(ID_PATOLOGIA, ID_PERSONA, ID_FICHA_MEDICA) VALUES
                            (5, '00421', 421);
INSERT INTO EX.PADECIMIENTOS(ID_PATOLOGIA, ID_PERSONA, ID_FICHA_MEDICA) VALUES
                            (6, '00421', 421);
INSERT INTO EX.PADECIMIENTOS(ID_PATOLOGIA, ID_PERSONA, ID_FICHA_MEDICA) VALUES
                            (7, '00421', 421);
INSERT INTO EX.PADECIMIENTOS(ID_PATOLOGIA, ID_PERSONA, ID_FICHA_MEDICA) VALUES
                            (8, '00421', 421);
INSERT INTO EX.PADECIMIENTOS(ID_PATOLOGIA, ID_PERSONA, ID_FICHA_MEDICA) VALUES
                            (9, '00421', 421);
INSERT INTO EX.PADECIMIENTOS(ID_PATOLOGIA, ID_PERSONA, ID_FICHA_MEDICA) VALUES
                            (10, '00421', 421);
INSERT INTO EX.PADECIMIENTOS(ID_PATOLOGIA, ID_PERSONA, ID_FICHA_MEDICA) VALUES
                            (11, '00421', 421);
INSERT INTO EX.PADECIMIENTOS(ID_PATOLOGIA, ID_PERSONA, ID_FICHA_MEDICA) VALUES
                            (12, '00421', 421);
INSERT INTO EX.PADECIMIENTOS(ID_PATOLOGIA, ID_PERSONA, ID_FICHA_MEDICA) VALUES
                            (13, '00421', 421);
INSERT INTO EX.SINTOMAS(FECHA_INICIO, ID_SINTOMA, ID_PERSONA, ID_FICHA_MEDICA) VALUES
                            (TO_DATE('2020-05-08','YYYY-MM-DD'), 1, '00421', 421);
INSERT INTO EX.SINTOMAS(FECHA_INICIO, ID_SINTOMA, ID_PERSONA, ID_FICHA_MEDICA) VALUES
                            (TO_DATE('2020-03-13','YYYY-MM-DD'), 2, '00421', 421);
INSERT INTO EX.SINTOMAS(FECHA_INICIO, ID_SINTOMA, ID_PERSONA, ID_FICHA_MEDICA) VALUES
                            (TO_DATE('2020-06-06','YYYY-MM-DD'), 3, '00421', 421);
INSERT INTO EX.SINTOMAS(FECHA_INICIO, ID_SINTOMA, ID_PERSONA, ID_FICHA_MEDICA) VALUES
                            (TO_DATE('2020-01-10','YYYY-MM-DD'), 4, '00421', 421);
INSERT INTO EX.SINTOMAS(FECHA_INICIO, ID_SINTOMA, ID_PERSONA, ID_FICHA_MEDICA) VALUES
                            (TO_DATE('2020-04-29','YYYY-MM-DD'), 5, '00421', 421);
INSERT INTO EX.SINTOMAS(FECHA_INICIO, ID_SINTOMA, ID_PERSONA, ID_FICHA_MEDICA) VALUES
                            (TO_DATE('2020-03-24','YYYY-MM-DD'), 6, '00421', 421);
INSERT INTO EX.SINTOMAS(FECHA_INICIO, ID_SINTOMA, ID_PERSONA, ID_FICHA_MEDICA) VALUES
                            (TO_DATE('2020-01-21','YYYY-MM-DD'), 7, '00421', 421);
INSERT INTO EX.SINTOMAS(FECHA_INICIO, ID_SINTOMA, ID_PERSONA, ID_FICHA_MEDICA) VALUES
                            (TO_DATE('2020-02-21','YYYY-MM-DD'), 8, '00421', 421);
INSERT INTO EX.SINTOMAS(FECHA_INICIO, ID_SINTOMA, ID_PERSONA, ID_FICHA_MEDICA) VALUES
                            (TO_DATE('2020-06-16','YYYY-MM-DD'), 9, '00421', 421);
INSERT INTO EX.SINTOMAS(FECHA_INICIO, ID_SINTOMA, ID_PERSONA, ID_FICHA_MEDICA) VALUES
                            (TO_DATE('2020-03-22','YYYY-MM-DD'), 10, '00421', 421);
INSERT INTO EX.SINTOMAS(FECHA_INICIO, ID_SINTOMA, ID_PERSONA, ID_FICHA_MEDICA) VALUES
                            (TO_DATE('2020-02-01','YYYY-MM-DD'), 11, '00421', 421);
INSERT INTO EX.SINTOMAS(FECHA_INICIO, ID_SINTOMA, ID_PERSONA, ID_FICHA_MEDICA) VALUES
                            (TO_DATE('2020-02-04','YYYY-MM-DD'), 12, '00421', 421);
INSERT INTO EX.SINTOMAS(FECHA_INICIO, ID_SINTOMA, ID_PERSONA, ID_FICHA_MEDICA) VALUES
                            (TO_DATE('2020-01-22','YYYY-MM-DD'), 13, '00421', 421);
INSERT INTO EX.SINTOMAS(FECHA_INICIO, ID_SINTOMA, ID_PERSONA, ID_FICHA_MEDICA) VALUES
                            (TO_DATE('2020-01-29','YYYY-MM-DD'), 14, '00421', 421);
INSERT INTO EX.SINTOMAS(FECHA_INICIO, ID_SINTOMA, ID_PERSONA, ID_FICHA_MEDICA) VALUES
                            (TO_DATE('2020-06-08','YYYY-MM-DD'), 15, '00421', 421);
INSERT INTO EX.SINTOMAS(FECHA_INICIO, ID_SINTOMA, ID_PERSONA, ID_FICHA_MEDICA) VALUES
                            (TO_DATE('2020-01-15','YYYY-MM-DD'), 16, '00421', 421);
INSERT INTO EX.PERSONA(DOC_IDENTIDAD, NOMBRE, NOMBRE1, APELLIDO, APELLIDO1, FECHA_NAC, GENERO, FOTO) VALUES
                  ('00422', 'Amanda', 'Daniel', 'Walsh', 'Gonzales', TO_DATE('1975-09-25','YYYY-MM-DD'), 'm', NULL);
INSERT INTO EX.HISTORICO_RESIDENCIA(FECHA_INICIO, ID_LUGAR, ID_PERSONA, FECHA_FIN) VALUES
                  (TO_DATE('1980-03-25','YYYY-MM-DD'), 27, '00422', NULL);
INSERT INTO EX.FICHA_MEDICA(ID, ID_PERSONA, ID_CENTRO_SALUD, ID_LUGAR, ESTADO, FECHA_INFECCION, FECHA_RECUPERACION) VALUES
                                             (422, '00422', 12, 27, 'desconido', NULL, NULL);
INSERT INTO EX.SINTOMAS(FECHA_INICIO, ID_SINTOMA, ID_PERSONA, ID_FICHA_MEDICA) VALUES
                            (TO_DATE('2020-06-18','YYYY-MM-DD'), 1, '00422', 422);
INSERT INTO EX.SINTOMAS(FECHA_INICIO, ID_SINTOMA, ID_PERSONA, ID_FICHA_MEDICA) VALUES
                            (TO_DATE('2020-03-13','YYYY-MM-DD'), 2, '00422', 422);
INSERT INTO EX.SINTOMAS(FECHA_INICIO, ID_SINTOMA, ID_PERSONA, ID_FICHA_MEDICA) VALUES
                            (TO_DATE('2020-05-02','YYYY-MM-DD'), 3, '00422', 422);
INSERT INTO EX.SINTOMAS(FECHA_INICIO, ID_SINTOMA, ID_PERSONA, ID_FICHA_MEDICA) VALUES
                            (TO_DATE('2020-03-14','YYYY-MM-DD'), 4, '00422', 422);
INSERT INTO EX.SINTOMAS(FECHA_INICIO, ID_SINTOMA, ID_PERSONA, ID_FICHA_MEDICA) VALUES
                            (TO_DATE('2020-03-20','YYYY-MM-DD'), 5, '00422', 422);
INSERT INTO EX.SINTOMAS(FECHA_INICIO, ID_SINTOMA, ID_PERSONA, ID_FICHA_MEDICA) VALUES
                            (TO_DATE('2020-06-15','YYYY-MM-DD'), 6, '00422', 422);
INSERT INTO EX.SINTOMAS(FECHA_INICIO, ID_SINTOMA, ID_PERSONA, ID_FICHA_MEDICA) VALUES
                            (TO_DATE('2020-03-18','YYYY-MM-DD'), 7, '00422', 422);
INSERT INTO EX.SINTOMAS(FECHA_INICIO, ID_SINTOMA, ID_PERSONA, ID_FICHA_MEDICA) VALUES
                            (TO_DATE('2020-03-21','YYYY-MM-DD'), 8, '00422', 422);
INSERT INTO EX.PERSONA(DOC_IDENTIDAD, NOMBRE, NOMBRE1, APELLIDO, APELLIDO1, FECHA_NAC, GENERO, FOTO) VALUES
                  ('00423', 'Alexis', 'Daniel', 'Allen', 'Tucker', TO_DATE('1976-09-08','YYYY-MM-DD'), 'f', NULL);
INSERT INTO EX.HISTORICO_RESIDENCIA(FECHA_INICIO, ID_LUGAR, ID_PERSONA, FECHA_FIN) VALUES
                  (TO_DATE('1999-06-02','YYYY-MM-DD'), 35, '00423', NULL);
INSERT INTO EX.FICHA_MEDICA(ID, ID_PERSONA, ID_CENTRO_SALUD, ID_LUGAR, ESTADO, FECHA_INFECCION, FECHA_RECUPERACION) VALUES
                                             (423, '00423', 20, 35, 'desconido', NULL, NULL);
INSERT INTO EX.SINTOMAS(FECHA_INICIO, ID_SINTOMA, ID_PERSONA, ID_FICHA_MEDICA) VALUES
                            (TO_DATE('2020-05-28','YYYY-MM-DD'), 1, '00423', 423);
INSERT INTO EX.SINTOMAS(FECHA_INICIO, ID_SINTOMA, ID_PERSONA, ID_FICHA_MEDICA) VALUES
                            (TO_DATE('2020-02-06','YYYY-MM-DD'), 2, '00423', 423);
INSERT INTO EX.SINTOMAS(FECHA_INICIO, ID_SINTOMA, ID_PERSONA, ID_FICHA_MEDICA) VALUES
                            (TO_DATE('2020-06-24','YYYY-MM-DD'), 3, '00423', 423);
INSERT INTO EX.SINTOMAS(FECHA_INICIO, ID_SINTOMA, ID_PERSONA, ID_FICHA_MEDICA) VALUES
                            (TO_DATE('2020-04-10','YYYY-MM-DD'), 4, '00423', 423);
INSERT INTO EX.SINTOMAS(FECHA_INICIO, ID_SINTOMA, ID_PERSONA, ID_FICHA_MEDICA) VALUES
                            (TO_DATE('2020-04-02','YYYY-MM-DD'), 5, '00423', 423);
INSERT INTO EX.SINTOMAS(FECHA_INICIO, ID_SINTOMA, ID_PERSONA, ID_FICHA_MEDICA) VALUES
                            (TO_DATE('2020-01-02','YYYY-MM-DD'), 6, '00423', 423);
INSERT INTO EX.SINTOMAS(FECHA_INICIO, ID_SINTOMA, ID_PERSONA, ID_FICHA_MEDICA) VALUES
                            (TO_DATE('2020-05-13','YYYY-MM-DD'), 7, '00423', 423);
INSERT INTO EX.SINTOMAS(FECHA_INICIO, ID_SINTOMA, ID_PERSONA, ID_FICHA_MEDICA) VALUES
                            (TO_DATE('2020-03-13','YYYY-MM-DD'), 8, '00423', 423);
INSERT INTO EX.SINTOMAS(FECHA_INICIO, ID_SINTOMA, ID_PERSONA, ID_FICHA_MEDICA) VALUES
                            (TO_DATE('2020-03-25','YYYY-MM-DD'), 9, '00423', 423);
INSERT INTO EX.SINTOMAS(FECHA_INICIO, ID_SINTOMA, ID_PERSONA, ID_FICHA_MEDICA) VALUES
                            (TO_DATE('2020-05-20','YYYY-MM-DD'), 10, '00423', 423);
INSERT INTO EX.SINTOMAS(FECHA_INICIO, ID_SINTOMA, ID_PERSONA, ID_FICHA_MEDICA) VALUES
                            (TO_DATE('2020-01-31','YYYY-MM-DD'), 11, '00423', 423);
INSERT INTO EX.SINTOMAS(FECHA_INICIO, ID_SINTOMA, ID_PERSONA, ID_FICHA_MEDICA) VALUES
                            (TO_DATE('2020-03-03','YYYY-MM-DD'), 12, '00423', 423);
INSERT INTO EX.SINTOMAS(FECHA_INICIO, ID_SINTOMA, ID_PERSONA, ID_FICHA_MEDICA) VALUES
                            (TO_DATE('2020-06-18','YYYY-MM-DD'), 13, '00423', 423);
INSERT INTO EX.SINTOMAS(FECHA_INICIO, ID_SINTOMA, ID_PERSONA, ID_FICHA_MEDICA) VALUES
                            (TO_DATE('2020-06-09','YYYY-MM-DD'), 14, '00423', 423);
INSERT INTO EX.SINTOMAS(FECHA_INICIO, ID_SINTOMA, ID_PERSONA, ID_FICHA_MEDICA) VALUES
                            (TO_DATE('2020-05-07','YYYY-MM-DD'), 15, '00423', 423);
INSERT INTO EX.SINTOMAS(FECHA_INICIO, ID_SINTOMA, ID_PERSONA, ID_FICHA_MEDICA) VALUES
                            (TO_DATE('2020-01-04','YYYY-MM-DD'), 16, '00423', 423);
INSERT INTO EX.SINTOMAS(FECHA_INICIO, ID_SINTOMA, ID_PERSONA, ID_FICHA_MEDICA) VALUES
                            (TO_DATE('2020-02-04','YYYY-MM-DD'), 17, '00423', 423);
INSERT INTO EX.SINTOMAS(FECHA_INICIO, ID_SINTOMA, ID_PERSONA, ID_FICHA_MEDICA) VALUES
                            (TO_DATE('2020-03-09','YYYY-MM-DD'), 18, '00423', 423);
INSERT INTO EX.PERSONA(DOC_IDENTIDAD, NOMBRE, NOMBRE1, APELLIDO, APELLIDO1, FECHA_NAC, GENERO, FOTO) VALUES
                  ('00424', 'John', 'Richard', 'Fleming', 'Brooks', TO_DATE('1987-10-03','YYYY-MM-DD'), 'm', NULL);
INSERT INTO EX.HISTORICO_RESIDENCIA(FECHA_INICIO, ID_LUGAR, ID_PERSONA, FECHA_FIN) VALUES
                  (TO_DATE('2013-03-14','YYYY-MM-DD'), 32, '00424', NULL);
INSERT INTO EX.FICHA_MEDICA(ID, ID_PERSONA, ID_CENTRO_SALUD, ID_LUGAR, ESTADO, FECHA_INFECCION, FECHA_RECUPERACION) VALUES
                                             (424, '00424', 17, 32, 'desconido', NULL, NULL);
INSERT INTO EX.SINTOMAS(FECHA_INICIO, ID_SINTOMA, ID_PERSONA, ID_FICHA_MEDICA) VALUES
                            (TO_DATE('2020-06-16','YYYY-MM-DD'), 1, '00424', 424);
INSERT INTO EX.SINTOMAS(FECHA_INICIO, ID_SINTOMA, ID_PERSONA, ID_FICHA_MEDICA) VALUES
                            (TO_DATE('2020-06-14','YYYY-MM-DD'), 2, '00424', 424);
INSERT INTO EX.SINTOMAS(FECHA_INICIO, ID_SINTOMA, ID_PERSONA, ID_FICHA_MEDICA) VALUES
                            (TO_DATE('2020-05-06','YYYY-MM-DD'), 3, '00424', 424);
INSERT INTO EX.SINTOMAS(FECHA_INICIO, ID_SINTOMA, ID_PERSONA, ID_FICHA_MEDICA) VALUES
                            (TO_DATE('2020-03-05','YYYY-MM-DD'), 4, '00424', 424);
INSERT INTO EX.SINTOMAS(FECHA_INICIO, ID_SINTOMA, ID_PERSONA, ID_FICHA_MEDICA) VALUES
                            (TO_DATE('2020-05-05','YYYY-MM-DD'), 5, '00424', 424);
INSERT INTO EX.SINTOMAS(FECHA_INICIO, ID_SINTOMA, ID_PERSONA, ID_FICHA_MEDICA) VALUES
                            (TO_DATE('2020-01-22','YYYY-MM-DD'), 6, '00424', 424);
INSERT INTO EX.SINTOMAS(FECHA_INICIO, ID_SINTOMA, ID_PERSONA, ID_FICHA_MEDICA) VALUES
                            (TO_DATE('2020-06-14','YYYY-MM-DD'), 7, '00424', 424);
INSERT INTO EX.SINTOMAS(FECHA_INICIO, ID_SINTOMA, ID_PERSONA, ID_FICHA_MEDICA) VALUES
                            (TO_DATE('2020-01-02','YYYY-MM-DD'), 8, '00424', 424);
INSERT INTO EX.SINTOMAS(FECHA_INICIO, ID_SINTOMA, ID_PERSONA, ID_FICHA_MEDICA) VALUES
                            (TO_DATE('2020-01-22','YYYY-MM-DD'), 9, '00424', 424);
INSERT INTO EX.SINTOMAS(FECHA_INICIO, ID_SINTOMA, ID_PERSONA, ID_FICHA_MEDICA) VALUES
                            (TO_DATE('2020-06-11','YYYY-MM-DD'), 10, '00424', 424);
INSERT INTO EX.SINTOMAS(FECHA_INICIO, ID_SINTOMA, ID_PERSONA, ID_FICHA_MEDICA) VALUES
                            (TO_DATE('2020-05-09','YYYY-MM-DD'), 11, '00424', 424);
INSERT INTO EX.SINTOMAS(FECHA_INICIO, ID_SINTOMA, ID_PERSONA, ID_FICHA_MEDICA) VALUES
                            (TO_DATE('2020-01-05','YYYY-MM-DD'), 12, '00424', 424);
INSERT INTO EX.SINTOMAS(FECHA_INICIO, ID_SINTOMA, ID_PERSONA, ID_FICHA_MEDICA) VALUES
                            (TO_DATE('2020-03-23','YYYY-MM-DD'), 13, '00424', 424);
INSERT INTO EX.PERSONA(DOC_IDENTIDAD, NOMBRE, NOMBRE1, APELLIDO, APELLIDO1, FECHA_NAC, GENERO, FOTO) VALUES
                  ('00425', 'Charles', 'Bonnie', 'Wheeler', 'Moore', TO_DATE('1978-08-01','YYYY-MM-DD'), 'f', NULL);
INSERT INTO EX.HISTORICO_RESIDENCIA(FECHA_INICIO, ID_LUGAR, ID_PERSONA, FECHA_FIN) VALUES
                  (TO_DATE('1979-04-24','YYYY-MM-DD'), 33, '00425', NULL);
INSERT INTO EX.FICHA_MEDICA(ID, ID_PERSONA, ID_CENTRO_SALUD, ID_LUGAR, ESTADO, FECHA_INFECCION, FECHA_RECUPERACION) VALUES
                                             (425, '00425', 18, 33, 'desconido', NULL, NULL);
INSERT INTO EX.PADECIMIENTOS(ID_PATOLOGIA, ID_PERSONA, ID_FICHA_MEDICA) VALUES
                            (1, '00425', 425);
INSERT INTO EX.PADECIMIENTOS(ID_PATOLOGIA, ID_PERSONA, ID_FICHA_MEDICA) VALUES
                            (2, '00425', 425);
INSERT INTO EX.PADECIMIENTOS(ID_PATOLOGIA, ID_PERSONA, ID_FICHA_MEDICA) VALUES
                            (3, '00425', 425);
INSERT INTO EX.PADECIMIENTOS(ID_PATOLOGIA, ID_PERSONA, ID_FICHA_MEDICA) VALUES
                            (4, '00425', 425);
INSERT INTO EX.PADECIMIENTOS(ID_PATOLOGIA, ID_PERSONA, ID_FICHA_MEDICA) VALUES
                            (5, '00425', 425);
INSERT INTO EX.PADECIMIENTOS(ID_PATOLOGIA, ID_PERSONA, ID_FICHA_MEDICA) VALUES
                            (6, '00425', 425);
INSERT INTO EX.PADECIMIENTOS(ID_PATOLOGIA, ID_PERSONA, ID_FICHA_MEDICA) VALUES
                            (7, '00425', 425);
INSERT INTO EX.PADECIMIENTOS(ID_PATOLOGIA, ID_PERSONA, ID_FICHA_MEDICA) VALUES
                            (8, '00425', 425);
INSERT INTO EX.PADECIMIENTOS(ID_PATOLOGIA, ID_PERSONA, ID_FICHA_MEDICA) VALUES
                            (9, '00425', 425);
INSERT INTO EX.PADECIMIENTOS(ID_PATOLOGIA, ID_PERSONA, ID_FICHA_MEDICA) VALUES
                            (10, '00425', 425);
INSERT INTO EX.PADECIMIENTOS(ID_PATOLOGIA, ID_PERSONA, ID_FICHA_MEDICA) VALUES
                            (11, '00425', 425);
INSERT INTO EX.PADECIMIENTOS(ID_PATOLOGIA, ID_PERSONA, ID_FICHA_MEDICA) VALUES
                            (12, '00425', 425);
INSERT INTO EX.PADECIMIENTOS(ID_PATOLOGIA, ID_PERSONA, ID_FICHA_MEDICA) VALUES
                            (13, '00425', 425);
INSERT INTO EX.SINTOMAS(FECHA_INICIO, ID_SINTOMA, ID_PERSONA, ID_FICHA_MEDICA) VALUES
                            (TO_DATE('2020-04-21','YYYY-MM-DD'), 1, '00425', 425);
INSERT INTO EX.SINTOMAS(FECHA_INICIO, ID_SINTOMA, ID_PERSONA, ID_FICHA_MEDICA) VALUES
                            (TO_DATE('2020-03-15','YYYY-MM-DD'), 2, '00425', 425);
INSERT INTO EX.SINTOMAS(FECHA_INICIO, ID_SINTOMA, ID_PERSONA, ID_FICHA_MEDICA) VALUES
                            (TO_DATE('2020-01-24','YYYY-MM-DD'), 3, '00425', 425);
INSERT INTO EX.SINTOMAS(FECHA_INICIO, ID_SINTOMA, ID_PERSONA, ID_FICHA_MEDICA) VALUES
                            (TO_DATE('2020-01-22','YYYY-MM-DD'), 4, '00425', 425);
INSERT INTO EX.SINTOMAS(FECHA_INICIO, ID_SINTOMA, ID_PERSONA, ID_FICHA_MEDICA) VALUES
                            (TO_DATE('2020-05-11','YYYY-MM-DD'), 5, '00425', 425);
INSERT INTO EX.SINTOMAS(FECHA_INICIO, ID_SINTOMA, ID_PERSONA, ID_FICHA_MEDICA) VALUES
                            (TO_DATE('2020-06-03','YYYY-MM-DD'), 6, '00425', 425);
INSERT INTO EX.SINTOMAS(FECHA_INICIO, ID_SINTOMA, ID_PERSONA, ID_FICHA_MEDICA) VALUES
                            (TO_DATE('2020-01-09','YYYY-MM-DD'), 7, '00425', 425);
INSERT INTO EX.SINTOMAS(FECHA_INICIO, ID_SINTOMA, ID_PERSONA, ID_FICHA_MEDICA) VALUES
                            (TO_DATE('2020-01-29','YYYY-MM-DD'), 8, '00425', 425);
INSERT INTO EX.SINTOMAS(FECHA_INICIO, ID_SINTOMA, ID_PERSONA, ID_FICHA_MEDICA) VALUES
                            (TO_DATE('2020-02-23','YYYY-MM-DD'), 9, '00425', 425);
INSERT INTO EX.SINTOMAS(FECHA_INICIO, ID_SINTOMA, ID_PERSONA, ID_FICHA_MEDICA) VALUES
                            (TO_DATE('2020-05-30','YYYY-MM-DD'), 10, '00425', 425);
INSERT INTO EX.SINTOMAS(FECHA_INICIO, ID_SINTOMA, ID_PERSONA, ID_FICHA_MEDICA) VALUES
                            (TO_DATE('2020-02-18','YYYY-MM-DD'), 11, '00425', 425);
INSERT INTO EX.SINTOMAS(FECHA_INICIO, ID_SINTOMA, ID_PERSONA, ID_FICHA_MEDICA) VALUES
                            (TO_DATE('2020-03-14','YYYY-MM-DD'), 12, '00425', 425);
INSERT INTO EX.SINTOMAS(FECHA_INICIO, ID_SINTOMA, ID_PERSONA, ID_FICHA_MEDICA) VALUES
                            (TO_DATE('2020-05-14','YYYY-MM-DD'), 13, '00425', 425);
INSERT INTO EX.PERSONA(DOC_IDENTIDAD, NOMBRE, NOMBRE1, APELLIDO, APELLIDO1, FECHA_NAC, GENERO, FOTO) VALUES
                  ('00426', 'Holly', 'Ashley', 'Fowler', 'Francis', TO_DATE('2016-10-11','YYYY-MM-DD'), 'm', NULL);
INSERT INTO EX.HISTORICO_RESIDENCIA(FECHA_INICIO, ID_LUGAR, ID_PERSONA, FECHA_FIN) VALUES
                  (TO_DATE('1999-08-24','YYYY-MM-DD'), 35, '00426', NULL);
INSERT INTO EX.FICHA_MEDICA(ID, ID_PERSONA, ID_CENTRO_SALUD, ID_LUGAR, ESTADO, FECHA_INFECCION, FECHA_RECUPERACION) VALUES
                                             (426, '00426', 20, 35, 'desconido', NULL, NULL);
INSERT INTO EX.SINTOMAS(FECHA_INICIO, ID_SINTOMA, ID_PERSONA, ID_FICHA_MEDICA) VALUES
                            (TO_DATE('2020-03-07','YYYY-MM-DD'), 1, '00426', 426);
INSERT INTO EX.SINTOMAS(FECHA_INICIO, ID_SINTOMA, ID_PERSONA, ID_FICHA_MEDICA) VALUES
                            (TO_DATE('2020-03-03','YYYY-MM-DD'), 2, '00426', 426);
INSERT INTO EX.SINTOMAS(FECHA_INICIO, ID_SINTOMA, ID_PERSONA, ID_FICHA_MEDICA) VALUES
                            (TO_DATE('2020-06-23','YYYY-MM-DD'), 3, '00426', 426);
INSERT INTO EX.SINTOMAS(FECHA_INICIO, ID_SINTOMA, ID_PERSONA, ID_FICHA_MEDICA) VALUES
                            (TO_DATE('2020-01-23','YYYY-MM-DD'), 4, '00426', 426);
INSERT INTO EX.SINTOMAS(FECHA_INICIO, ID_SINTOMA, ID_PERSONA, ID_FICHA_MEDICA) VALUES
                            (TO_DATE('2020-06-25','YYYY-MM-DD'), 5, '00426', 426);
INSERT INTO EX.SINTOMAS(FECHA_INICIO, ID_SINTOMA, ID_PERSONA, ID_FICHA_MEDICA) VALUES
                            (TO_DATE('2020-01-10','YYYY-MM-DD'), 6, '00426', 426);
INSERT INTO EX.PERSONA(DOC_IDENTIDAD, NOMBRE, NOMBRE1, APELLIDO, APELLIDO1, FECHA_NAC, GENERO, FOTO) VALUES
                  ('00427', 'Carol', 'Kathy', 'Gray', 'Hughes', TO_DATE('1984-09-20','YYYY-MM-DD'), 'f', NULL);
INSERT INTO EX.HISTORICO_RESIDENCIA(FECHA_INICIO, ID_LUGAR, ID_PERSONA, FECHA_FIN) VALUES
                  (TO_DATE('2011-10-08','YYYY-MM-DD'), 18, '00427', NULL);
INSERT INTO EX.FICHA_MEDICA(ID, ID_PERSONA, ID_CENTRO_SALUD, ID_LUGAR, ESTADO, FECHA_INFECCION, FECHA_RECUPERACION) VALUES
                                             (427, '00427', 3, 18, 'desconido', NULL, NULL);
INSERT INTO EX.PADECIMIENTOS(ID_PATOLOGIA, ID_PERSONA, ID_FICHA_MEDICA) VALUES
                            (1, '00427', 427);
INSERT INTO EX.PADECIMIENTOS(ID_PATOLOGIA, ID_PERSONA, ID_FICHA_MEDICA) VALUES
                            (2, '00427', 427);
INSERT INTO EX.PADECIMIENTOS(ID_PATOLOGIA, ID_PERSONA, ID_FICHA_MEDICA) VALUES
                            (3, '00427', 427);
INSERT INTO EX.PADECIMIENTOS(ID_PATOLOGIA, ID_PERSONA, ID_FICHA_MEDICA) VALUES
                            (4, '00427', 427);
INSERT INTO EX.PADECIMIENTOS(ID_PATOLOGIA, ID_PERSONA, ID_FICHA_MEDICA) VALUES
                            (5, '00427', 427);
INSERT INTO EX.PADECIMIENTOS(ID_PATOLOGIA, ID_PERSONA, ID_FICHA_MEDICA) VALUES
                            (6, '00427', 427);
INSERT INTO EX.PADECIMIENTOS(ID_PATOLOGIA, ID_PERSONA, ID_FICHA_MEDICA) VALUES
                            (7, '00427', 427);
INSERT INTO EX.PADECIMIENTOS(ID_PATOLOGIA, ID_PERSONA, ID_FICHA_MEDICA) VALUES
                            (8, '00427', 427);
INSERT INTO EX.PADECIMIENTOS(ID_PATOLOGIA, ID_PERSONA, ID_FICHA_MEDICA) VALUES
                            (9, '00427', 427);
INSERT INTO EX.PADECIMIENTOS(ID_PATOLOGIA, ID_PERSONA, ID_FICHA_MEDICA) VALUES
                            (10, '00427', 427);
INSERT INTO EX.PERSONA(DOC_IDENTIDAD, NOMBRE, NOMBRE1, APELLIDO, APELLIDO1, FECHA_NAC, GENERO, FOTO) VALUES
                  ('00428', 'Danielle', 'Jeffery', 'Tapia', 'Leonard', TO_DATE('2003-12-16','YYYY-MM-DD'), 'm', NULL);
INSERT INTO EX.HISTORICO_RESIDENCIA(FECHA_INICIO, ID_LUGAR, ID_PERSONA, FECHA_FIN) VALUES
                  (TO_DATE('1982-12-30','YYYY-MM-DD'), 32, '00428', NULL);
INSERT INTO EX.FICHA_MEDICA(ID, ID_PERSONA, ID_CENTRO_SALUD, ID_LUGAR, ESTADO, FECHA_INFECCION, FECHA_RECUPERACION) VALUES
                                             (428, '00428', 17, 32, 'desconido', NULL, NULL);
INSERT INTO EX.PADECIMIENTOS(ID_PATOLOGIA, ID_PERSONA, ID_FICHA_MEDICA) VALUES
                            (1, '00428', 428);
INSERT INTO EX.PADECIMIENTOS(ID_PATOLOGIA, ID_PERSONA, ID_FICHA_MEDICA) VALUES
                            (2, '00428', 428);
INSERT INTO EX.PADECIMIENTOS(ID_PATOLOGIA, ID_PERSONA, ID_FICHA_MEDICA) VALUES
                            (3, '00428', 428);
INSERT INTO EX.PADECIMIENTOS(ID_PATOLOGIA, ID_PERSONA, ID_FICHA_MEDICA) VALUES
                            (4, '00428', 428);
INSERT INTO EX.PADECIMIENTOS(ID_PATOLOGIA, ID_PERSONA, ID_FICHA_MEDICA) VALUES
                            (5, '00428', 428);
INSERT INTO EX.PADECIMIENTOS(ID_PATOLOGIA, ID_PERSONA, ID_FICHA_MEDICA) VALUES
                            (6, '00428', 428);
INSERT INTO EX.PADECIMIENTOS(ID_PATOLOGIA, ID_PERSONA, ID_FICHA_MEDICA) VALUES
                            (7, '00428', 428);
INSERT INTO EX.PADECIMIENTOS(ID_PATOLOGIA, ID_PERSONA, ID_FICHA_MEDICA) VALUES
                            (8, '00428', 428);
INSERT INTO EX.PADECIMIENTOS(ID_PATOLOGIA, ID_PERSONA, ID_FICHA_MEDICA) VALUES
                            (9, '00428', 428);
INSERT INTO EX.PADECIMIENTOS(ID_PATOLOGIA, ID_PERSONA, ID_FICHA_MEDICA) VALUES
                            (10, '00428', 428);
INSERT INTO EX.PADECIMIENTOS(ID_PATOLOGIA, ID_PERSONA, ID_FICHA_MEDICA) VALUES
                            (11, '00428', 428);
INSERT INTO EX.PADECIMIENTOS(ID_PATOLOGIA, ID_PERSONA, ID_FICHA_MEDICA) VALUES
                            (12, '00428', 428);
INSERT INTO EX.PERSONA(DOC_IDENTIDAD, NOMBRE, NOMBRE1, APELLIDO, APELLIDO1, FECHA_NAC, GENERO, FOTO) VALUES
                  ('00429', 'Robert', 'Tristan', 'Patrick', 'Bell', TO_DATE('1982-06-09','YYYY-MM-DD'), 'f', NULL);
INSERT INTO EX.HISTORICO_RESIDENCIA(FECHA_INICIO, ID_LUGAR, ID_PERSONA, FECHA_FIN) VALUES
                  (TO_DATE('1998-01-04','YYYY-MM-DD'), 35, '00429', NULL);
INSERT INTO EX.FICHA_MEDICA(ID, ID_PERSONA, ID_CENTRO_SALUD, ID_LUGAR, ESTADO, FECHA_INFECCION, FECHA_RECUPERACION) VALUES
                                             (429, '00429', 20, 35, 'desconido', NULL, NULL);
INSERT INTO EX.PADECIMIENTOS(ID_PATOLOGIA, ID_PERSONA, ID_FICHA_MEDICA) VALUES
                            (1, '00429', 429);
INSERT INTO EX.PERSONA(DOC_IDENTIDAD, NOMBRE, NOMBRE1, APELLIDO, APELLIDO1, FECHA_NAC, GENERO, FOTO) VALUES
                  ('00430', 'Lisa', 'Tyler', 'Nguyen', 'Williams', TO_DATE('2014-05-09','YYYY-MM-DD'), 'm', NULL);
INSERT INTO EX.HISTORICO_RESIDENCIA(FECHA_INICIO, ID_LUGAR, ID_PERSONA, FECHA_FIN) VALUES
                  (TO_DATE('1980-08-01','YYYY-MM-DD'), 22, '00430', NULL);
INSERT INTO EX.FICHA_MEDICA(ID, ID_PERSONA, ID_CENTRO_SALUD, ID_LUGAR, ESTADO, FECHA_INFECCION, FECHA_RECUPERACION) VALUES
                                             (430, '00430', 7, 22, 'desconido', NULL, NULL);
INSERT INTO EX.PERSONA(DOC_IDENTIDAD, NOMBRE, NOMBRE1, APELLIDO, APELLIDO1, FECHA_NAC, GENERO, FOTO) VALUES
                  ('00431', 'Justin', 'Shannon', 'Pitts', 'Grimes', TO_DATE('1985-01-21','YYYY-MM-DD'), 'f', NULL);
INSERT INTO EX.HISTORICO_RESIDENCIA(FECHA_INICIO, ID_LUGAR, ID_PERSONA, FECHA_FIN) VALUES
                  (TO_DATE('1989-06-30','YYYY-MM-DD'), 23, '00431', NULL);
INSERT INTO EX.FICHA_MEDICA(ID, ID_PERSONA, ID_CENTRO_SALUD, ID_LUGAR, ESTADO, FECHA_INFECCION, FECHA_RECUPERACION) VALUES
                                             (431, '00431', 8, 23, 'desconido', NULL, NULL);
INSERT INTO EX.PERSONA(DOC_IDENTIDAD, NOMBRE, NOMBRE1, APELLIDO, APELLIDO1, FECHA_NAC, GENERO, FOTO) VALUES
                  ('00432', 'Shannon', 'Chelsea', 'Garcia', 'Reed', TO_DATE('1981-07-28','YYYY-MM-DD'), 'm', NULL);
INSERT INTO EX.HISTORICO_RESIDENCIA(FECHA_INICIO, ID_LUGAR, ID_PERSONA, FECHA_FIN) VALUES
                  (TO_DATE('1976-04-24','YYYY-MM-DD'), 18, '00432', NULL);
INSERT INTO EX.FICHA_MEDICA(ID, ID_PERSONA, ID_CENTRO_SALUD, ID_LUGAR, ESTADO, FECHA_INFECCION, FECHA_RECUPERACION) VALUES
                                             (432, '00432', 3, 18, 'desconido', NULL, NULL);
INSERT INTO EX.PERSONA(DOC_IDENTIDAD, NOMBRE, NOMBRE1, APELLIDO, APELLIDO1, FECHA_NAC, GENERO, FOTO) VALUES
                  ('00433', 'Heather', 'Douglas', 'Cabrera', 'Weaver', TO_DATE('2014-05-21','YYYY-MM-DD'), 'f', NULL);
INSERT INTO EX.HISTORICO_RESIDENCIA(FECHA_INICIO, ID_LUGAR, ID_PERSONA, FECHA_FIN) VALUES
                  (TO_DATE('1987-11-01','YYYY-MM-DD'), 44, '00433', NULL);
INSERT INTO EX.FICHA_MEDICA(ID, ID_PERSONA, ID_CENTRO_SALUD, ID_LUGAR, ESTADO, FECHA_INFECCION, FECHA_RECUPERACION) VALUES
                                             (433, '00433', 29, 44, 'desconido', NULL, NULL);
INSERT INTO EX.SINTOMAS(FECHA_INICIO, ID_SINTOMA, ID_PERSONA, ID_FICHA_MEDICA) VALUES
                            (TO_DATE('2020-02-17','YYYY-MM-DD'), 1, '00433', 433);
INSERT INTO EX.SINTOMAS(FECHA_INICIO, ID_SINTOMA, ID_PERSONA, ID_FICHA_MEDICA) VALUES
                            (TO_DATE('2020-05-04','YYYY-MM-DD'), 2, '00433', 433);
INSERT INTO EX.SINTOMAS(FECHA_INICIO, ID_SINTOMA, ID_PERSONA, ID_FICHA_MEDICA) VALUES
                            (TO_DATE('2020-01-18','YYYY-MM-DD'), 3, '00433', 433);
INSERT INTO EX.SINTOMAS(FECHA_INICIO, ID_SINTOMA, ID_PERSONA, ID_FICHA_MEDICA) VALUES
                            (TO_DATE('2020-04-01','YYYY-MM-DD'), 4, '00433', 433);
INSERT INTO EX.SINTOMAS(FECHA_INICIO, ID_SINTOMA, ID_PERSONA, ID_FICHA_MEDICA) VALUES
                            (TO_DATE('2020-02-17','YYYY-MM-DD'), 5, '00433', 433);
INSERT INTO EX.PERSONA(DOC_IDENTIDAD, NOMBRE, NOMBRE1, APELLIDO, APELLIDO1, FECHA_NAC, GENERO, FOTO) VALUES
                  ('00434', 'Richard', 'Audrey', 'Woods', 'Smith', TO_DATE('1987-08-04','YYYY-MM-DD'), 'm', NULL);
INSERT INTO EX.HISTORICO_RESIDENCIA(FECHA_INICIO, ID_LUGAR, ID_PERSONA, FECHA_FIN) VALUES
                  (TO_DATE('1974-07-22','YYYY-MM-DD'), 31, '00434', NULL);
INSERT INTO EX.FICHA_MEDICA(ID, ID_PERSONA, ID_CENTRO_SALUD, ID_LUGAR, ESTADO, FECHA_INFECCION, FECHA_RECUPERACION) VALUES
                                             (434, '00434', 16, 31, 'desconido', NULL, NULL);
INSERT INTO EX.PADECIMIENTOS(ID_PATOLOGIA, ID_PERSONA, ID_FICHA_MEDICA) VALUES
                            (1, '00434', 434);
INSERT INTO EX.PADECIMIENTOS(ID_PATOLOGIA, ID_PERSONA, ID_FICHA_MEDICA) VALUES
                            (2, '00434', 434);
INSERT INTO EX.PADECIMIENTOS(ID_PATOLOGIA, ID_PERSONA, ID_FICHA_MEDICA) VALUES
                            (3, '00434', 434);
INSERT INTO EX.SINTOMAS(FECHA_INICIO, ID_SINTOMA, ID_PERSONA, ID_FICHA_MEDICA) VALUES
                            (TO_DATE('2020-06-13','YYYY-MM-DD'), 1, '00434', 434);
INSERT INTO EX.PERSONA(DOC_IDENTIDAD, NOMBRE, NOMBRE1, APELLIDO, APELLIDO1, FECHA_NAC, GENERO, FOTO) VALUES
                  ('00435', 'Annette', 'Miranda', 'Thomas', 'Moss', TO_DATE('1996-11-07','YYYY-MM-DD'), 'f', NULL);
INSERT INTO EX.HISTORICO_RESIDENCIA(FECHA_INICIO, ID_LUGAR, ID_PERSONA, FECHA_FIN) VALUES
                  (TO_DATE('2004-11-02','YYYY-MM-DD'), 45, '00435', NULL);
INSERT INTO EX.FICHA_MEDICA(ID, ID_PERSONA, ID_CENTRO_SALUD, ID_LUGAR, ESTADO, FECHA_INFECCION, FECHA_RECUPERACION) VALUES
                                             (435, '00435', 30, 45, 'desconido', NULL, NULL);
INSERT INTO EX.PERSONA(DOC_IDENTIDAD, NOMBRE, NOMBRE1, APELLIDO, APELLIDO1, FECHA_NAC, GENERO, FOTO) VALUES
                  ('00436', 'Kenneth', 'Jessica', 'Mckinney', 'Edwards', TO_DATE('2015-04-23','YYYY-MM-DD'), 'm', NULL);
INSERT INTO EX.HISTORICO_RESIDENCIA(FECHA_INICIO, ID_LUGAR, ID_PERSONA, FECHA_FIN) VALUES
                  (TO_DATE('1982-02-01','YYYY-MM-DD'), 28, '00436', NULL);
INSERT INTO EX.FICHA_MEDICA(ID, ID_PERSONA, ID_CENTRO_SALUD, ID_LUGAR, ESTADO, FECHA_INFECCION, FECHA_RECUPERACION) VALUES
                                             (436, '00436', 13, 28, 'desconido', NULL, NULL);
INSERT INTO EX.PADECIMIENTOS(ID_PATOLOGIA, ID_PERSONA, ID_FICHA_MEDICA) VALUES
                            (1, '00436', 436);
INSERT INTO EX.PADECIMIENTOS(ID_PATOLOGIA, ID_PERSONA, ID_FICHA_MEDICA) VALUES
                            (2, '00436', 436);
INSERT INTO EX.PADECIMIENTOS(ID_PATOLOGIA, ID_PERSONA, ID_FICHA_MEDICA) VALUES
                            (3, '00436', 436);
INSERT INTO EX.PADECIMIENTOS(ID_PATOLOGIA, ID_PERSONA, ID_FICHA_MEDICA) VALUES
                            (4, '00436', 436);
INSERT INTO EX.SINTOMAS(FECHA_INICIO, ID_SINTOMA, ID_PERSONA, ID_FICHA_MEDICA) VALUES
                            (TO_DATE('2020-02-07','YYYY-MM-DD'), 1, '00436', 436);
INSERT INTO EX.SINTOMAS(FECHA_INICIO, ID_SINTOMA, ID_PERSONA, ID_FICHA_MEDICA) VALUES
                            (TO_DATE('2020-04-26','YYYY-MM-DD'), 2, '00436', 436);
INSERT INTO EX.SINTOMAS(FECHA_INICIO, ID_SINTOMA, ID_PERSONA, ID_FICHA_MEDICA) VALUES
                            (TO_DATE('2020-03-17','YYYY-MM-DD'), 3, '00436', 436);
INSERT INTO EX.SINTOMAS(FECHA_INICIO, ID_SINTOMA, ID_PERSONA, ID_FICHA_MEDICA) VALUES
                            (TO_DATE('2020-01-09','YYYY-MM-DD'), 4, '00436', 436);
INSERT INTO EX.SINTOMAS(FECHA_INICIO, ID_SINTOMA, ID_PERSONA, ID_FICHA_MEDICA) VALUES
                            (TO_DATE('2020-06-21','YYYY-MM-DD'), 5, '00436', 436);
INSERT INTO EX.SINTOMAS(FECHA_INICIO, ID_SINTOMA, ID_PERSONA, ID_FICHA_MEDICA) VALUES
                            (TO_DATE('2020-06-26','YYYY-MM-DD'), 6, '00436', 436);
INSERT INTO EX.SINTOMAS(FECHA_INICIO, ID_SINTOMA, ID_PERSONA, ID_FICHA_MEDICA) VALUES
                            (TO_DATE('2020-02-10','YYYY-MM-DD'), 7, '00436', 436);
INSERT INTO EX.SINTOMAS(FECHA_INICIO, ID_SINTOMA, ID_PERSONA, ID_FICHA_MEDICA) VALUES
                            (TO_DATE('2020-02-24','YYYY-MM-DD'), 8, '00436', 436);
INSERT INTO EX.SINTOMAS(FECHA_INICIO, ID_SINTOMA, ID_PERSONA, ID_FICHA_MEDICA) VALUES
                            (TO_DATE('2020-04-27','YYYY-MM-DD'), 9, '00436', 436);
INSERT INTO EX.SINTOMAS(FECHA_INICIO, ID_SINTOMA, ID_PERSONA, ID_FICHA_MEDICA) VALUES
                            (TO_DATE('2020-01-21','YYYY-MM-DD'), 10, '00436', 436);
INSERT INTO EX.SINTOMAS(FECHA_INICIO, ID_SINTOMA, ID_PERSONA, ID_FICHA_MEDICA) VALUES
                            (TO_DATE('2020-04-06','YYYY-MM-DD'), 11, '00436', 436);
INSERT INTO EX.SINTOMAS(FECHA_INICIO, ID_SINTOMA, ID_PERSONA, ID_FICHA_MEDICA) VALUES
                            (TO_DATE('2020-01-18','YYYY-MM-DD'), 12, '00436', 436);
INSERT INTO EX.SINTOMAS(FECHA_INICIO, ID_SINTOMA, ID_PERSONA, ID_FICHA_MEDICA) VALUES
                            (TO_DATE('2020-01-30','YYYY-MM-DD'), 13, '00436', 436);
INSERT INTO EX.PERSONA(DOC_IDENTIDAD, NOMBRE, NOMBRE1, APELLIDO, APELLIDO1, FECHA_NAC, GENERO, FOTO) VALUES
                  ('00437', 'Debra', 'William', 'Johnson', 'Davies', TO_DATE('2020-02-16','YYYY-MM-DD'), 'f', NULL);
INSERT INTO EX.HISTORICO_RESIDENCIA(FECHA_INICIO, ID_LUGAR, ID_PERSONA, FECHA_FIN) VALUES
                  (TO_DATE('2019-10-28','YYYY-MM-DD'), 30, '00437', NULL);
INSERT INTO EX.FICHA_MEDICA(ID, ID_PERSONA, ID_CENTRO_SALUD, ID_LUGAR, ESTADO, FECHA_INFECCION, FECHA_RECUPERACION) VALUES
                                             (437, '00437', 15, 30, 'desconido', NULL, NULL);
INSERT INTO EX.PADECIMIENTOS(ID_PATOLOGIA, ID_PERSONA, ID_FICHA_MEDICA) VALUES
                            (1, '00437', 437);
INSERT INTO EX.PADECIMIENTOS(ID_PATOLOGIA, ID_PERSONA, ID_FICHA_MEDICA) VALUES
                            (2, '00437', 437);
INSERT INTO EX.PERSONA(DOC_IDENTIDAD, NOMBRE, NOMBRE1, APELLIDO, APELLIDO1, FECHA_NAC, GENERO, FOTO) VALUES
                  ('00438', 'Joanna', 'Johnny', 'Schmitt', 'Elliott', TO_DATE('1985-01-17','YYYY-MM-DD'), 'm', NULL);
INSERT INTO EX.HISTORICO_RESIDENCIA(FECHA_INICIO, ID_LUGAR, ID_PERSONA, FECHA_FIN) VALUES
                  (TO_DATE('1980-09-18','YYYY-MM-DD'), 33, '00438', NULL);
INSERT INTO EX.FICHA_MEDICA(ID, ID_PERSONA, ID_CENTRO_SALUD, ID_LUGAR, ESTADO, FECHA_INFECCION, FECHA_RECUPERACION) VALUES
                                             (438, '00438', 18, 33, 'desconido', NULL, NULL);
INSERT INTO EX.PADECIMIENTOS(ID_PATOLOGIA, ID_PERSONA, ID_FICHA_MEDICA) VALUES
                            (1, '00438', 438);
INSERT INTO EX.PADECIMIENTOS(ID_PATOLOGIA, ID_PERSONA, ID_FICHA_MEDICA) VALUES
                            (2, '00438', 438);
INSERT INTO EX.PADECIMIENTOS(ID_PATOLOGIA, ID_PERSONA, ID_FICHA_MEDICA) VALUES
                            (3, '00438', 438);
INSERT INTO EX.SINTOMAS(FECHA_INICIO, ID_SINTOMA, ID_PERSONA, ID_FICHA_MEDICA) VALUES
                            (TO_DATE('2020-02-01','YYYY-MM-DD'), 1, '00438', 438);
INSERT INTO EX.SINTOMAS(FECHA_INICIO, ID_SINTOMA, ID_PERSONA, ID_FICHA_MEDICA) VALUES
                            (TO_DATE('2020-03-02','YYYY-MM-DD'), 2, '00438', 438);
INSERT INTO EX.SINTOMAS(FECHA_INICIO, ID_SINTOMA, ID_PERSONA, ID_FICHA_MEDICA) VALUES
                            (TO_DATE('2020-03-23','YYYY-MM-DD'), 3, '00438', 438);
INSERT INTO EX.SINTOMAS(FECHA_INICIO, ID_SINTOMA, ID_PERSONA, ID_FICHA_MEDICA) VALUES
                            (TO_DATE('2020-01-29','YYYY-MM-DD'), 4, '00438', 438);
INSERT INTO EX.SINTOMAS(FECHA_INICIO, ID_SINTOMA, ID_PERSONA, ID_FICHA_MEDICA) VALUES
                            (TO_DATE('2020-01-10','YYYY-MM-DD'), 5, '00438', 438);
INSERT INTO EX.SINTOMAS(FECHA_INICIO, ID_SINTOMA, ID_PERSONA, ID_FICHA_MEDICA) VALUES
                            (TO_DATE('2020-04-15','YYYY-MM-DD'), 6, '00438', 438);
INSERT INTO EX.SINTOMAS(FECHA_INICIO, ID_SINTOMA, ID_PERSONA, ID_FICHA_MEDICA) VALUES
                            (TO_DATE('2020-01-19','YYYY-MM-DD'), 7, '00438', 438);
INSERT INTO EX.PERSONA(DOC_IDENTIDAD, NOMBRE, NOMBRE1, APELLIDO, APELLIDO1, FECHA_NAC, GENERO, FOTO) VALUES
                  ('00439', 'Erin', 'Gregory', 'Greene', 'Carroll', TO_DATE('2017-10-27','YYYY-MM-DD'), 'f', NULL);
INSERT INTO EX.HISTORICO_RESIDENCIA(FECHA_INICIO, ID_LUGAR, ID_PERSONA, FECHA_FIN) VALUES
                  (TO_DATE('2018-02-27','YYYY-MM-DD'), 34, '00439', NULL);
INSERT INTO EX.FICHA_MEDICA(ID, ID_PERSONA, ID_CENTRO_SALUD, ID_LUGAR, ESTADO, FECHA_INFECCION, FECHA_RECUPERACION) VALUES
                                             (439, '00439', 19, 34, 'desconido', NULL, NULL);
INSERT INTO EX.SINTOMAS(FECHA_INICIO, ID_SINTOMA, ID_PERSONA, ID_FICHA_MEDICA) VALUES
                            (TO_DATE('2020-01-31','YYYY-MM-DD'), 1, '00439', 439);
INSERT INTO EX.SINTOMAS(FECHA_INICIO, ID_SINTOMA, ID_PERSONA, ID_FICHA_MEDICA) VALUES
                            (TO_DATE('2020-06-02','YYYY-MM-DD'), 2, '00439', 439);
INSERT INTO EX.SINTOMAS(FECHA_INICIO, ID_SINTOMA, ID_PERSONA, ID_FICHA_MEDICA) VALUES
                            (TO_DATE('2020-03-30','YYYY-MM-DD'), 3, '00439', 439);
INSERT INTO EX.SINTOMAS(FECHA_INICIO, ID_SINTOMA, ID_PERSONA, ID_FICHA_MEDICA) VALUES
                            (TO_DATE('2020-06-28','YYYY-MM-DD'), 4, '00439', 439);
INSERT INTO EX.SINTOMAS(FECHA_INICIO, ID_SINTOMA, ID_PERSONA, ID_FICHA_MEDICA) VALUES
                            (TO_DATE('2020-01-03','YYYY-MM-DD'), 5, '00439', 439);
INSERT INTO EX.SINTOMAS(FECHA_INICIO, ID_SINTOMA, ID_PERSONA, ID_FICHA_MEDICA) VALUES
                            (TO_DATE('2020-02-29','YYYY-MM-DD'), 6, '00439', 439);
INSERT INTO EX.SINTOMAS(FECHA_INICIO, ID_SINTOMA, ID_PERSONA, ID_FICHA_MEDICA) VALUES
                            (TO_DATE('2020-04-25','YYYY-MM-DD'), 7, '00439', 439);
INSERT INTO EX.SINTOMAS(FECHA_INICIO, ID_SINTOMA, ID_PERSONA, ID_FICHA_MEDICA) VALUES
                            (TO_DATE('2020-02-14','YYYY-MM-DD'), 8, '00439', 439);
INSERT INTO EX.SINTOMAS(FECHA_INICIO, ID_SINTOMA, ID_PERSONA, ID_FICHA_MEDICA) VALUES
                            (TO_DATE('2020-03-24','YYYY-MM-DD'), 9, '00439', 439);
INSERT INTO EX.SINTOMAS(FECHA_INICIO, ID_SINTOMA, ID_PERSONA, ID_FICHA_MEDICA) VALUES
                            (TO_DATE('2020-05-14','YYYY-MM-DD'), 10, '00439', 439);
INSERT INTO EX.SINTOMAS(FECHA_INICIO, ID_SINTOMA, ID_PERSONA, ID_FICHA_MEDICA) VALUES
                            (TO_DATE('2020-02-14','YYYY-MM-DD'), 11, '00439', 439);
INSERT INTO EX.SINTOMAS(FECHA_INICIO, ID_SINTOMA, ID_PERSONA, ID_FICHA_MEDICA) VALUES
                            (TO_DATE('2020-01-24','YYYY-MM-DD'), 12, '00439', 439);
INSERT INTO EX.SINTOMAS(FECHA_INICIO, ID_SINTOMA, ID_PERSONA, ID_FICHA_MEDICA) VALUES
                            (TO_DATE('2020-05-23','YYYY-MM-DD'), 13, '00439', 439);
INSERT INTO EX.SINTOMAS(FECHA_INICIO, ID_SINTOMA, ID_PERSONA, ID_FICHA_MEDICA) VALUES
                            (TO_DATE('2020-01-10','YYYY-MM-DD'), 14, '00439', 439);
INSERT INTO EX.SINTOMAS(FECHA_INICIO, ID_SINTOMA, ID_PERSONA, ID_FICHA_MEDICA) VALUES
                            (TO_DATE('2020-02-20','YYYY-MM-DD'), 15, '00439', 439);
INSERT INTO EX.SINTOMAS(FECHA_INICIO, ID_SINTOMA, ID_PERSONA, ID_FICHA_MEDICA) VALUES
                            (TO_DATE('2020-03-06','YYYY-MM-DD'), 16, '00439', 439);
INSERT INTO EX.SINTOMAS(FECHA_INICIO, ID_SINTOMA, ID_PERSONA, ID_FICHA_MEDICA) VALUES
                            (TO_DATE('2020-01-16','YYYY-MM-DD'), 17, '00439', 439);
INSERT INTO EX.SINTOMAS(FECHA_INICIO, ID_SINTOMA, ID_PERSONA, ID_FICHA_MEDICA) VALUES
                            (TO_DATE('2020-04-13','YYYY-MM-DD'), 18, '00439', 439);
INSERT INTO EX.SINTOMAS(FECHA_INICIO, ID_SINTOMA, ID_PERSONA, ID_FICHA_MEDICA) VALUES
                            (TO_DATE('2020-01-09','YYYY-MM-DD'), 19, '00439', 439);
INSERT INTO EX.PERSONA(DOC_IDENTIDAD, NOMBRE, NOMBRE1, APELLIDO, APELLIDO1, FECHA_NAC, GENERO, FOTO) VALUES
                  ('00440', 'Mary', 'Dustin', 'Wheeler', 'Green', TO_DATE('2012-01-14','YYYY-MM-DD'), 'm', NULL);
INSERT INTO EX.HISTORICO_RESIDENCIA(FECHA_INICIO, ID_LUGAR, ID_PERSONA, FECHA_FIN) VALUES
                  (TO_DATE('2017-01-16','YYYY-MM-DD'), 18, '00440', NULL);
INSERT INTO EX.FICHA_MEDICA(ID, ID_PERSONA, ID_CENTRO_SALUD, ID_LUGAR, ESTADO, FECHA_INFECCION, FECHA_RECUPERACION) VALUES
                                             (440, '00440', 3, 18, 'desconido', NULL, NULL);
INSERT INTO EX.SINTOMAS(FECHA_INICIO, ID_SINTOMA, ID_PERSONA, ID_FICHA_MEDICA) VALUES
                            (TO_DATE('2020-02-15','YYYY-MM-DD'), 1, '00440', 440);
INSERT INTO EX.PERSONA(DOC_IDENTIDAD, NOMBRE, NOMBRE1, APELLIDO, APELLIDO1, FECHA_NAC, GENERO, FOTO) VALUES
                  ('00441', 'Scott', 'Roberto', 'Lewis', 'Young', TO_DATE('1990-08-12','YYYY-MM-DD'), 'f', NULL);
INSERT INTO EX.HISTORICO_RESIDENCIA(FECHA_INICIO, ID_LUGAR, ID_PERSONA, FECHA_FIN) VALUES
                  (TO_DATE('2005-10-13','YYYY-MM-DD'), 32, '00441', NULL);
INSERT INTO EX.FICHA_MEDICA(ID, ID_PERSONA, ID_CENTRO_SALUD, ID_LUGAR, ESTADO, FECHA_INFECCION, FECHA_RECUPERACION) VALUES
                                             (441, '00441', 17, 32, 'desconido', NULL, NULL);
INSERT INTO EX.PADECIMIENTOS(ID_PATOLOGIA, ID_PERSONA, ID_FICHA_MEDICA) VALUES
                            (1, '00441', 441);
INSERT INTO EX.PADECIMIENTOS(ID_PATOLOGIA, ID_PERSONA, ID_FICHA_MEDICA) VALUES
                            (2, '00441', 441);
INSERT INTO EX.PADECIMIENTOS(ID_PATOLOGIA, ID_PERSONA, ID_FICHA_MEDICA) VALUES
                            (3, '00441', 441);
INSERT INTO EX.PADECIMIENTOS(ID_PATOLOGIA, ID_PERSONA, ID_FICHA_MEDICA) VALUES
                            (4, '00441', 441);
INSERT INTO EX.PADECIMIENTOS(ID_PATOLOGIA, ID_PERSONA, ID_FICHA_MEDICA) VALUES
                            (5, '00441', 441);
INSERT INTO EX.PADECIMIENTOS(ID_PATOLOGIA, ID_PERSONA, ID_FICHA_MEDICA) VALUES
                            (6, '00441', 441);
INSERT INTO EX.PADECIMIENTOS(ID_PATOLOGIA, ID_PERSONA, ID_FICHA_MEDICA) VALUES
                            (7, '00441', 441);
INSERT INTO EX.PERSONA(DOC_IDENTIDAD, NOMBRE, NOMBRE1, APELLIDO, APELLIDO1, FECHA_NAC, GENERO, FOTO) VALUES
                  ('00442', 'Melissa', 'Lisa', 'Roberts', 'Wong', TO_DATE('2017-08-16','YYYY-MM-DD'), 'm', NULL);
INSERT INTO EX.HISTORICO_RESIDENCIA(FECHA_INICIO, ID_LUGAR, ID_PERSONA, FECHA_FIN) VALUES
                  (TO_DATE('1991-02-04','YYYY-MM-DD'), 36, '00442', NULL);
INSERT INTO EX.FICHA_MEDICA(ID, ID_PERSONA, ID_CENTRO_SALUD, ID_LUGAR, ESTADO, FECHA_INFECCION, FECHA_RECUPERACION) VALUES
                                             (442, '00442', 21, 36, 'desconido', NULL, NULL);
INSERT INTO EX.SINTOMAS(FECHA_INICIO, ID_SINTOMA, ID_PERSONA, ID_FICHA_MEDICA) VALUES
                            (TO_DATE('2020-03-08','YYYY-MM-DD'), 1, '00442', 442);
INSERT INTO EX.SINTOMAS(FECHA_INICIO, ID_SINTOMA, ID_PERSONA, ID_FICHA_MEDICA) VALUES
                            (TO_DATE('2020-02-29','YYYY-MM-DD'), 2, '00442', 442);
INSERT INTO EX.SINTOMAS(FECHA_INICIO, ID_SINTOMA, ID_PERSONA, ID_FICHA_MEDICA) VALUES
                            (TO_DATE('2020-02-27','YYYY-MM-DD'), 3, '00442', 442);
INSERT INTO EX.SINTOMAS(FECHA_INICIO, ID_SINTOMA, ID_PERSONA, ID_FICHA_MEDICA) VALUES
                            (TO_DATE('2020-05-26','YYYY-MM-DD'), 4, '00442', 442);
INSERT INTO EX.SINTOMAS(FECHA_INICIO, ID_SINTOMA, ID_PERSONA, ID_FICHA_MEDICA) VALUES
                            (TO_DATE('2020-03-05','YYYY-MM-DD'), 5, '00442', 442);
INSERT INTO EX.SINTOMAS(FECHA_INICIO, ID_SINTOMA, ID_PERSONA, ID_FICHA_MEDICA) VALUES
                            (TO_DATE('2020-06-27','YYYY-MM-DD'), 6, '00442', 442);
INSERT INTO EX.SINTOMAS(FECHA_INICIO, ID_SINTOMA, ID_PERSONA, ID_FICHA_MEDICA) VALUES
                            (TO_DATE('2020-04-15','YYYY-MM-DD'), 7, '00442', 442);
INSERT INTO EX.SINTOMAS(FECHA_INICIO, ID_SINTOMA, ID_PERSONA, ID_FICHA_MEDICA) VALUES
                            (TO_DATE('2020-01-30','YYYY-MM-DD'), 8, '00442', 442);
INSERT INTO EX.SINTOMAS(FECHA_INICIO, ID_SINTOMA, ID_PERSONA, ID_FICHA_MEDICA) VALUES
                            (TO_DATE('2020-05-28','YYYY-MM-DD'), 9, '00442', 442);
INSERT INTO EX.SINTOMAS(FECHA_INICIO, ID_SINTOMA, ID_PERSONA, ID_FICHA_MEDICA) VALUES
                            (TO_DATE('2020-02-26','YYYY-MM-DD'), 10, '00442', 442);
INSERT INTO EX.PERSONA(DOC_IDENTIDAD, NOMBRE, NOMBRE1, APELLIDO, APELLIDO1, FECHA_NAC, GENERO, FOTO) VALUES
                  ('00443', 'Ricky', 'Marco', 'Moore', 'Wilson', TO_DATE('2003-08-15','YYYY-MM-DD'), 'f', NULL);
INSERT INTO EX.HISTORICO_RESIDENCIA(FECHA_INICIO, ID_LUGAR, ID_PERSONA, FECHA_FIN) VALUES
                  (TO_DATE('1999-12-27','YYYY-MM-DD'), 34, '00443', NULL);
INSERT INTO EX.FICHA_MEDICA(ID, ID_PERSONA, ID_CENTRO_SALUD, ID_LUGAR, ESTADO, FECHA_INFECCION, FECHA_RECUPERACION) VALUES
                                             (443, '00443', 19, 34, 'desconido', NULL, NULL);
INSERT INTO EX.PADECIMIENTOS(ID_PATOLOGIA, ID_PERSONA, ID_FICHA_MEDICA) VALUES
                            (1, '00443', 443);
INSERT INTO EX.PADECIMIENTOS(ID_PATOLOGIA, ID_PERSONA, ID_FICHA_MEDICA) VALUES
                            (2, '00443', 443);
INSERT INTO EX.PADECIMIENTOS(ID_PATOLOGIA, ID_PERSONA, ID_FICHA_MEDICA) VALUES
                            (3, '00443', 443);
INSERT INTO EX.PADECIMIENTOS(ID_PATOLOGIA, ID_PERSONA, ID_FICHA_MEDICA) VALUES
                            (4, '00443', 443);
INSERT INTO EX.PADECIMIENTOS(ID_PATOLOGIA, ID_PERSONA, ID_FICHA_MEDICA) VALUES
                            (5, '00443', 443);
INSERT INTO EX.PADECIMIENTOS(ID_PATOLOGIA, ID_PERSONA, ID_FICHA_MEDICA) VALUES
                            (6, '00443', 443);
INSERT INTO EX.PADECIMIENTOS(ID_PATOLOGIA, ID_PERSONA, ID_FICHA_MEDICA) VALUES
                            (7, '00443', 443);
INSERT INTO EX.PADECIMIENTOS(ID_PATOLOGIA, ID_PERSONA, ID_FICHA_MEDICA) VALUES
                            (8, '00443', 443);
INSERT INTO EX.PADECIMIENTOS(ID_PATOLOGIA, ID_PERSONA, ID_FICHA_MEDICA) VALUES
                            (9, '00443', 443);
INSERT INTO EX.PADECIMIENTOS(ID_PATOLOGIA, ID_PERSONA, ID_FICHA_MEDICA) VALUES
                            (10, '00443', 443);
INSERT INTO EX.PADECIMIENTOS(ID_PATOLOGIA, ID_PERSONA, ID_FICHA_MEDICA) VALUES
                            (11, '00443', 443);
INSERT INTO EX.PADECIMIENTOS(ID_PATOLOGIA, ID_PERSONA, ID_FICHA_MEDICA) VALUES
                            (12, '00443', 443);
INSERT INTO EX.PADECIMIENTOS(ID_PATOLOGIA, ID_PERSONA, ID_FICHA_MEDICA) VALUES
                            (13, '00443', 443);
INSERT INTO EX.PADECIMIENTOS(ID_PATOLOGIA, ID_PERSONA, ID_FICHA_MEDICA) VALUES
                            (14, '00443', 443);
INSERT INTO EX.PADECIMIENTOS(ID_PATOLOGIA, ID_PERSONA, ID_FICHA_MEDICA) VALUES
                            (15, '00443', 443);
INSERT INTO EX.PERSONA(DOC_IDENTIDAD, NOMBRE, NOMBRE1, APELLIDO, APELLIDO1, FECHA_NAC, GENERO, FOTO) VALUES
                  ('00444', 'Danielle', 'Jessica', 'Torres', 'Palmer', TO_DATE('1995-12-22','YYYY-MM-DD'), 'm', NULL);
INSERT INTO EX.HISTORICO_RESIDENCIA(FECHA_INICIO, ID_LUGAR, ID_PERSONA, FECHA_FIN) VALUES
                  (TO_DATE('1976-01-13','YYYY-MM-DD'), 39, '00444', NULL);
INSERT INTO EX.FICHA_MEDICA(ID, ID_PERSONA, ID_CENTRO_SALUD, ID_LUGAR, ESTADO, FECHA_INFECCION, FECHA_RECUPERACION) VALUES
                                             (444, '00444', 24, 39, 'desconido', NULL, NULL);
INSERT INTO EX.PADECIMIENTOS(ID_PATOLOGIA, ID_PERSONA, ID_FICHA_MEDICA) VALUES
                            (1, '00444', 444);
INSERT INTO EX.PADECIMIENTOS(ID_PATOLOGIA, ID_PERSONA, ID_FICHA_MEDICA) VALUES
                            (2, '00444', 444);
INSERT INTO EX.PADECIMIENTOS(ID_PATOLOGIA, ID_PERSONA, ID_FICHA_MEDICA) VALUES
                            (3, '00444', 444);
INSERT INTO EX.PADECIMIENTOS(ID_PATOLOGIA, ID_PERSONA, ID_FICHA_MEDICA) VALUES
                            (4, '00444', 444);
INSERT INTO EX.PADECIMIENTOS(ID_PATOLOGIA, ID_PERSONA, ID_FICHA_MEDICA) VALUES
                            (5, '00444', 444);
INSERT INTO EX.PADECIMIENTOS(ID_PATOLOGIA, ID_PERSONA, ID_FICHA_MEDICA) VALUES
                            (6, '00444', 444);
INSERT INTO EX.PADECIMIENTOS(ID_PATOLOGIA, ID_PERSONA, ID_FICHA_MEDICA) VALUES
                            (7, '00444', 444);
INSERT INTO EX.PADECIMIENTOS(ID_PATOLOGIA, ID_PERSONA, ID_FICHA_MEDICA) VALUES
                            (8, '00444', 444);
INSERT INTO EX.PADECIMIENTOS(ID_PATOLOGIA, ID_PERSONA, ID_FICHA_MEDICA) VALUES
                            (9, '00444', 444);
INSERT INTO EX.PADECIMIENTOS(ID_PATOLOGIA, ID_PERSONA, ID_FICHA_MEDICA) VALUES
                            (10, '00444', 444);
INSERT INTO EX.PADECIMIENTOS(ID_PATOLOGIA, ID_PERSONA, ID_FICHA_MEDICA) VALUES
                            (11, '00444', 444);
INSERT INTO EX.PADECIMIENTOS(ID_PATOLOGIA, ID_PERSONA, ID_FICHA_MEDICA) VALUES
                            (12, '00444', 444);
INSERT INTO EX.SINTOMAS(FECHA_INICIO, ID_SINTOMA, ID_PERSONA, ID_FICHA_MEDICA) VALUES
                            (TO_DATE('2020-06-12','YYYY-MM-DD'), 1, '00444', 444);
INSERT INTO EX.SINTOMAS(FECHA_INICIO, ID_SINTOMA, ID_PERSONA, ID_FICHA_MEDICA) VALUES
                            (TO_DATE('2020-01-20','YYYY-MM-DD'), 2, '00444', 444);
INSERT INTO EX.PERSONA(DOC_IDENTIDAD, NOMBRE, NOMBRE1, APELLIDO, APELLIDO1, FECHA_NAC, GENERO, FOTO) VALUES
                  ('00445', 'Sarah', 'Kristi', 'Jackson', 'Snow', TO_DATE('1973-08-27','YYYY-MM-DD'), 'f', NULL);
INSERT INTO EX.HISTORICO_RESIDENCIA(FECHA_INICIO, ID_LUGAR, ID_PERSONA, FECHA_FIN) VALUES
                  (TO_DATE('2011-12-22','YYYY-MM-DD'), 27, '00445', NULL);
INSERT INTO EX.FICHA_MEDICA(ID, ID_PERSONA, ID_CENTRO_SALUD, ID_LUGAR, ESTADO, FECHA_INFECCION, FECHA_RECUPERACION) VALUES
                                             (445, '00445', 12, 27, 'desconido', NULL, NULL);
INSERT INTO EX.PERSONA(DOC_IDENTIDAD, NOMBRE, NOMBRE1, APELLIDO, APELLIDO1, FECHA_NAC, GENERO, FOTO) VALUES
                  ('00446', 'Deborah', 'Matthew', 'Bowman', 'Beltran', TO_DATE('2016-06-29','YYYY-MM-DD'), 'm', NULL);
INSERT INTO EX.HISTORICO_RESIDENCIA(FECHA_INICIO, ID_LUGAR, ID_PERSONA, FECHA_FIN) VALUES
                  (TO_DATE('1974-01-19','YYYY-MM-DD'), 25, '00446', NULL);
INSERT INTO EX.FICHA_MEDICA(ID, ID_PERSONA, ID_CENTRO_SALUD, ID_LUGAR, ESTADO, FECHA_INFECCION, FECHA_RECUPERACION) VALUES
                                             (446, '00446', 10, 25, 'desconido', NULL, NULL);
INSERT INTO EX.PERSONA(DOC_IDENTIDAD, NOMBRE, NOMBRE1, APELLIDO, APELLIDO1, FECHA_NAC, GENERO, FOTO) VALUES
                  ('00447', 'Hannah', 'Virginia', 'Fisher', 'Bowen', TO_DATE('1992-12-07','YYYY-MM-DD'), 'f', NULL);
INSERT INTO EX.HISTORICO_RESIDENCIA(FECHA_INICIO, ID_LUGAR, ID_PERSONA, FECHA_FIN) VALUES
                  (TO_DATE('1991-08-09','YYYY-MM-DD'), 22, '00447', NULL);
INSERT INTO EX.FICHA_MEDICA(ID, ID_PERSONA, ID_CENTRO_SALUD, ID_LUGAR, ESTADO, FECHA_INFECCION, FECHA_RECUPERACION) VALUES
                                             (447, '00447', 7, 22, 'desconido', NULL, NULL);
INSERT INTO EX.PERSONA(DOC_IDENTIDAD, NOMBRE, NOMBRE1, APELLIDO, APELLIDO1, FECHA_NAC, GENERO, FOTO) VALUES
                  ('00448', 'Pamela', 'Mary', 'Ponce', 'Lawson', TO_DATE('1995-01-27','YYYY-MM-DD'), 'm', NULL);
INSERT INTO EX.HISTORICO_RESIDENCIA(FECHA_INICIO, ID_LUGAR, ID_PERSONA, FECHA_FIN) VALUES
                  (TO_DATE('1980-12-12','YYYY-MM-DD'), 24, '00448', NULL);
INSERT INTO EX.FICHA_MEDICA(ID, ID_PERSONA, ID_CENTRO_SALUD, ID_LUGAR, ESTADO, FECHA_INFECCION, FECHA_RECUPERACION) VALUES
                                             (448, '00448', 9, 24, 'desconido', NULL, NULL);
INSERT INTO EX.PADECIMIENTOS(ID_PATOLOGIA, ID_PERSONA, ID_FICHA_MEDICA) VALUES
                            (1, '00448', 448);
INSERT INTO EX.PADECIMIENTOS(ID_PATOLOGIA, ID_PERSONA, ID_FICHA_MEDICA) VALUES
                            (2, '00448', 448);
INSERT INTO EX.PADECIMIENTOS(ID_PATOLOGIA, ID_PERSONA, ID_FICHA_MEDICA) VALUES
                            (3, '00448', 448);
INSERT INTO EX.PADECIMIENTOS(ID_PATOLOGIA, ID_PERSONA, ID_FICHA_MEDICA) VALUES
                            (4, '00448', 448);
INSERT INTO EX.PADECIMIENTOS(ID_PATOLOGIA, ID_PERSONA, ID_FICHA_MEDICA) VALUES
                            (5, '00448', 448);
INSERT INTO EX.PADECIMIENTOS(ID_PATOLOGIA, ID_PERSONA, ID_FICHA_MEDICA) VALUES
                            (6, '00448', 448);
INSERT INTO EX.PADECIMIENTOS(ID_PATOLOGIA, ID_PERSONA, ID_FICHA_MEDICA) VALUES
                            (7, '00448', 448);
INSERT INTO EX.PADECIMIENTOS(ID_PATOLOGIA, ID_PERSONA, ID_FICHA_MEDICA) VALUES
                            (8, '00448', 448);
INSERT INTO EX.PADECIMIENTOS(ID_PATOLOGIA, ID_PERSONA, ID_FICHA_MEDICA) VALUES
                            (9, '00448', 448);
INSERT INTO EX.PERSONA(DOC_IDENTIDAD, NOMBRE, NOMBRE1, APELLIDO, APELLIDO1, FECHA_NAC, GENERO, FOTO) VALUES
                  ('00449', 'Karen', 'James', 'Martinez', 'Mills', TO_DATE('2000-07-30','YYYY-MM-DD'), 'f', NULL);
INSERT INTO EX.HISTORICO_RESIDENCIA(FECHA_INICIO, ID_LUGAR, ID_PERSONA, FECHA_FIN) VALUES
                  (TO_DATE('2004-09-11','YYYY-MM-DD'), 31, '00449', NULL);
INSERT INTO EX.FICHA_MEDICA(ID, ID_PERSONA, ID_CENTRO_SALUD, ID_LUGAR, ESTADO, FECHA_INFECCION, FECHA_RECUPERACION) VALUES
                                             (449, '00449', 16, 31, 'desconido', NULL, NULL);
INSERT INTO EX.PERSONA(DOC_IDENTIDAD, NOMBRE, NOMBRE1, APELLIDO, APELLIDO1, FECHA_NAC, GENERO, FOTO) VALUES
                  ('00450', 'Savannah', 'George', 'Hughes', 'Garcia', TO_DATE('2001-10-25','YYYY-MM-DD'), 'm', NULL);
INSERT INTO EX.HISTORICO_RESIDENCIA(FECHA_INICIO, ID_LUGAR, ID_PERSONA, FECHA_FIN) VALUES
                  (TO_DATE('1974-01-07','YYYY-MM-DD'), 18, '00450', NULL);
INSERT INTO EX.FICHA_MEDICA(ID, ID_PERSONA, ID_CENTRO_SALUD, ID_LUGAR, ESTADO, FECHA_INFECCION, FECHA_RECUPERACION) VALUES
                                             (450, '00450', 3, 18, 'desconido', NULL, NULL);
INSERT INTO EX.PADECIMIENTOS(ID_PATOLOGIA, ID_PERSONA, ID_FICHA_MEDICA) VALUES
                            (1, '00450', 450);
INSERT INTO EX.PADECIMIENTOS(ID_PATOLOGIA, ID_PERSONA, ID_FICHA_MEDICA) VALUES
                            (2, '00450', 450);
INSERT INTO EX.PADECIMIENTOS(ID_PATOLOGIA, ID_PERSONA, ID_FICHA_MEDICA) VALUES
                            (3, '00450', 450);
INSERT INTO EX.PADECIMIENTOS(ID_PATOLOGIA, ID_PERSONA, ID_FICHA_MEDICA) VALUES
                            (4, '00450', 450);
INSERT INTO EX.PADECIMIENTOS(ID_PATOLOGIA, ID_PERSONA, ID_FICHA_MEDICA) VALUES
                            (5, '00450', 450);
INSERT INTO EX.SINTOMAS(FECHA_INICIO, ID_SINTOMA, ID_PERSONA, ID_FICHA_MEDICA) VALUES
                            (TO_DATE('2020-01-10','YYYY-MM-DD'), 1, '00450', 450);
INSERT INTO EX.SINTOMAS(FECHA_INICIO, ID_SINTOMA, ID_PERSONA, ID_FICHA_MEDICA) VALUES
                            (TO_DATE('2020-03-08','YYYY-MM-DD'), 2, '00450', 450);
INSERT INTO EX.SINTOMAS(FECHA_INICIO, ID_SINTOMA, ID_PERSONA, ID_FICHA_MEDICA) VALUES
                            (TO_DATE('2020-03-09','YYYY-MM-DD'), 3, '00450', 450);
INSERT INTO EX.PERSONA(DOC_IDENTIDAD, NOMBRE, NOMBRE1, APELLIDO, APELLIDO1, FECHA_NAC, GENERO, FOTO) VALUES
                  ('00451', 'Chad', 'Tara', 'Ortiz', 'Parsons', TO_DATE('2013-11-21','YYYY-MM-DD'), 'f', NULL);
INSERT INTO EX.HISTORICO_RESIDENCIA(FECHA_INICIO, ID_LUGAR, ID_PERSONA, FECHA_FIN) VALUES
                  (TO_DATE('1975-11-14','YYYY-MM-DD'), 37, '00451', NULL);
INSERT INTO EX.FICHA_MEDICA(ID, ID_PERSONA, ID_CENTRO_SALUD, ID_LUGAR, ESTADO, FECHA_INFECCION, FECHA_RECUPERACION) VALUES
                                             (451, '00451', 22, 37, 'desconido', NULL, NULL);
INSERT INTO EX.PADECIMIENTOS(ID_PATOLOGIA, ID_PERSONA, ID_FICHA_MEDICA) VALUES
                            (1, '00451', 451);
INSERT INTO EX.PADECIMIENTOS(ID_PATOLOGIA, ID_PERSONA, ID_FICHA_MEDICA) VALUES
                            (2, '00451', 451);
INSERT INTO EX.PADECIMIENTOS(ID_PATOLOGIA, ID_PERSONA, ID_FICHA_MEDICA) VALUES
                            (3, '00451', 451);
INSERT INTO EX.PADECIMIENTOS(ID_PATOLOGIA, ID_PERSONA, ID_FICHA_MEDICA) VALUES
                            (4, '00451', 451);
INSERT INTO EX.PADECIMIENTOS(ID_PATOLOGIA, ID_PERSONA, ID_FICHA_MEDICA) VALUES
                            (5, '00451', 451);
INSERT INTO EX.PADECIMIENTOS(ID_PATOLOGIA, ID_PERSONA, ID_FICHA_MEDICA) VALUES
                            (6, '00451', 451);
INSERT INTO EX.PADECIMIENTOS(ID_PATOLOGIA, ID_PERSONA, ID_FICHA_MEDICA) VALUES
                            (7, '00451', 451);
INSERT INTO EX.SINTOMAS(FECHA_INICIO, ID_SINTOMA, ID_PERSONA, ID_FICHA_MEDICA) VALUES
                            (TO_DATE('2020-02-29','YYYY-MM-DD'), 1, '00451', 451);
INSERT INTO EX.SINTOMAS(FECHA_INICIO, ID_SINTOMA, ID_PERSONA, ID_FICHA_MEDICA) VALUES
                            (TO_DATE('2020-04-16','YYYY-MM-DD'), 2, '00451', 451);
INSERT INTO EX.SINTOMAS(FECHA_INICIO, ID_SINTOMA, ID_PERSONA, ID_FICHA_MEDICA) VALUES
                            (TO_DATE('2020-04-10','YYYY-MM-DD'), 3, '00451', 451);
INSERT INTO EX.SINTOMAS(FECHA_INICIO, ID_SINTOMA, ID_PERSONA, ID_FICHA_MEDICA) VALUES
                            (TO_DATE('2020-04-13','YYYY-MM-DD'), 4, '00451', 451);
INSERT INTO EX.SINTOMAS(FECHA_INICIO, ID_SINTOMA, ID_PERSONA, ID_FICHA_MEDICA) VALUES
                            (TO_DATE('2020-06-13','YYYY-MM-DD'), 5, '00451', 451);
INSERT INTO EX.SINTOMAS(FECHA_INICIO, ID_SINTOMA, ID_PERSONA, ID_FICHA_MEDICA) VALUES
                            (TO_DATE('2020-03-28','YYYY-MM-DD'), 6, '00451', 451);
INSERT INTO EX.SINTOMAS(FECHA_INICIO, ID_SINTOMA, ID_PERSONA, ID_FICHA_MEDICA) VALUES
                            (TO_DATE('2020-02-27','YYYY-MM-DD'), 7, '00451', 451);
INSERT INTO EX.SINTOMAS(FECHA_INICIO, ID_SINTOMA, ID_PERSONA, ID_FICHA_MEDICA) VALUES
                            (TO_DATE('2020-05-11','YYYY-MM-DD'), 8, '00451', 451);
INSERT INTO EX.SINTOMAS(FECHA_INICIO, ID_SINTOMA, ID_PERSONA, ID_FICHA_MEDICA) VALUES
                            (TO_DATE('2020-03-01','YYYY-MM-DD'), 9, '00451', 451);
INSERT INTO EX.SINTOMAS(FECHA_INICIO, ID_SINTOMA, ID_PERSONA, ID_FICHA_MEDICA) VALUES
                            (TO_DATE('2020-05-07','YYYY-MM-DD'), 10, '00451', 451);
INSERT INTO EX.SINTOMAS(FECHA_INICIO, ID_SINTOMA, ID_PERSONA, ID_FICHA_MEDICA) VALUES
                            (TO_DATE('2020-05-10','YYYY-MM-DD'), 11, '00451', 451);
INSERT INTO EX.SINTOMAS(FECHA_INICIO, ID_SINTOMA, ID_PERSONA, ID_FICHA_MEDICA) VALUES
                            (TO_DATE('2020-04-30','YYYY-MM-DD'), 12, '00451', 451);
INSERT INTO EX.PERSONA(DOC_IDENTIDAD, NOMBRE, NOMBRE1, APELLIDO, APELLIDO1, FECHA_NAC, GENERO, FOTO) VALUES
                  ('00452', 'Christine', 'Chelsea', 'Williams', 'Martinez', TO_DATE('1996-05-05','YYYY-MM-DD'), 'm', NULL);
INSERT INTO EX.HISTORICO_RESIDENCIA(FECHA_INICIO, ID_LUGAR, ID_PERSONA, FECHA_FIN) VALUES
                  (TO_DATE('1990-04-01','YYYY-MM-DD'), 41, '00452', NULL);
INSERT INTO EX.FICHA_MEDICA(ID, ID_PERSONA, ID_CENTRO_SALUD, ID_LUGAR, ESTADO, FECHA_INFECCION, FECHA_RECUPERACION) VALUES
                                             (452, '00452', 26, 41, 'desconido', NULL, NULL);
INSERT INTO EX.PADECIMIENTOS(ID_PATOLOGIA, ID_PERSONA, ID_FICHA_MEDICA) VALUES
                            (1, '00452', 452);
INSERT INTO EX.PADECIMIENTOS(ID_PATOLOGIA, ID_PERSONA, ID_FICHA_MEDICA) VALUES
                            (2, '00452', 452);
INSERT INTO EX.PADECIMIENTOS(ID_PATOLOGIA, ID_PERSONA, ID_FICHA_MEDICA) VALUES
                            (3, '00452', 452);
INSERT INTO EX.PADECIMIENTOS(ID_PATOLOGIA, ID_PERSONA, ID_FICHA_MEDICA) VALUES
                            (4, '00452', 452);
INSERT INTO EX.PADECIMIENTOS(ID_PATOLOGIA, ID_PERSONA, ID_FICHA_MEDICA) VALUES
                            (5, '00452', 452);
INSERT INTO EX.PADECIMIENTOS(ID_PATOLOGIA, ID_PERSONA, ID_FICHA_MEDICA) VALUES
                            (6, '00452', 452);
INSERT INTO EX.PADECIMIENTOS(ID_PATOLOGIA, ID_PERSONA, ID_FICHA_MEDICA) VALUES
                            (7, '00452', 452);
INSERT INTO EX.PADECIMIENTOS(ID_PATOLOGIA, ID_PERSONA, ID_FICHA_MEDICA) VALUES
                            (8, '00452', 452);
INSERT INTO EX.PADECIMIENTOS(ID_PATOLOGIA, ID_PERSONA, ID_FICHA_MEDICA) VALUES
                            (9, '00452', 452);
INSERT INTO EX.PADECIMIENTOS(ID_PATOLOGIA, ID_PERSONA, ID_FICHA_MEDICA) VALUES
                            (10, '00452', 452);
INSERT INTO EX.PADECIMIENTOS(ID_PATOLOGIA, ID_PERSONA, ID_FICHA_MEDICA) VALUES
                            (11, '00452', 452);
INSERT INTO EX.PADECIMIENTOS(ID_PATOLOGIA, ID_PERSONA, ID_FICHA_MEDICA) VALUES
                            (12, '00452', 452);
INSERT INTO EX.PADECIMIENTOS(ID_PATOLOGIA, ID_PERSONA, ID_FICHA_MEDICA) VALUES
                            (13, '00452', 452);
INSERT INTO EX.SINTOMAS(FECHA_INICIO, ID_SINTOMA, ID_PERSONA, ID_FICHA_MEDICA) VALUES
                            (TO_DATE('2020-02-05','YYYY-MM-DD'), 1, '00452', 452);
INSERT INTO EX.SINTOMAS(FECHA_INICIO, ID_SINTOMA, ID_PERSONA, ID_FICHA_MEDICA) VALUES
                            (TO_DATE('2020-03-21','YYYY-MM-DD'), 2, '00452', 452);
INSERT INTO EX.SINTOMAS(FECHA_INICIO, ID_SINTOMA, ID_PERSONA, ID_FICHA_MEDICA) VALUES
                            (TO_DATE('2020-03-02','YYYY-MM-DD'), 3, '00452', 452);
INSERT INTO EX.SINTOMAS(FECHA_INICIO, ID_SINTOMA, ID_PERSONA, ID_FICHA_MEDICA) VALUES
                            (TO_DATE('2020-01-08','YYYY-MM-DD'), 4, '00452', 452);
INSERT INTO EX.SINTOMAS(FECHA_INICIO, ID_SINTOMA, ID_PERSONA, ID_FICHA_MEDICA) VALUES
                            (TO_DATE('2020-06-20','YYYY-MM-DD'), 5, '00452', 452);
INSERT INTO EX.SINTOMAS(FECHA_INICIO, ID_SINTOMA, ID_PERSONA, ID_FICHA_MEDICA) VALUES
                            (TO_DATE('2020-02-16','YYYY-MM-DD'), 6, '00452', 452);
INSERT INTO EX.SINTOMAS(FECHA_INICIO, ID_SINTOMA, ID_PERSONA, ID_FICHA_MEDICA) VALUES
                            (TO_DATE('2020-03-19','YYYY-MM-DD'), 7, '00452', 452);
INSERT INTO EX.SINTOMAS(FECHA_INICIO, ID_SINTOMA, ID_PERSONA, ID_FICHA_MEDICA) VALUES
                            (TO_DATE('2020-03-19','YYYY-MM-DD'), 8, '00452', 452);
INSERT INTO EX.SINTOMAS(FECHA_INICIO, ID_SINTOMA, ID_PERSONA, ID_FICHA_MEDICA) VALUES
                            (TO_DATE('2020-04-26','YYYY-MM-DD'), 9, '00452', 452);
INSERT INTO EX.SINTOMAS(FECHA_INICIO, ID_SINTOMA, ID_PERSONA, ID_FICHA_MEDICA) VALUES
                            (TO_DATE('2020-04-22','YYYY-MM-DD'), 10, '00452', 452);
INSERT INTO EX.SINTOMAS(FECHA_INICIO, ID_SINTOMA, ID_PERSONA, ID_FICHA_MEDICA) VALUES
                            (TO_DATE('2020-05-30','YYYY-MM-DD'), 11, '00452', 452);
INSERT INTO EX.SINTOMAS(FECHA_INICIO, ID_SINTOMA, ID_PERSONA, ID_FICHA_MEDICA) VALUES
                            (TO_DATE('2020-01-06','YYYY-MM-DD'), 12, '00452', 452);
INSERT INTO EX.SINTOMAS(FECHA_INICIO, ID_SINTOMA, ID_PERSONA, ID_FICHA_MEDICA) VALUES
                            (TO_DATE('2020-03-05','YYYY-MM-DD'), 13, '00452', 452);
INSERT INTO EX.SINTOMAS(FECHA_INICIO, ID_SINTOMA, ID_PERSONA, ID_FICHA_MEDICA) VALUES
                            (TO_DATE('2020-03-21','YYYY-MM-DD'), 14, '00452', 452);
INSERT INTO EX.SINTOMAS(FECHA_INICIO, ID_SINTOMA, ID_PERSONA, ID_FICHA_MEDICA) VALUES
                            (TO_DATE('2020-04-21','YYYY-MM-DD'), 15, '00452', 452);
INSERT INTO EX.PERSONA(DOC_IDENTIDAD, NOMBRE, NOMBRE1, APELLIDO, APELLIDO1, FECHA_NAC, GENERO, FOTO) VALUES
                  ('00453', 'Seth', 'Robert', 'Potter', 'Soto', TO_DATE('2019-09-25','YYYY-MM-DD'), 'f', NULL);
INSERT INTO EX.HISTORICO_RESIDENCIA(FECHA_INICIO, ID_LUGAR, ID_PERSONA, FECHA_FIN) VALUES
                  (TO_DATE('2009-03-01','YYYY-MM-DD'), 25, '00453', NULL);
INSERT INTO EX.FICHA_MEDICA(ID, ID_PERSONA, ID_CENTRO_SALUD, ID_LUGAR, ESTADO, FECHA_INFECCION, FECHA_RECUPERACION) VALUES
                                             (453, '00453', 10, 25, 'desconido', NULL, NULL);
INSERT INTO EX.PERSONA(DOC_IDENTIDAD, NOMBRE, NOMBRE1, APELLIDO, APELLIDO1, FECHA_NAC, GENERO, FOTO) VALUES
                  ('00454', 'Donald', 'Laura', 'Calderon', 'Murphy', TO_DATE('1973-11-05','YYYY-MM-DD'), 'm', NULL);
INSERT INTO EX.HISTORICO_RESIDENCIA(FECHA_INICIO, ID_LUGAR, ID_PERSONA, FECHA_FIN) VALUES
                  (TO_DATE('2010-08-12','YYYY-MM-DD'), 34, '00454', NULL);
INSERT INTO EX.FICHA_MEDICA(ID, ID_PERSONA, ID_CENTRO_SALUD, ID_LUGAR, ESTADO, FECHA_INFECCION, FECHA_RECUPERACION) VALUES
                                             (454, '00454', 19, 34, 'desconido', NULL, NULL);
INSERT INTO EX.PADECIMIENTOS(ID_PATOLOGIA, ID_PERSONA, ID_FICHA_MEDICA) VALUES
                            (1, '00454', 454);
INSERT INTO EX.PADECIMIENTOS(ID_PATOLOGIA, ID_PERSONA, ID_FICHA_MEDICA) VALUES
                            (2, '00454', 454);
INSERT INTO EX.PADECIMIENTOS(ID_PATOLOGIA, ID_PERSONA, ID_FICHA_MEDICA) VALUES
                            (3, '00454', 454);
INSERT INTO EX.PERSONA(DOC_IDENTIDAD, NOMBRE, NOMBRE1, APELLIDO, APELLIDO1, FECHA_NAC, GENERO, FOTO) VALUES
                  ('00455', 'Angela', 'Jason', 'Patterson', 'Miller', TO_DATE('1973-03-27','YYYY-MM-DD'), 'f', NULL);
INSERT INTO EX.HISTORICO_RESIDENCIA(FECHA_INICIO, ID_LUGAR, ID_PERSONA, FECHA_FIN) VALUES
                  (TO_DATE('2003-10-10','YYYY-MM-DD'), 30, '00455', NULL);
INSERT INTO EX.FICHA_MEDICA(ID, ID_PERSONA, ID_CENTRO_SALUD, ID_LUGAR, ESTADO, FECHA_INFECCION, FECHA_RECUPERACION) VALUES
                                             (455, '00455', 15, 30, 'desconido', NULL, NULL);
INSERT INTO EX.PADECIMIENTOS(ID_PATOLOGIA, ID_PERSONA, ID_FICHA_MEDICA) VALUES
                            (1, '00455', 455);
INSERT INTO EX.PADECIMIENTOS(ID_PATOLOGIA, ID_PERSONA, ID_FICHA_MEDICA) VALUES
                            (2, '00455', 455);
INSERT INTO EX.PADECIMIENTOS(ID_PATOLOGIA, ID_PERSONA, ID_FICHA_MEDICA) VALUES
                            (3, '00455', 455);
INSERT INTO EX.SINTOMAS(FECHA_INICIO, ID_SINTOMA, ID_PERSONA, ID_FICHA_MEDICA) VALUES
                            (TO_DATE('2020-02-17','YYYY-MM-DD'), 1, '00455', 455);
INSERT INTO EX.SINTOMAS(FECHA_INICIO, ID_SINTOMA, ID_PERSONA, ID_FICHA_MEDICA) VALUES
                            (TO_DATE('2020-05-07','YYYY-MM-DD'), 2, '00455', 455);
INSERT INTO EX.SINTOMAS(FECHA_INICIO, ID_SINTOMA, ID_PERSONA, ID_FICHA_MEDICA) VALUES
                            (TO_DATE('2020-03-08','YYYY-MM-DD'), 3, '00455', 455);
INSERT INTO EX.SINTOMAS(FECHA_INICIO, ID_SINTOMA, ID_PERSONA, ID_FICHA_MEDICA) VALUES
                            (TO_DATE('2020-05-23','YYYY-MM-DD'), 4, '00455', 455);
INSERT INTO EX.PERSONA(DOC_IDENTIDAD, NOMBRE, NOMBRE1, APELLIDO, APELLIDO1, FECHA_NAC, GENERO, FOTO) VALUES
                  ('00456', 'Alexis', 'Michelle', 'Hays', 'Goodwin', TO_DATE('1988-08-16','YYYY-MM-DD'), 'm', NULL);
INSERT INTO EX.HISTORICO_RESIDENCIA(FECHA_INICIO, ID_LUGAR, ID_PERSONA, FECHA_FIN) VALUES
                  (TO_DATE('2002-10-15','YYYY-MM-DD'), 44, '00456', NULL);
INSERT INTO EX.FICHA_MEDICA(ID, ID_PERSONA, ID_CENTRO_SALUD, ID_LUGAR, ESTADO, FECHA_INFECCION, FECHA_RECUPERACION) VALUES
                                             (456, '00456', 29, 44, 'desconido', NULL, NULL);
INSERT INTO EX.PADECIMIENTOS(ID_PATOLOGIA, ID_PERSONA, ID_FICHA_MEDICA) VALUES
                            (1, '00456', 456);
INSERT INTO EX.PADECIMIENTOS(ID_PATOLOGIA, ID_PERSONA, ID_FICHA_MEDICA) VALUES
                            (2, '00456', 456);
INSERT INTO EX.PADECIMIENTOS(ID_PATOLOGIA, ID_PERSONA, ID_FICHA_MEDICA) VALUES
                            (3, '00456', 456);
INSERT INTO EX.PADECIMIENTOS(ID_PATOLOGIA, ID_PERSONA, ID_FICHA_MEDICA) VALUES
                            (4, '00456', 456);
INSERT INTO EX.PADECIMIENTOS(ID_PATOLOGIA, ID_PERSONA, ID_FICHA_MEDICA) VALUES
                            (5, '00456', 456);
INSERT INTO EX.PADECIMIENTOS(ID_PATOLOGIA, ID_PERSONA, ID_FICHA_MEDICA) VALUES
                            (6, '00456', 456);
INSERT INTO EX.PADECIMIENTOS(ID_PATOLOGIA, ID_PERSONA, ID_FICHA_MEDICA) VALUES
                            (7, '00456', 456);
INSERT INTO EX.PADECIMIENTOS(ID_PATOLOGIA, ID_PERSONA, ID_FICHA_MEDICA) VALUES
                            (8, '00456', 456);
INSERT INTO EX.PADECIMIENTOS(ID_PATOLOGIA, ID_PERSONA, ID_FICHA_MEDICA) VALUES
                            (9, '00456', 456);
INSERT INTO EX.PADECIMIENTOS(ID_PATOLOGIA, ID_PERSONA, ID_FICHA_MEDICA) VALUES
                            (10, '00456', 456);
INSERT INTO EX.PADECIMIENTOS(ID_PATOLOGIA, ID_PERSONA, ID_FICHA_MEDICA) VALUES
                            (11, '00456', 456);
INSERT INTO EX.PADECIMIENTOS(ID_PATOLOGIA, ID_PERSONA, ID_FICHA_MEDICA) VALUES
                            (12, '00456', 456);
INSERT INTO EX.PADECIMIENTOS(ID_PATOLOGIA, ID_PERSONA, ID_FICHA_MEDICA) VALUES
                            (13, '00456', 456);
INSERT INTO EX.PADECIMIENTOS(ID_PATOLOGIA, ID_PERSONA, ID_FICHA_MEDICA) VALUES
                            (14, '00456', 456);
INSERT INTO EX.PADECIMIENTOS(ID_PATOLOGIA, ID_PERSONA, ID_FICHA_MEDICA) VALUES
                            (15, '00456', 456);
INSERT INTO EX.PERSONA(DOC_IDENTIDAD, NOMBRE, NOMBRE1, APELLIDO, APELLIDO1, FECHA_NAC, GENERO, FOTO) VALUES
                  ('00457', 'Joseph', 'George', 'Thompson', 'Watson', TO_DATE('1984-02-29','YYYY-MM-DD'), 'f', NULL);
INSERT INTO EX.HISTORICO_RESIDENCIA(FECHA_INICIO, ID_LUGAR, ID_PERSONA, FECHA_FIN) VALUES
                  (TO_DATE('2009-02-06','YYYY-MM-DD'), 30, '00457', NULL);
INSERT INTO EX.FICHA_MEDICA(ID, ID_PERSONA, ID_CENTRO_SALUD, ID_LUGAR, ESTADO, FECHA_INFECCION, FECHA_RECUPERACION) VALUES
                                             (457, '00457', 15, 30, 'desconido', NULL, NULL);
INSERT INTO EX.PADECIMIENTOS(ID_PATOLOGIA, ID_PERSONA, ID_FICHA_MEDICA) VALUES
                            (1, '00457', 457);
INSERT INTO EX.PADECIMIENTOS(ID_PATOLOGIA, ID_PERSONA, ID_FICHA_MEDICA) VALUES
                            (2, '00457', 457);
INSERT INTO EX.PADECIMIENTOS(ID_PATOLOGIA, ID_PERSONA, ID_FICHA_MEDICA) VALUES
                            (3, '00457', 457);
INSERT INTO EX.PADECIMIENTOS(ID_PATOLOGIA, ID_PERSONA, ID_FICHA_MEDICA) VALUES
                            (4, '00457', 457);
INSERT INTO EX.PADECIMIENTOS(ID_PATOLOGIA, ID_PERSONA, ID_FICHA_MEDICA) VALUES
                            (5, '00457', 457);
INSERT INTO EX.PADECIMIENTOS(ID_PATOLOGIA, ID_PERSONA, ID_FICHA_MEDICA) VALUES
                            (6, '00457', 457);
INSERT INTO EX.PADECIMIENTOS(ID_PATOLOGIA, ID_PERSONA, ID_FICHA_MEDICA) VALUES
                            (7, '00457', 457);
INSERT INTO EX.PADECIMIENTOS(ID_PATOLOGIA, ID_PERSONA, ID_FICHA_MEDICA) VALUES
                            (8, '00457', 457);
INSERT INTO EX.SINTOMAS(FECHA_INICIO, ID_SINTOMA, ID_PERSONA, ID_FICHA_MEDICA) VALUES
                            (TO_DATE('2020-01-20','YYYY-MM-DD'), 1, '00457', 457);
INSERT INTO EX.SINTOMAS(FECHA_INICIO, ID_SINTOMA, ID_PERSONA, ID_FICHA_MEDICA) VALUES
                            (TO_DATE('2020-02-05','YYYY-MM-DD'), 2, '00457', 457);
INSERT INTO EX.SINTOMAS(FECHA_INICIO, ID_SINTOMA, ID_PERSONA, ID_FICHA_MEDICA) VALUES
                            (TO_DATE('2020-06-12','YYYY-MM-DD'), 3, '00457', 457);
INSERT INTO EX.SINTOMAS(FECHA_INICIO, ID_SINTOMA, ID_PERSONA, ID_FICHA_MEDICA) VALUES
                            (TO_DATE('2020-02-09','YYYY-MM-DD'), 4, '00457', 457);
INSERT INTO EX.SINTOMAS(FECHA_INICIO, ID_SINTOMA, ID_PERSONA, ID_FICHA_MEDICA) VALUES
                            (TO_DATE('2020-03-25','YYYY-MM-DD'), 5, '00457', 457);
INSERT INTO EX.SINTOMAS(FECHA_INICIO, ID_SINTOMA, ID_PERSONA, ID_FICHA_MEDICA) VALUES
                            (TO_DATE('2020-02-19','YYYY-MM-DD'), 6, '00457', 457);
INSERT INTO EX.SINTOMAS(FECHA_INICIO, ID_SINTOMA, ID_PERSONA, ID_FICHA_MEDICA) VALUES
                            (TO_DATE('2020-04-18','YYYY-MM-DD'), 7, '00457', 457);
INSERT INTO EX.SINTOMAS(FECHA_INICIO, ID_SINTOMA, ID_PERSONA, ID_FICHA_MEDICA) VALUES
                            (TO_DATE('2020-03-24','YYYY-MM-DD'), 8, '00457', 457);
INSERT INTO EX.SINTOMAS(FECHA_INICIO, ID_SINTOMA, ID_PERSONA, ID_FICHA_MEDICA) VALUES
                            (TO_DATE('2020-05-13','YYYY-MM-DD'), 9, '00457', 457);
INSERT INTO EX.SINTOMAS(FECHA_INICIO, ID_SINTOMA, ID_PERSONA, ID_FICHA_MEDICA) VALUES
                            (TO_DATE('2020-03-27','YYYY-MM-DD'), 10, '00457', 457);
INSERT INTO EX.SINTOMAS(FECHA_INICIO, ID_SINTOMA, ID_PERSONA, ID_FICHA_MEDICA) VALUES
                            (TO_DATE('2020-03-27','YYYY-MM-DD'), 11, '00457', 457);
INSERT INTO EX.SINTOMAS(FECHA_INICIO, ID_SINTOMA, ID_PERSONA, ID_FICHA_MEDICA) VALUES
                            (TO_DATE('2020-05-22','YYYY-MM-DD'), 12, '00457', 457);
INSERT INTO EX.SINTOMAS(FECHA_INICIO, ID_SINTOMA, ID_PERSONA, ID_FICHA_MEDICA) VALUES
                            (TO_DATE('2020-01-04','YYYY-MM-DD'), 13, '00457', 457);
INSERT INTO EX.SINTOMAS(FECHA_INICIO, ID_SINTOMA, ID_PERSONA, ID_FICHA_MEDICA) VALUES
                            (TO_DATE('2020-04-28','YYYY-MM-DD'), 14, '00457', 457);
INSERT INTO EX.SINTOMAS(FECHA_INICIO, ID_SINTOMA, ID_PERSONA, ID_FICHA_MEDICA) VALUES
                            (TO_DATE('2020-01-29','YYYY-MM-DD'), 15, '00457', 457);
INSERT INTO EX.SINTOMAS(FECHA_INICIO, ID_SINTOMA, ID_PERSONA, ID_FICHA_MEDICA) VALUES
                            (TO_DATE('2020-06-30','YYYY-MM-DD'), 16, '00457', 457);
INSERT INTO EX.SINTOMAS(FECHA_INICIO, ID_SINTOMA, ID_PERSONA, ID_FICHA_MEDICA) VALUES
                            (TO_DATE('2020-02-21','YYYY-MM-DD'), 17, '00457', 457);
INSERT INTO EX.SINTOMAS(FECHA_INICIO, ID_SINTOMA, ID_PERSONA, ID_FICHA_MEDICA) VALUES
                            (TO_DATE('2020-04-15','YYYY-MM-DD'), 18, '00457', 457);
INSERT INTO EX.SINTOMAS(FECHA_INICIO, ID_SINTOMA, ID_PERSONA, ID_FICHA_MEDICA) VALUES
                            (TO_DATE('2020-04-07','YYYY-MM-DD'), 19, '00457', 457);
INSERT INTO EX.PERSONA(DOC_IDENTIDAD, NOMBRE, NOMBRE1, APELLIDO, APELLIDO1, FECHA_NAC, GENERO, FOTO) VALUES
                  ('00458', 'Ethan', 'Brenda', 'Ball', 'Mcfarland', TO_DATE('1971-05-25','YYYY-MM-DD'), 'm', NULL);
INSERT INTO EX.HISTORICO_RESIDENCIA(FECHA_INICIO, ID_LUGAR, ID_PERSONA, FECHA_FIN) VALUES
                  (TO_DATE('2017-11-18','YYYY-MM-DD'), 42, '00458', NULL);
INSERT INTO EX.FICHA_MEDICA(ID, ID_PERSONA, ID_CENTRO_SALUD, ID_LUGAR, ESTADO, FECHA_INFECCION, FECHA_RECUPERACION) VALUES
                                             (458, '00458', 27, 42, 'desconido', NULL, NULL);
INSERT INTO EX.PADECIMIENTOS(ID_PATOLOGIA, ID_PERSONA, ID_FICHA_MEDICA) VALUES
                            (1, '00458', 458);
INSERT INTO EX.PADECIMIENTOS(ID_PATOLOGIA, ID_PERSONA, ID_FICHA_MEDICA) VALUES
                            (2, '00458', 458);
INSERT INTO EX.PADECIMIENTOS(ID_PATOLOGIA, ID_PERSONA, ID_FICHA_MEDICA) VALUES
                            (3, '00458', 458);
INSERT INTO EX.PADECIMIENTOS(ID_PATOLOGIA, ID_PERSONA, ID_FICHA_MEDICA) VALUES
                            (4, '00458', 458);
INSERT INTO EX.PADECIMIENTOS(ID_PATOLOGIA, ID_PERSONA, ID_FICHA_MEDICA) VALUES
                            (5, '00458', 458);
INSERT INTO EX.PADECIMIENTOS(ID_PATOLOGIA, ID_PERSONA, ID_FICHA_MEDICA) VALUES
                            (6, '00458', 458);
INSERT INTO EX.PADECIMIENTOS(ID_PATOLOGIA, ID_PERSONA, ID_FICHA_MEDICA) VALUES
                            (7, '00458', 458);
INSERT INTO EX.PADECIMIENTOS(ID_PATOLOGIA, ID_PERSONA, ID_FICHA_MEDICA) VALUES
                            (8, '00458', 458);
INSERT INTO EX.PADECIMIENTOS(ID_PATOLOGIA, ID_PERSONA, ID_FICHA_MEDICA) VALUES
                            (9, '00458', 458);
INSERT INTO EX.PADECIMIENTOS(ID_PATOLOGIA, ID_PERSONA, ID_FICHA_MEDICA) VALUES
                            (10, '00458', 458);
INSERT INTO EX.PADECIMIENTOS(ID_PATOLOGIA, ID_PERSONA, ID_FICHA_MEDICA) VALUES
                            (11, '00458', 458);
INSERT INTO EX.PADECIMIENTOS(ID_PATOLOGIA, ID_PERSONA, ID_FICHA_MEDICA) VALUES
                            (12, '00458', 458);
INSERT INTO EX.PERSONA(DOC_IDENTIDAD, NOMBRE, NOMBRE1, APELLIDO, APELLIDO1, FECHA_NAC, GENERO, FOTO) VALUES
                  ('00459', 'Lori', 'Regina', 'Wells', 'Thomas', TO_DATE('1994-01-21','YYYY-MM-DD'), 'f', NULL);
INSERT INTO EX.HISTORICO_RESIDENCIA(FECHA_INICIO, ID_LUGAR, ID_PERSONA, FECHA_FIN) VALUES
                  (TO_DATE('1992-11-12','YYYY-MM-DD'), 24, '00459', NULL);
INSERT INTO EX.FICHA_MEDICA(ID, ID_PERSONA, ID_CENTRO_SALUD, ID_LUGAR, ESTADO, FECHA_INFECCION, FECHA_RECUPERACION) VALUES
                                             (459, '00459', 9, 24, 'desconido', NULL, NULL);
INSERT INTO EX.PADECIMIENTOS(ID_PATOLOGIA, ID_PERSONA, ID_FICHA_MEDICA) VALUES
                            (1, '00459', 459);
INSERT INTO EX.PADECIMIENTOS(ID_PATOLOGIA, ID_PERSONA, ID_FICHA_MEDICA) VALUES
                            (2, '00459', 459);
INSERT INTO EX.PADECIMIENTOS(ID_PATOLOGIA, ID_PERSONA, ID_FICHA_MEDICA) VALUES
                            (3, '00459', 459);
INSERT INTO EX.PADECIMIENTOS(ID_PATOLOGIA, ID_PERSONA, ID_FICHA_MEDICA) VALUES
                            (4, '00459', 459);
INSERT INTO EX.PADECIMIENTOS(ID_PATOLOGIA, ID_PERSONA, ID_FICHA_MEDICA) VALUES
                            (5, '00459', 459);
INSERT INTO EX.PADECIMIENTOS(ID_PATOLOGIA, ID_PERSONA, ID_FICHA_MEDICA) VALUES
                            (6, '00459', 459);
INSERT INTO EX.PADECIMIENTOS(ID_PATOLOGIA, ID_PERSONA, ID_FICHA_MEDICA) VALUES
                            (7, '00459', 459);
INSERT INTO EX.PERSONA(DOC_IDENTIDAD, NOMBRE, NOMBRE1, APELLIDO, APELLIDO1, FECHA_NAC, GENERO, FOTO) VALUES
                  ('00460', 'Erik', 'Michael', 'Lynch', 'Nelson', TO_DATE('1979-06-21','YYYY-MM-DD'), 'm', NULL);
INSERT INTO EX.HISTORICO_RESIDENCIA(FECHA_INICIO, ID_LUGAR, ID_PERSONA, FECHA_FIN) VALUES
                  (TO_DATE('2011-09-26','YYYY-MM-DD'), 44, '00460', NULL);
INSERT INTO EX.FICHA_MEDICA(ID, ID_PERSONA, ID_CENTRO_SALUD, ID_LUGAR, ESTADO, FECHA_INFECCION, FECHA_RECUPERACION) VALUES
                                             (460, '00460', 29, 44, 'desconido', NULL, NULL);
INSERT INTO EX.PADECIMIENTOS(ID_PATOLOGIA, ID_PERSONA, ID_FICHA_MEDICA) VALUES
                            (1, '00460', 460);
INSERT INTO EX.PADECIMIENTOS(ID_PATOLOGIA, ID_PERSONA, ID_FICHA_MEDICA) VALUES
                            (2, '00460', 460);
INSERT INTO EX.PADECIMIENTOS(ID_PATOLOGIA, ID_PERSONA, ID_FICHA_MEDICA) VALUES
                            (3, '00460', 460);
INSERT INTO EX.PADECIMIENTOS(ID_PATOLOGIA, ID_PERSONA, ID_FICHA_MEDICA) VALUES
                            (4, '00460', 460);
INSERT INTO EX.PADECIMIENTOS(ID_PATOLOGIA, ID_PERSONA, ID_FICHA_MEDICA) VALUES
                            (5, '00460', 460);
INSERT INTO EX.PADECIMIENTOS(ID_PATOLOGIA, ID_PERSONA, ID_FICHA_MEDICA) VALUES
                            (6, '00460', 460);
INSERT INTO EX.PADECIMIENTOS(ID_PATOLOGIA, ID_PERSONA, ID_FICHA_MEDICA) VALUES
                            (7, '00460', 460);
INSERT INTO EX.PADECIMIENTOS(ID_PATOLOGIA, ID_PERSONA, ID_FICHA_MEDICA) VALUES
                            (8, '00460', 460);
INSERT INTO EX.PADECIMIENTOS(ID_PATOLOGIA, ID_PERSONA, ID_FICHA_MEDICA) VALUES
                            (9, '00460', 460);
INSERT INTO EX.PADECIMIENTOS(ID_PATOLOGIA, ID_PERSONA, ID_FICHA_MEDICA) VALUES
                            (10, '00460', 460);
INSERT INTO EX.PADECIMIENTOS(ID_PATOLOGIA, ID_PERSONA, ID_FICHA_MEDICA) VALUES
                            (11, '00460', 460);
INSERT INTO EX.PADECIMIENTOS(ID_PATOLOGIA, ID_PERSONA, ID_FICHA_MEDICA) VALUES
                            (12, '00460', 460);
INSERT INTO EX.PADECIMIENTOS(ID_PATOLOGIA, ID_PERSONA, ID_FICHA_MEDICA) VALUES
                            (13, '00460', 460);
INSERT INTO EX.PADECIMIENTOS(ID_PATOLOGIA, ID_PERSONA, ID_FICHA_MEDICA) VALUES
                            (14, '00460', 460);
INSERT INTO EX.SINTOMAS(FECHA_INICIO, ID_SINTOMA, ID_PERSONA, ID_FICHA_MEDICA) VALUES
                            (TO_DATE('2020-03-08','YYYY-MM-DD'), 1, '00460', 460);
INSERT INTO EX.SINTOMAS(FECHA_INICIO, ID_SINTOMA, ID_PERSONA, ID_FICHA_MEDICA) VALUES
                            (TO_DATE('2020-03-11','YYYY-MM-DD'), 2, '00460', 460);
INSERT INTO EX.PERSONA(DOC_IDENTIDAD, NOMBRE, NOMBRE1, APELLIDO, APELLIDO1, FECHA_NAC, GENERO, FOTO) VALUES
                  ('00461', 'Tara', 'Michael', 'Cox', 'Smith', TO_DATE('1983-04-03','YYYY-MM-DD'), 'f', NULL);
INSERT INTO EX.HISTORICO_RESIDENCIA(FECHA_INICIO, ID_LUGAR, ID_PERSONA, FECHA_FIN) VALUES
                  (TO_DATE('1997-06-23','YYYY-MM-DD'), 38, '00461', NULL);
INSERT INTO EX.FICHA_MEDICA(ID, ID_PERSONA, ID_CENTRO_SALUD, ID_LUGAR, ESTADO, FECHA_INFECCION, FECHA_RECUPERACION) VALUES
                                             (461, '00461', 23, 38, 'desconido', NULL, NULL);
INSERT INTO EX.SINTOMAS(FECHA_INICIO, ID_SINTOMA, ID_PERSONA, ID_FICHA_MEDICA) VALUES
                            (TO_DATE('2020-06-01','YYYY-MM-DD'), 1, '00461', 461);
INSERT INTO EX.SINTOMAS(FECHA_INICIO, ID_SINTOMA, ID_PERSONA, ID_FICHA_MEDICA) VALUES
                            (TO_DATE('2020-05-14','YYYY-MM-DD'), 2, '00461', 461);
INSERT INTO EX.SINTOMAS(FECHA_INICIO, ID_SINTOMA, ID_PERSONA, ID_FICHA_MEDICA) VALUES
                            (TO_DATE('2020-01-03','YYYY-MM-DD'), 3, '00461', 461);
INSERT INTO EX.SINTOMAS(FECHA_INICIO, ID_SINTOMA, ID_PERSONA, ID_FICHA_MEDICA) VALUES
                            (TO_DATE('2020-02-12','YYYY-MM-DD'), 4, '00461', 461);
INSERT INTO EX.SINTOMAS(FECHA_INICIO, ID_SINTOMA, ID_PERSONA, ID_FICHA_MEDICA) VALUES
                            (TO_DATE('2020-06-19','YYYY-MM-DD'), 5, '00461', 461);
INSERT INTO EX.PERSONA(DOC_IDENTIDAD, NOMBRE, NOMBRE1, APELLIDO, APELLIDO1, FECHA_NAC, GENERO, FOTO) VALUES
                  ('00462', 'Cassandra', 'Jacob', 'Clark', 'Jackson', TO_DATE('2008-03-02','YYYY-MM-DD'), 'm', NULL);
INSERT INTO EX.HISTORICO_RESIDENCIA(FECHA_INICIO, ID_LUGAR, ID_PERSONA, FECHA_FIN) VALUES
                  (TO_DATE('2001-04-07','YYYY-MM-DD'), 44, '00462', NULL);
INSERT INTO EX.FICHA_MEDICA(ID, ID_PERSONA, ID_CENTRO_SALUD, ID_LUGAR, ESTADO, FECHA_INFECCION, FECHA_RECUPERACION) VALUES
                                             (462, '00462', 29, 44, 'desconido', NULL, NULL);
INSERT INTO EX.SINTOMAS(FECHA_INICIO, ID_SINTOMA, ID_PERSONA, ID_FICHA_MEDICA) VALUES
                            (TO_DATE('2020-04-14','YYYY-MM-DD'), 1, '00462', 462);
INSERT INTO EX.SINTOMAS(FECHA_INICIO, ID_SINTOMA, ID_PERSONA, ID_FICHA_MEDICA) VALUES
                            (TO_DATE('2020-06-08','YYYY-MM-DD'), 2, '00462', 462);
INSERT INTO EX.SINTOMAS(FECHA_INICIO, ID_SINTOMA, ID_PERSONA, ID_FICHA_MEDICA) VALUES
                            (TO_DATE('2020-04-04','YYYY-MM-DD'), 3, '00462', 462);
INSERT INTO EX.PERSONA(DOC_IDENTIDAD, NOMBRE, NOMBRE1, APELLIDO, APELLIDO1, FECHA_NAC, GENERO, FOTO) VALUES
                  ('00463', 'Kristen', 'Robert', 'Obrien', 'Mcintosh', TO_DATE('1987-02-21','YYYY-MM-DD'), 'f', NULL);
INSERT INTO EX.HISTORICO_RESIDENCIA(FECHA_INICIO, ID_LUGAR, ID_PERSONA, FECHA_FIN) VALUES
                  (TO_DATE('1990-03-09','YYYY-MM-DD'), 37, '00463', NULL);
INSERT INTO EX.FICHA_MEDICA(ID, ID_PERSONA, ID_CENTRO_SALUD, ID_LUGAR, ESTADO, FECHA_INFECCION, FECHA_RECUPERACION) VALUES
                                             (463, '00463', 22, 37, 'desconido', NULL, NULL);
INSERT INTO EX.PADECIMIENTOS(ID_PATOLOGIA, ID_PERSONA, ID_FICHA_MEDICA) VALUES
                            (1, '00463', 463);
INSERT INTO EX.PADECIMIENTOS(ID_PATOLOGIA, ID_PERSONA, ID_FICHA_MEDICA) VALUES
                            (2, '00463', 463);
INSERT INTO EX.PADECIMIENTOS(ID_PATOLOGIA, ID_PERSONA, ID_FICHA_MEDICA) VALUES
                            (3, '00463', 463);
INSERT INTO EX.PADECIMIENTOS(ID_PATOLOGIA, ID_PERSONA, ID_FICHA_MEDICA) VALUES
                            (4, '00463', 463);
INSERT INTO EX.PADECIMIENTOS(ID_PATOLOGIA, ID_PERSONA, ID_FICHA_MEDICA) VALUES
                            (5, '00463', 463);
INSERT INTO EX.PADECIMIENTOS(ID_PATOLOGIA, ID_PERSONA, ID_FICHA_MEDICA) VALUES
                            (6, '00463', 463);
INSERT INTO EX.PADECIMIENTOS(ID_PATOLOGIA, ID_PERSONA, ID_FICHA_MEDICA) VALUES
                            (7, '00463', 463);
INSERT INTO EX.PERSONA(DOC_IDENTIDAD, NOMBRE, NOMBRE1, APELLIDO, APELLIDO1, FECHA_NAC, GENERO, FOTO) VALUES
                  ('00464', 'Alexis', 'Angela', 'Pierce', 'Ramirez', TO_DATE('1991-12-25','YYYY-MM-DD'), 'm', NULL);
INSERT INTO EX.HISTORICO_RESIDENCIA(FECHA_INICIO, ID_LUGAR, ID_PERSONA, FECHA_FIN) VALUES
                  (TO_DATE('1993-07-19','YYYY-MM-DD'), 39, '00464', NULL);
INSERT INTO EX.FICHA_MEDICA(ID, ID_PERSONA, ID_CENTRO_SALUD, ID_LUGAR, ESTADO, FECHA_INFECCION, FECHA_RECUPERACION) VALUES
                                             (464, '00464', 24, 39, 'desconido', NULL, NULL);
INSERT INTO EX.SINTOMAS(FECHA_INICIO, ID_SINTOMA, ID_PERSONA, ID_FICHA_MEDICA) VALUES
                            (TO_DATE('2020-03-30','YYYY-MM-DD'), 1, '00464', 464);
INSERT INTO EX.SINTOMAS(FECHA_INICIO, ID_SINTOMA, ID_PERSONA, ID_FICHA_MEDICA) VALUES
                            (TO_DATE('2020-01-22','YYYY-MM-DD'), 2, '00464', 464);
INSERT INTO EX.SINTOMAS(FECHA_INICIO, ID_SINTOMA, ID_PERSONA, ID_FICHA_MEDICA) VALUES
                            (TO_DATE('2020-05-28','YYYY-MM-DD'), 3, '00464', 464);
INSERT INTO EX.PERSONA(DOC_IDENTIDAD, NOMBRE, NOMBRE1, APELLIDO, APELLIDO1, FECHA_NAC, GENERO, FOTO) VALUES
                  ('00465', 'Margaret', 'Rebecca', 'Patton', 'Anderson', TO_DATE('1978-10-22','YYYY-MM-DD'), 'f', NULL);
INSERT INTO EX.HISTORICO_RESIDENCIA(FECHA_INICIO, ID_LUGAR, ID_PERSONA, FECHA_FIN) VALUES
                  (TO_DATE('1971-02-26','YYYY-MM-DD'), 32, '00465', NULL);
INSERT INTO EX.FICHA_MEDICA(ID, ID_PERSONA, ID_CENTRO_SALUD, ID_LUGAR, ESTADO, FECHA_INFECCION, FECHA_RECUPERACION) VALUES
                                             (465, '00465', 17, 32, 'desconido', NULL, NULL);
INSERT INTO EX.PERSONA(DOC_IDENTIDAD, NOMBRE, NOMBRE1, APELLIDO, APELLIDO1, FECHA_NAC, GENERO, FOTO) VALUES
                  ('00466', 'Erica', 'Christopher', 'Morton', 'Mcintosh', TO_DATE('1982-07-28','YYYY-MM-DD'), 'm', NULL);
INSERT INTO EX.HISTORICO_RESIDENCIA(FECHA_INICIO, ID_LUGAR, ID_PERSONA, FECHA_FIN) VALUES
                  (TO_DATE('1979-07-22','YYYY-MM-DD'), 18, '00466', NULL);
INSERT INTO EX.FICHA_MEDICA(ID, ID_PERSONA, ID_CENTRO_SALUD, ID_LUGAR, ESTADO, FECHA_INFECCION, FECHA_RECUPERACION) VALUES
                                             (466, '00466', 3, 18, 'desconido', NULL, NULL);
INSERT INTO EX.PADECIMIENTOS(ID_PATOLOGIA, ID_PERSONA, ID_FICHA_MEDICA) VALUES
                            (1, '00466', 466);
INSERT INTO EX.PADECIMIENTOS(ID_PATOLOGIA, ID_PERSONA, ID_FICHA_MEDICA) VALUES
                            (2, '00466', 466);
INSERT INTO EX.PADECIMIENTOS(ID_PATOLOGIA, ID_PERSONA, ID_FICHA_MEDICA) VALUES
                            (3, '00466', 466);
INSERT INTO EX.PADECIMIENTOS(ID_PATOLOGIA, ID_PERSONA, ID_FICHA_MEDICA) VALUES
                            (4, '00466', 466);
INSERT INTO EX.PADECIMIENTOS(ID_PATOLOGIA, ID_PERSONA, ID_FICHA_MEDICA) VALUES
                            (5, '00466', 466);
INSERT INTO EX.PADECIMIENTOS(ID_PATOLOGIA, ID_PERSONA, ID_FICHA_MEDICA) VALUES
                            (6, '00466', 466);
INSERT INTO EX.PADECIMIENTOS(ID_PATOLOGIA, ID_PERSONA, ID_FICHA_MEDICA) VALUES
                            (7, '00466', 466);
INSERT INTO EX.PADECIMIENTOS(ID_PATOLOGIA, ID_PERSONA, ID_FICHA_MEDICA) VALUES
                            (8, '00466', 466);
INSERT INTO EX.PADECIMIENTOS(ID_PATOLOGIA, ID_PERSONA, ID_FICHA_MEDICA) VALUES
                            (9, '00466', 466);
INSERT INTO EX.PADECIMIENTOS(ID_PATOLOGIA, ID_PERSONA, ID_FICHA_MEDICA) VALUES
                            (10, '00466', 466);
INSERT INTO EX.PADECIMIENTOS(ID_PATOLOGIA, ID_PERSONA, ID_FICHA_MEDICA) VALUES
                            (11, '00466', 466);
INSERT INTO EX.SINTOMAS(FECHA_INICIO, ID_SINTOMA, ID_PERSONA, ID_FICHA_MEDICA) VALUES
                            (TO_DATE('2020-04-13','YYYY-MM-DD'), 1, '00466', 466);
INSERT INTO EX.SINTOMAS(FECHA_INICIO, ID_SINTOMA, ID_PERSONA, ID_FICHA_MEDICA) VALUES
                            (TO_DATE('2020-03-04','YYYY-MM-DD'), 2, '00466', 466);
INSERT INTO EX.SINTOMAS(FECHA_INICIO, ID_SINTOMA, ID_PERSONA, ID_FICHA_MEDICA) VALUES
                            (TO_DATE('2020-05-25','YYYY-MM-DD'), 3, '00466', 466);
INSERT INTO EX.SINTOMAS(FECHA_INICIO, ID_SINTOMA, ID_PERSONA, ID_FICHA_MEDICA) VALUES
                            (TO_DATE('2020-02-16','YYYY-MM-DD'), 4, '00466', 466);
INSERT INTO EX.SINTOMAS(FECHA_INICIO, ID_SINTOMA, ID_PERSONA, ID_FICHA_MEDICA) VALUES
                            (TO_DATE('2020-03-21','YYYY-MM-DD'), 5, '00466', 466);
INSERT INTO EX.SINTOMAS(FECHA_INICIO, ID_SINTOMA, ID_PERSONA, ID_FICHA_MEDICA) VALUES
                            (TO_DATE('2020-06-22','YYYY-MM-DD'), 6, '00466', 466);
INSERT INTO EX.SINTOMAS(FECHA_INICIO, ID_SINTOMA, ID_PERSONA, ID_FICHA_MEDICA) VALUES
                            (TO_DATE('2020-03-09','YYYY-MM-DD'), 7, '00466', 466);
INSERT INTO EX.SINTOMAS(FECHA_INICIO, ID_SINTOMA, ID_PERSONA, ID_FICHA_MEDICA) VALUES
                            (TO_DATE('2020-02-24','YYYY-MM-DD'), 8, '00466', 466);
INSERT INTO EX.SINTOMAS(FECHA_INICIO, ID_SINTOMA, ID_PERSONA, ID_FICHA_MEDICA) VALUES
                            (TO_DATE('2020-06-03','YYYY-MM-DD'), 9, '00466', 466);
INSERT INTO EX.SINTOMAS(FECHA_INICIO, ID_SINTOMA, ID_PERSONA, ID_FICHA_MEDICA) VALUES
                            (TO_DATE('2020-05-23','YYYY-MM-DD'), 10, '00466', 466);
INSERT INTO EX.SINTOMAS(FECHA_INICIO, ID_SINTOMA, ID_PERSONA, ID_FICHA_MEDICA) VALUES
                            (TO_DATE('2020-06-29','YYYY-MM-DD'), 11, '00466', 466);
INSERT INTO EX.SINTOMAS(FECHA_INICIO, ID_SINTOMA, ID_PERSONA, ID_FICHA_MEDICA) VALUES
                            (TO_DATE('2020-03-11','YYYY-MM-DD'), 12, '00466', 466);
INSERT INTO EX.SINTOMAS(FECHA_INICIO, ID_SINTOMA, ID_PERSONA, ID_FICHA_MEDICA) VALUES
                            (TO_DATE('2020-01-30','YYYY-MM-DD'), 13, '00466', 466);
INSERT INTO EX.PERSONA(DOC_IDENTIDAD, NOMBRE, NOMBRE1, APELLIDO, APELLIDO1, FECHA_NAC, GENERO, FOTO) VALUES
                  ('00467', 'Carlos', 'Mark', 'Lucas', 'Jones', TO_DATE('2011-03-09','YYYY-MM-DD'), 'f', NULL);
INSERT INTO EX.HISTORICO_RESIDENCIA(FECHA_INICIO, ID_LUGAR, ID_PERSONA, FECHA_FIN) VALUES
                  (TO_DATE('1971-03-17','YYYY-MM-DD'), 37, '00467', NULL);
INSERT INTO EX.FICHA_MEDICA(ID, ID_PERSONA, ID_CENTRO_SALUD, ID_LUGAR, ESTADO, FECHA_INFECCION, FECHA_RECUPERACION) VALUES
                                             (467, '00467', 22, 37, 'desconido', NULL, NULL);
INSERT INTO EX.SINTOMAS(FECHA_INICIO, ID_SINTOMA, ID_PERSONA, ID_FICHA_MEDICA) VALUES
                            (TO_DATE('2020-01-30','YYYY-MM-DD'), 1, '00467', 467);
INSERT INTO EX.SINTOMAS(FECHA_INICIO, ID_SINTOMA, ID_PERSONA, ID_FICHA_MEDICA) VALUES
                            (TO_DATE('2020-02-27','YYYY-MM-DD'), 2, '00467', 467);
INSERT INTO EX.SINTOMAS(FECHA_INICIO, ID_SINTOMA, ID_PERSONA, ID_FICHA_MEDICA) VALUES
                            (TO_DATE('2020-03-20','YYYY-MM-DD'), 3, '00467', 467);
INSERT INTO EX.SINTOMAS(FECHA_INICIO, ID_SINTOMA, ID_PERSONA, ID_FICHA_MEDICA) VALUES
                            (TO_DATE('2020-04-26','YYYY-MM-DD'), 4, '00467', 467);
INSERT INTO EX.SINTOMAS(FECHA_INICIO, ID_SINTOMA, ID_PERSONA, ID_FICHA_MEDICA) VALUES
                            (TO_DATE('2020-04-01','YYYY-MM-DD'), 5, '00467', 467);
INSERT INTO EX.SINTOMAS(FECHA_INICIO, ID_SINTOMA, ID_PERSONA, ID_FICHA_MEDICA) VALUES
                            (TO_DATE('2020-02-08','YYYY-MM-DD'), 6, '00467', 467);
INSERT INTO EX.SINTOMAS(FECHA_INICIO, ID_SINTOMA, ID_PERSONA, ID_FICHA_MEDICA) VALUES
                            (TO_DATE('2020-04-26','YYYY-MM-DD'), 7, '00467', 467);
INSERT INTO EX.SINTOMAS(FECHA_INICIO, ID_SINTOMA, ID_PERSONA, ID_FICHA_MEDICA) VALUES
                            (TO_DATE('2020-05-20','YYYY-MM-DD'), 8, '00467', 467);
INSERT INTO EX.SINTOMAS(FECHA_INICIO, ID_SINTOMA, ID_PERSONA, ID_FICHA_MEDICA) VALUES
                            (TO_DATE('2020-01-28','YYYY-MM-DD'), 9, '00467', 467);
INSERT INTO EX.SINTOMAS(FECHA_INICIO, ID_SINTOMA, ID_PERSONA, ID_FICHA_MEDICA) VALUES
                            (TO_DATE('2020-05-08','YYYY-MM-DD'), 10, '00467', 467);
INSERT INTO EX.SINTOMAS(FECHA_INICIO, ID_SINTOMA, ID_PERSONA, ID_FICHA_MEDICA) VALUES
                            (TO_DATE('2020-03-02','YYYY-MM-DD'), 11, '00467', 467);
INSERT INTO EX.SINTOMAS(FECHA_INICIO, ID_SINTOMA, ID_PERSONA, ID_FICHA_MEDICA) VALUES
                            (TO_DATE('2020-06-01','YYYY-MM-DD'), 12, '00467', 467);
INSERT INTO EX.SINTOMAS(FECHA_INICIO, ID_SINTOMA, ID_PERSONA, ID_FICHA_MEDICA) VALUES
                            (TO_DATE('2020-03-17','YYYY-MM-DD'), 13, '00467', 467);
INSERT INTO EX.SINTOMAS(FECHA_INICIO, ID_SINTOMA, ID_PERSONA, ID_FICHA_MEDICA) VALUES
                            (TO_DATE('2020-02-20','YYYY-MM-DD'), 14, '00467', 467);
INSERT INTO EX.SINTOMAS(FECHA_INICIO, ID_SINTOMA, ID_PERSONA, ID_FICHA_MEDICA) VALUES
                            (TO_DATE('2020-01-09','YYYY-MM-DD'), 15, '00467', 467);
INSERT INTO EX.SINTOMAS(FECHA_INICIO, ID_SINTOMA, ID_PERSONA, ID_FICHA_MEDICA) VALUES
                            (TO_DATE('2020-05-20','YYYY-MM-DD'), 16, '00467', 467);
INSERT INTO EX.SINTOMAS(FECHA_INICIO, ID_SINTOMA, ID_PERSONA, ID_FICHA_MEDICA) VALUES
                            (TO_DATE('2020-03-16','YYYY-MM-DD'), 17, '00467', 467);
INSERT INTO EX.SINTOMAS(FECHA_INICIO, ID_SINTOMA, ID_PERSONA, ID_FICHA_MEDICA) VALUES
                            (TO_DATE('2020-01-27','YYYY-MM-DD'), 18, '00467', 467);
INSERT INTO EX.PERSONA(DOC_IDENTIDAD, NOMBRE, NOMBRE1, APELLIDO, APELLIDO1, FECHA_NAC, GENERO, FOTO) VALUES
                  ('00468', 'Patricia', 'William', 'Garcia', 'Fox', TO_DATE('1997-09-13','YYYY-MM-DD'), 'm', NULL);
INSERT INTO EX.HISTORICO_RESIDENCIA(FECHA_INICIO, ID_LUGAR, ID_PERSONA, FECHA_FIN) VALUES
                  (TO_DATE('1983-07-15','YYYY-MM-DD'), 19, '00468', NULL);
INSERT INTO EX.FICHA_MEDICA(ID, ID_PERSONA, ID_CENTRO_SALUD, ID_LUGAR, ESTADO, FECHA_INFECCION, FECHA_RECUPERACION) VALUES
                                             (468, '00468', 4, 19, 'desconido', NULL, NULL);
INSERT INTO EX.PADECIMIENTOS(ID_PATOLOGIA, ID_PERSONA, ID_FICHA_MEDICA) VALUES
                            (1, '00468', 468);
INSERT INTO EX.PADECIMIENTOS(ID_PATOLOGIA, ID_PERSONA, ID_FICHA_MEDICA) VALUES
                            (2, '00468', 468);
INSERT INTO EX.PADECIMIENTOS(ID_PATOLOGIA, ID_PERSONA, ID_FICHA_MEDICA) VALUES
                            (3, '00468', 468);
INSERT INTO EX.PERSONA(DOC_IDENTIDAD, NOMBRE, NOMBRE1, APELLIDO, APELLIDO1, FECHA_NAC, GENERO, FOTO) VALUES
                  ('00469', 'Zachary', 'Sarah', 'Vasquez', 'Cook', TO_DATE('1982-07-19','YYYY-MM-DD'), 'f', NULL);
INSERT INTO EX.HISTORICO_RESIDENCIA(FECHA_INICIO, ID_LUGAR, ID_PERSONA, FECHA_FIN) VALUES
                  (TO_DATE('1995-01-03','YYYY-MM-DD'), 39, '00469', NULL);
INSERT INTO EX.FICHA_MEDICA(ID, ID_PERSONA, ID_CENTRO_SALUD, ID_LUGAR, ESTADO, FECHA_INFECCION, FECHA_RECUPERACION) VALUES
                                             (469, '00469', 24, 39, 'desconido', NULL, NULL);
INSERT INTO EX.SINTOMAS(FECHA_INICIO, ID_SINTOMA, ID_PERSONA, ID_FICHA_MEDICA) VALUES
                            (TO_DATE('2020-01-10','YYYY-MM-DD'), 1, '00469', 469);
INSERT INTO EX.SINTOMAS(FECHA_INICIO, ID_SINTOMA, ID_PERSONA, ID_FICHA_MEDICA) VALUES
                            (TO_DATE('2020-01-30','YYYY-MM-DD'), 2, '00469', 469);
INSERT INTO EX.SINTOMAS(FECHA_INICIO, ID_SINTOMA, ID_PERSONA, ID_FICHA_MEDICA) VALUES
                            (TO_DATE('2020-03-24','YYYY-MM-DD'), 3, '00469', 469);
INSERT INTO EX.SINTOMAS(FECHA_INICIO, ID_SINTOMA, ID_PERSONA, ID_FICHA_MEDICA) VALUES
                            (TO_DATE('2020-04-06','YYYY-MM-DD'), 4, '00469', 469);
INSERT INTO EX.SINTOMAS(FECHA_INICIO, ID_SINTOMA, ID_PERSONA, ID_FICHA_MEDICA) VALUES
                            (TO_DATE('2020-03-06','YYYY-MM-DD'), 5, '00469', 469);
INSERT INTO EX.SINTOMAS(FECHA_INICIO, ID_SINTOMA, ID_PERSONA, ID_FICHA_MEDICA) VALUES
                            (TO_DATE('2020-04-05','YYYY-MM-DD'), 6, '00469', 469);
INSERT INTO EX.PERSONA(DOC_IDENTIDAD, NOMBRE, NOMBRE1, APELLIDO, APELLIDO1, FECHA_NAC, GENERO, FOTO) VALUES
                  ('00470', 'Randy', 'Susan', 'Chavez', 'Smith', TO_DATE('1998-03-30','YYYY-MM-DD'), 'm', NULL);
INSERT INTO EX.HISTORICO_RESIDENCIA(FECHA_INICIO, ID_LUGAR, ID_PERSONA, FECHA_FIN) VALUES
                  (TO_DATE('1983-03-14','YYYY-MM-DD'), 23, '00470', NULL);
INSERT INTO EX.FICHA_MEDICA(ID, ID_PERSONA, ID_CENTRO_SALUD, ID_LUGAR, ESTADO, FECHA_INFECCION, FECHA_RECUPERACION) VALUES
                                             (470, '00470', 8, 23, 'desconido', NULL, NULL);
INSERT INTO EX.PADECIMIENTOS(ID_PATOLOGIA, ID_PERSONA, ID_FICHA_MEDICA) VALUES
                            (1, '00470', 470);
INSERT INTO EX.PADECIMIENTOS(ID_PATOLOGIA, ID_PERSONA, ID_FICHA_MEDICA) VALUES
                            (2, '00470', 470);
INSERT INTO EX.PADECIMIENTOS(ID_PATOLOGIA, ID_PERSONA, ID_FICHA_MEDICA) VALUES
                            (3, '00470', 470);
INSERT INTO EX.PADECIMIENTOS(ID_PATOLOGIA, ID_PERSONA, ID_FICHA_MEDICA) VALUES
                            (4, '00470', 470);
INSERT INTO EX.PADECIMIENTOS(ID_PATOLOGIA, ID_PERSONA, ID_FICHA_MEDICA) VALUES
                            (5, '00470', 470);
INSERT INTO EX.PADECIMIENTOS(ID_PATOLOGIA, ID_PERSONA, ID_FICHA_MEDICA) VALUES
                            (6, '00470', 470);
INSERT INTO EX.PADECIMIENTOS(ID_PATOLOGIA, ID_PERSONA, ID_FICHA_MEDICA) VALUES
                            (7, '00470', 470);
INSERT INTO EX.PERSONA(DOC_IDENTIDAD, NOMBRE, NOMBRE1, APELLIDO, APELLIDO1, FECHA_NAC, GENERO, FOTO) VALUES
                  ('00471', 'Aaron', 'Laura', 'Bowen', 'Flores', TO_DATE('2006-12-13','YYYY-MM-DD'), 'f', NULL);
INSERT INTO EX.HISTORICO_RESIDENCIA(FECHA_INICIO, ID_LUGAR, ID_PERSONA, FECHA_FIN) VALUES
                  (TO_DATE('1972-09-25','YYYY-MM-DD'), 30, '00471', NULL);
INSERT INTO EX.FICHA_MEDICA(ID, ID_PERSONA, ID_CENTRO_SALUD, ID_LUGAR, ESTADO, FECHA_INFECCION, FECHA_RECUPERACION) VALUES
                                             (471, '00471', 15, 30, 'desconido', NULL, NULL);
INSERT INTO EX.PADECIMIENTOS(ID_PATOLOGIA, ID_PERSONA, ID_FICHA_MEDICA) VALUES
                            (1, '00471', 471);
INSERT INTO EX.PADECIMIENTOS(ID_PATOLOGIA, ID_PERSONA, ID_FICHA_MEDICA) VALUES
                            (2, '00471', 471);
INSERT INTO EX.PADECIMIENTOS(ID_PATOLOGIA, ID_PERSONA, ID_FICHA_MEDICA) VALUES
                            (3, '00471', 471);
INSERT INTO EX.PADECIMIENTOS(ID_PATOLOGIA, ID_PERSONA, ID_FICHA_MEDICA) VALUES
                            (4, '00471', 471);
INSERT INTO EX.PERSONA(DOC_IDENTIDAD, NOMBRE, NOMBRE1, APELLIDO, APELLIDO1, FECHA_NAC, GENERO, FOTO) VALUES
                  ('00472', 'Kathy', 'Carmen', 'Day', 'Gregory', TO_DATE('2006-05-17','YYYY-MM-DD'), 'm', NULL);
INSERT INTO EX.HISTORICO_RESIDENCIA(FECHA_INICIO, ID_LUGAR, ID_PERSONA, FECHA_FIN) VALUES
                  (TO_DATE('1972-07-09','YYYY-MM-DD'), 34, '00472', NULL);
INSERT INTO EX.FICHA_MEDICA(ID, ID_PERSONA, ID_CENTRO_SALUD, ID_LUGAR, ESTADO, FECHA_INFECCION, FECHA_RECUPERACION) VALUES
                                             (472, '00472', 19, 34, 'desconido', NULL, NULL);
INSERT INTO EX.PADECIMIENTOS(ID_PATOLOGIA, ID_PERSONA, ID_FICHA_MEDICA) VALUES
                            (1, '00472', 472);
INSERT INTO EX.PADECIMIENTOS(ID_PATOLOGIA, ID_PERSONA, ID_FICHA_MEDICA) VALUES
                            (2, '00472', 472);
INSERT INTO EX.PADECIMIENTOS(ID_PATOLOGIA, ID_PERSONA, ID_FICHA_MEDICA) VALUES
                            (3, '00472', 472);
INSERT INTO EX.PADECIMIENTOS(ID_PATOLOGIA, ID_PERSONA, ID_FICHA_MEDICA) VALUES
                            (4, '00472', 472);
INSERT INTO EX.PADECIMIENTOS(ID_PATOLOGIA, ID_PERSONA, ID_FICHA_MEDICA) VALUES
                            (5, '00472', 472);
INSERT INTO EX.PADECIMIENTOS(ID_PATOLOGIA, ID_PERSONA, ID_FICHA_MEDICA) VALUES
                            (6, '00472', 472);
INSERT INTO EX.PADECIMIENTOS(ID_PATOLOGIA, ID_PERSONA, ID_FICHA_MEDICA) VALUES
                            (7, '00472', 472);
INSERT INTO EX.PADECIMIENTOS(ID_PATOLOGIA, ID_PERSONA, ID_FICHA_MEDICA) VALUES
                            (8, '00472', 472);
INSERT INTO EX.PADECIMIENTOS(ID_PATOLOGIA, ID_PERSONA, ID_FICHA_MEDICA) VALUES
                            (9, '00472', 472);
INSERT INTO EX.PADECIMIENTOS(ID_PATOLOGIA, ID_PERSONA, ID_FICHA_MEDICA) VALUES
                            (10, '00472', 472);
INSERT INTO EX.PADECIMIENTOS(ID_PATOLOGIA, ID_PERSONA, ID_FICHA_MEDICA) VALUES
                            (11, '00472', 472);
INSERT INTO EX.PADECIMIENTOS(ID_PATOLOGIA, ID_PERSONA, ID_FICHA_MEDICA) VALUES
                            (12, '00472', 472);
INSERT INTO EX.PADECIMIENTOS(ID_PATOLOGIA, ID_PERSONA, ID_FICHA_MEDICA) VALUES
                            (13, '00472', 472);
INSERT INTO EX.PADECIMIENTOS(ID_PATOLOGIA, ID_PERSONA, ID_FICHA_MEDICA) VALUES
                            (14, '00472', 472);
INSERT INTO EX.PERSONA(DOC_IDENTIDAD, NOMBRE, NOMBRE1, APELLIDO, APELLIDO1, FECHA_NAC, GENERO, FOTO) VALUES
                  ('00473', 'Jeff', 'Christopher', 'Barnes', 'Hall', TO_DATE('2018-11-03','YYYY-MM-DD'), 'f', NULL);
INSERT INTO EX.HISTORICO_RESIDENCIA(FECHA_INICIO, ID_LUGAR, ID_PERSONA, FECHA_FIN) VALUES
                  (TO_DATE('1979-10-19','YYYY-MM-DD'), 19, '00473', NULL);
INSERT INTO EX.FICHA_MEDICA(ID, ID_PERSONA, ID_CENTRO_SALUD, ID_LUGAR, ESTADO, FECHA_INFECCION, FECHA_RECUPERACION) VALUES
                                             (473, '00473', 4, 19, 'desconido', NULL, NULL);
INSERT INTO EX.PADECIMIENTOS(ID_PATOLOGIA, ID_PERSONA, ID_FICHA_MEDICA) VALUES
                            (1, '00473', 473);
INSERT INTO EX.PADECIMIENTOS(ID_PATOLOGIA, ID_PERSONA, ID_FICHA_MEDICA) VALUES
                            (2, '00473', 473);
INSERT INTO EX.PADECIMIENTOS(ID_PATOLOGIA, ID_PERSONA, ID_FICHA_MEDICA) VALUES
                            (3, '00473', 473);
INSERT INTO EX.PADECIMIENTOS(ID_PATOLOGIA, ID_PERSONA, ID_FICHA_MEDICA) VALUES
                            (4, '00473', 473);
INSERT INTO EX.PADECIMIENTOS(ID_PATOLOGIA, ID_PERSONA, ID_FICHA_MEDICA) VALUES
                            (5, '00473', 473);
INSERT INTO EX.PADECIMIENTOS(ID_PATOLOGIA, ID_PERSONA, ID_FICHA_MEDICA) VALUES
                            (6, '00473', 473);
INSERT INTO EX.PADECIMIENTOS(ID_PATOLOGIA, ID_PERSONA, ID_FICHA_MEDICA) VALUES
                            (7, '00473', 473);
INSERT INTO EX.PADECIMIENTOS(ID_PATOLOGIA, ID_PERSONA, ID_FICHA_MEDICA) VALUES
                            (8, '00473', 473);
INSERT INTO EX.PADECIMIENTOS(ID_PATOLOGIA, ID_PERSONA, ID_FICHA_MEDICA) VALUES
                            (9, '00473', 473);
INSERT INTO EX.PADECIMIENTOS(ID_PATOLOGIA, ID_PERSONA, ID_FICHA_MEDICA) VALUES
                            (10, '00473', 473);
INSERT INTO EX.PADECIMIENTOS(ID_PATOLOGIA, ID_PERSONA, ID_FICHA_MEDICA) VALUES
                            (11, '00473', 473);
INSERT INTO EX.SINTOMAS(FECHA_INICIO, ID_SINTOMA, ID_PERSONA, ID_FICHA_MEDICA) VALUES
                            (TO_DATE('2020-04-03','YYYY-MM-DD'), 1, '00473', 473);
INSERT INTO EX.SINTOMAS(FECHA_INICIO, ID_SINTOMA, ID_PERSONA, ID_FICHA_MEDICA) VALUES
                            (TO_DATE('2020-05-31','YYYY-MM-DD'), 2, '00473', 473);
INSERT INTO EX.SINTOMAS(FECHA_INICIO, ID_SINTOMA, ID_PERSONA, ID_FICHA_MEDICA) VALUES
                            (TO_DATE('2020-02-19','YYYY-MM-DD'), 3, '00473', 473);
INSERT INTO EX.SINTOMAS(FECHA_INICIO, ID_SINTOMA, ID_PERSONA, ID_FICHA_MEDICA) VALUES
                            (TO_DATE('2020-05-12','YYYY-MM-DD'), 4, '00473', 473);
INSERT INTO EX.SINTOMAS(FECHA_INICIO, ID_SINTOMA, ID_PERSONA, ID_FICHA_MEDICA) VALUES
                            (TO_DATE('2020-03-22','YYYY-MM-DD'), 5, '00473', 473);
INSERT INTO EX.SINTOMAS(FECHA_INICIO, ID_SINTOMA, ID_PERSONA, ID_FICHA_MEDICA) VALUES
                            (TO_DATE('2020-03-20','YYYY-MM-DD'), 6, '00473', 473);
INSERT INTO EX.SINTOMAS(FECHA_INICIO, ID_SINTOMA, ID_PERSONA, ID_FICHA_MEDICA) VALUES
                            (TO_DATE('2020-03-14','YYYY-MM-DD'), 7, '00473', 473);
INSERT INTO EX.SINTOMAS(FECHA_INICIO, ID_SINTOMA, ID_PERSONA, ID_FICHA_MEDICA) VALUES
                            (TO_DATE('2020-03-01','YYYY-MM-DD'), 8, '00473', 473);
INSERT INTO EX.SINTOMAS(FECHA_INICIO, ID_SINTOMA, ID_PERSONA, ID_FICHA_MEDICA) VALUES
                            (TO_DATE('2020-06-17','YYYY-MM-DD'), 9, '00473', 473);
INSERT INTO EX.SINTOMAS(FECHA_INICIO, ID_SINTOMA, ID_PERSONA, ID_FICHA_MEDICA) VALUES
                            (TO_DATE('2020-05-02','YYYY-MM-DD'), 10, '00473', 473);
INSERT INTO EX.SINTOMAS(FECHA_INICIO, ID_SINTOMA, ID_PERSONA, ID_FICHA_MEDICA) VALUES
                            (TO_DATE('2020-05-24','YYYY-MM-DD'), 11, '00473', 473);
INSERT INTO EX.SINTOMAS(FECHA_INICIO, ID_SINTOMA, ID_PERSONA, ID_FICHA_MEDICA) VALUES
                            (TO_DATE('2020-03-09','YYYY-MM-DD'), 12, '00473', 473);
INSERT INTO EX.SINTOMAS(FECHA_INICIO, ID_SINTOMA, ID_PERSONA, ID_FICHA_MEDICA) VALUES
                            (TO_DATE('2020-03-13','YYYY-MM-DD'), 13, '00473', 473);
INSERT INTO EX.SINTOMAS(FECHA_INICIO, ID_SINTOMA, ID_PERSONA, ID_FICHA_MEDICA) VALUES
                            (TO_DATE('2020-04-18','YYYY-MM-DD'), 14, '00473', 473);
INSERT INTO EX.SINTOMAS(FECHA_INICIO, ID_SINTOMA, ID_PERSONA, ID_FICHA_MEDICA) VALUES
                            (TO_DATE('2020-05-19','YYYY-MM-DD'), 15, '00473', 473);
INSERT INTO EX.PERSONA(DOC_IDENTIDAD, NOMBRE, NOMBRE1, APELLIDO, APELLIDO1, FECHA_NAC, GENERO, FOTO) VALUES
                  ('00474', 'Ashley', 'William', 'Day', 'Rodriguez', TO_DATE('1970-09-24','YYYY-MM-DD'), 'm', NULL);
INSERT INTO EX.HISTORICO_RESIDENCIA(FECHA_INICIO, ID_LUGAR, ID_PERSONA, FECHA_FIN) VALUES
                  (TO_DATE('1974-04-12','YYYY-MM-DD'), 28, '00474', NULL);
INSERT INTO EX.FICHA_MEDICA(ID, ID_PERSONA, ID_CENTRO_SALUD, ID_LUGAR, ESTADO, FECHA_INFECCION, FECHA_RECUPERACION) VALUES
                                             (474, '00474', 13, 28, 'desconido', NULL, NULL);
INSERT INTO EX.PERSONA(DOC_IDENTIDAD, NOMBRE, NOMBRE1, APELLIDO, APELLIDO1, FECHA_NAC, GENERO, FOTO) VALUES
                  ('00475', 'Ann', 'Amanda', 'Hobbs', 'Villarreal', TO_DATE('1982-05-26','YYYY-MM-DD'), 'f', NULL);
INSERT INTO EX.HISTORICO_RESIDENCIA(FECHA_INICIO, ID_LUGAR, ID_PERSONA, FECHA_FIN) VALUES
                  (TO_DATE('1987-11-26','YYYY-MM-DD'), 21, '00475', NULL);
INSERT INTO EX.FICHA_MEDICA(ID, ID_PERSONA, ID_CENTRO_SALUD, ID_LUGAR, ESTADO, FECHA_INFECCION, FECHA_RECUPERACION) VALUES
                                             (475, '00475', 6, 21, 'desconido', NULL, NULL);
INSERT INTO EX.PERSONA(DOC_IDENTIDAD, NOMBRE, NOMBRE1, APELLIDO, APELLIDO1, FECHA_NAC, GENERO, FOTO) VALUES
                  ('00476', 'Luke', 'David', 'Oliver', 'Howard', TO_DATE('1972-04-24','YYYY-MM-DD'), 'm', NULL);
INSERT INTO EX.HISTORICO_RESIDENCIA(FECHA_INICIO, ID_LUGAR, ID_PERSONA, FECHA_FIN) VALUES
                  (TO_DATE('1983-09-24','YYYY-MM-DD'), 28, '00476', NULL);
INSERT INTO EX.FICHA_MEDICA(ID, ID_PERSONA, ID_CENTRO_SALUD, ID_LUGAR, ESTADO, FECHA_INFECCION, FECHA_RECUPERACION) VALUES
                                             (476, '00476', 13, 28, 'desconido', NULL, NULL);
INSERT INTO EX.PADECIMIENTOS(ID_PATOLOGIA, ID_PERSONA, ID_FICHA_MEDICA) VALUES
                            (1, '00476', 476);
INSERT INTO EX.PADECIMIENTOS(ID_PATOLOGIA, ID_PERSONA, ID_FICHA_MEDICA) VALUES
                            (2, '00476', 476);
INSERT INTO EX.PADECIMIENTOS(ID_PATOLOGIA, ID_PERSONA, ID_FICHA_MEDICA) VALUES
                            (3, '00476', 476);
INSERT INTO EX.PADECIMIENTOS(ID_PATOLOGIA, ID_PERSONA, ID_FICHA_MEDICA) VALUES
                            (4, '00476', 476);
INSERT INTO EX.PADECIMIENTOS(ID_PATOLOGIA, ID_PERSONA, ID_FICHA_MEDICA) VALUES
                            (5, '00476', 476);
INSERT INTO EX.PADECIMIENTOS(ID_PATOLOGIA, ID_PERSONA, ID_FICHA_MEDICA) VALUES
                            (6, '00476', 476);
INSERT INTO EX.PADECIMIENTOS(ID_PATOLOGIA, ID_PERSONA, ID_FICHA_MEDICA) VALUES
                            (7, '00476', 476);
INSERT INTO EX.PADECIMIENTOS(ID_PATOLOGIA, ID_PERSONA, ID_FICHA_MEDICA) VALUES
                            (8, '00476', 476);
INSERT INTO EX.PADECIMIENTOS(ID_PATOLOGIA, ID_PERSONA, ID_FICHA_MEDICA) VALUES
                            (9, '00476', 476);
INSERT INTO EX.PERSONA(DOC_IDENTIDAD, NOMBRE, NOMBRE1, APELLIDO, APELLIDO1, FECHA_NAC, GENERO, FOTO) VALUES
                  ('00477', 'Ryan', 'Julia', 'Huerta', 'Arnold', TO_DATE('1997-03-10','YYYY-MM-DD'), 'f', NULL);
INSERT INTO EX.HISTORICO_RESIDENCIA(FECHA_INICIO, ID_LUGAR, ID_PERSONA, FECHA_FIN) VALUES
                  (TO_DATE('2011-12-16','YYYY-MM-DD'), 34, '00477', NULL);
INSERT INTO EX.FICHA_MEDICA(ID, ID_PERSONA, ID_CENTRO_SALUD, ID_LUGAR, ESTADO, FECHA_INFECCION, FECHA_RECUPERACION) VALUES
                                             (477, '00477', 19, 34, 'desconido', NULL, NULL);
INSERT INTO EX.PADECIMIENTOS(ID_PATOLOGIA, ID_PERSONA, ID_FICHA_MEDICA) VALUES
                            (1, '00477', 477);
INSERT INTO EX.PADECIMIENTOS(ID_PATOLOGIA, ID_PERSONA, ID_FICHA_MEDICA) VALUES
                            (2, '00477', 477);
INSERT INTO EX.PADECIMIENTOS(ID_PATOLOGIA, ID_PERSONA, ID_FICHA_MEDICA) VALUES
                            (3, '00477', 477);
INSERT INTO EX.SINTOMAS(FECHA_INICIO, ID_SINTOMA, ID_PERSONA, ID_FICHA_MEDICA) VALUES
                            (TO_DATE('2020-01-29','YYYY-MM-DD'), 1, '00477', 477);
INSERT INTO EX.SINTOMAS(FECHA_INICIO, ID_SINTOMA, ID_PERSONA, ID_FICHA_MEDICA) VALUES
                            (TO_DATE('2020-01-09','YYYY-MM-DD'), 2, '00477', 477);
INSERT INTO EX.SINTOMAS(FECHA_INICIO, ID_SINTOMA, ID_PERSONA, ID_FICHA_MEDICA) VALUES
                            (TO_DATE('2020-01-09','YYYY-MM-DD'), 3, '00477', 477);
INSERT INTO EX.SINTOMAS(FECHA_INICIO, ID_SINTOMA, ID_PERSONA, ID_FICHA_MEDICA) VALUES
                            (TO_DATE('2020-05-28','YYYY-MM-DD'), 4, '00477', 477);
INSERT INTO EX.PERSONA(DOC_IDENTIDAD, NOMBRE, NOMBRE1, APELLIDO, APELLIDO1, FECHA_NAC, GENERO, FOTO) VALUES
                  ('00478', 'Elizabeth', 'Kenneth', 'Woods', 'Gates', TO_DATE('1975-02-11','YYYY-MM-DD'), 'm', NULL);
INSERT INTO EX.HISTORICO_RESIDENCIA(FECHA_INICIO, ID_LUGAR, ID_PERSONA, FECHA_FIN) VALUES
                  (TO_DATE('2020-05-27','YYYY-MM-DD'), 33, '00478', NULL);
INSERT INTO EX.FICHA_MEDICA(ID, ID_PERSONA, ID_CENTRO_SALUD, ID_LUGAR, ESTADO, FECHA_INFECCION, FECHA_RECUPERACION) VALUES
                                             (478, '00478', 18, 33, 'desconido', NULL, NULL);
INSERT INTO EX.SINTOMAS(FECHA_INICIO, ID_SINTOMA, ID_PERSONA, ID_FICHA_MEDICA) VALUES
                            (TO_DATE('2020-01-23','YYYY-MM-DD'), 1, '00478', 478);
INSERT INTO EX.SINTOMAS(FECHA_INICIO, ID_SINTOMA, ID_PERSONA, ID_FICHA_MEDICA) VALUES
                            (TO_DATE('2020-03-20','YYYY-MM-DD'), 2, '00478', 478);
INSERT INTO EX.SINTOMAS(FECHA_INICIO, ID_SINTOMA, ID_PERSONA, ID_FICHA_MEDICA) VALUES
                            (TO_DATE('2020-04-05','YYYY-MM-DD'), 3, '00478', 478);
INSERT INTO EX.SINTOMAS(FECHA_INICIO, ID_SINTOMA, ID_PERSONA, ID_FICHA_MEDICA) VALUES
                            (TO_DATE('2020-05-05','YYYY-MM-DD'), 4, '00478', 478);
INSERT INTO EX.SINTOMAS(FECHA_INICIO, ID_SINTOMA, ID_PERSONA, ID_FICHA_MEDICA) VALUES
                            (TO_DATE('2020-01-26','YYYY-MM-DD'), 5, '00478', 478);
INSERT INTO EX.SINTOMAS(FECHA_INICIO, ID_SINTOMA, ID_PERSONA, ID_FICHA_MEDICA) VALUES
                            (TO_DATE('2020-03-06','YYYY-MM-DD'), 6, '00478', 478);
INSERT INTO EX.SINTOMAS(FECHA_INICIO, ID_SINTOMA, ID_PERSONA, ID_FICHA_MEDICA) VALUES
                            (TO_DATE('2020-04-07','YYYY-MM-DD'), 7, '00478', 478);
INSERT INTO EX.SINTOMAS(FECHA_INICIO, ID_SINTOMA, ID_PERSONA, ID_FICHA_MEDICA) VALUES
                            (TO_DATE('2020-04-05','YYYY-MM-DD'), 8, '00478', 478);
INSERT INTO EX.SINTOMAS(FECHA_INICIO, ID_SINTOMA, ID_PERSONA, ID_FICHA_MEDICA) VALUES
                            (TO_DATE('2020-01-02','YYYY-MM-DD'), 9, '00478', 478);
INSERT INTO EX.SINTOMAS(FECHA_INICIO, ID_SINTOMA, ID_PERSONA, ID_FICHA_MEDICA) VALUES
                            (TO_DATE('2020-05-30','YYYY-MM-DD'), 10, '00478', 478);
INSERT INTO EX.SINTOMAS(FECHA_INICIO, ID_SINTOMA, ID_PERSONA, ID_FICHA_MEDICA) VALUES
                            (TO_DATE('2020-04-07','YYYY-MM-DD'), 11, '00478', 478);
INSERT INTO EX.SINTOMAS(FECHA_INICIO, ID_SINTOMA, ID_PERSONA, ID_FICHA_MEDICA) VALUES
                            (TO_DATE('2020-01-29','YYYY-MM-DD'), 12, '00478', 478);
INSERT INTO EX.SINTOMAS(FECHA_INICIO, ID_SINTOMA, ID_PERSONA, ID_FICHA_MEDICA) VALUES
                            (TO_DATE('2020-01-22','YYYY-MM-DD'), 13, '00478', 478);
INSERT INTO EX.PERSONA(DOC_IDENTIDAD, NOMBRE, NOMBRE1, APELLIDO, APELLIDO1, FECHA_NAC, GENERO, FOTO) VALUES
                  ('00479', 'Eric', 'Anthony', 'Mckinney', 'Mitchell', TO_DATE('2002-10-24','YYYY-MM-DD'), 'f', NULL);
INSERT INTO EX.HISTORICO_RESIDENCIA(FECHA_INICIO, ID_LUGAR, ID_PERSONA, FECHA_FIN) VALUES
                  (TO_DATE('1976-07-08','YYYY-MM-DD'), 37, '00479', NULL);
INSERT INTO EX.FICHA_MEDICA(ID, ID_PERSONA, ID_CENTRO_SALUD, ID_LUGAR, ESTADO, FECHA_INFECCION, FECHA_RECUPERACION) VALUES
                                             (479, '00479', 22, 37, 'desconido', NULL, NULL);
INSERT INTO EX.PADECIMIENTOS(ID_PATOLOGIA, ID_PERSONA, ID_FICHA_MEDICA) VALUES
                            (1, '00479', 479);
INSERT INTO EX.PADECIMIENTOS(ID_PATOLOGIA, ID_PERSONA, ID_FICHA_MEDICA) VALUES
                            (2, '00479', 479);
INSERT INTO EX.PADECIMIENTOS(ID_PATOLOGIA, ID_PERSONA, ID_FICHA_MEDICA) VALUES
                            (3, '00479', 479);
INSERT INTO EX.PADECIMIENTOS(ID_PATOLOGIA, ID_PERSONA, ID_FICHA_MEDICA) VALUES
                            (4, '00479', 479);
INSERT INTO EX.PADECIMIENTOS(ID_PATOLOGIA, ID_PERSONA, ID_FICHA_MEDICA) VALUES
                            (5, '00479', 479);
INSERT INTO EX.PADECIMIENTOS(ID_PATOLOGIA, ID_PERSONA, ID_FICHA_MEDICA) VALUES
                            (6, '00479', 479);
INSERT INTO EX.PADECIMIENTOS(ID_PATOLOGIA, ID_PERSONA, ID_FICHA_MEDICA) VALUES
                            (7, '00479', 479);
INSERT INTO EX.PADECIMIENTOS(ID_PATOLOGIA, ID_PERSONA, ID_FICHA_MEDICA) VALUES
                            (8, '00479', 479);
INSERT INTO EX.PADECIMIENTOS(ID_PATOLOGIA, ID_PERSONA, ID_FICHA_MEDICA) VALUES
                            (9, '00479', 479);
INSERT INTO EX.PADECIMIENTOS(ID_PATOLOGIA, ID_PERSONA, ID_FICHA_MEDICA) VALUES
                            (10, '00479', 479);
INSERT INTO EX.PADECIMIENTOS(ID_PATOLOGIA, ID_PERSONA, ID_FICHA_MEDICA) VALUES
                            (11, '00479', 479);
INSERT INTO EX.PADECIMIENTOS(ID_PATOLOGIA, ID_PERSONA, ID_FICHA_MEDICA) VALUES
                            (12, '00479', 479);
INSERT INTO EX.PADECIMIENTOS(ID_PATOLOGIA, ID_PERSONA, ID_FICHA_MEDICA) VALUES
                            (13, '00479', 479);
INSERT INTO EX.PADECIMIENTOS(ID_PATOLOGIA, ID_PERSONA, ID_FICHA_MEDICA) VALUES
                            (14, '00479', 479);
INSERT INTO EX.PADECIMIENTOS(ID_PATOLOGIA, ID_PERSONA, ID_FICHA_MEDICA) VALUES
                            (15, '00479', 479);
INSERT INTO EX.PERSONA(DOC_IDENTIDAD, NOMBRE, NOMBRE1, APELLIDO, APELLIDO1, FECHA_NAC, GENERO, FOTO) VALUES
                  ('00480', 'Erik', 'Melanie', 'Mclaughlin', 'Petersen', TO_DATE('2007-03-23','YYYY-MM-DD'), 'm', NULL);
INSERT INTO EX.HISTORICO_RESIDENCIA(FECHA_INICIO, ID_LUGAR, ID_PERSONA, FECHA_FIN) VALUES
                  (TO_DATE('1973-10-15','YYYY-MM-DD'), 43, '00480', NULL);
INSERT INTO EX.FICHA_MEDICA(ID, ID_PERSONA, ID_CENTRO_SALUD, ID_LUGAR, ESTADO, FECHA_INFECCION, FECHA_RECUPERACION) VALUES
                                             (480, '00480', 28, 43, 'desconido', NULL, NULL);
INSERT INTO EX.SINTOMAS(FECHA_INICIO, ID_SINTOMA, ID_PERSONA, ID_FICHA_MEDICA) VALUES
                            (TO_DATE('2020-01-26','YYYY-MM-DD'), 1, '00480', 480);
INSERT INTO EX.SINTOMAS(FECHA_INICIO, ID_SINTOMA, ID_PERSONA, ID_FICHA_MEDICA) VALUES
                            (TO_DATE('2020-04-17','YYYY-MM-DD'), 2, '00480', 480);
INSERT INTO EX.SINTOMAS(FECHA_INICIO, ID_SINTOMA, ID_PERSONA, ID_FICHA_MEDICA) VALUES
                            (TO_DATE('2020-06-01','YYYY-MM-DD'), 3, '00480', 480);
INSERT INTO EX.SINTOMAS(FECHA_INICIO, ID_SINTOMA, ID_PERSONA, ID_FICHA_MEDICA) VALUES
                            (TO_DATE('2020-01-12','YYYY-MM-DD'), 4, '00480', 480);
INSERT INTO EX.PERSONA(DOC_IDENTIDAD, NOMBRE, NOMBRE1, APELLIDO, APELLIDO1, FECHA_NAC, GENERO, FOTO) VALUES
                  ('00481', 'Amber', 'Scott', 'Weeks', 'Jones', TO_DATE('1971-04-11','YYYY-MM-DD'), 'f', NULL);
INSERT INTO EX.HISTORICO_RESIDENCIA(FECHA_INICIO, ID_LUGAR, ID_PERSONA, FECHA_FIN) VALUES
                  (TO_DATE('2005-12-31','YYYY-MM-DD'), 28, '00481', NULL);
INSERT INTO EX.FICHA_MEDICA(ID, ID_PERSONA, ID_CENTRO_SALUD, ID_LUGAR, ESTADO, FECHA_INFECCION, FECHA_RECUPERACION) VALUES
                                             (481, '00481', 13, 28, 'desconido', NULL, NULL);
INSERT INTO EX.PADECIMIENTOS(ID_PATOLOGIA, ID_PERSONA, ID_FICHA_MEDICA) VALUES
                            (1, '00481', 481);
INSERT INTO EX.PADECIMIENTOS(ID_PATOLOGIA, ID_PERSONA, ID_FICHA_MEDICA) VALUES
                            (2, '00481', 481);
INSERT INTO EX.PADECIMIENTOS(ID_PATOLOGIA, ID_PERSONA, ID_FICHA_MEDICA) VALUES
                            (3, '00481', 481);
INSERT INTO EX.PERSONA(DOC_IDENTIDAD, NOMBRE, NOMBRE1, APELLIDO, APELLIDO1, FECHA_NAC, GENERO, FOTO) VALUES
                  ('00482', 'Fred', 'Suzanne', 'Carney', 'Fuller', TO_DATE('2014-11-09','YYYY-MM-DD'), 'm', NULL);
INSERT INTO EX.HISTORICO_RESIDENCIA(FECHA_INICIO, ID_LUGAR, ID_PERSONA, FECHA_FIN) VALUES
                  (TO_DATE('2016-02-25','YYYY-MM-DD'), 37, '00482', NULL);
INSERT INTO EX.FICHA_MEDICA(ID, ID_PERSONA, ID_CENTRO_SALUD, ID_LUGAR, ESTADO, FECHA_INFECCION, FECHA_RECUPERACION) VALUES
                                             (482, '00482', 22, 37, 'desconido', NULL, NULL);
INSERT INTO EX.PADECIMIENTOS(ID_PATOLOGIA, ID_PERSONA, ID_FICHA_MEDICA) VALUES
                            (1, '00482', 482);
INSERT INTO EX.PADECIMIENTOS(ID_PATOLOGIA, ID_PERSONA, ID_FICHA_MEDICA) VALUES
                            (2, '00482', 482);
INSERT INTO EX.PADECIMIENTOS(ID_PATOLOGIA, ID_PERSONA, ID_FICHA_MEDICA) VALUES
                            (3, '00482', 482);
INSERT INTO EX.PADECIMIENTOS(ID_PATOLOGIA, ID_PERSONA, ID_FICHA_MEDICA) VALUES
                            (4, '00482', 482);
INSERT INTO EX.PADECIMIENTOS(ID_PATOLOGIA, ID_PERSONA, ID_FICHA_MEDICA) VALUES
                            (5, '00482', 482);
INSERT INTO EX.PADECIMIENTOS(ID_PATOLOGIA, ID_PERSONA, ID_FICHA_MEDICA) VALUES
                            (6, '00482', 482);
INSERT INTO EX.PADECIMIENTOS(ID_PATOLOGIA, ID_PERSONA, ID_FICHA_MEDICA) VALUES
                            (7, '00482', 482);
INSERT INTO EX.PADECIMIENTOS(ID_PATOLOGIA, ID_PERSONA, ID_FICHA_MEDICA) VALUES
                            (8, '00482', 482);
INSERT INTO EX.PADECIMIENTOS(ID_PATOLOGIA, ID_PERSONA, ID_FICHA_MEDICA) VALUES
                            (9, '00482', 482);
INSERT INTO EX.PADECIMIENTOS(ID_PATOLOGIA, ID_PERSONA, ID_FICHA_MEDICA) VALUES
                            (10, '00482', 482);
INSERT INTO EX.PADECIMIENTOS(ID_PATOLOGIA, ID_PERSONA, ID_FICHA_MEDICA) VALUES
                            (11, '00482', 482);
INSERT INTO EX.PADECIMIENTOS(ID_PATOLOGIA, ID_PERSONA, ID_FICHA_MEDICA) VALUES
                            (12, '00482', 482);
INSERT INTO EX.PADECIMIENTOS(ID_PATOLOGIA, ID_PERSONA, ID_FICHA_MEDICA) VALUES
                            (13, '00482', 482);
INSERT INTO EX.PADECIMIENTOS(ID_PATOLOGIA, ID_PERSONA, ID_FICHA_MEDICA) VALUES
                            (14, '00482', 482);
INSERT INTO EX.PADECIMIENTOS(ID_PATOLOGIA, ID_PERSONA, ID_FICHA_MEDICA) VALUES
                            (15, '00482', 482);
INSERT INTO EX.PERSONA(DOC_IDENTIDAD, NOMBRE, NOMBRE1, APELLIDO, APELLIDO1, FECHA_NAC, GENERO, FOTO) VALUES
                  ('00483', 'Tracy', 'Whitney', 'Wang', 'Marshall', TO_DATE('1976-09-15','YYYY-MM-DD'), 'f', NULL);
INSERT INTO EX.HISTORICO_RESIDENCIA(FECHA_INICIO, ID_LUGAR, ID_PERSONA, FECHA_FIN) VALUES
                  (TO_DATE('1987-07-04','YYYY-MM-DD'), 45, '00483', NULL);
INSERT INTO EX.FICHA_MEDICA(ID, ID_PERSONA, ID_CENTRO_SALUD, ID_LUGAR, ESTADO, FECHA_INFECCION, FECHA_RECUPERACION) VALUES
                                             (483, '00483', 30, 45, 'desconido', NULL, NULL);
INSERT INTO EX.PADECIMIENTOS(ID_PATOLOGIA, ID_PERSONA, ID_FICHA_MEDICA) VALUES
                            (1, '00483', 483);
INSERT INTO EX.PADECIMIENTOS(ID_PATOLOGIA, ID_PERSONA, ID_FICHA_MEDICA) VALUES
                            (2, '00483', 483);
INSERT INTO EX.PADECIMIENTOS(ID_PATOLOGIA, ID_PERSONA, ID_FICHA_MEDICA) VALUES
                            (3, '00483', 483);
INSERT INTO EX.PADECIMIENTOS(ID_PATOLOGIA, ID_PERSONA, ID_FICHA_MEDICA) VALUES
                            (4, '00483', 483);
INSERT INTO EX.PADECIMIENTOS(ID_PATOLOGIA, ID_PERSONA, ID_FICHA_MEDICA) VALUES
                            (5, '00483', 483);
INSERT INTO EX.PADECIMIENTOS(ID_PATOLOGIA, ID_PERSONA, ID_FICHA_MEDICA) VALUES
                            (6, '00483', 483);
INSERT INTO EX.PADECIMIENTOS(ID_PATOLOGIA, ID_PERSONA, ID_FICHA_MEDICA) VALUES
                            (7, '00483', 483);
INSERT INTO EX.PADECIMIENTOS(ID_PATOLOGIA, ID_PERSONA, ID_FICHA_MEDICA) VALUES
                            (8, '00483', 483);
INSERT INTO EX.PERSONA(DOC_IDENTIDAD, NOMBRE, NOMBRE1, APELLIDO, APELLIDO1, FECHA_NAC, GENERO, FOTO) VALUES
                  ('00484', 'Danielle', 'Kathryn', 'Fuller', 'Sanders', TO_DATE('1998-06-26','YYYY-MM-DD'), 'm', NULL);
INSERT INTO EX.HISTORICO_RESIDENCIA(FECHA_INICIO, ID_LUGAR, ID_PERSONA, FECHA_FIN) VALUES
                  (TO_DATE('1998-05-01','YYYY-MM-DD'), 39, '00484', NULL);
INSERT INTO EX.FICHA_MEDICA(ID, ID_PERSONA, ID_CENTRO_SALUD, ID_LUGAR, ESTADO, FECHA_INFECCION, FECHA_RECUPERACION) VALUES
                                             (484, '00484', 24, 39, 'desconido', NULL, NULL);
INSERT INTO EX.PERSONA(DOC_IDENTIDAD, NOMBRE, NOMBRE1, APELLIDO, APELLIDO1, FECHA_NAC, GENERO, FOTO) VALUES
                  ('00485', 'Tiffany', 'Joseph', 'Myers', 'Reid', TO_DATE('2020-06-20','YYYY-MM-DD'), 'f', NULL);
INSERT INTO EX.HISTORICO_RESIDENCIA(FECHA_INICIO, ID_LUGAR, ID_PERSONA, FECHA_FIN) VALUES
                  (TO_DATE('1970-03-29','YYYY-MM-DD'), 23, '00485', NULL);
INSERT INTO EX.FICHA_MEDICA(ID, ID_PERSONA, ID_CENTRO_SALUD, ID_LUGAR, ESTADO, FECHA_INFECCION, FECHA_RECUPERACION) VALUES
                                             (485, '00485', 8, 23, 'desconido', NULL, NULL);
INSERT INTO EX.SINTOMAS(FECHA_INICIO, ID_SINTOMA, ID_PERSONA, ID_FICHA_MEDICA) VALUES
                            (TO_DATE('2020-05-02','YYYY-MM-DD'), 1, '00485', 485);
INSERT INTO EX.SINTOMAS(FECHA_INICIO, ID_SINTOMA, ID_PERSONA, ID_FICHA_MEDICA) VALUES
                            (TO_DATE('2020-02-16','YYYY-MM-DD'), 2, '00485', 485);
INSERT INTO EX.SINTOMAS(FECHA_INICIO, ID_SINTOMA, ID_PERSONA, ID_FICHA_MEDICA) VALUES
                            (TO_DATE('2020-05-25','YYYY-MM-DD'), 3, '00485', 485);
INSERT INTO EX.SINTOMAS(FECHA_INICIO, ID_SINTOMA, ID_PERSONA, ID_FICHA_MEDICA) VALUES
                            (TO_DATE('2020-01-12','YYYY-MM-DD'), 4, '00485', 485);
INSERT INTO EX.SINTOMAS(FECHA_INICIO, ID_SINTOMA, ID_PERSONA, ID_FICHA_MEDICA) VALUES
                            (TO_DATE('2020-01-14','YYYY-MM-DD'), 5, '00485', 485);
INSERT INTO EX.SINTOMAS(FECHA_INICIO, ID_SINTOMA, ID_PERSONA, ID_FICHA_MEDICA) VALUES
                            (TO_DATE('2020-04-24','YYYY-MM-DD'), 6, '00485', 485);
INSERT INTO EX.SINTOMAS(FECHA_INICIO, ID_SINTOMA, ID_PERSONA, ID_FICHA_MEDICA) VALUES
                            (TO_DATE('2020-05-13','YYYY-MM-DD'), 7, '00485', 485);
INSERT INTO EX.SINTOMAS(FECHA_INICIO, ID_SINTOMA, ID_PERSONA, ID_FICHA_MEDICA) VALUES
                            (TO_DATE('2020-02-13','YYYY-MM-DD'), 8, '00485', 485);
INSERT INTO EX.SINTOMAS(FECHA_INICIO, ID_SINTOMA, ID_PERSONA, ID_FICHA_MEDICA) VALUES
                            (TO_DATE('2020-02-05','YYYY-MM-DD'), 9, '00485', 485);
INSERT INTO EX.SINTOMAS(FECHA_INICIO, ID_SINTOMA, ID_PERSONA, ID_FICHA_MEDICA) VALUES
                            (TO_DATE('2020-02-26','YYYY-MM-DD'), 10, '00485', 485);
INSERT INTO EX.SINTOMAS(FECHA_INICIO, ID_SINTOMA, ID_PERSONA, ID_FICHA_MEDICA) VALUES
                            (TO_DATE('2020-01-27','YYYY-MM-DD'), 11, '00485', 485);
INSERT INTO EX.SINTOMAS(FECHA_INICIO, ID_SINTOMA, ID_PERSONA, ID_FICHA_MEDICA) VALUES
                            (TO_DATE('2020-02-18','YYYY-MM-DD'), 12, '00485', 485);
INSERT INTO EX.SINTOMAS(FECHA_INICIO, ID_SINTOMA, ID_PERSONA, ID_FICHA_MEDICA) VALUES
                            (TO_DATE('2020-03-21','YYYY-MM-DD'), 13, '00485', 485);
INSERT INTO EX.SINTOMAS(FECHA_INICIO, ID_SINTOMA, ID_PERSONA, ID_FICHA_MEDICA) VALUES
                            (TO_DATE('2020-04-15','YYYY-MM-DD'), 14, '00485', 485);
INSERT INTO EX.SINTOMAS(FECHA_INICIO, ID_SINTOMA, ID_PERSONA, ID_FICHA_MEDICA) VALUES
                            (TO_DATE('2020-01-27','YYYY-MM-DD'), 15, '00485', 485);
INSERT INTO EX.SINTOMAS(FECHA_INICIO, ID_SINTOMA, ID_PERSONA, ID_FICHA_MEDICA) VALUES
                            (TO_DATE('2020-06-30','YYYY-MM-DD'), 16, '00485', 485);
INSERT INTO EX.SINTOMAS(FECHA_INICIO, ID_SINTOMA, ID_PERSONA, ID_FICHA_MEDICA) VALUES
                            (TO_DATE('2020-04-24','YYYY-MM-DD'), 17, '00485', 485);
INSERT INTO EX.SINTOMAS(FECHA_INICIO, ID_SINTOMA, ID_PERSONA, ID_FICHA_MEDICA) VALUES
                            (TO_DATE('2020-01-27','YYYY-MM-DD'), 18, '00485', 485);
INSERT INTO EX.PERSONA(DOC_IDENTIDAD, NOMBRE, NOMBRE1, APELLIDO, APELLIDO1, FECHA_NAC, GENERO, FOTO) VALUES
                  ('00486', 'Nicholas', 'Sandra', 'Williams', 'Knapp', TO_DATE('1988-11-27','YYYY-MM-DD'), 'm', NULL);
INSERT INTO EX.HISTORICO_RESIDENCIA(FECHA_INICIO, ID_LUGAR, ID_PERSONA, FECHA_FIN) VALUES
                  (TO_DATE('1980-04-10','YYYY-MM-DD'), 45, '00486', NULL);
INSERT INTO EX.FICHA_MEDICA(ID, ID_PERSONA, ID_CENTRO_SALUD, ID_LUGAR, ESTADO, FECHA_INFECCION, FECHA_RECUPERACION) VALUES
                                             (486, '00486', 30, 45, 'desconido', NULL, NULL);
INSERT INTO EX.PADECIMIENTOS(ID_PATOLOGIA, ID_PERSONA, ID_FICHA_MEDICA) VALUES
                            (1, '00486', 486);
INSERT INTO EX.PADECIMIENTOS(ID_PATOLOGIA, ID_PERSONA, ID_FICHA_MEDICA) VALUES
                            (2, '00486', 486);
INSERT INTO EX.SINTOMAS(FECHA_INICIO, ID_SINTOMA, ID_PERSONA, ID_FICHA_MEDICA) VALUES
                            (TO_DATE('2020-05-19','YYYY-MM-DD'), 1, '00486', 486);
INSERT INTO EX.SINTOMAS(FECHA_INICIO, ID_SINTOMA, ID_PERSONA, ID_FICHA_MEDICA) VALUES
                            (TO_DATE('2020-03-31','YYYY-MM-DD'), 2, '00486', 486);
INSERT INTO EX.SINTOMAS(FECHA_INICIO, ID_SINTOMA, ID_PERSONA, ID_FICHA_MEDICA) VALUES
                            (TO_DATE('2020-03-26','YYYY-MM-DD'), 3, '00486', 486);
INSERT INTO EX.SINTOMAS(FECHA_INICIO, ID_SINTOMA, ID_PERSONA, ID_FICHA_MEDICA) VALUES
                            (TO_DATE('2020-03-03','YYYY-MM-DD'), 4, '00486', 486);
INSERT INTO EX.SINTOMAS(FECHA_INICIO, ID_SINTOMA, ID_PERSONA, ID_FICHA_MEDICA) VALUES
                            (TO_DATE('2020-03-03','YYYY-MM-DD'), 5, '00486', 486);
INSERT INTO EX.SINTOMAS(FECHA_INICIO, ID_SINTOMA, ID_PERSONA, ID_FICHA_MEDICA) VALUES
                            (TO_DATE('2020-01-04','YYYY-MM-DD'), 6, '00486', 486);
INSERT INTO EX.SINTOMAS(FECHA_INICIO, ID_SINTOMA, ID_PERSONA, ID_FICHA_MEDICA) VALUES
                            (TO_DATE('2020-06-13','YYYY-MM-DD'), 7, '00486', 486);
INSERT INTO EX.SINTOMAS(FECHA_INICIO, ID_SINTOMA, ID_PERSONA, ID_FICHA_MEDICA) VALUES
                            (TO_DATE('2020-06-12','YYYY-MM-DD'), 8, '00486', 486);
INSERT INTO EX.SINTOMAS(FECHA_INICIO, ID_SINTOMA, ID_PERSONA, ID_FICHA_MEDICA) VALUES
                            (TO_DATE('2020-03-05','YYYY-MM-DD'), 9, '00486', 486);
INSERT INTO EX.SINTOMAS(FECHA_INICIO, ID_SINTOMA, ID_PERSONA, ID_FICHA_MEDICA) VALUES
                            (TO_DATE('2020-06-20','YYYY-MM-DD'), 10, '00486', 486);
INSERT INTO EX.SINTOMAS(FECHA_INICIO, ID_SINTOMA, ID_PERSONA, ID_FICHA_MEDICA) VALUES
                            (TO_DATE('2020-04-27','YYYY-MM-DD'), 11, '00486', 486);
INSERT INTO EX.SINTOMAS(FECHA_INICIO, ID_SINTOMA, ID_PERSONA, ID_FICHA_MEDICA) VALUES
                            (TO_DATE('2020-03-19','YYYY-MM-DD'), 12, '00486', 486);
INSERT INTO EX.SINTOMAS(FECHA_INICIO, ID_SINTOMA, ID_PERSONA, ID_FICHA_MEDICA) VALUES
                            (TO_DATE('2020-06-29','YYYY-MM-DD'), 13, '00486', 486);
INSERT INTO EX.SINTOMAS(FECHA_INICIO, ID_SINTOMA, ID_PERSONA, ID_FICHA_MEDICA) VALUES
                            (TO_DATE('2020-03-07','YYYY-MM-DD'), 14, '00486', 486);
INSERT INTO EX.PERSONA(DOC_IDENTIDAD, NOMBRE, NOMBRE1, APELLIDO, APELLIDO1, FECHA_NAC, GENERO, FOTO) VALUES
                  ('00487', 'Andrea', 'Shawn', 'Warner', 'Davis', TO_DATE('2014-12-06','YYYY-MM-DD'), 'f', NULL);
INSERT INTO EX.HISTORICO_RESIDENCIA(FECHA_INICIO, ID_LUGAR, ID_PERSONA, FECHA_FIN) VALUES
                  (TO_DATE('2003-07-31','YYYY-MM-DD'), 39, '00487', NULL);
INSERT INTO EX.FICHA_MEDICA(ID, ID_PERSONA, ID_CENTRO_SALUD, ID_LUGAR, ESTADO, FECHA_INFECCION, FECHA_RECUPERACION) VALUES
                                             (487, '00487', 24, 39, 'desconido', NULL, NULL);
INSERT INTO EX.PADECIMIENTOS(ID_PATOLOGIA, ID_PERSONA, ID_FICHA_MEDICA) VALUES
                            (1, '00487', 487);
INSERT INTO EX.PADECIMIENTOS(ID_PATOLOGIA, ID_PERSONA, ID_FICHA_MEDICA) VALUES
                            (2, '00487', 487);
INSERT INTO EX.PADECIMIENTOS(ID_PATOLOGIA, ID_PERSONA, ID_FICHA_MEDICA) VALUES
                            (3, '00487', 487);
INSERT INTO EX.PADECIMIENTOS(ID_PATOLOGIA, ID_PERSONA, ID_FICHA_MEDICA) VALUES
                            (4, '00487', 487);
INSERT INTO EX.PADECIMIENTOS(ID_PATOLOGIA, ID_PERSONA, ID_FICHA_MEDICA) VALUES
                            (5, '00487', 487);
INSERT INTO EX.PADECIMIENTOS(ID_PATOLOGIA, ID_PERSONA, ID_FICHA_MEDICA) VALUES
                            (6, '00487', 487);
INSERT INTO EX.PADECIMIENTOS(ID_PATOLOGIA, ID_PERSONA, ID_FICHA_MEDICA) VALUES
                            (7, '00487', 487);
INSERT INTO EX.PADECIMIENTOS(ID_PATOLOGIA, ID_PERSONA, ID_FICHA_MEDICA) VALUES
                            (8, '00487', 487);
INSERT INTO EX.PADECIMIENTOS(ID_PATOLOGIA, ID_PERSONA, ID_FICHA_MEDICA) VALUES
                            (9, '00487', 487);
INSERT INTO EX.PADECIMIENTOS(ID_PATOLOGIA, ID_PERSONA, ID_FICHA_MEDICA) VALUES
                            (10, '00487', 487);
INSERT INTO EX.PERSONA(DOC_IDENTIDAD, NOMBRE, NOMBRE1, APELLIDO, APELLIDO1, FECHA_NAC, GENERO, FOTO) VALUES
                  ('00488', 'Jamie', 'Holly', 'Riddle', 'Lucas', TO_DATE('2018-07-28','YYYY-MM-DD'), 'm', NULL);
INSERT INTO EX.HISTORICO_RESIDENCIA(FECHA_INICIO, ID_LUGAR, ID_PERSONA, FECHA_FIN) VALUES
                  (TO_DATE('1975-06-02','YYYY-MM-DD'), 31, '00488', NULL);
INSERT INTO EX.FICHA_MEDICA(ID, ID_PERSONA, ID_CENTRO_SALUD, ID_LUGAR, ESTADO, FECHA_INFECCION, FECHA_RECUPERACION) VALUES
                                             (488, '00488', 16, 31, 'desconido', NULL, NULL);
INSERT INTO EX.PADECIMIENTOS(ID_PATOLOGIA, ID_PERSONA, ID_FICHA_MEDICA) VALUES
                            (1, '00488', 488);
INSERT INTO EX.PADECIMIENTOS(ID_PATOLOGIA, ID_PERSONA, ID_FICHA_MEDICA) VALUES
                            (2, '00488', 488);
INSERT INTO EX.PADECIMIENTOS(ID_PATOLOGIA, ID_PERSONA, ID_FICHA_MEDICA) VALUES
                            (3, '00488', 488);
INSERT INTO EX.PADECIMIENTOS(ID_PATOLOGIA, ID_PERSONA, ID_FICHA_MEDICA) VALUES
                            (4, '00488', 488);
INSERT INTO EX.PADECIMIENTOS(ID_PATOLOGIA, ID_PERSONA, ID_FICHA_MEDICA) VALUES
                            (5, '00488', 488);
INSERT INTO EX.PADECIMIENTOS(ID_PATOLOGIA, ID_PERSONA, ID_FICHA_MEDICA) VALUES
                            (6, '00488', 488);
INSERT INTO EX.PADECIMIENTOS(ID_PATOLOGIA, ID_PERSONA, ID_FICHA_MEDICA) VALUES
                            (7, '00488', 488);
INSERT INTO EX.PADECIMIENTOS(ID_PATOLOGIA, ID_PERSONA, ID_FICHA_MEDICA) VALUES
                            (8, '00488', 488);
INSERT INTO EX.PADECIMIENTOS(ID_PATOLOGIA, ID_PERSONA, ID_FICHA_MEDICA) VALUES
                            (9, '00488', 488);
INSERT INTO EX.PADECIMIENTOS(ID_PATOLOGIA, ID_PERSONA, ID_FICHA_MEDICA) VALUES
                            (10, '00488', 488);
INSERT INTO EX.PADECIMIENTOS(ID_PATOLOGIA, ID_PERSONA, ID_FICHA_MEDICA) VALUES
                            (11, '00488', 488);
INSERT INTO EX.PADECIMIENTOS(ID_PATOLOGIA, ID_PERSONA, ID_FICHA_MEDICA) VALUES
                            (12, '00488', 488);
INSERT INTO EX.SINTOMAS(FECHA_INICIO, ID_SINTOMA, ID_PERSONA, ID_FICHA_MEDICA) VALUES
                            (TO_DATE('2020-04-21','YYYY-MM-DD'), 1, '00488', 488);
INSERT INTO EX.PERSONA(DOC_IDENTIDAD, NOMBRE, NOMBRE1, APELLIDO, APELLIDO1, FECHA_NAC, GENERO, FOTO) VALUES
                  ('00489', 'Amber', 'Edwin', 'Miller', 'Cannon', TO_DATE('1999-08-16','YYYY-MM-DD'), 'f', NULL);
INSERT INTO EX.HISTORICO_RESIDENCIA(FECHA_INICIO, ID_LUGAR, ID_PERSONA, FECHA_FIN) VALUES
                  (TO_DATE('1996-06-11','YYYY-MM-DD'), 38, '00489', NULL);
INSERT INTO EX.FICHA_MEDICA(ID, ID_PERSONA, ID_CENTRO_SALUD, ID_LUGAR, ESTADO, FECHA_INFECCION, FECHA_RECUPERACION) VALUES
                                             (489, '00489', 23, 38, 'desconido', NULL, NULL);
INSERT INTO EX.PERSONA(DOC_IDENTIDAD, NOMBRE, NOMBRE1, APELLIDO, APELLIDO1, FECHA_NAC, GENERO, FOTO) VALUES
                  ('00490', 'Katie', 'Zachary', 'Espinoza', 'Murray', TO_DATE('1993-10-23','YYYY-MM-DD'), 'm', NULL);
INSERT INTO EX.HISTORICO_RESIDENCIA(FECHA_INICIO, ID_LUGAR, ID_PERSONA, FECHA_FIN) VALUES
                  (TO_DATE('1997-05-17','YYYY-MM-DD'), 26, '00490', NULL);
INSERT INTO EX.FICHA_MEDICA(ID, ID_PERSONA, ID_CENTRO_SALUD, ID_LUGAR, ESTADO, FECHA_INFECCION, FECHA_RECUPERACION) VALUES
                                             (490, '00490', 11, 26, 'desconido', NULL, NULL);
INSERT INTO EX.PADECIMIENTOS(ID_PATOLOGIA, ID_PERSONA, ID_FICHA_MEDICA) VALUES
                            (1, '00490', 490);
INSERT INTO EX.PADECIMIENTOS(ID_PATOLOGIA, ID_PERSONA, ID_FICHA_MEDICA) VALUES
                            (2, '00490', 490);
INSERT INTO EX.PADECIMIENTOS(ID_PATOLOGIA, ID_PERSONA, ID_FICHA_MEDICA) VALUES
                            (3, '00490', 490);
INSERT INTO EX.SINTOMAS(FECHA_INICIO, ID_SINTOMA, ID_PERSONA, ID_FICHA_MEDICA) VALUES
                            (TO_DATE('2020-05-08','YYYY-MM-DD'), 1, '00490', 490);
INSERT INTO EX.SINTOMAS(FECHA_INICIO, ID_SINTOMA, ID_PERSONA, ID_FICHA_MEDICA) VALUES
                            (TO_DATE('2020-04-11','YYYY-MM-DD'), 2, '00490', 490);
INSERT INTO EX.SINTOMAS(FECHA_INICIO, ID_SINTOMA, ID_PERSONA, ID_FICHA_MEDICA) VALUES
                            (TO_DATE('2020-05-15','YYYY-MM-DD'), 3, '00490', 490);
INSERT INTO EX.SINTOMAS(FECHA_INICIO, ID_SINTOMA, ID_PERSONA, ID_FICHA_MEDICA) VALUES
                            (TO_DATE('2020-05-21','YYYY-MM-DD'), 4, '00490', 490);
INSERT INTO EX.SINTOMAS(FECHA_INICIO, ID_SINTOMA, ID_PERSONA, ID_FICHA_MEDICA) VALUES
                            (TO_DATE('2020-05-19','YYYY-MM-DD'), 5, '00490', 490);
INSERT INTO EX.PERSONA(DOC_IDENTIDAD, NOMBRE, NOMBRE1, APELLIDO, APELLIDO1, FECHA_NAC, GENERO, FOTO) VALUES
                  ('00491', 'Robert', 'Christopher', 'Perry', 'Taylor', TO_DATE('1997-04-01','YYYY-MM-DD'), 'f', NULL);
INSERT INTO EX.HISTORICO_RESIDENCIA(FECHA_INICIO, ID_LUGAR, ID_PERSONA, FECHA_FIN) VALUES
                  (TO_DATE('2002-04-24','YYYY-MM-DD'), 41, '00491', NULL);
INSERT INTO EX.FICHA_MEDICA(ID, ID_PERSONA, ID_CENTRO_SALUD, ID_LUGAR, ESTADO, FECHA_INFECCION, FECHA_RECUPERACION) VALUES
                                             (491, '00491', 26, 41, 'desconido', NULL, NULL);
INSERT INTO EX.PADECIMIENTOS(ID_PATOLOGIA, ID_PERSONA, ID_FICHA_MEDICA) VALUES
                            (1, '00491', 491);
INSERT INTO EX.PADECIMIENTOS(ID_PATOLOGIA, ID_PERSONA, ID_FICHA_MEDICA) VALUES
                            (2, '00491', 491);
INSERT INTO EX.PADECIMIENTOS(ID_PATOLOGIA, ID_PERSONA, ID_FICHA_MEDICA) VALUES
                            (3, '00491', 491);
INSERT INTO EX.PADECIMIENTOS(ID_PATOLOGIA, ID_PERSONA, ID_FICHA_MEDICA) VALUES
                            (4, '00491', 491);
INSERT INTO EX.PADECIMIENTOS(ID_PATOLOGIA, ID_PERSONA, ID_FICHA_MEDICA) VALUES
                            (5, '00491', 491);
INSERT INTO EX.PADECIMIENTOS(ID_PATOLOGIA, ID_PERSONA, ID_FICHA_MEDICA) VALUES
                            (6, '00491', 491);
INSERT INTO EX.PADECIMIENTOS(ID_PATOLOGIA, ID_PERSONA, ID_FICHA_MEDICA) VALUES
                            (7, '00491', 491);
INSERT INTO EX.PADECIMIENTOS(ID_PATOLOGIA, ID_PERSONA, ID_FICHA_MEDICA) VALUES
                            (8, '00491', 491);
INSERT INTO EX.PADECIMIENTOS(ID_PATOLOGIA, ID_PERSONA, ID_FICHA_MEDICA) VALUES
                            (9, '00491', 491);
INSERT INTO EX.SINTOMAS(FECHA_INICIO, ID_SINTOMA, ID_PERSONA, ID_FICHA_MEDICA) VALUES
                            (TO_DATE('2020-01-15','YYYY-MM-DD'), 1, '00491', 491);
INSERT INTO EX.SINTOMAS(FECHA_INICIO, ID_SINTOMA, ID_PERSONA, ID_FICHA_MEDICA) VALUES
                            (TO_DATE('2020-05-07','YYYY-MM-DD'), 2, '00491', 491);
INSERT INTO EX.SINTOMAS(FECHA_INICIO, ID_SINTOMA, ID_PERSONA, ID_FICHA_MEDICA) VALUES
                            (TO_DATE('2020-02-28','YYYY-MM-DD'), 3, '00491', 491);
INSERT INTO EX.SINTOMAS(FECHA_INICIO, ID_SINTOMA, ID_PERSONA, ID_FICHA_MEDICA) VALUES
                            (TO_DATE('2020-05-02','YYYY-MM-DD'), 4, '00491', 491);
INSERT INTO EX.SINTOMAS(FECHA_INICIO, ID_SINTOMA, ID_PERSONA, ID_FICHA_MEDICA) VALUES
                            (TO_DATE('2020-03-06','YYYY-MM-DD'), 5, '00491', 491);
INSERT INTO EX.SINTOMAS(FECHA_INICIO, ID_SINTOMA, ID_PERSONA, ID_FICHA_MEDICA) VALUES
                            (TO_DATE('2020-02-13','YYYY-MM-DD'), 6, '00491', 491);
INSERT INTO EX.SINTOMAS(FECHA_INICIO, ID_SINTOMA, ID_PERSONA, ID_FICHA_MEDICA) VALUES
                            (TO_DATE('2020-02-01','YYYY-MM-DD'), 7, '00491', 491);
INSERT INTO EX.SINTOMAS(FECHA_INICIO, ID_SINTOMA, ID_PERSONA, ID_FICHA_MEDICA) VALUES
                            (TO_DATE('2020-03-01','YYYY-MM-DD'), 8, '00491', 491);
INSERT INTO EX.PERSONA(DOC_IDENTIDAD, NOMBRE, NOMBRE1, APELLIDO, APELLIDO1, FECHA_NAC, GENERO, FOTO) VALUES
                  ('00492', 'Amy', 'Robert', 'Mckenzie', 'Clark', TO_DATE('2006-11-08','YYYY-MM-DD'), 'm', NULL);
INSERT INTO EX.HISTORICO_RESIDENCIA(FECHA_INICIO, ID_LUGAR, ID_PERSONA, FECHA_FIN) VALUES
                  (TO_DATE('2017-11-22','YYYY-MM-DD'), 32, '00492', NULL);
INSERT INTO EX.FICHA_MEDICA(ID, ID_PERSONA, ID_CENTRO_SALUD, ID_LUGAR, ESTADO, FECHA_INFECCION, FECHA_RECUPERACION) VALUES
                                             (492, '00492', 17, 32, 'desconido', NULL, NULL);
INSERT INTO EX.SINTOMAS(FECHA_INICIO, ID_SINTOMA, ID_PERSONA, ID_FICHA_MEDICA) VALUES
                            (TO_DATE('2020-02-24','YYYY-MM-DD'), 1, '00492', 492);
INSERT INTO EX.SINTOMAS(FECHA_INICIO, ID_SINTOMA, ID_PERSONA, ID_FICHA_MEDICA) VALUES
                            (TO_DATE('2020-01-20','YYYY-MM-DD'), 2, '00492', 492);
INSERT INTO EX.SINTOMAS(FECHA_INICIO, ID_SINTOMA, ID_PERSONA, ID_FICHA_MEDICA) VALUES
                            (TO_DATE('2020-02-13','YYYY-MM-DD'), 3, '00492', 492);
INSERT INTO EX.SINTOMAS(FECHA_INICIO, ID_SINTOMA, ID_PERSONA, ID_FICHA_MEDICA) VALUES
                            (TO_DATE('2020-02-08','YYYY-MM-DD'), 4, '00492', 492);
INSERT INTO EX.SINTOMAS(FECHA_INICIO, ID_SINTOMA, ID_PERSONA, ID_FICHA_MEDICA) VALUES
                            (TO_DATE('2020-05-05','YYYY-MM-DD'), 5, '00492', 492);
INSERT INTO EX.SINTOMAS(FECHA_INICIO, ID_SINTOMA, ID_PERSONA, ID_FICHA_MEDICA) VALUES
                            (TO_DATE('2020-03-12','YYYY-MM-DD'), 6, '00492', 492);
INSERT INTO EX.SINTOMAS(FECHA_INICIO, ID_SINTOMA, ID_PERSONA, ID_FICHA_MEDICA) VALUES
                            (TO_DATE('2020-05-05','YYYY-MM-DD'), 7, '00492', 492);
INSERT INTO EX.SINTOMAS(FECHA_INICIO, ID_SINTOMA, ID_PERSONA, ID_FICHA_MEDICA) VALUES
                            (TO_DATE('2020-04-18','YYYY-MM-DD'), 8, '00492', 492);
INSERT INTO EX.SINTOMAS(FECHA_INICIO, ID_SINTOMA, ID_PERSONA, ID_FICHA_MEDICA) VALUES
                            (TO_DATE('2020-05-16','YYYY-MM-DD'), 9, '00492', 492);
INSERT INTO EX.SINTOMAS(FECHA_INICIO, ID_SINTOMA, ID_PERSONA, ID_FICHA_MEDICA) VALUES
                            (TO_DATE('2020-06-09','YYYY-MM-DD'), 10, '00492', 492);
INSERT INTO EX.SINTOMAS(FECHA_INICIO, ID_SINTOMA, ID_PERSONA, ID_FICHA_MEDICA) VALUES
                            (TO_DATE('2020-03-02','YYYY-MM-DD'), 11, '00492', 492);
INSERT INTO EX.SINTOMAS(FECHA_INICIO, ID_SINTOMA, ID_PERSONA, ID_FICHA_MEDICA) VALUES
                            (TO_DATE('2020-05-18','YYYY-MM-DD'), 12, '00492', 492);
INSERT INTO EX.SINTOMAS(FECHA_INICIO, ID_SINTOMA, ID_PERSONA, ID_FICHA_MEDICA) VALUES
                            (TO_DATE('2020-01-25','YYYY-MM-DD'), 13, '00492', 492);
INSERT INTO EX.SINTOMAS(FECHA_INICIO, ID_SINTOMA, ID_PERSONA, ID_FICHA_MEDICA) VALUES
                            (TO_DATE('2020-01-05','YYYY-MM-DD'), 14, '00492', 492);
INSERT INTO EX.SINTOMAS(FECHA_INICIO, ID_SINTOMA, ID_PERSONA, ID_FICHA_MEDICA) VALUES
                            (TO_DATE('2020-01-10','YYYY-MM-DD'), 15, '00492', 492);
INSERT INTO EX.SINTOMAS(FECHA_INICIO, ID_SINTOMA, ID_PERSONA, ID_FICHA_MEDICA) VALUES
                            (TO_DATE('2020-01-31','YYYY-MM-DD'), 16, '00492', 492);
INSERT INTO EX.SINTOMAS(FECHA_INICIO, ID_SINTOMA, ID_PERSONA, ID_FICHA_MEDICA) VALUES
                            (TO_DATE('2020-05-29','YYYY-MM-DD'), 17, '00492', 492);
INSERT INTO EX.SINTOMAS(FECHA_INICIO, ID_SINTOMA, ID_PERSONA, ID_FICHA_MEDICA) VALUES
                            (TO_DATE('2020-03-17','YYYY-MM-DD'), 18, '00492', 492);
INSERT INTO EX.SINTOMAS(FECHA_INICIO, ID_SINTOMA, ID_PERSONA, ID_FICHA_MEDICA) VALUES
                            (TO_DATE('2020-02-13','YYYY-MM-DD'), 19, '00492', 492);
INSERT INTO EX.PERSONA(DOC_IDENTIDAD, NOMBRE, NOMBRE1, APELLIDO, APELLIDO1, FECHA_NAC, GENERO, FOTO) VALUES
                  ('00493', 'Logan', 'Kathy', 'Boyd', 'Brady', TO_DATE('2007-09-06','YYYY-MM-DD'), 'f', NULL);
INSERT INTO EX.HISTORICO_RESIDENCIA(FECHA_INICIO, ID_LUGAR, ID_PERSONA, FECHA_FIN) VALUES
                  (TO_DATE('1973-11-25','YYYY-MM-DD'), 34, '00493', NULL);
INSERT INTO EX.FICHA_MEDICA(ID, ID_PERSONA, ID_CENTRO_SALUD, ID_LUGAR, ESTADO, FECHA_INFECCION, FECHA_RECUPERACION) VALUES
                                             (493, '00493', 19, 34, 'desconido', NULL, NULL);
INSERT INTO EX.PADECIMIENTOS(ID_PATOLOGIA, ID_PERSONA, ID_FICHA_MEDICA) VALUES
                            (1, '00493', 493);
INSERT INTO EX.PADECIMIENTOS(ID_PATOLOGIA, ID_PERSONA, ID_FICHA_MEDICA) VALUES
                            (2, '00493', 493);
INSERT INTO EX.PADECIMIENTOS(ID_PATOLOGIA, ID_PERSONA, ID_FICHA_MEDICA) VALUES
                            (3, '00493', 493);
INSERT INTO EX.PADECIMIENTOS(ID_PATOLOGIA, ID_PERSONA, ID_FICHA_MEDICA) VALUES
                            (4, '00493', 493);
INSERT INTO EX.PADECIMIENTOS(ID_PATOLOGIA, ID_PERSONA, ID_FICHA_MEDICA) VALUES
                            (5, '00493', 493);
INSERT INTO EX.PADECIMIENTOS(ID_PATOLOGIA, ID_PERSONA, ID_FICHA_MEDICA) VALUES
                            (6, '00493', 493);
INSERT INTO EX.PADECIMIENTOS(ID_PATOLOGIA, ID_PERSONA, ID_FICHA_MEDICA) VALUES
                            (7, '00493', 493);
INSERT INTO EX.PADECIMIENTOS(ID_PATOLOGIA, ID_PERSONA, ID_FICHA_MEDICA) VALUES
                            (8, '00493', 493);
INSERT INTO EX.PADECIMIENTOS(ID_PATOLOGIA, ID_PERSONA, ID_FICHA_MEDICA) VALUES
                            (9, '00493', 493);
INSERT INTO EX.SINTOMAS(FECHA_INICIO, ID_SINTOMA, ID_PERSONA, ID_FICHA_MEDICA) VALUES
                            (TO_DATE('2020-06-09','YYYY-MM-DD'), 1, '00493', 493);
INSERT INTO EX.SINTOMAS(FECHA_INICIO, ID_SINTOMA, ID_PERSONA, ID_FICHA_MEDICA) VALUES
                            (TO_DATE('2020-04-10','YYYY-MM-DD'), 2, '00493', 493);
INSERT INTO EX.PERSONA(DOC_IDENTIDAD, NOMBRE, NOMBRE1, APELLIDO, APELLIDO1, FECHA_NAC, GENERO, FOTO) VALUES
                  ('00494', 'Sara', 'Chelsea', 'Thompson', 'Payne', TO_DATE('1989-11-18','YYYY-MM-DD'), 'm', NULL);
INSERT INTO EX.HISTORICO_RESIDENCIA(FECHA_INICIO, ID_LUGAR, ID_PERSONA, FECHA_FIN) VALUES
                  (TO_DATE('2013-01-18','YYYY-MM-DD'), 28, '00494', NULL);
INSERT INTO EX.FICHA_MEDICA(ID, ID_PERSONA, ID_CENTRO_SALUD, ID_LUGAR, ESTADO, FECHA_INFECCION, FECHA_RECUPERACION) VALUES
                                             (494, '00494', 13, 28, 'desconido', NULL, NULL);
INSERT INTO EX.PERSONA(DOC_IDENTIDAD, NOMBRE, NOMBRE1, APELLIDO, APELLIDO1, FECHA_NAC, GENERO, FOTO) VALUES
                  ('00495', 'Tasha', 'Sabrina', 'Love', 'Ray', TO_DATE('2014-06-21','YYYY-MM-DD'), 'f', NULL);
INSERT INTO EX.HISTORICO_RESIDENCIA(FECHA_INICIO, ID_LUGAR, ID_PERSONA, FECHA_FIN) VALUES
                  (TO_DATE('2013-08-09','YYYY-MM-DD'), 33, '00495', NULL);
INSERT INTO EX.FICHA_MEDICA(ID, ID_PERSONA, ID_CENTRO_SALUD, ID_LUGAR, ESTADO, FECHA_INFECCION, FECHA_RECUPERACION) VALUES
                                             (495, '00495', 18, 33, 'desconido', NULL, NULL);
INSERT INTO EX.PADECIMIENTOS(ID_PATOLOGIA, ID_PERSONA, ID_FICHA_MEDICA) VALUES
                            (1, '00495', 495);
INSERT INTO EX.PADECIMIENTOS(ID_PATOLOGIA, ID_PERSONA, ID_FICHA_MEDICA) VALUES
                            (2, '00495', 495);
INSERT INTO EX.PADECIMIENTOS(ID_PATOLOGIA, ID_PERSONA, ID_FICHA_MEDICA) VALUES
                            (3, '00495', 495);
INSERT INTO EX.PADECIMIENTOS(ID_PATOLOGIA, ID_PERSONA, ID_FICHA_MEDICA) VALUES
                            (4, '00495', 495);
INSERT INTO EX.PADECIMIENTOS(ID_PATOLOGIA, ID_PERSONA, ID_FICHA_MEDICA) VALUES
                            (5, '00495', 495);
INSERT INTO EX.PADECIMIENTOS(ID_PATOLOGIA, ID_PERSONA, ID_FICHA_MEDICA) VALUES
                            (6, '00495', 495);
INSERT INTO EX.PERSONA(DOC_IDENTIDAD, NOMBRE, NOMBRE1, APELLIDO, APELLIDO1, FECHA_NAC, GENERO, FOTO) VALUES
                  ('00496', 'Carrie', 'Christopher', 'Martin', 'Morrison', TO_DATE('1991-06-20','YYYY-MM-DD'), 'm', NULL);
INSERT INTO EX.HISTORICO_RESIDENCIA(FECHA_INICIO, ID_LUGAR, ID_PERSONA, FECHA_FIN) VALUES
                  (TO_DATE('1971-07-21','YYYY-MM-DD'), 25, '00496', NULL);
INSERT INTO EX.FICHA_MEDICA(ID, ID_PERSONA, ID_CENTRO_SALUD, ID_LUGAR, ESTADO, FECHA_INFECCION, FECHA_RECUPERACION) VALUES
                                             (496, '00496', 10, 25, 'desconido', NULL, NULL);
INSERT INTO EX.PERSONA(DOC_IDENTIDAD, NOMBRE, NOMBRE1, APELLIDO, APELLIDO1, FECHA_NAC, GENERO, FOTO) VALUES
                  ('00497', 'David', 'William', 'Morrison', 'Williams', TO_DATE('1999-06-09','YYYY-MM-DD'), 'f', NULL);
INSERT INTO EX.HISTORICO_RESIDENCIA(FECHA_INICIO, ID_LUGAR, ID_PERSONA, FECHA_FIN) VALUES
                  (TO_DATE('1988-10-14','YYYY-MM-DD'), 25, '00497', NULL);
INSERT INTO EX.FICHA_MEDICA(ID, ID_PERSONA, ID_CENTRO_SALUD, ID_LUGAR, ESTADO, FECHA_INFECCION, FECHA_RECUPERACION) VALUES
                                             (497, '00497', 10, 25, 'desconido', NULL, NULL);
INSERT INTO EX.SINTOMAS(FECHA_INICIO, ID_SINTOMA, ID_PERSONA, ID_FICHA_MEDICA) VALUES
                            (TO_DATE('2020-01-22','YYYY-MM-DD'), 1, '00497', 497);
INSERT INTO EX.SINTOMAS(FECHA_INICIO, ID_SINTOMA, ID_PERSONA, ID_FICHA_MEDICA) VALUES
                            (TO_DATE('2020-02-09','YYYY-MM-DD'), 2, '00497', 497);
INSERT INTO EX.SINTOMAS(FECHA_INICIO, ID_SINTOMA, ID_PERSONA, ID_FICHA_MEDICA) VALUES
                            (TO_DATE('2020-02-15','YYYY-MM-DD'), 3, '00497', 497);
INSERT INTO EX.PERSONA(DOC_IDENTIDAD, NOMBRE, NOMBRE1, APELLIDO, APELLIDO1, FECHA_NAC, GENERO, FOTO) VALUES
                  ('00498', 'Debra', 'Peter', 'Robinson', 'Moore', TO_DATE('2001-01-25','YYYY-MM-DD'), 'm', NULL);
INSERT INTO EX.HISTORICO_RESIDENCIA(FECHA_INICIO, ID_LUGAR, ID_PERSONA, FECHA_FIN) VALUES
                  (TO_DATE('2013-02-18','YYYY-MM-DD'), 33, '00498', NULL);
INSERT INTO EX.FICHA_MEDICA(ID, ID_PERSONA, ID_CENTRO_SALUD, ID_LUGAR, ESTADO, FECHA_INFECCION, FECHA_RECUPERACION) VALUES
                                             (498, '00498', 18, 33, 'desconido', NULL, NULL);
INSERT INTO EX.PADECIMIENTOS(ID_PATOLOGIA, ID_PERSONA, ID_FICHA_MEDICA) VALUES
                            (1, '00498', 498);
INSERT INTO EX.PADECIMIENTOS(ID_PATOLOGIA, ID_PERSONA, ID_FICHA_MEDICA) VALUES
                            (2, '00498', 498);
INSERT INTO EX.PADECIMIENTOS(ID_PATOLOGIA, ID_PERSONA, ID_FICHA_MEDICA) VALUES
                            (3, '00498', 498);
INSERT INTO EX.PADECIMIENTOS(ID_PATOLOGIA, ID_PERSONA, ID_FICHA_MEDICA) VALUES
                            (4, '00498', 498);
INSERT INTO EX.PADECIMIENTOS(ID_PATOLOGIA, ID_PERSONA, ID_FICHA_MEDICA) VALUES
                            (5, '00498', 498);
INSERT INTO EX.PERSONA(DOC_IDENTIDAD, NOMBRE, NOMBRE1, APELLIDO, APELLIDO1, FECHA_NAC, GENERO, FOTO) VALUES
                  ('00499', 'Christina', 'Darius', 'Ross', 'Hill', TO_DATE('1972-06-07','YYYY-MM-DD'), 'f', NULL);
INSERT INTO EX.HISTORICO_RESIDENCIA(FECHA_INICIO, ID_LUGAR, ID_PERSONA, FECHA_FIN) VALUES
                  (TO_DATE('2014-06-19','YYYY-MM-DD'), 37, '00499', NULL);
INSERT INTO EX.FICHA_MEDICA(ID, ID_PERSONA, ID_CENTRO_SALUD, ID_LUGAR, ESTADO, FECHA_INFECCION, FECHA_RECUPERACION) VALUES
                                             (499, '00499', 22, 37, 'desconido', NULL, NULL);
INSERT INTO EX.PERSONA(DOC_IDENTIDAD, NOMBRE, NOMBRE1, APELLIDO, APELLIDO1, FECHA_NAC, GENERO, FOTO) VALUES
                  ('00500', 'George', 'Jacqueline', 'Mcconnell', 'Carr', TO_DATE('1996-11-26','YYYY-MM-DD'), 'm', NULL);
INSERT INTO EX.HISTORICO_RESIDENCIA(FECHA_INICIO, ID_LUGAR, ID_PERSONA, FECHA_FIN) VALUES
                  (TO_DATE('1978-09-16','YYYY-MM-DD'), 42, '00500', NULL);
INSERT INTO EX.FICHA_MEDICA(ID, ID_PERSONA, ID_CENTRO_SALUD, ID_LUGAR, ESTADO, FECHA_INFECCION, FECHA_RECUPERACION) VALUES
                                             (500, '00500', 27, 42, 'desconido', NULL, NULL);
INSERT INTO EX.SINTOMAS(FECHA_INICIO, ID_SINTOMA, ID_PERSONA, ID_FICHA_MEDICA) VALUES
                            (TO_DATE('2020-03-26','YYYY-MM-DD'), 1, '00500', 500);
INSERT INTO EX.SINTOMAS(FECHA_INICIO, ID_SINTOMA, ID_PERSONA, ID_FICHA_MEDICA) VALUES
                            (TO_DATE('2020-01-21','YYYY-MM-DD'), 2, '00500', 500);
INSERT INTO EX.SINTOMAS(FECHA_INICIO, ID_SINTOMA, ID_PERSONA, ID_FICHA_MEDICA) VALUES
                            (TO_DATE('2020-06-06','YYYY-MM-DD'), 3, '00500', 500);
INSERT INTO EX.SINTOMAS(FECHA_INICIO, ID_SINTOMA, ID_PERSONA, ID_FICHA_MEDICA) VALUES
                            (TO_DATE('2020-02-13','YYYY-MM-DD'), 4, '00500', 500);
INSERT INTO EX.SINTOMAS(FECHA_INICIO, ID_SINTOMA, ID_PERSONA, ID_FICHA_MEDICA) VALUES
                            (TO_DATE('2020-02-11','YYYY-MM-DD'), 5, '00500', 500);
INSERT INTO EX.SINTOMAS(FECHA_INICIO, ID_SINTOMA, ID_PERSONA, ID_FICHA_MEDICA) VALUES
                            (TO_DATE('2020-06-26','YYYY-MM-DD'), 6, '00500', 500);
INSERT INTO EX.SINTOMAS(FECHA_INICIO, ID_SINTOMA, ID_PERSONA, ID_FICHA_MEDICA) VALUES
                            (TO_DATE('2020-04-19','YYYY-MM-DD'), 7, '00500', 500);
INSERT INTO EX.SINTOMAS(FECHA_INICIO, ID_SINTOMA, ID_PERSONA, ID_FICHA_MEDICA) VALUES
                            (TO_DATE('2020-04-24','YYYY-MM-DD'), 8, '00500', 500);
INSERT INTO EX.SINTOMAS(FECHA_INICIO, ID_SINTOMA, ID_PERSONA, ID_FICHA_MEDICA) VALUES
                            (TO_DATE('2020-03-15','YYYY-MM-DD'), 9, '00500', 500);
INSERT INTO EX.PERSONA(DOC_IDENTIDAD, NOMBRE, NOMBRE1, APELLIDO, APELLIDO1, FECHA_NAC, GENERO, FOTO) VALUES
                  ('00501', 'Tonya', 'Theodore', 'Watts', 'Jones', TO_DATE('2014-02-17','YYYY-MM-DD'), 'f', NULL);
INSERT INTO EX.HISTORICO_RESIDENCIA(FECHA_INICIO, ID_LUGAR, ID_PERSONA, FECHA_FIN) VALUES
                  (TO_DATE('1981-08-27','YYYY-MM-DD'), 30, '00501', NULL);
INSERT INTO EX.FICHA_MEDICA(ID, ID_PERSONA, ID_CENTRO_SALUD, ID_LUGAR, ESTADO, FECHA_INFECCION, FECHA_RECUPERACION) VALUES
                                             (501, '00501', 15, 30, 'desconido', NULL, NULL);
INSERT INTO EX.SINTOMAS(FECHA_INICIO, ID_SINTOMA, ID_PERSONA, ID_FICHA_MEDICA) VALUES
                            (TO_DATE('2020-05-27','YYYY-MM-DD'), 1, '00501', 501);
INSERT INTO EX.SINTOMAS(FECHA_INICIO, ID_SINTOMA, ID_PERSONA, ID_FICHA_MEDICA) VALUES
                            (TO_DATE('2020-06-04','YYYY-MM-DD'), 2, '00501', 501);
INSERT INTO EX.SINTOMAS(FECHA_INICIO, ID_SINTOMA, ID_PERSONA, ID_FICHA_MEDICA) VALUES
                            (TO_DATE('2020-06-11','YYYY-MM-DD'), 3, '00501', 501);
INSERT INTO EX.SINTOMAS(FECHA_INICIO, ID_SINTOMA, ID_PERSONA, ID_FICHA_MEDICA) VALUES
                            (TO_DATE('2020-05-07','YYYY-MM-DD'), 4, '00501', 501);
INSERT INTO EX.SINTOMAS(FECHA_INICIO, ID_SINTOMA, ID_PERSONA, ID_FICHA_MEDICA) VALUES
                            (TO_DATE('2020-04-25','YYYY-MM-DD'), 5, '00501', 501);
INSERT INTO EX.SINTOMAS(FECHA_INICIO, ID_SINTOMA, ID_PERSONA, ID_FICHA_MEDICA) VALUES
                            (TO_DATE('2020-06-05','YYYY-MM-DD'), 6, '00501', 501);
INSERT INTO EX.SINTOMAS(FECHA_INICIO, ID_SINTOMA, ID_PERSONA, ID_FICHA_MEDICA) VALUES
                            (TO_DATE('2020-02-29','YYYY-MM-DD'), 7, '00501', 501);
INSERT INTO EX.SINTOMAS(FECHA_INICIO, ID_SINTOMA, ID_PERSONA, ID_FICHA_MEDICA) VALUES
                            (TO_DATE('2020-01-21','YYYY-MM-DD'), 8, '00501', 501);
INSERT INTO EX.PERSONA(DOC_IDENTIDAD, NOMBRE, NOMBRE1, APELLIDO, APELLIDO1, FECHA_NAC, GENERO, FOTO) VALUES
                  ('00502', 'Kara', 'Jeremy', 'Sharp', 'Smith', TO_DATE('2018-12-07','YYYY-MM-DD'), 'm', NULL);
INSERT INTO EX.HISTORICO_RESIDENCIA(FECHA_INICIO, ID_LUGAR, ID_PERSONA, FECHA_FIN) VALUES
                  (TO_DATE('1975-12-15','YYYY-MM-DD'), 44, '00502', NULL);
INSERT INTO EX.FICHA_MEDICA(ID, ID_PERSONA, ID_CENTRO_SALUD, ID_LUGAR, ESTADO, FECHA_INFECCION, FECHA_RECUPERACION) VALUES
                                             (502, '00502', 29, 44, 'desconido', NULL, NULL);
INSERT INTO EX.PADECIMIENTOS(ID_PATOLOGIA, ID_PERSONA, ID_FICHA_MEDICA) VALUES
                            (1, '00502', 502);
INSERT INTO EX.PADECIMIENTOS(ID_PATOLOGIA, ID_PERSONA, ID_FICHA_MEDICA) VALUES
                            (2, '00502', 502);
INSERT INTO EX.PADECIMIENTOS(ID_PATOLOGIA, ID_PERSONA, ID_FICHA_MEDICA) VALUES
                            (3, '00502', 502);
INSERT INTO EX.PADECIMIENTOS(ID_PATOLOGIA, ID_PERSONA, ID_FICHA_MEDICA) VALUES
                            (4, '00502', 502);
INSERT INTO EX.PADECIMIENTOS(ID_PATOLOGIA, ID_PERSONA, ID_FICHA_MEDICA) VALUES
                            (5, '00502', 502);
INSERT INTO EX.PADECIMIENTOS(ID_PATOLOGIA, ID_PERSONA, ID_FICHA_MEDICA) VALUES
                            (6, '00502', 502);
INSERT INTO EX.PADECIMIENTOS(ID_PATOLOGIA, ID_PERSONA, ID_FICHA_MEDICA) VALUES
                            (7, '00502', 502);
INSERT INTO EX.PADECIMIENTOS(ID_PATOLOGIA, ID_PERSONA, ID_FICHA_MEDICA) VALUES
                            (8, '00502', 502);
INSERT INTO EX.PADECIMIENTOS(ID_PATOLOGIA, ID_PERSONA, ID_FICHA_MEDICA) VALUES
                            (9, '00502', 502);
INSERT INTO EX.PADECIMIENTOS(ID_PATOLOGIA, ID_PERSONA, ID_FICHA_MEDICA) VALUES
                            (10, '00502', 502);
INSERT INTO EX.PADECIMIENTOS(ID_PATOLOGIA, ID_PERSONA, ID_FICHA_MEDICA) VALUES
                            (11, '00502', 502);
INSERT INTO EX.PADECIMIENTOS(ID_PATOLOGIA, ID_PERSONA, ID_FICHA_MEDICA) VALUES
                            (12, '00502', 502);
INSERT INTO EX.PADECIMIENTOS(ID_PATOLOGIA, ID_PERSONA, ID_FICHA_MEDICA) VALUES
                            (13, '00502', 502);
INSERT INTO EX.PADECIMIENTOS(ID_PATOLOGIA, ID_PERSONA, ID_FICHA_MEDICA) VALUES
                            (14, '00502', 502);
INSERT INTO EX.PADECIMIENTOS(ID_PATOLOGIA, ID_PERSONA, ID_FICHA_MEDICA) VALUES
                            (15, '00502', 502);
INSERT INTO EX.PERSONA(DOC_IDENTIDAD, NOMBRE, NOMBRE1, APELLIDO, APELLIDO1, FECHA_NAC, GENERO, FOTO) VALUES
                  ('00503', 'Frederick', 'Kendra', 'Martin', 'Mcbride', TO_DATE('1983-11-24','YYYY-MM-DD'), 'f', NULL);
INSERT INTO EX.HISTORICO_RESIDENCIA(FECHA_INICIO, ID_LUGAR, ID_PERSONA, FECHA_FIN) VALUES
                  (TO_DATE('1991-09-06','YYYY-MM-DD'), 31, '00503', NULL);
INSERT INTO EX.FICHA_MEDICA(ID, ID_PERSONA, ID_CENTRO_SALUD, ID_LUGAR, ESTADO, FECHA_INFECCION, FECHA_RECUPERACION) VALUES
                                             (503, '00503', 16, 31, 'desconido', NULL, NULL);
INSERT INTO EX.SINTOMAS(FECHA_INICIO, ID_SINTOMA, ID_PERSONA, ID_FICHA_MEDICA) VALUES
                            (TO_DATE('2020-01-25','YYYY-MM-DD'), 1, '00503', 503);
INSERT INTO EX.SINTOMAS(FECHA_INICIO, ID_SINTOMA, ID_PERSONA, ID_FICHA_MEDICA) VALUES
                            (TO_DATE('2020-01-14','YYYY-MM-DD'), 2, '00503', 503);
INSERT INTO EX.SINTOMAS(FECHA_INICIO, ID_SINTOMA, ID_PERSONA, ID_FICHA_MEDICA) VALUES
                            (TO_DATE('2020-01-08','YYYY-MM-DD'), 3, '00503', 503);
INSERT INTO EX.SINTOMAS(FECHA_INICIO, ID_SINTOMA, ID_PERSONA, ID_FICHA_MEDICA) VALUES
                            (TO_DATE('2020-05-26','YYYY-MM-DD'), 4, '00503', 503);
INSERT INTO EX.SINTOMAS(FECHA_INICIO, ID_SINTOMA, ID_PERSONA, ID_FICHA_MEDICA) VALUES
                            (TO_DATE('2020-06-14','YYYY-MM-DD'), 5, '00503', 503);
INSERT INTO EX.SINTOMAS(FECHA_INICIO, ID_SINTOMA, ID_PERSONA, ID_FICHA_MEDICA) VALUES
                            (TO_DATE('2020-04-12','YYYY-MM-DD'), 6, '00503', 503);
INSERT INTO EX.SINTOMAS(FECHA_INICIO, ID_SINTOMA, ID_PERSONA, ID_FICHA_MEDICA) VALUES
                            (TO_DATE('2020-06-22','YYYY-MM-DD'), 7, '00503', 503);
INSERT INTO EX.SINTOMAS(FECHA_INICIO, ID_SINTOMA, ID_PERSONA, ID_FICHA_MEDICA) VALUES
                            (TO_DATE('2020-04-21','YYYY-MM-DD'), 8, '00503', 503);
INSERT INTO EX.SINTOMAS(FECHA_INICIO, ID_SINTOMA, ID_PERSONA, ID_FICHA_MEDICA) VALUES
                            (TO_DATE('2020-02-17','YYYY-MM-DD'), 9, '00503', 503);
INSERT INTO EX.SINTOMAS(FECHA_INICIO, ID_SINTOMA, ID_PERSONA, ID_FICHA_MEDICA) VALUES
                            (TO_DATE('2020-01-07','YYYY-MM-DD'), 10, '00503', 503);
INSERT INTO EX.SINTOMAS(FECHA_INICIO, ID_SINTOMA, ID_PERSONA, ID_FICHA_MEDICA) VALUES
                            (TO_DATE('2020-05-28','YYYY-MM-DD'), 11, '00503', 503);
INSERT INTO EX.SINTOMAS(FECHA_INICIO, ID_SINTOMA, ID_PERSONA, ID_FICHA_MEDICA) VALUES
                            (TO_DATE('2020-01-16','YYYY-MM-DD'), 12, '00503', 503);
INSERT INTO EX.SINTOMAS(FECHA_INICIO, ID_SINTOMA, ID_PERSONA, ID_FICHA_MEDICA) VALUES
                            (TO_DATE('2020-04-03','YYYY-MM-DD'), 13, '00503', 503);
INSERT INTO EX.SINTOMAS(FECHA_INICIO, ID_SINTOMA, ID_PERSONA, ID_FICHA_MEDICA) VALUES
                            (TO_DATE('2020-03-01','YYYY-MM-DD'), 14, '00503', 503);
INSERT INTO EX.SINTOMAS(FECHA_INICIO, ID_SINTOMA, ID_PERSONA, ID_FICHA_MEDICA) VALUES
                            (TO_DATE('2020-02-06','YYYY-MM-DD'), 15, '00503', 503);
INSERT INTO EX.PERSONA(DOC_IDENTIDAD, NOMBRE, NOMBRE1, APELLIDO, APELLIDO1, FECHA_NAC, GENERO, FOTO) VALUES
                  ('00504', 'William', 'Jasmine', 'Butler', 'Williams', TO_DATE('1992-10-23','YYYY-MM-DD'), 'm', NULL);
INSERT INTO EX.HISTORICO_RESIDENCIA(FECHA_INICIO, ID_LUGAR, ID_PERSONA, FECHA_FIN) VALUES
                  (TO_DATE('1978-12-12','YYYY-MM-DD'), 35, '00504', NULL);
INSERT INTO EX.FICHA_MEDICA(ID, ID_PERSONA, ID_CENTRO_SALUD, ID_LUGAR, ESTADO, FECHA_INFECCION, FECHA_RECUPERACION) VALUES
                                             (504, '00504', 20, 35, 'desconido', NULL, NULL);
INSERT INTO EX.PERSONA(DOC_IDENTIDAD, NOMBRE, NOMBRE1, APELLIDO, APELLIDO1, FECHA_NAC, GENERO, FOTO) VALUES
                  ('00505', 'Russell', 'Christina', 'Lee', 'Mcdonald', TO_DATE('1971-07-28','YYYY-MM-DD'), 'f', NULL);
INSERT INTO EX.HISTORICO_RESIDENCIA(FECHA_INICIO, ID_LUGAR, ID_PERSONA, FECHA_FIN) VALUES
                  (TO_DATE('1983-12-28','YYYY-MM-DD'), 25, '00505', NULL);
INSERT INTO EX.FICHA_MEDICA(ID, ID_PERSONA, ID_CENTRO_SALUD, ID_LUGAR, ESTADO, FECHA_INFECCION, FECHA_RECUPERACION) VALUES
                                             (505, '00505', 10, 25, 'desconido', NULL, NULL);
INSERT INTO EX.PADECIMIENTOS(ID_PATOLOGIA, ID_PERSONA, ID_FICHA_MEDICA) VALUES
                            (1, '00505', 505);
INSERT INTO EX.PADECIMIENTOS(ID_PATOLOGIA, ID_PERSONA, ID_FICHA_MEDICA) VALUES
                            (2, '00505', 505);
INSERT INTO EX.PADECIMIENTOS(ID_PATOLOGIA, ID_PERSONA, ID_FICHA_MEDICA) VALUES
                            (3, '00505', 505);
INSERT INTO EX.PADECIMIENTOS(ID_PATOLOGIA, ID_PERSONA, ID_FICHA_MEDICA) VALUES
                            (4, '00505', 505);
INSERT INTO EX.PERSONA(DOC_IDENTIDAD, NOMBRE, NOMBRE1, APELLIDO, APELLIDO1, FECHA_NAC, GENERO, FOTO) VALUES
                  ('00506', 'Kim', 'Sandra', 'Gomez', 'Wilson', TO_DATE('1997-09-18','YYYY-MM-DD'), 'm', NULL);
INSERT INTO EX.HISTORICO_RESIDENCIA(FECHA_INICIO, ID_LUGAR, ID_PERSONA, FECHA_FIN) VALUES
                  (TO_DATE('2012-08-23','YYYY-MM-DD'), 19, '00506', NULL);
INSERT INTO EX.FICHA_MEDICA(ID, ID_PERSONA, ID_CENTRO_SALUD, ID_LUGAR, ESTADO, FECHA_INFECCION, FECHA_RECUPERACION) VALUES
                                             (506, '00506', 4, 19, 'desconido', NULL, NULL);
INSERT INTO EX.PADECIMIENTOS(ID_PATOLOGIA, ID_PERSONA, ID_FICHA_MEDICA) VALUES
                            (1, '00506', 506);
INSERT INTO EX.PADECIMIENTOS(ID_PATOLOGIA, ID_PERSONA, ID_FICHA_MEDICA) VALUES
                            (2, '00506', 506);
INSERT INTO EX.PADECIMIENTOS(ID_PATOLOGIA, ID_PERSONA, ID_FICHA_MEDICA) VALUES
                            (3, '00506', 506);
INSERT INTO EX.PADECIMIENTOS(ID_PATOLOGIA, ID_PERSONA, ID_FICHA_MEDICA) VALUES
                            (4, '00506', 506);
INSERT INTO EX.PADECIMIENTOS(ID_PATOLOGIA, ID_PERSONA, ID_FICHA_MEDICA) VALUES
                            (5, '00506', 506);
INSERT INTO EX.PADECIMIENTOS(ID_PATOLOGIA, ID_PERSONA, ID_FICHA_MEDICA) VALUES
                            (6, '00506', 506);
INSERT INTO EX.PADECIMIENTOS(ID_PATOLOGIA, ID_PERSONA, ID_FICHA_MEDICA) VALUES
                            (7, '00506', 506);
INSERT INTO EX.PADECIMIENTOS(ID_PATOLOGIA, ID_PERSONA, ID_FICHA_MEDICA) VALUES
                            (8, '00506', 506);
INSERT INTO EX.PADECIMIENTOS(ID_PATOLOGIA, ID_PERSONA, ID_FICHA_MEDICA) VALUES
                            (9, '00506', 506);
INSERT INTO EX.PADECIMIENTOS(ID_PATOLOGIA, ID_PERSONA, ID_FICHA_MEDICA) VALUES
                            (10, '00506', 506);
INSERT INTO EX.PADECIMIENTOS(ID_PATOLOGIA, ID_PERSONA, ID_FICHA_MEDICA) VALUES
                            (11, '00506', 506);
INSERT INTO EX.PADECIMIENTOS(ID_PATOLOGIA, ID_PERSONA, ID_FICHA_MEDICA) VALUES
                            (12, '00506', 506);
INSERT INTO EX.PADECIMIENTOS(ID_PATOLOGIA, ID_PERSONA, ID_FICHA_MEDICA) VALUES
                            (13, '00506', 506);
INSERT INTO EX.PADECIMIENTOS(ID_PATOLOGIA, ID_PERSONA, ID_FICHA_MEDICA) VALUES
                            (14, '00506', 506);
INSERT INTO EX.SINTOMAS(FECHA_INICIO, ID_SINTOMA, ID_PERSONA, ID_FICHA_MEDICA) VALUES
                            (TO_DATE('2020-01-13','YYYY-MM-DD'), 1, '00506', 506);
INSERT INTO EX.SINTOMAS(FECHA_INICIO, ID_SINTOMA, ID_PERSONA, ID_FICHA_MEDICA) VALUES
                            (TO_DATE('2020-04-27','YYYY-MM-DD'), 2, '00506', 506);
INSERT INTO EX.SINTOMAS(FECHA_INICIO, ID_SINTOMA, ID_PERSONA, ID_FICHA_MEDICA) VALUES
                            (TO_DATE('2020-04-18','YYYY-MM-DD'), 3, '00506', 506);
INSERT INTO EX.SINTOMAS(FECHA_INICIO, ID_SINTOMA, ID_PERSONA, ID_FICHA_MEDICA) VALUES
                            (TO_DATE('2020-04-19','YYYY-MM-DD'), 4, '00506', 506);
INSERT INTO EX.SINTOMAS(FECHA_INICIO, ID_SINTOMA, ID_PERSONA, ID_FICHA_MEDICA) VALUES
                            (TO_DATE('2020-04-07','YYYY-MM-DD'), 5, '00506', 506);
INSERT INTO EX.SINTOMAS(FECHA_INICIO, ID_SINTOMA, ID_PERSONA, ID_FICHA_MEDICA) VALUES
                            (TO_DATE('2020-04-01','YYYY-MM-DD'), 6, '00506', 506);
INSERT INTO EX.SINTOMAS(FECHA_INICIO, ID_SINTOMA, ID_PERSONA, ID_FICHA_MEDICA) VALUES
                            (TO_DATE('2020-04-15','YYYY-MM-DD'), 7, '00506', 506);
INSERT INTO EX.SINTOMAS(FECHA_INICIO, ID_SINTOMA, ID_PERSONA, ID_FICHA_MEDICA) VALUES
                            (TO_DATE('2020-04-15','YYYY-MM-DD'), 8, '00506', 506);
INSERT INTO EX.SINTOMAS(FECHA_INICIO, ID_SINTOMA, ID_PERSONA, ID_FICHA_MEDICA) VALUES
                            (TO_DATE('2020-02-03','YYYY-MM-DD'), 9, '00506', 506);
INSERT INTO EX.SINTOMAS(FECHA_INICIO, ID_SINTOMA, ID_PERSONA, ID_FICHA_MEDICA) VALUES
                            (TO_DATE('2020-06-10','YYYY-MM-DD'), 10, '00506', 506);
INSERT INTO EX.SINTOMAS(FECHA_INICIO, ID_SINTOMA, ID_PERSONA, ID_FICHA_MEDICA) VALUES
                            (TO_DATE('2020-03-30','YYYY-MM-DD'), 11, '00506', 506);
INSERT INTO EX.SINTOMAS(FECHA_INICIO, ID_SINTOMA, ID_PERSONA, ID_FICHA_MEDICA) VALUES
                            (TO_DATE('2020-01-26','YYYY-MM-DD'), 12, '00506', 506);
INSERT INTO EX.SINTOMAS(FECHA_INICIO, ID_SINTOMA, ID_PERSONA, ID_FICHA_MEDICA) VALUES
                            (TO_DATE('2020-03-29','YYYY-MM-DD'), 13, '00506', 506);
INSERT INTO EX.SINTOMAS(FECHA_INICIO, ID_SINTOMA, ID_PERSONA, ID_FICHA_MEDICA) VALUES
                            (TO_DATE('2020-06-13','YYYY-MM-DD'), 14, '00506', 506);
INSERT INTO EX.PERSONA(DOC_IDENTIDAD, NOMBRE, NOMBRE1, APELLIDO, APELLIDO1, FECHA_NAC, GENERO, FOTO) VALUES
                  ('00507', 'Timothy', 'Jillian', 'Fisher', 'Washington', TO_DATE('1994-04-05','YYYY-MM-DD'), 'f', NULL);
INSERT INTO EX.HISTORICO_RESIDENCIA(FECHA_INICIO, ID_LUGAR, ID_PERSONA, FECHA_FIN) VALUES
                  (TO_DATE('2015-12-29','YYYY-MM-DD'), 22, '00507', NULL);
INSERT INTO EX.FICHA_MEDICA(ID, ID_PERSONA, ID_CENTRO_SALUD, ID_LUGAR, ESTADO, FECHA_INFECCION, FECHA_RECUPERACION) VALUES
                                             (507, '00507', 7, 22, 'desconido', NULL, NULL);
INSERT INTO EX.PADECIMIENTOS(ID_PATOLOGIA, ID_PERSONA, ID_FICHA_MEDICA) VALUES
                            (1, '00507', 507);
INSERT INTO EX.PADECIMIENTOS(ID_PATOLOGIA, ID_PERSONA, ID_FICHA_MEDICA) VALUES
                            (2, '00507', 507);
INSERT INTO EX.PADECIMIENTOS(ID_PATOLOGIA, ID_PERSONA, ID_FICHA_MEDICA) VALUES
                            (3, '00507', 507);
INSERT INTO EX.PADECIMIENTOS(ID_PATOLOGIA, ID_PERSONA, ID_FICHA_MEDICA) VALUES
                            (4, '00507', 507);
INSERT INTO EX.PADECIMIENTOS(ID_PATOLOGIA, ID_PERSONA, ID_FICHA_MEDICA) VALUES
                            (5, '00507', 507);
INSERT INTO EX.PADECIMIENTOS(ID_PATOLOGIA, ID_PERSONA, ID_FICHA_MEDICA) VALUES
                            (6, '00507', 507);
INSERT INTO EX.PADECIMIENTOS(ID_PATOLOGIA, ID_PERSONA, ID_FICHA_MEDICA) VALUES
                            (7, '00507', 507);
INSERT INTO EX.PADECIMIENTOS(ID_PATOLOGIA, ID_PERSONA, ID_FICHA_MEDICA) VALUES
                            (8, '00507', 507);
INSERT INTO EX.PADECIMIENTOS(ID_PATOLOGIA, ID_PERSONA, ID_FICHA_MEDICA) VALUES
                            (9, '00507', 507);
INSERT INTO EX.PERSONA(DOC_IDENTIDAD, NOMBRE, NOMBRE1, APELLIDO, APELLIDO1, FECHA_NAC, GENERO, FOTO) VALUES
                  ('00508', 'Ronald', 'Carl', 'Martinez', 'Sims', TO_DATE('1983-10-15','YYYY-MM-DD'), 'm', NULL);
INSERT INTO EX.HISTORICO_RESIDENCIA(FECHA_INICIO, ID_LUGAR, ID_PERSONA, FECHA_FIN) VALUES
                  (TO_DATE('1996-07-04','YYYY-MM-DD'), 33, '00508', NULL);
INSERT INTO EX.FICHA_MEDICA(ID, ID_PERSONA, ID_CENTRO_SALUD, ID_LUGAR, ESTADO, FECHA_INFECCION, FECHA_RECUPERACION) VALUES
                                             (508, '00508', 18, 33, 'desconido', NULL, NULL);
INSERT INTO EX.PERSONA(DOC_IDENTIDAD, NOMBRE, NOMBRE1, APELLIDO, APELLIDO1, FECHA_NAC, GENERO, FOTO) VALUES
                  ('00509', 'Paul', 'Emily', 'Davis', 'Ross', TO_DATE('2002-09-16','YYYY-MM-DD'), 'f', NULL);
INSERT INTO EX.HISTORICO_RESIDENCIA(FECHA_INICIO, ID_LUGAR, ID_PERSONA, FECHA_FIN) VALUES
                  (TO_DATE('1995-09-27','YYYY-MM-DD'), 32, '00509', NULL);
INSERT INTO EX.FICHA_MEDICA(ID, ID_PERSONA, ID_CENTRO_SALUD, ID_LUGAR, ESTADO, FECHA_INFECCION, FECHA_RECUPERACION) VALUES
                                             (509, '00509', 17, 32, 'desconido', NULL, NULL);
INSERT INTO EX.PADECIMIENTOS(ID_PATOLOGIA, ID_PERSONA, ID_FICHA_MEDICA) VALUES
                            (1, '00509', 509);
INSERT INTO EX.PADECIMIENTOS(ID_PATOLOGIA, ID_PERSONA, ID_FICHA_MEDICA) VALUES
                            (2, '00509', 509);
INSERT INTO EX.PADECIMIENTOS(ID_PATOLOGIA, ID_PERSONA, ID_FICHA_MEDICA) VALUES
                            (3, '00509', 509);
INSERT INTO EX.PADECIMIENTOS(ID_PATOLOGIA, ID_PERSONA, ID_FICHA_MEDICA) VALUES
                            (4, '00509', 509);
INSERT INTO EX.PADECIMIENTOS(ID_PATOLOGIA, ID_PERSONA, ID_FICHA_MEDICA) VALUES
                            (5, '00509', 509);
INSERT INTO EX.PERSONA(DOC_IDENTIDAD, NOMBRE, NOMBRE1, APELLIDO, APELLIDO1, FECHA_NAC, GENERO, FOTO) VALUES
                  ('00510', 'Rachel', 'Shelby', 'Morgan', 'Lane', TO_DATE('1984-04-30','YYYY-MM-DD'), 'm', NULL);
INSERT INTO EX.HISTORICO_RESIDENCIA(FECHA_INICIO, ID_LUGAR, ID_PERSONA, FECHA_FIN) VALUES
                  (TO_DATE('2009-07-31','YYYY-MM-DD'), 36, '00510', NULL);
INSERT INTO EX.FICHA_MEDICA(ID, ID_PERSONA, ID_CENTRO_SALUD, ID_LUGAR, ESTADO, FECHA_INFECCION, FECHA_RECUPERACION) VALUES
                                             (510, '00510', 21, 36, 'desconido', NULL, NULL);
INSERT INTO EX.SINTOMAS(FECHA_INICIO, ID_SINTOMA, ID_PERSONA, ID_FICHA_MEDICA) VALUES
                            (TO_DATE('2020-04-25','YYYY-MM-DD'), 1, '00510', 510);
INSERT INTO EX.SINTOMAS(FECHA_INICIO, ID_SINTOMA, ID_PERSONA, ID_FICHA_MEDICA) VALUES
                            (TO_DATE('2020-04-30','YYYY-MM-DD'), 2, '00510', 510);
INSERT INTO EX.SINTOMAS(FECHA_INICIO, ID_SINTOMA, ID_PERSONA, ID_FICHA_MEDICA) VALUES
                            (TO_DATE('2020-02-05','YYYY-MM-DD'), 3, '00510', 510);
INSERT INTO EX.SINTOMAS(FECHA_INICIO, ID_SINTOMA, ID_PERSONA, ID_FICHA_MEDICA) VALUES
                            (TO_DATE('2020-01-12','YYYY-MM-DD'), 4, '00510', 510);
INSERT INTO EX.SINTOMAS(FECHA_INICIO, ID_SINTOMA, ID_PERSONA, ID_FICHA_MEDICA) VALUES
                            (TO_DATE('2020-03-01','YYYY-MM-DD'), 5, '00510', 510);
INSERT INTO EX.SINTOMAS(FECHA_INICIO, ID_SINTOMA, ID_PERSONA, ID_FICHA_MEDICA) VALUES
                            (TO_DATE('2020-05-18','YYYY-MM-DD'), 6, '00510', 510);
INSERT INTO EX.SINTOMAS(FECHA_INICIO, ID_SINTOMA, ID_PERSONA, ID_FICHA_MEDICA) VALUES
                            (TO_DATE('2020-06-23','YYYY-MM-DD'), 7, '00510', 510);
INSERT INTO EX.SINTOMAS(FECHA_INICIO, ID_SINTOMA, ID_PERSONA, ID_FICHA_MEDICA) VALUES
                            (TO_DATE('2020-05-29','YYYY-MM-DD'), 8, '00510', 510);
INSERT INTO EX.SINTOMAS(FECHA_INICIO, ID_SINTOMA, ID_PERSONA, ID_FICHA_MEDICA) VALUES
                            (TO_DATE('2020-04-30','YYYY-MM-DD'), 9, '00510', 510);
INSERT INTO EX.SINTOMAS(FECHA_INICIO, ID_SINTOMA, ID_PERSONA, ID_FICHA_MEDICA) VALUES
                            (TO_DATE('2020-05-11','YYYY-MM-DD'), 10, '00510', 510);
INSERT INTO EX.SINTOMAS(FECHA_INICIO, ID_SINTOMA, ID_PERSONA, ID_FICHA_MEDICA) VALUES
                            (TO_DATE('2020-05-07','YYYY-MM-DD'), 11, '00510', 510);
INSERT INTO EX.SINTOMAS(FECHA_INICIO, ID_SINTOMA, ID_PERSONA, ID_FICHA_MEDICA) VALUES
                            (TO_DATE('2020-02-23','YYYY-MM-DD'), 12, '00510', 510);
INSERT INTO EX.SINTOMAS(FECHA_INICIO, ID_SINTOMA, ID_PERSONA, ID_FICHA_MEDICA) VALUES
                            (TO_DATE('2020-02-01','YYYY-MM-DD'), 13, '00510', 510);
INSERT INTO EX.SINTOMAS(FECHA_INICIO, ID_SINTOMA, ID_PERSONA, ID_FICHA_MEDICA) VALUES
                            (TO_DATE('2020-03-31','YYYY-MM-DD'), 14, '00510', 510);
INSERT INTO EX.SINTOMAS(FECHA_INICIO, ID_SINTOMA, ID_PERSONA, ID_FICHA_MEDICA) VALUES
                            (TO_DATE('2020-05-27','YYYY-MM-DD'), 15, '00510', 510);
INSERT INTO EX.SINTOMAS(FECHA_INICIO, ID_SINTOMA, ID_PERSONA, ID_FICHA_MEDICA) VALUES
                            (TO_DATE('2020-05-16','YYYY-MM-DD'), 16, '00510', 510);
INSERT INTO EX.SINTOMAS(FECHA_INICIO, ID_SINTOMA, ID_PERSONA, ID_FICHA_MEDICA) VALUES
                            (TO_DATE('2020-06-19','YYYY-MM-DD'), 17, '00510', 510);
INSERT INTO EX.SINTOMAS(FECHA_INICIO, ID_SINTOMA, ID_PERSONA, ID_FICHA_MEDICA) VALUES
                            (TO_DATE('2020-01-25','YYYY-MM-DD'), 18, '00510', 510);
INSERT INTO EX.SINTOMAS(FECHA_INICIO, ID_SINTOMA, ID_PERSONA, ID_FICHA_MEDICA) VALUES
                            (TO_DATE('2020-01-27','YYYY-MM-DD'), 19, '00510', 510);
INSERT INTO EX.PERSONA(DOC_IDENTIDAD, NOMBRE, NOMBRE1, APELLIDO, APELLIDO1, FECHA_NAC, GENERO, FOTO) VALUES
                  ('00511', 'Joseph', 'Travis', 'Howard', 'Smith', TO_DATE('2003-03-11','YYYY-MM-DD'), 'f', NULL);
INSERT INTO EX.HISTORICO_RESIDENCIA(FECHA_INICIO, ID_LUGAR, ID_PERSONA, FECHA_FIN) VALUES
                  (TO_DATE('2008-03-30','YYYY-MM-DD'), 42, '00511', NULL);
INSERT INTO EX.FICHA_MEDICA(ID, ID_PERSONA, ID_CENTRO_SALUD, ID_LUGAR, ESTADO, FECHA_INFECCION, FECHA_RECUPERACION) VALUES
                                             (511, '00511', 27, 42, 'desconido', NULL, NULL);
INSERT INTO EX.SINTOMAS(FECHA_INICIO, ID_SINTOMA, ID_PERSONA, ID_FICHA_MEDICA) VALUES
                            (TO_DATE('2020-05-28','YYYY-MM-DD'), 1, '00511', 511);
INSERT INTO EX.SINTOMAS(FECHA_INICIO, ID_SINTOMA, ID_PERSONA, ID_FICHA_MEDICA) VALUES
                            (TO_DATE('2020-06-20','YYYY-MM-DD'), 2, '00511', 511);
INSERT INTO EX.PERSONA(DOC_IDENTIDAD, NOMBRE, NOMBRE1, APELLIDO, APELLIDO1, FECHA_NAC, GENERO, FOTO) VALUES
                  ('00512', 'Jack', 'Sonia', 'Harris', 'Mcfarland', TO_DATE('1991-04-19','YYYY-MM-DD'), 'm', NULL);
INSERT INTO EX.HISTORICO_RESIDENCIA(FECHA_INICIO, ID_LUGAR, ID_PERSONA, FECHA_FIN) VALUES
                  (TO_DATE('2000-03-19','YYYY-MM-DD'), 30, '00512', NULL);
INSERT INTO EX.FICHA_MEDICA(ID, ID_PERSONA, ID_CENTRO_SALUD, ID_LUGAR, ESTADO, FECHA_INFECCION, FECHA_RECUPERACION) VALUES
                                             (512, '00512', 15, 30, 'desconido', NULL, NULL);
INSERT INTO EX.PADECIMIENTOS(ID_PATOLOGIA, ID_PERSONA, ID_FICHA_MEDICA) VALUES
                            (1, '00512', 512);
INSERT INTO EX.PADECIMIENTOS(ID_PATOLOGIA, ID_PERSONA, ID_FICHA_MEDICA) VALUES
                            (2, '00512', 512);
INSERT INTO EX.PADECIMIENTOS(ID_PATOLOGIA, ID_PERSONA, ID_FICHA_MEDICA) VALUES
                            (3, '00512', 512);
INSERT INTO EX.PERSONA(DOC_IDENTIDAD, NOMBRE, NOMBRE1, APELLIDO, APELLIDO1, FECHA_NAC, GENERO, FOTO) VALUES
                  ('00513', 'Cynthia', 'Isaiah', 'Rivers', 'Terry', TO_DATE('1972-08-30','YYYY-MM-DD'), 'f', NULL);
INSERT INTO EX.HISTORICO_RESIDENCIA(FECHA_INICIO, ID_LUGAR, ID_PERSONA, FECHA_FIN) VALUES
                  (TO_DATE('2000-04-03','YYYY-MM-DD'), 39, '00513', NULL);
INSERT INTO EX.FICHA_MEDICA(ID, ID_PERSONA, ID_CENTRO_SALUD, ID_LUGAR, ESTADO, FECHA_INFECCION, FECHA_RECUPERACION) VALUES
                                             (513, '00513', 24, 39, 'desconido', NULL, NULL);
INSERT INTO EX.PADECIMIENTOS(ID_PATOLOGIA, ID_PERSONA, ID_FICHA_MEDICA) VALUES
                            (1, '00513', 513);
INSERT INTO EX.PADECIMIENTOS(ID_PATOLOGIA, ID_PERSONA, ID_FICHA_MEDICA) VALUES
                            (2, '00513', 513);
INSERT INTO EX.PADECIMIENTOS(ID_PATOLOGIA, ID_PERSONA, ID_FICHA_MEDICA) VALUES
                            (3, '00513', 513);
INSERT INTO EX.PADECIMIENTOS(ID_PATOLOGIA, ID_PERSONA, ID_FICHA_MEDICA) VALUES
                            (4, '00513', 513);
INSERT INTO EX.PADECIMIENTOS(ID_PATOLOGIA, ID_PERSONA, ID_FICHA_MEDICA) VALUES
                            (5, '00513', 513);
INSERT INTO EX.PADECIMIENTOS(ID_PATOLOGIA, ID_PERSONA, ID_FICHA_MEDICA) VALUES
                            (6, '00513', 513);
INSERT INTO EX.PADECIMIENTOS(ID_PATOLOGIA, ID_PERSONA, ID_FICHA_MEDICA) VALUES
                            (7, '00513', 513);
INSERT INTO EX.PADECIMIENTOS(ID_PATOLOGIA, ID_PERSONA, ID_FICHA_MEDICA) VALUES
                            (8, '00513', 513);
INSERT INTO EX.PADECIMIENTOS(ID_PATOLOGIA, ID_PERSONA, ID_FICHA_MEDICA) VALUES
                            (9, '00513', 513);
INSERT INTO EX.PADECIMIENTOS(ID_PATOLOGIA, ID_PERSONA, ID_FICHA_MEDICA) VALUES
                            (10, '00513', 513);
INSERT INTO EX.PADECIMIENTOS(ID_PATOLOGIA, ID_PERSONA, ID_FICHA_MEDICA) VALUES
                            (11, '00513', 513);
INSERT INTO EX.PADECIMIENTOS(ID_PATOLOGIA, ID_PERSONA, ID_FICHA_MEDICA) VALUES
                            (12, '00513', 513);
INSERT INTO EX.SINTOMAS(FECHA_INICIO, ID_SINTOMA, ID_PERSONA, ID_FICHA_MEDICA) VALUES
                            (TO_DATE('2020-03-12','YYYY-MM-DD'), 1, '00513', 513);
INSERT INTO EX.SINTOMAS(FECHA_INICIO, ID_SINTOMA, ID_PERSONA, ID_FICHA_MEDICA) VALUES
                            (TO_DATE('2020-03-22','YYYY-MM-DD'), 2, '00513', 513);
INSERT INTO EX.SINTOMAS(FECHA_INICIO, ID_SINTOMA, ID_PERSONA, ID_FICHA_MEDICA) VALUES
                            (TO_DATE('2020-04-03','YYYY-MM-DD'), 3, '00513', 513);
INSERT INTO EX.SINTOMAS(FECHA_INICIO, ID_SINTOMA, ID_PERSONA, ID_FICHA_MEDICA) VALUES
                            (TO_DATE('2020-02-08','YYYY-MM-DD'), 4, '00513', 513);
INSERT INTO EX.SINTOMAS(FECHA_INICIO, ID_SINTOMA, ID_PERSONA, ID_FICHA_MEDICA) VALUES
                            (TO_DATE('2020-03-26','YYYY-MM-DD'), 5, '00513', 513);
INSERT INTO EX.SINTOMAS(FECHA_INICIO, ID_SINTOMA, ID_PERSONA, ID_FICHA_MEDICA) VALUES
                            (TO_DATE('2020-02-04','YYYY-MM-DD'), 6, '00513', 513);
INSERT INTO EX.SINTOMAS(FECHA_INICIO, ID_SINTOMA, ID_PERSONA, ID_FICHA_MEDICA) VALUES
                            (TO_DATE('2020-02-04','YYYY-MM-DD'), 7, '00513', 513);
INSERT INTO EX.SINTOMAS(FECHA_INICIO, ID_SINTOMA, ID_PERSONA, ID_FICHA_MEDICA) VALUES
                            (TO_DATE('2020-01-18','YYYY-MM-DD'), 8, '00513', 513);
INSERT INTO EX.SINTOMAS(FECHA_INICIO, ID_SINTOMA, ID_PERSONA, ID_FICHA_MEDICA) VALUES
                            (TO_DATE('2020-05-17','YYYY-MM-DD'), 9, '00513', 513);
INSERT INTO EX.SINTOMAS(FECHA_INICIO, ID_SINTOMA, ID_PERSONA, ID_FICHA_MEDICA) VALUES
                            (TO_DATE('2020-03-27','YYYY-MM-DD'), 10, '00513', 513);
INSERT INTO EX.SINTOMAS(FECHA_INICIO, ID_SINTOMA, ID_PERSONA, ID_FICHA_MEDICA) VALUES
                            (TO_DATE('2020-01-13','YYYY-MM-DD'), 11, '00513', 513);
INSERT INTO EX.SINTOMAS(FECHA_INICIO, ID_SINTOMA, ID_PERSONA, ID_FICHA_MEDICA) VALUES
                            (TO_DATE('2020-03-10','YYYY-MM-DD'), 12, '00513', 513);
INSERT INTO EX.SINTOMAS(FECHA_INICIO, ID_SINTOMA, ID_PERSONA, ID_FICHA_MEDICA) VALUES
                            (TO_DATE('2020-04-23','YYYY-MM-DD'), 13, '00513', 513);
INSERT INTO EX.SINTOMAS(FECHA_INICIO, ID_SINTOMA, ID_PERSONA, ID_FICHA_MEDICA) VALUES
                            (TO_DATE('2020-05-07','YYYY-MM-DD'), 14, '00513', 513);
INSERT INTO EX.SINTOMAS(FECHA_INICIO, ID_SINTOMA, ID_PERSONA, ID_FICHA_MEDICA) VALUES
                            (TO_DATE('2020-04-03','YYYY-MM-DD'), 15, '00513', 513);
INSERT INTO EX.SINTOMAS(FECHA_INICIO, ID_SINTOMA, ID_PERSONA, ID_FICHA_MEDICA) VALUES
                            (TO_DATE('2020-02-10','YYYY-MM-DD'), 16, '00513', 513);
INSERT INTO EX.SINTOMAS(FECHA_INICIO, ID_SINTOMA, ID_PERSONA, ID_FICHA_MEDICA) VALUES
                            (TO_DATE('2020-06-04','YYYY-MM-DD'), 17, '00513', 513);
INSERT INTO EX.SINTOMAS(FECHA_INICIO, ID_SINTOMA, ID_PERSONA, ID_FICHA_MEDICA) VALUES
                            (TO_DATE('2020-01-08','YYYY-MM-DD'), 18, '00513', 513);
INSERT INTO EX.SINTOMAS(FECHA_INICIO, ID_SINTOMA, ID_PERSONA, ID_FICHA_MEDICA) VALUES
                            (TO_DATE('2020-05-14','YYYY-MM-DD'), 19, '00513', 513);
INSERT INTO EX.PERSONA(DOC_IDENTIDAD, NOMBRE, NOMBRE1, APELLIDO, APELLIDO1, FECHA_NAC, GENERO, FOTO) VALUES
                  ('00514', 'Kimberly', 'Joshua', 'Hall', 'Butler', TO_DATE('1971-08-27','YYYY-MM-DD'), 'm', NULL);
INSERT INTO EX.HISTORICO_RESIDENCIA(FECHA_INICIO, ID_LUGAR, ID_PERSONA, FECHA_FIN) VALUES
                  (TO_DATE('2002-10-24','YYYY-MM-DD'), 31, '00514', NULL);
INSERT INTO EX.FICHA_MEDICA(ID, ID_PERSONA, ID_CENTRO_SALUD, ID_LUGAR, ESTADO, FECHA_INFECCION, FECHA_RECUPERACION) VALUES
                                             (514, '00514', 16, 31, 'desconido', NULL, NULL);
INSERT INTO EX.PERSONA(DOC_IDENTIDAD, NOMBRE, NOMBRE1, APELLIDO, APELLIDO1, FECHA_NAC, GENERO, FOTO) VALUES
                  ('00515', 'Michael', 'Jason', 'Johnston', 'Howard', TO_DATE('2019-01-24','YYYY-MM-DD'), 'f', NULL);
INSERT INTO EX.HISTORICO_RESIDENCIA(FECHA_INICIO, ID_LUGAR, ID_PERSONA, FECHA_FIN) VALUES
                  (TO_DATE('2002-10-19','YYYY-MM-DD'), 27, '00515', NULL);
INSERT INTO EX.FICHA_MEDICA(ID, ID_PERSONA, ID_CENTRO_SALUD, ID_LUGAR, ESTADO, FECHA_INFECCION, FECHA_RECUPERACION) VALUES
                                             (515, '00515', 12, 27, 'desconido', NULL, NULL);
INSERT INTO EX.SINTOMAS(FECHA_INICIO, ID_SINTOMA, ID_PERSONA, ID_FICHA_MEDICA) VALUES
                            (TO_DATE('2020-04-09','YYYY-MM-DD'), 1, '00515', 515);
INSERT INTO EX.SINTOMAS(FECHA_INICIO, ID_SINTOMA, ID_PERSONA, ID_FICHA_MEDICA) VALUES
                            (TO_DATE('2020-02-11','YYYY-MM-DD'), 2, '00515', 515);
INSERT INTO EX.SINTOMAS(FECHA_INICIO, ID_SINTOMA, ID_PERSONA, ID_FICHA_MEDICA) VALUES
                            (TO_DATE('2020-01-10','YYYY-MM-DD'), 3, '00515', 515);
INSERT INTO EX.SINTOMAS(FECHA_INICIO, ID_SINTOMA, ID_PERSONA, ID_FICHA_MEDICA) VALUES
                            (TO_DATE('2020-03-03','YYYY-MM-DD'), 4, '00515', 515);
INSERT INTO EX.SINTOMAS(FECHA_INICIO, ID_SINTOMA, ID_PERSONA, ID_FICHA_MEDICA) VALUES
                            (TO_DATE('2020-04-15','YYYY-MM-DD'), 5, '00515', 515);
INSERT INTO EX.SINTOMAS(FECHA_INICIO, ID_SINTOMA, ID_PERSONA, ID_FICHA_MEDICA) VALUES
                            (TO_DATE('2020-06-16','YYYY-MM-DD'), 6, '00515', 515);
INSERT INTO EX.SINTOMAS(FECHA_INICIO, ID_SINTOMA, ID_PERSONA, ID_FICHA_MEDICA) VALUES
                            (TO_DATE('2020-05-02','YYYY-MM-DD'), 7, '00515', 515);
INSERT INTO EX.SINTOMAS(FECHA_INICIO, ID_SINTOMA, ID_PERSONA, ID_FICHA_MEDICA) VALUES
                            (TO_DATE('2020-06-01','YYYY-MM-DD'), 8, '00515', 515);
INSERT INTO EX.SINTOMAS(FECHA_INICIO, ID_SINTOMA, ID_PERSONA, ID_FICHA_MEDICA) VALUES
                            (TO_DATE('2020-06-28','YYYY-MM-DD'), 9, '00515', 515);
INSERT INTO EX.SINTOMAS(FECHA_INICIO, ID_SINTOMA, ID_PERSONA, ID_FICHA_MEDICA) VALUES
                            (TO_DATE('2020-06-09','YYYY-MM-DD'), 10, '00515', 515);
INSERT INTO EX.SINTOMAS(FECHA_INICIO, ID_SINTOMA, ID_PERSONA, ID_FICHA_MEDICA) VALUES
                            (TO_DATE('2020-04-19','YYYY-MM-DD'), 11, '00515', 515);
INSERT INTO EX.SINTOMAS(FECHA_INICIO, ID_SINTOMA, ID_PERSONA, ID_FICHA_MEDICA) VALUES
                            (TO_DATE('2020-03-08','YYYY-MM-DD'), 12, '00515', 515);
INSERT INTO EX.SINTOMAS(FECHA_INICIO, ID_SINTOMA, ID_PERSONA, ID_FICHA_MEDICA) VALUES
                            (TO_DATE('2020-06-24','YYYY-MM-DD'), 13, '00515', 515);
INSERT INTO EX.SINTOMAS(FECHA_INICIO, ID_SINTOMA, ID_PERSONA, ID_FICHA_MEDICA) VALUES
                            (TO_DATE('2020-01-05','YYYY-MM-DD'), 14, '00515', 515);
INSERT INTO EX.SINTOMAS(FECHA_INICIO, ID_SINTOMA, ID_PERSONA, ID_FICHA_MEDICA) VALUES
                            (TO_DATE('2020-01-29','YYYY-MM-DD'), 15, '00515', 515);
INSERT INTO EX.SINTOMAS(FECHA_INICIO, ID_SINTOMA, ID_PERSONA, ID_FICHA_MEDICA) VALUES
                            (TO_DATE('2020-05-18','YYYY-MM-DD'), 16, '00515', 515);
INSERT INTO EX.SINTOMAS(FECHA_INICIO, ID_SINTOMA, ID_PERSONA, ID_FICHA_MEDICA) VALUES
                            (TO_DATE('2020-06-22','YYYY-MM-DD'), 17, '00515', 515);
INSERT INTO EX.SINTOMAS(FECHA_INICIO, ID_SINTOMA, ID_PERSONA, ID_FICHA_MEDICA) VALUES
                            (TO_DATE('2020-04-28','YYYY-MM-DD'), 18, '00515', 515);
INSERT INTO EX.PERSONA(DOC_IDENTIDAD, NOMBRE, NOMBRE1, APELLIDO, APELLIDO1, FECHA_NAC, GENERO, FOTO) VALUES
                  ('00516', 'Patrick', 'Charles', 'Mcbride', 'Torres', TO_DATE('2020-06-30','YYYY-MM-DD'), 'm', NULL);
INSERT INTO EX.HISTORICO_RESIDENCIA(FECHA_INICIO, ID_LUGAR, ID_PERSONA, FECHA_FIN) VALUES
                  (TO_DATE('1986-02-15','YYYY-MM-DD'), 27, '00516', NULL);
INSERT INTO EX.FICHA_MEDICA(ID, ID_PERSONA, ID_CENTRO_SALUD, ID_LUGAR, ESTADO, FECHA_INFECCION, FECHA_RECUPERACION) VALUES
                                             (516, '00516', 12, 27, 'desconido', NULL, NULL);
INSERT INTO EX.PADECIMIENTOS(ID_PATOLOGIA, ID_PERSONA, ID_FICHA_MEDICA) VALUES
                            (1, '00516', 516);
INSERT INTO EX.PADECIMIENTOS(ID_PATOLOGIA, ID_PERSONA, ID_FICHA_MEDICA) VALUES
                            (2, '00516', 516);
INSERT INTO EX.PADECIMIENTOS(ID_PATOLOGIA, ID_PERSONA, ID_FICHA_MEDICA) VALUES
                            (3, '00516', 516);
INSERT INTO EX.PADECIMIENTOS(ID_PATOLOGIA, ID_PERSONA, ID_FICHA_MEDICA) VALUES
                            (4, '00516', 516);
INSERT INTO EX.PADECIMIENTOS(ID_PATOLOGIA, ID_PERSONA, ID_FICHA_MEDICA) VALUES
                            (5, '00516', 516);
INSERT INTO EX.PADECIMIENTOS(ID_PATOLOGIA, ID_PERSONA, ID_FICHA_MEDICA) VALUES
                            (6, '00516', 516);
INSERT INTO EX.PADECIMIENTOS(ID_PATOLOGIA, ID_PERSONA, ID_FICHA_MEDICA) VALUES
                            (7, '00516', 516);
INSERT INTO EX.PERSONA(DOC_IDENTIDAD, NOMBRE, NOMBRE1, APELLIDO, APELLIDO1, FECHA_NAC, GENERO, FOTO) VALUES
                  ('00517', 'Katrina', 'Keith', 'Travis', 'Dawson', TO_DATE('2016-05-10','YYYY-MM-DD'), 'f', NULL);
INSERT INTO EX.HISTORICO_RESIDENCIA(FECHA_INICIO, ID_LUGAR, ID_PERSONA, FECHA_FIN) VALUES
                  (TO_DATE('2011-03-04','YYYY-MM-DD'), 23, '00517', NULL);
INSERT INTO EX.FICHA_MEDICA(ID, ID_PERSONA, ID_CENTRO_SALUD, ID_LUGAR, ESTADO, FECHA_INFECCION, FECHA_RECUPERACION) VALUES
                                             (517, '00517', 8, 23, 'desconido', NULL, NULL);
INSERT INTO EX.PERSONA(DOC_IDENTIDAD, NOMBRE, NOMBRE1, APELLIDO, APELLIDO1, FECHA_NAC, GENERO, FOTO) VALUES
                  ('00518', 'Kenneth', 'Stephen', 'Jordan', 'Key', TO_DATE('1972-05-25','YYYY-MM-DD'), 'm', NULL);
INSERT INTO EX.HISTORICO_RESIDENCIA(FECHA_INICIO, ID_LUGAR, ID_PERSONA, FECHA_FIN) VALUES
                  (TO_DATE('2012-07-15','YYYY-MM-DD'), 18, '00518', NULL);
INSERT INTO EX.FICHA_MEDICA(ID, ID_PERSONA, ID_CENTRO_SALUD, ID_LUGAR, ESTADO, FECHA_INFECCION, FECHA_RECUPERACION) VALUES
                                             (518, '00518', 3, 18, 'desconido', NULL, NULL);
INSERT INTO EX.PERSONA(DOC_IDENTIDAD, NOMBRE, NOMBRE1, APELLIDO, APELLIDO1, FECHA_NAC, GENERO, FOTO) VALUES
                  ('00519', 'Tiffany', 'Antonio', 'Webb', 'Jones', TO_DATE('1999-07-22','YYYY-MM-DD'), 'f', NULL);
INSERT INTO EX.HISTORICO_RESIDENCIA(FECHA_INICIO, ID_LUGAR, ID_PERSONA, FECHA_FIN) VALUES
                  (TO_DATE('2003-10-21','YYYY-MM-DD'), 36, '00519', NULL);
INSERT INTO EX.FICHA_MEDICA(ID, ID_PERSONA, ID_CENTRO_SALUD, ID_LUGAR, ESTADO, FECHA_INFECCION, FECHA_RECUPERACION) VALUES
                                             (519, '00519', 21, 36, 'desconido', NULL, NULL);
INSERT INTO EX.PERSONA(DOC_IDENTIDAD, NOMBRE, NOMBRE1, APELLIDO, APELLIDO1, FECHA_NAC, GENERO, FOTO) VALUES
                  ('00520', 'Matthew', 'Raymond', 'Bender', 'Wilkins', TO_DATE('1978-05-26','YYYY-MM-DD'), 'm', NULL);
INSERT INTO EX.HISTORICO_RESIDENCIA(FECHA_INICIO, ID_LUGAR, ID_PERSONA, FECHA_FIN) VALUES
                  (TO_DATE('1981-03-19','YYYY-MM-DD'), 37, '00520', NULL);
INSERT INTO EX.FICHA_MEDICA(ID, ID_PERSONA, ID_CENTRO_SALUD, ID_LUGAR, ESTADO, FECHA_INFECCION, FECHA_RECUPERACION) VALUES
                                             (520, '00520', 22, 37, 'desconido', NULL, NULL);
INSERT INTO EX.PERSONA(DOC_IDENTIDAD, NOMBRE, NOMBRE1, APELLIDO, APELLIDO1, FECHA_NAC, GENERO, FOTO) VALUES
                  ('00521', 'Kelly', 'Wayne', 'Burns', 'Olsen', TO_DATE('2008-04-15','YYYY-MM-DD'), 'f', NULL);
INSERT INTO EX.HISTORICO_RESIDENCIA(FECHA_INICIO, ID_LUGAR, ID_PERSONA, FECHA_FIN) VALUES
                  (TO_DATE('2005-03-24','YYYY-MM-DD'), 35, '00521', NULL);
INSERT INTO EX.FICHA_MEDICA(ID, ID_PERSONA, ID_CENTRO_SALUD, ID_LUGAR, ESTADO, FECHA_INFECCION, FECHA_RECUPERACION) VALUES
                                             (521, '00521', 20, 35, 'desconido', NULL, NULL);
INSERT INTO EX.PERSONA(DOC_IDENTIDAD, NOMBRE, NOMBRE1, APELLIDO, APELLIDO1, FECHA_NAC, GENERO, FOTO) VALUES
                  ('00522', 'Jacob', 'Julie', 'Contreras', 'Martinez', TO_DATE('1987-04-08','YYYY-MM-DD'), 'm', NULL);
INSERT INTO EX.HISTORICO_RESIDENCIA(FECHA_INICIO, ID_LUGAR, ID_PERSONA, FECHA_FIN) VALUES
                  (TO_DATE('1975-06-19','YYYY-MM-DD'), 27, '00522', NULL);
INSERT INTO EX.FICHA_MEDICA(ID, ID_PERSONA, ID_CENTRO_SALUD, ID_LUGAR, ESTADO, FECHA_INFECCION, FECHA_RECUPERACION) VALUES
                                             (522, '00522', 12, 27, 'desconido', NULL, NULL);
INSERT INTO EX.PERSONA(DOC_IDENTIDAD, NOMBRE, NOMBRE1, APELLIDO, APELLIDO1, FECHA_NAC, GENERO, FOTO) VALUES
                  ('00523', 'Courtney', 'Troy', 'Sutton', 'Martinez', TO_DATE('1977-01-02','YYYY-MM-DD'), 'f', NULL);
INSERT INTO EX.HISTORICO_RESIDENCIA(FECHA_INICIO, ID_LUGAR, ID_PERSONA, FECHA_FIN) VALUES
                  (TO_DATE('1978-07-02','YYYY-MM-DD'), 19, '00523', NULL);
INSERT INTO EX.FICHA_MEDICA(ID, ID_PERSONA, ID_CENTRO_SALUD, ID_LUGAR, ESTADO, FECHA_INFECCION, FECHA_RECUPERACION) VALUES
                                             (523, '00523', 4, 19, 'desconido', NULL, NULL);
INSERT INTO EX.PADECIMIENTOS(ID_PATOLOGIA, ID_PERSONA, ID_FICHA_MEDICA) VALUES
                            (1, '00523', 523);
INSERT INTO EX.PADECIMIENTOS(ID_PATOLOGIA, ID_PERSONA, ID_FICHA_MEDICA) VALUES
                            (2, '00523', 523);
INSERT INTO EX.PADECIMIENTOS(ID_PATOLOGIA, ID_PERSONA, ID_FICHA_MEDICA) VALUES
                            (3, '00523', 523);
INSERT INTO EX.PADECIMIENTOS(ID_PATOLOGIA, ID_PERSONA, ID_FICHA_MEDICA) VALUES
                            (4, '00523', 523);
INSERT INTO EX.PADECIMIENTOS(ID_PATOLOGIA, ID_PERSONA, ID_FICHA_MEDICA) VALUES
                            (5, '00523', 523);
INSERT INTO EX.PADECIMIENTOS(ID_PATOLOGIA, ID_PERSONA, ID_FICHA_MEDICA) VALUES
                            (6, '00523', 523);
INSERT INTO EX.PADECIMIENTOS(ID_PATOLOGIA, ID_PERSONA, ID_FICHA_MEDICA) VALUES
                            (7, '00523', 523);
INSERT INTO EX.SINTOMAS(FECHA_INICIO, ID_SINTOMA, ID_PERSONA, ID_FICHA_MEDICA) VALUES
                            (TO_DATE('2020-06-02','YYYY-MM-DD'), 1, '00523', 523);
INSERT INTO EX.SINTOMAS(FECHA_INICIO, ID_SINTOMA, ID_PERSONA, ID_FICHA_MEDICA) VALUES
                            (TO_DATE('2020-06-16','YYYY-MM-DD'), 2, '00523', 523);
INSERT INTO EX.SINTOMAS(FECHA_INICIO, ID_SINTOMA, ID_PERSONA, ID_FICHA_MEDICA) VALUES
                            (TO_DATE('2020-04-17','YYYY-MM-DD'), 3, '00523', 523);
INSERT INTO EX.SINTOMAS(FECHA_INICIO, ID_SINTOMA, ID_PERSONA, ID_FICHA_MEDICA) VALUES
                            (TO_DATE('2020-02-06','YYYY-MM-DD'), 4, '00523', 523);
INSERT INTO EX.PERSONA(DOC_IDENTIDAD, NOMBRE, NOMBRE1, APELLIDO, APELLIDO1, FECHA_NAC, GENERO, FOTO) VALUES
                  ('00524', 'Michael', 'Stacey', 'Marquez', 'Powell', TO_DATE('1984-01-16','YYYY-MM-DD'), 'm', NULL);
INSERT INTO EX.HISTORICO_RESIDENCIA(FECHA_INICIO, ID_LUGAR, ID_PERSONA, FECHA_FIN) VALUES
                  (TO_DATE('1974-12-30','YYYY-MM-DD'), 29, '00524', NULL);
INSERT INTO EX.FICHA_MEDICA(ID, ID_PERSONA, ID_CENTRO_SALUD, ID_LUGAR, ESTADO, FECHA_INFECCION, FECHA_RECUPERACION) VALUES
                                             (524, '00524', 14, 29, 'desconido', NULL, NULL);
INSERT INTO EX.PERSONA(DOC_IDENTIDAD, NOMBRE, NOMBRE1, APELLIDO, APELLIDO1, FECHA_NAC, GENERO, FOTO) VALUES
                  ('00525', 'Frederick', 'Mark', 'Ramos', 'Guzman', TO_DATE('2012-05-05','YYYY-MM-DD'), 'f', NULL);
INSERT INTO EX.HISTORICO_RESIDENCIA(FECHA_INICIO, ID_LUGAR, ID_PERSONA, FECHA_FIN) VALUES
                  (TO_DATE('2002-09-07','YYYY-MM-DD'), 45, '00525', NULL);
INSERT INTO EX.FICHA_MEDICA(ID, ID_PERSONA, ID_CENTRO_SALUD, ID_LUGAR, ESTADO, FECHA_INFECCION, FECHA_RECUPERACION) VALUES
                                             (525, '00525', 30, 45, 'desconido', NULL, NULL);
INSERT INTO EX.PADECIMIENTOS(ID_PATOLOGIA, ID_PERSONA, ID_FICHA_MEDICA) VALUES
                            (1, '00525', 525);
INSERT INTO EX.PADECIMIENTOS(ID_PATOLOGIA, ID_PERSONA, ID_FICHA_MEDICA) VALUES
                            (2, '00525', 525);
INSERT INTO EX.PADECIMIENTOS(ID_PATOLOGIA, ID_PERSONA, ID_FICHA_MEDICA) VALUES
                            (3, '00525', 525);
INSERT INTO EX.PADECIMIENTOS(ID_PATOLOGIA, ID_PERSONA, ID_FICHA_MEDICA) VALUES
                            (4, '00525', 525);
INSERT INTO EX.PADECIMIENTOS(ID_PATOLOGIA, ID_PERSONA, ID_FICHA_MEDICA) VALUES
                            (5, '00525', 525);
INSERT INTO EX.PADECIMIENTOS(ID_PATOLOGIA, ID_PERSONA, ID_FICHA_MEDICA) VALUES
                            (6, '00525', 525);
INSERT INTO EX.PADECIMIENTOS(ID_PATOLOGIA, ID_PERSONA, ID_FICHA_MEDICA) VALUES
                            (7, '00525', 525);
INSERT INTO EX.PADECIMIENTOS(ID_PATOLOGIA, ID_PERSONA, ID_FICHA_MEDICA) VALUES
                            (8, '00525', 525);
INSERT INTO EX.PADECIMIENTOS(ID_PATOLOGIA, ID_PERSONA, ID_FICHA_MEDICA) VALUES
                            (9, '00525', 525);
INSERT INTO EX.PADECIMIENTOS(ID_PATOLOGIA, ID_PERSONA, ID_FICHA_MEDICA) VALUES
                            (10, '00525', 525);
INSERT INTO EX.PADECIMIENTOS(ID_PATOLOGIA, ID_PERSONA, ID_FICHA_MEDICA) VALUES
                            (11, '00525', 525);
INSERT INTO EX.PADECIMIENTOS(ID_PATOLOGIA, ID_PERSONA, ID_FICHA_MEDICA) VALUES
                            (12, '00525', 525);
INSERT INTO EX.SINTOMAS(FECHA_INICIO, ID_SINTOMA, ID_PERSONA, ID_FICHA_MEDICA) VALUES
                            (TO_DATE('2020-04-20','YYYY-MM-DD'), 1, '00525', 525);
INSERT INTO EX.SINTOMAS(FECHA_INICIO, ID_SINTOMA, ID_PERSONA, ID_FICHA_MEDICA) VALUES
                            (TO_DATE('2020-05-07','YYYY-MM-DD'), 2, '00525', 525);
INSERT INTO EX.SINTOMAS(FECHA_INICIO, ID_SINTOMA, ID_PERSONA, ID_FICHA_MEDICA) VALUES
                            (TO_DATE('2020-02-20','YYYY-MM-DD'), 3, '00525', 525);
INSERT INTO EX.SINTOMAS(FECHA_INICIO, ID_SINTOMA, ID_PERSONA, ID_FICHA_MEDICA) VALUES
                            (TO_DATE('2020-03-31','YYYY-MM-DD'), 4, '00525', 525);
INSERT INTO EX.SINTOMAS(FECHA_INICIO, ID_SINTOMA, ID_PERSONA, ID_FICHA_MEDICA) VALUES
                            (TO_DATE('2020-06-07','YYYY-MM-DD'), 5, '00525', 525);
INSERT INTO EX.SINTOMAS(FECHA_INICIO, ID_SINTOMA, ID_PERSONA, ID_FICHA_MEDICA) VALUES
                            (TO_DATE('2020-02-19','YYYY-MM-DD'), 6, '00525', 525);
INSERT INTO EX.SINTOMAS(FECHA_INICIO, ID_SINTOMA, ID_PERSONA, ID_FICHA_MEDICA) VALUES
                            (TO_DATE('2020-06-16','YYYY-MM-DD'), 7, '00525', 525);
INSERT INTO EX.SINTOMAS(FECHA_INICIO, ID_SINTOMA, ID_PERSONA, ID_FICHA_MEDICA) VALUES
                            (TO_DATE('2020-04-20','YYYY-MM-DD'), 8, '00525', 525);
INSERT INTO EX.SINTOMAS(FECHA_INICIO, ID_SINTOMA, ID_PERSONA, ID_FICHA_MEDICA) VALUES
                            (TO_DATE('2020-06-01','YYYY-MM-DD'), 9, '00525', 525);
INSERT INTO EX.SINTOMAS(FECHA_INICIO, ID_SINTOMA, ID_PERSONA, ID_FICHA_MEDICA) VALUES
                            (TO_DATE('2020-03-23','YYYY-MM-DD'), 10, '00525', 525);
INSERT INTO EX.SINTOMAS(FECHA_INICIO, ID_SINTOMA, ID_PERSONA, ID_FICHA_MEDICA) VALUES
                            (TO_DATE('2020-03-28','YYYY-MM-DD'), 11, '00525', 525);
INSERT INTO EX.SINTOMAS(FECHA_INICIO, ID_SINTOMA, ID_PERSONA, ID_FICHA_MEDICA) VALUES
                            (TO_DATE('2020-03-18','YYYY-MM-DD'), 12, '00525', 525);
INSERT INTO EX.SINTOMAS(FECHA_INICIO, ID_SINTOMA, ID_PERSONA, ID_FICHA_MEDICA) VALUES
                            (TO_DATE('2020-03-15','YYYY-MM-DD'), 13, '00525', 525);
INSERT INTO EX.PERSONA(DOC_IDENTIDAD, NOMBRE, NOMBRE1, APELLIDO, APELLIDO1, FECHA_NAC, GENERO, FOTO) VALUES
                  ('00526', 'Beth', 'Anna', 'Peterson', 'Roberts', TO_DATE('2017-05-28','YYYY-MM-DD'), 'm', NULL);
INSERT INTO EX.HISTORICO_RESIDENCIA(FECHA_INICIO, ID_LUGAR, ID_PERSONA, FECHA_FIN) VALUES
                  (TO_DATE('1970-02-14','YYYY-MM-DD'), 42, '00526', NULL);
INSERT INTO EX.FICHA_MEDICA(ID, ID_PERSONA, ID_CENTRO_SALUD, ID_LUGAR, ESTADO, FECHA_INFECCION, FECHA_RECUPERACION) VALUES
                                             (526, '00526', 27, 42, 'desconido', NULL, NULL);
INSERT INTO EX.PADECIMIENTOS(ID_PATOLOGIA, ID_PERSONA, ID_FICHA_MEDICA) VALUES
                            (1, '00526', 526);
INSERT INTO EX.PADECIMIENTOS(ID_PATOLOGIA, ID_PERSONA, ID_FICHA_MEDICA) VALUES
                            (2, '00526', 526);
INSERT INTO EX.PADECIMIENTOS(ID_PATOLOGIA, ID_PERSONA, ID_FICHA_MEDICA) VALUES
                            (3, '00526', 526);
INSERT INTO EX.PADECIMIENTOS(ID_PATOLOGIA, ID_PERSONA, ID_FICHA_MEDICA) VALUES
                            (4, '00526', 526);
INSERT INTO EX.PADECIMIENTOS(ID_PATOLOGIA, ID_PERSONA, ID_FICHA_MEDICA) VALUES
                            (5, '00526', 526);
INSERT INTO EX.PADECIMIENTOS(ID_PATOLOGIA, ID_PERSONA, ID_FICHA_MEDICA) VALUES
                            (6, '00526', 526);
INSERT INTO EX.PADECIMIENTOS(ID_PATOLOGIA, ID_PERSONA, ID_FICHA_MEDICA) VALUES
                            (7, '00526', 526);
INSERT INTO EX.PADECIMIENTOS(ID_PATOLOGIA, ID_PERSONA, ID_FICHA_MEDICA) VALUES
                            (8, '00526', 526);
INSERT INTO EX.PADECIMIENTOS(ID_PATOLOGIA, ID_PERSONA, ID_FICHA_MEDICA) VALUES
                            (9, '00526', 526);
INSERT INTO EX.PADECIMIENTOS(ID_PATOLOGIA, ID_PERSONA, ID_FICHA_MEDICA) VALUES
                            (10, '00526', 526);
INSERT INTO EX.PADECIMIENTOS(ID_PATOLOGIA, ID_PERSONA, ID_FICHA_MEDICA) VALUES
                            (11, '00526', 526);
INSERT INTO EX.PADECIMIENTOS(ID_PATOLOGIA, ID_PERSONA, ID_FICHA_MEDICA) VALUES
                            (12, '00526', 526);
INSERT INTO EX.PADECIMIENTOS(ID_PATOLOGIA, ID_PERSONA, ID_FICHA_MEDICA) VALUES
                            (13, '00526', 526);
INSERT INTO EX.PADECIMIENTOS(ID_PATOLOGIA, ID_PERSONA, ID_FICHA_MEDICA) VALUES
                            (14, '00526', 526);
INSERT INTO EX.PERSONA(DOC_IDENTIDAD, NOMBRE, NOMBRE1, APELLIDO, APELLIDO1, FECHA_NAC, GENERO, FOTO) VALUES
                  ('00527', 'Lindsay', 'Jacqueline', 'Martinez', 'Williams', TO_DATE('2011-10-10','YYYY-MM-DD'), 'f', NULL);
INSERT INTO EX.HISTORICO_RESIDENCIA(FECHA_INICIO, ID_LUGAR, ID_PERSONA, FECHA_FIN) VALUES
                  (TO_DATE('1996-06-30','YYYY-MM-DD'), 42, '00527', NULL);
INSERT INTO EX.FICHA_MEDICA(ID, ID_PERSONA, ID_CENTRO_SALUD, ID_LUGAR, ESTADO, FECHA_INFECCION, FECHA_RECUPERACION) VALUES
                                             (527, '00527', 27, 42, 'desconido', NULL, NULL);
INSERT INTO EX.SINTOMAS(FECHA_INICIO, ID_SINTOMA, ID_PERSONA, ID_FICHA_MEDICA) VALUES
                            (TO_DATE('2020-01-20','YYYY-MM-DD'), 1, '00527', 527);
INSERT INTO EX.SINTOMAS(FECHA_INICIO, ID_SINTOMA, ID_PERSONA, ID_FICHA_MEDICA) VALUES
                            (TO_DATE('2020-03-01','YYYY-MM-DD'), 2, '00527', 527);
INSERT INTO EX.SINTOMAS(FECHA_INICIO, ID_SINTOMA, ID_PERSONA, ID_FICHA_MEDICA) VALUES
                            (TO_DATE('2020-05-02','YYYY-MM-DD'), 3, '00527', 527);
INSERT INTO EX.SINTOMAS(FECHA_INICIO, ID_SINTOMA, ID_PERSONA, ID_FICHA_MEDICA) VALUES
                            (TO_DATE('2020-05-04','YYYY-MM-DD'), 4, '00527', 527);
INSERT INTO EX.SINTOMAS(FECHA_INICIO, ID_SINTOMA, ID_PERSONA, ID_FICHA_MEDICA) VALUES
                            (TO_DATE('2020-02-01','YYYY-MM-DD'), 5, '00527', 527);
INSERT INTO EX.SINTOMAS(FECHA_INICIO, ID_SINTOMA, ID_PERSONA, ID_FICHA_MEDICA) VALUES
                            (TO_DATE('2020-04-20','YYYY-MM-DD'), 6, '00527', 527);
INSERT INTO EX.SINTOMAS(FECHA_INICIO, ID_SINTOMA, ID_PERSONA, ID_FICHA_MEDICA) VALUES
                            (TO_DATE('2020-06-14','YYYY-MM-DD'), 7, '00527', 527);
INSERT INTO EX.SINTOMAS(FECHA_INICIO, ID_SINTOMA, ID_PERSONA, ID_FICHA_MEDICA) VALUES
                            (TO_DATE('2020-06-20','YYYY-MM-DD'), 8, '00527', 527);
INSERT INTO EX.SINTOMAS(FECHA_INICIO, ID_SINTOMA, ID_PERSONA, ID_FICHA_MEDICA) VALUES
                            (TO_DATE('2020-04-26','YYYY-MM-DD'), 9, '00527', 527);
INSERT INTO EX.SINTOMAS(FECHA_INICIO, ID_SINTOMA, ID_PERSONA, ID_FICHA_MEDICA) VALUES
                            (TO_DATE('2020-06-15','YYYY-MM-DD'), 10, '00527', 527);
INSERT INTO EX.SINTOMAS(FECHA_INICIO, ID_SINTOMA, ID_PERSONA, ID_FICHA_MEDICA) VALUES
                            (TO_DATE('2020-04-20','YYYY-MM-DD'), 11, '00527', 527);
INSERT INTO EX.SINTOMAS(FECHA_INICIO, ID_SINTOMA, ID_PERSONA, ID_FICHA_MEDICA) VALUES
                            (TO_DATE('2020-03-31','YYYY-MM-DD'), 12, '00527', 527);
INSERT INTO EX.PERSONA(DOC_IDENTIDAD, NOMBRE, NOMBRE1, APELLIDO, APELLIDO1, FECHA_NAC, GENERO, FOTO) VALUES
                  ('00528', 'Melissa', 'Carlos', 'Mitchell', 'Chang', TO_DATE('1992-03-31','YYYY-MM-DD'), 'm', NULL);
INSERT INTO EX.HISTORICO_RESIDENCIA(FECHA_INICIO, ID_LUGAR, ID_PERSONA, FECHA_FIN) VALUES
                  (TO_DATE('2003-07-29','YYYY-MM-DD'), 21, '00528', NULL);
INSERT INTO EX.FICHA_MEDICA(ID, ID_PERSONA, ID_CENTRO_SALUD, ID_LUGAR, ESTADO, FECHA_INFECCION, FECHA_RECUPERACION) VALUES
                                             (528, '00528', 6, 21, 'desconido', NULL, NULL);
INSERT INTO EX.PERSONA(DOC_IDENTIDAD, NOMBRE, NOMBRE1, APELLIDO, APELLIDO1, FECHA_NAC, GENERO, FOTO) VALUES
                  ('00529', 'Richard', 'Patricia', 'Dennis', 'Mercer', TO_DATE('2011-01-23','YYYY-MM-DD'), 'f', NULL);
INSERT INTO EX.HISTORICO_RESIDENCIA(FECHA_INICIO, ID_LUGAR, ID_PERSONA, FECHA_FIN) VALUES
                  (TO_DATE('2019-11-30','YYYY-MM-DD'), 28, '00529', NULL);
INSERT INTO EX.FICHA_MEDICA(ID, ID_PERSONA, ID_CENTRO_SALUD, ID_LUGAR, ESTADO, FECHA_INFECCION, FECHA_RECUPERACION) VALUES
                                             (529, '00529', 13, 28, 'desconido', NULL, NULL);
INSERT INTO EX.PADECIMIENTOS(ID_PATOLOGIA, ID_PERSONA, ID_FICHA_MEDICA) VALUES
                            (1, '00529', 529);
INSERT INTO EX.PADECIMIENTOS(ID_PATOLOGIA, ID_PERSONA, ID_FICHA_MEDICA) VALUES
                            (2, '00529', 529);
INSERT INTO EX.PADECIMIENTOS(ID_PATOLOGIA, ID_PERSONA, ID_FICHA_MEDICA) VALUES
                            (3, '00529', 529);
INSERT INTO EX.PADECIMIENTOS(ID_PATOLOGIA, ID_PERSONA, ID_FICHA_MEDICA) VALUES
                            (4, '00529', 529);
INSERT INTO EX.PADECIMIENTOS(ID_PATOLOGIA, ID_PERSONA, ID_FICHA_MEDICA) VALUES
                            (5, '00529', 529);
INSERT INTO EX.PADECIMIENTOS(ID_PATOLOGIA, ID_PERSONA, ID_FICHA_MEDICA) VALUES
                            (6, '00529', 529);
INSERT INTO EX.PADECIMIENTOS(ID_PATOLOGIA, ID_PERSONA, ID_FICHA_MEDICA) VALUES
                            (7, '00529', 529);
INSERT INTO EX.PADECIMIENTOS(ID_PATOLOGIA, ID_PERSONA, ID_FICHA_MEDICA) VALUES
                            (8, '00529', 529);
INSERT INTO EX.PADECIMIENTOS(ID_PATOLOGIA, ID_PERSONA, ID_FICHA_MEDICA) VALUES
                            (9, '00529', 529);
INSERT INTO EX.PADECIMIENTOS(ID_PATOLOGIA, ID_PERSONA, ID_FICHA_MEDICA) VALUES
                            (10, '00529', 529);
INSERT INTO EX.PADECIMIENTOS(ID_PATOLOGIA, ID_PERSONA, ID_FICHA_MEDICA) VALUES
                            (11, '00529', 529);
INSERT INTO EX.PADECIMIENTOS(ID_PATOLOGIA, ID_PERSONA, ID_FICHA_MEDICA) VALUES
                            (12, '00529', 529);
INSERT INTO EX.PADECIMIENTOS(ID_PATOLOGIA, ID_PERSONA, ID_FICHA_MEDICA) VALUES
                            (13, '00529', 529);
INSERT INTO EX.SINTOMAS(FECHA_INICIO, ID_SINTOMA, ID_PERSONA, ID_FICHA_MEDICA) VALUES
                            (TO_DATE('2020-06-20','YYYY-MM-DD'), 1, '00529', 529);
INSERT INTO EX.SINTOMAS(FECHA_INICIO, ID_SINTOMA, ID_PERSONA, ID_FICHA_MEDICA) VALUES
                            (TO_DATE('2020-02-26','YYYY-MM-DD'), 2, '00529', 529);
INSERT INTO EX.SINTOMAS(FECHA_INICIO, ID_SINTOMA, ID_PERSONA, ID_FICHA_MEDICA) VALUES
                            (TO_DATE('2020-04-06','YYYY-MM-DD'), 3, '00529', 529);
INSERT INTO EX.SINTOMAS(FECHA_INICIO, ID_SINTOMA, ID_PERSONA, ID_FICHA_MEDICA) VALUES
                            (TO_DATE('2020-01-12','YYYY-MM-DD'), 4, '00529', 529);
INSERT INTO EX.SINTOMAS(FECHA_INICIO, ID_SINTOMA, ID_PERSONA, ID_FICHA_MEDICA) VALUES
                            (TO_DATE('2020-01-16','YYYY-MM-DD'), 5, '00529', 529);
INSERT INTO EX.SINTOMAS(FECHA_INICIO, ID_SINTOMA, ID_PERSONA, ID_FICHA_MEDICA) VALUES
                            (TO_DATE('2020-04-18','YYYY-MM-DD'), 6, '00529', 529);
INSERT INTO EX.SINTOMAS(FECHA_INICIO, ID_SINTOMA, ID_PERSONA, ID_FICHA_MEDICA) VALUES
                            (TO_DATE('2020-01-24','YYYY-MM-DD'), 7, '00529', 529);
INSERT INTO EX.SINTOMAS(FECHA_INICIO, ID_SINTOMA, ID_PERSONA, ID_FICHA_MEDICA) VALUES
                            (TO_DATE('2020-05-25','YYYY-MM-DD'), 8, '00529', 529);
INSERT INTO EX.SINTOMAS(FECHA_INICIO, ID_SINTOMA, ID_PERSONA, ID_FICHA_MEDICA) VALUES
                            (TO_DATE('2020-03-12','YYYY-MM-DD'), 9, '00529', 529);
INSERT INTO EX.PERSONA(DOC_IDENTIDAD, NOMBRE, NOMBRE1, APELLIDO, APELLIDO1, FECHA_NAC, GENERO, FOTO) VALUES
                  ('00530', 'Rachel', 'Jennifer', 'White', 'Sullivan', TO_DATE('1984-01-27','YYYY-MM-DD'), 'm', NULL);
INSERT INTO EX.HISTORICO_RESIDENCIA(FECHA_INICIO, ID_LUGAR, ID_PERSONA, FECHA_FIN) VALUES
                  (TO_DATE('2002-01-05','YYYY-MM-DD'), 28, '00530', NULL);
INSERT INTO EX.FICHA_MEDICA(ID, ID_PERSONA, ID_CENTRO_SALUD, ID_LUGAR, ESTADO, FECHA_INFECCION, FECHA_RECUPERACION) VALUES
                                             (530, '00530', 13, 28, 'desconido', NULL, NULL);
INSERT INTO EX.PADECIMIENTOS(ID_PATOLOGIA, ID_PERSONA, ID_FICHA_MEDICA) VALUES
                            (1, '00530', 530);
INSERT INTO EX.PADECIMIENTOS(ID_PATOLOGIA, ID_PERSONA, ID_FICHA_MEDICA) VALUES
                            (2, '00530', 530);
INSERT INTO EX.PADECIMIENTOS(ID_PATOLOGIA, ID_PERSONA, ID_FICHA_MEDICA) VALUES
                            (3, '00530', 530);
INSERT INTO EX.PADECIMIENTOS(ID_PATOLOGIA, ID_PERSONA, ID_FICHA_MEDICA) VALUES
                            (4, '00530', 530);
INSERT INTO EX.PADECIMIENTOS(ID_PATOLOGIA, ID_PERSONA, ID_FICHA_MEDICA) VALUES
                            (5, '00530', 530);
INSERT INTO EX.PADECIMIENTOS(ID_PATOLOGIA, ID_PERSONA, ID_FICHA_MEDICA) VALUES
                            (6, '00530', 530);
INSERT INTO EX.PADECIMIENTOS(ID_PATOLOGIA, ID_PERSONA, ID_FICHA_MEDICA) VALUES
                            (7, '00530', 530);
INSERT INTO EX.PERSONA(DOC_IDENTIDAD, NOMBRE, NOMBRE1, APELLIDO, APELLIDO1, FECHA_NAC, GENERO, FOTO) VALUES
                  ('00531', 'Amy', 'Jared', 'Robinson', 'Brennan', TO_DATE('2017-08-15','YYYY-MM-DD'), 'f', NULL);
INSERT INTO EX.HISTORICO_RESIDENCIA(FECHA_INICIO, ID_LUGAR, ID_PERSONA, FECHA_FIN) VALUES
                  (TO_DATE('2003-09-10','YYYY-MM-DD'), 23, '00531', NULL);
INSERT INTO EX.FICHA_MEDICA(ID, ID_PERSONA, ID_CENTRO_SALUD, ID_LUGAR, ESTADO, FECHA_INFECCION, FECHA_RECUPERACION) VALUES
                                             (531, '00531', 8, 23, 'desconido', NULL, NULL);
INSERT INTO EX.PADECIMIENTOS(ID_PATOLOGIA, ID_PERSONA, ID_FICHA_MEDICA) VALUES
                            (1, '00531', 531);
INSERT INTO EX.PADECIMIENTOS(ID_PATOLOGIA, ID_PERSONA, ID_FICHA_MEDICA) VALUES
                            (2, '00531', 531);
INSERT INTO EX.PADECIMIENTOS(ID_PATOLOGIA, ID_PERSONA, ID_FICHA_MEDICA) VALUES
                            (3, '00531', 531);
INSERT INTO EX.PADECIMIENTOS(ID_PATOLOGIA, ID_PERSONA, ID_FICHA_MEDICA) VALUES
                            (4, '00531', 531);
INSERT INTO EX.PADECIMIENTOS(ID_PATOLOGIA, ID_PERSONA, ID_FICHA_MEDICA) VALUES
                            (5, '00531', 531);
INSERT INTO EX.PADECIMIENTOS(ID_PATOLOGIA, ID_PERSONA, ID_FICHA_MEDICA) VALUES
                            (6, '00531', 531);
INSERT INTO EX.SINTOMAS(FECHA_INICIO, ID_SINTOMA, ID_PERSONA, ID_FICHA_MEDICA) VALUES
                            (TO_DATE('2020-05-04','YYYY-MM-DD'), 1, '00531', 531);
INSERT INTO EX.SINTOMAS(FECHA_INICIO, ID_SINTOMA, ID_PERSONA, ID_FICHA_MEDICA) VALUES
                            (TO_DATE('2020-01-21','YYYY-MM-DD'), 2, '00531', 531);
INSERT INTO EX.SINTOMAS(FECHA_INICIO, ID_SINTOMA, ID_PERSONA, ID_FICHA_MEDICA) VALUES
                            (TO_DATE('2020-03-31','YYYY-MM-DD'), 3, '00531', 531);
INSERT INTO EX.SINTOMAS(FECHA_INICIO, ID_SINTOMA, ID_PERSONA, ID_FICHA_MEDICA) VALUES
                            (TO_DATE('2020-01-12','YYYY-MM-DD'), 4, '00531', 531);
INSERT INTO EX.SINTOMAS(FECHA_INICIO, ID_SINTOMA, ID_PERSONA, ID_FICHA_MEDICA) VALUES
                            (TO_DATE('2020-03-16','YYYY-MM-DD'), 5, '00531', 531);
INSERT INTO EX.SINTOMAS(FECHA_INICIO, ID_SINTOMA, ID_PERSONA, ID_FICHA_MEDICA) VALUES
                            (TO_DATE('2020-05-14','YYYY-MM-DD'), 6, '00531', 531);
INSERT INTO EX.SINTOMAS(FECHA_INICIO, ID_SINTOMA, ID_PERSONA, ID_FICHA_MEDICA) VALUES
                            (TO_DATE('2020-02-22','YYYY-MM-DD'), 7, '00531', 531);
INSERT INTO EX.SINTOMAS(FECHA_INICIO, ID_SINTOMA, ID_PERSONA, ID_FICHA_MEDICA) VALUES
                            (TO_DATE('2020-04-26','YYYY-MM-DD'), 8, '00531', 531);
INSERT INTO EX.SINTOMAS(FECHA_INICIO, ID_SINTOMA, ID_PERSONA, ID_FICHA_MEDICA) VALUES
                            (TO_DATE('2020-05-25','YYYY-MM-DD'), 9, '00531', 531);
INSERT INTO EX.SINTOMAS(FECHA_INICIO, ID_SINTOMA, ID_PERSONA, ID_FICHA_MEDICA) VALUES
                            (TO_DATE('2020-06-10','YYYY-MM-DD'), 10, '00531', 531);
INSERT INTO EX.SINTOMAS(FECHA_INICIO, ID_SINTOMA, ID_PERSONA, ID_FICHA_MEDICA) VALUES
                            (TO_DATE('2020-03-29','YYYY-MM-DD'), 11, '00531', 531);
INSERT INTO EX.SINTOMAS(FECHA_INICIO, ID_SINTOMA, ID_PERSONA, ID_FICHA_MEDICA) VALUES
                            (TO_DATE('2020-03-06','YYYY-MM-DD'), 12, '00531', 531);
INSERT INTO EX.SINTOMAS(FECHA_INICIO, ID_SINTOMA, ID_PERSONA, ID_FICHA_MEDICA) VALUES
                            (TO_DATE('2020-02-22','YYYY-MM-DD'), 13, '00531', 531);
INSERT INTO EX.SINTOMAS(FECHA_INICIO, ID_SINTOMA, ID_PERSONA, ID_FICHA_MEDICA) VALUES
                            (TO_DATE('2020-03-16','YYYY-MM-DD'), 14, '00531', 531);
INSERT INTO EX.SINTOMAS(FECHA_INICIO, ID_SINTOMA, ID_PERSONA, ID_FICHA_MEDICA) VALUES
                            (TO_DATE('2020-04-09','YYYY-MM-DD'), 15, '00531', 531);
INSERT INTO EX.SINTOMAS(FECHA_INICIO, ID_SINTOMA, ID_PERSONA, ID_FICHA_MEDICA) VALUES
                            (TO_DATE('2020-02-13','YYYY-MM-DD'), 16, '00531', 531);
INSERT INTO EX.SINTOMAS(FECHA_INICIO, ID_SINTOMA, ID_PERSONA, ID_FICHA_MEDICA) VALUES
                            (TO_DATE('2020-06-10','YYYY-MM-DD'), 17, '00531', 531);
INSERT INTO EX.SINTOMAS(FECHA_INICIO, ID_SINTOMA, ID_PERSONA, ID_FICHA_MEDICA) VALUES
                            (TO_DATE('2020-04-14','YYYY-MM-DD'), 18, '00531', 531);
INSERT INTO EX.PERSONA(DOC_IDENTIDAD, NOMBRE, NOMBRE1, APELLIDO, APELLIDO1, FECHA_NAC, GENERO, FOTO) VALUES
                  ('00532', 'Chad', 'Michele', 'Hughes', 'Sullivan', TO_DATE('1983-06-07','YYYY-MM-DD'), 'm', NULL);
INSERT INTO EX.HISTORICO_RESIDENCIA(FECHA_INICIO, ID_LUGAR, ID_PERSONA, FECHA_FIN) VALUES
                  (TO_DATE('1985-12-23','YYYY-MM-DD'), 27, '00532', NULL);
INSERT INTO EX.FICHA_MEDICA(ID, ID_PERSONA, ID_CENTRO_SALUD, ID_LUGAR, ESTADO, FECHA_INFECCION, FECHA_RECUPERACION) VALUES
                                             (532, '00532', 12, 27, 'desconido', NULL, NULL);
INSERT INTO EX.PERSONA(DOC_IDENTIDAD, NOMBRE, NOMBRE1, APELLIDO, APELLIDO1, FECHA_NAC, GENERO, FOTO) VALUES
                  ('00533', 'James', 'Jermaine', 'Juarez', 'Phillips', TO_DATE('1985-08-18','YYYY-MM-DD'), 'f', NULL);
INSERT INTO EX.HISTORICO_RESIDENCIA(FECHA_INICIO, ID_LUGAR, ID_PERSONA, FECHA_FIN) VALUES
                  (TO_DATE('2017-08-17','YYYY-MM-DD'), 19, '00533', NULL);
INSERT INTO EX.FICHA_MEDICA(ID, ID_PERSONA, ID_CENTRO_SALUD, ID_LUGAR, ESTADO, FECHA_INFECCION, FECHA_RECUPERACION) VALUES
                                             (533, '00533', 4, 19, 'desconido', NULL, NULL);
INSERT INTO EX.PADECIMIENTOS(ID_PATOLOGIA, ID_PERSONA, ID_FICHA_MEDICA) VALUES
                            (1, '00533', 533);
INSERT INTO EX.PADECIMIENTOS(ID_PATOLOGIA, ID_PERSONA, ID_FICHA_MEDICA) VALUES
                            (2, '00533', 533);
INSERT INTO EX.PADECIMIENTOS(ID_PATOLOGIA, ID_PERSONA, ID_FICHA_MEDICA) VALUES
                            (3, '00533', 533);
INSERT INTO EX.PADECIMIENTOS(ID_PATOLOGIA, ID_PERSONA, ID_FICHA_MEDICA) VALUES
                            (4, '00533', 533);
INSERT INTO EX.PADECIMIENTOS(ID_PATOLOGIA, ID_PERSONA, ID_FICHA_MEDICA) VALUES
                            (5, '00533', 533);
INSERT INTO EX.PADECIMIENTOS(ID_PATOLOGIA, ID_PERSONA, ID_FICHA_MEDICA) VALUES
                            (6, '00533', 533);
INSERT INTO EX.PADECIMIENTOS(ID_PATOLOGIA, ID_PERSONA, ID_FICHA_MEDICA) VALUES
                            (7, '00533', 533);
INSERT INTO EX.PADECIMIENTOS(ID_PATOLOGIA, ID_PERSONA, ID_FICHA_MEDICA) VALUES
                            (8, '00533', 533);
INSERT INTO EX.PADECIMIENTOS(ID_PATOLOGIA, ID_PERSONA, ID_FICHA_MEDICA) VALUES
                            (9, '00533', 533);
INSERT INTO EX.PADECIMIENTOS(ID_PATOLOGIA, ID_PERSONA, ID_FICHA_MEDICA) VALUES
                            (10, '00533', 533);
INSERT INTO EX.PADECIMIENTOS(ID_PATOLOGIA, ID_PERSONA, ID_FICHA_MEDICA) VALUES
                            (11, '00533', 533);
INSERT INTO EX.SINTOMAS(FECHA_INICIO, ID_SINTOMA, ID_PERSONA, ID_FICHA_MEDICA) VALUES
                            (TO_DATE('2020-05-13','YYYY-MM-DD'), 1, '00533', 533);
INSERT INTO EX.SINTOMAS(FECHA_INICIO, ID_SINTOMA, ID_PERSONA, ID_FICHA_MEDICA) VALUES
                            (TO_DATE('2020-05-13','YYYY-MM-DD'), 2, '00533', 533);
INSERT INTO EX.SINTOMAS(FECHA_INICIO, ID_SINTOMA, ID_PERSONA, ID_FICHA_MEDICA) VALUES
                            (TO_DATE('2020-03-23','YYYY-MM-DD'), 3, '00533', 533);
INSERT INTO EX.SINTOMAS(FECHA_INICIO, ID_SINTOMA, ID_PERSONA, ID_FICHA_MEDICA) VALUES
                            (TO_DATE('2020-06-26','YYYY-MM-DD'), 4, '00533', 533);
INSERT INTO EX.SINTOMAS(FECHA_INICIO, ID_SINTOMA, ID_PERSONA, ID_FICHA_MEDICA) VALUES
                            (TO_DATE('2020-06-27','YYYY-MM-DD'), 5, '00533', 533);
INSERT INTO EX.PERSONA(DOC_IDENTIDAD, NOMBRE, NOMBRE1, APELLIDO, APELLIDO1, FECHA_NAC, GENERO, FOTO) VALUES
                  ('00534', 'Dan', 'Hannah', 'Hill', 'Quinn', TO_DATE('2019-10-11','YYYY-MM-DD'), 'm', NULL);
INSERT INTO EX.HISTORICO_RESIDENCIA(FECHA_INICIO, ID_LUGAR, ID_PERSONA, FECHA_FIN) VALUES
                  (TO_DATE('1984-01-30','YYYY-MM-DD'), 19, '00534', NULL);
INSERT INTO EX.FICHA_MEDICA(ID, ID_PERSONA, ID_CENTRO_SALUD, ID_LUGAR, ESTADO, FECHA_INFECCION, FECHA_RECUPERACION) VALUES
                                             (534, '00534', 4, 19, 'desconido', NULL, NULL);
INSERT INTO EX.PERSONA(DOC_IDENTIDAD, NOMBRE, NOMBRE1, APELLIDO, APELLIDO1, FECHA_NAC, GENERO, FOTO) VALUES
                  ('00535', 'Matthew', 'Anthony', 'Howell', 'Mcconnell', TO_DATE('2005-06-18','YYYY-MM-DD'), 'f', NULL);
INSERT INTO EX.HISTORICO_RESIDENCIA(FECHA_INICIO, ID_LUGAR, ID_PERSONA, FECHA_FIN) VALUES
                  (TO_DATE('1975-08-07','YYYY-MM-DD'), 27, '00535', NULL);
INSERT INTO EX.FICHA_MEDICA(ID, ID_PERSONA, ID_CENTRO_SALUD, ID_LUGAR, ESTADO, FECHA_INFECCION, FECHA_RECUPERACION) VALUES
                                             (535, '00535', 12, 27, 'desconido', NULL, NULL);
INSERT INTO EX.PADECIMIENTOS(ID_PATOLOGIA, ID_PERSONA, ID_FICHA_MEDICA) VALUES
                            (1, '00535', 535);
INSERT INTO EX.PADECIMIENTOS(ID_PATOLOGIA, ID_PERSONA, ID_FICHA_MEDICA) VALUES
                            (2, '00535', 535);
INSERT INTO EX.PADECIMIENTOS(ID_PATOLOGIA, ID_PERSONA, ID_FICHA_MEDICA) VALUES
                            (3, '00535', 535);
INSERT INTO EX.PADECIMIENTOS(ID_PATOLOGIA, ID_PERSONA, ID_FICHA_MEDICA) VALUES
                            (4, '00535', 535);
INSERT INTO EX.PADECIMIENTOS(ID_PATOLOGIA, ID_PERSONA, ID_FICHA_MEDICA) VALUES
                            (5, '00535', 535);
INSERT INTO EX.PADECIMIENTOS(ID_PATOLOGIA, ID_PERSONA, ID_FICHA_MEDICA) VALUES
                            (6, '00535', 535);
INSERT INTO EX.PADECIMIENTOS(ID_PATOLOGIA, ID_PERSONA, ID_FICHA_MEDICA) VALUES
                            (7, '00535', 535);
INSERT INTO EX.PADECIMIENTOS(ID_PATOLOGIA, ID_PERSONA, ID_FICHA_MEDICA) VALUES
                            (8, '00535', 535);
INSERT INTO EX.PADECIMIENTOS(ID_PATOLOGIA, ID_PERSONA, ID_FICHA_MEDICA) VALUES
                            (9, '00535', 535);
INSERT INTO EX.PADECIMIENTOS(ID_PATOLOGIA, ID_PERSONA, ID_FICHA_MEDICA) VALUES
                            (10, '00535', 535);
INSERT INTO EX.PADECIMIENTOS(ID_PATOLOGIA, ID_PERSONA, ID_FICHA_MEDICA) VALUES
                            (11, '00535', 535);
INSERT INTO EX.PADECIMIENTOS(ID_PATOLOGIA, ID_PERSONA, ID_FICHA_MEDICA) VALUES
                            (12, '00535', 535);
INSERT INTO EX.SINTOMAS(FECHA_INICIO, ID_SINTOMA, ID_PERSONA, ID_FICHA_MEDICA) VALUES
                            (TO_DATE('2020-04-17','YYYY-MM-DD'), 1, '00535', 535);
INSERT INTO EX.SINTOMAS(FECHA_INICIO, ID_SINTOMA, ID_PERSONA, ID_FICHA_MEDICA) VALUES
                            (TO_DATE('2020-02-27','YYYY-MM-DD'), 2, '00535', 535);
INSERT INTO EX.SINTOMAS(FECHA_INICIO, ID_SINTOMA, ID_PERSONA, ID_FICHA_MEDICA) VALUES
                            (TO_DATE('2020-01-10','YYYY-MM-DD'), 3, '00535', 535);
INSERT INTO EX.SINTOMAS(FECHA_INICIO, ID_SINTOMA, ID_PERSONA, ID_FICHA_MEDICA) VALUES
                            (TO_DATE('2020-06-04','YYYY-MM-DD'), 4, '00535', 535);
INSERT INTO EX.SINTOMAS(FECHA_INICIO, ID_SINTOMA, ID_PERSONA, ID_FICHA_MEDICA) VALUES
                            (TO_DATE('2020-01-14','YYYY-MM-DD'), 5, '00535', 535);
INSERT INTO EX.SINTOMAS(FECHA_INICIO, ID_SINTOMA, ID_PERSONA, ID_FICHA_MEDICA) VALUES
                            (TO_DATE('2020-06-03','YYYY-MM-DD'), 6, '00535', 535);
INSERT INTO EX.SINTOMAS(FECHA_INICIO, ID_SINTOMA, ID_PERSONA, ID_FICHA_MEDICA) VALUES
                            (TO_DATE('2020-06-16','YYYY-MM-DD'), 7, '00535', 535);
INSERT INTO EX.SINTOMAS(FECHA_INICIO, ID_SINTOMA, ID_PERSONA, ID_FICHA_MEDICA) VALUES
                            (TO_DATE('2020-02-07','YYYY-MM-DD'), 8, '00535', 535);
INSERT INTO EX.PERSONA(DOC_IDENTIDAD, NOMBRE, NOMBRE1, APELLIDO, APELLIDO1, FECHA_NAC, GENERO, FOTO) VALUES
                  ('00536', 'Brittany', 'Brian', 'Bowman', 'Turner', TO_DATE('1975-02-04','YYYY-MM-DD'), 'm', NULL);
INSERT INTO EX.HISTORICO_RESIDENCIA(FECHA_INICIO, ID_LUGAR, ID_PERSONA, FECHA_FIN) VALUES
                  (TO_DATE('1984-10-18','YYYY-MM-DD'), 35, '00536', NULL);
INSERT INTO EX.FICHA_MEDICA(ID, ID_PERSONA, ID_CENTRO_SALUD, ID_LUGAR, ESTADO, FECHA_INFECCION, FECHA_RECUPERACION) VALUES
                                             (536, '00536', 20, 35, 'desconido', NULL, NULL);
INSERT INTO EX.PADECIMIENTOS(ID_PATOLOGIA, ID_PERSONA, ID_FICHA_MEDICA) VALUES
                            (1, '00536', 536);
INSERT INTO EX.PADECIMIENTOS(ID_PATOLOGIA, ID_PERSONA, ID_FICHA_MEDICA) VALUES
                            (2, '00536', 536);
INSERT INTO EX.PADECIMIENTOS(ID_PATOLOGIA, ID_PERSONA, ID_FICHA_MEDICA) VALUES
                            (3, '00536', 536);
INSERT INTO EX.PADECIMIENTOS(ID_PATOLOGIA, ID_PERSONA, ID_FICHA_MEDICA) VALUES
                            (4, '00536', 536);
INSERT INTO EX.PADECIMIENTOS(ID_PATOLOGIA, ID_PERSONA, ID_FICHA_MEDICA) VALUES
                            (5, '00536', 536);
INSERT INTO EX.PADECIMIENTOS(ID_PATOLOGIA, ID_PERSONA, ID_FICHA_MEDICA) VALUES
                            (6, '00536', 536);
INSERT INTO EX.PADECIMIENTOS(ID_PATOLOGIA, ID_PERSONA, ID_FICHA_MEDICA) VALUES
                            (7, '00536', 536);
INSERT INTO EX.PADECIMIENTOS(ID_PATOLOGIA, ID_PERSONA, ID_FICHA_MEDICA) VALUES
                            (8, '00536', 536);
INSERT INTO EX.PADECIMIENTOS(ID_PATOLOGIA, ID_PERSONA, ID_FICHA_MEDICA) VALUES
                            (9, '00536', 536);
INSERT INTO EX.PADECIMIENTOS(ID_PATOLOGIA, ID_PERSONA, ID_FICHA_MEDICA) VALUES
                            (10, '00536', 536);
INSERT INTO EX.PERSONA(DOC_IDENTIDAD, NOMBRE, NOMBRE1, APELLIDO, APELLIDO1, FECHA_NAC, GENERO, FOTO) VALUES
                  ('00537', 'Jennifer', 'Aaron', 'Patterson', 'Klein', TO_DATE('1994-03-02','YYYY-MM-DD'), 'f', NULL);
INSERT INTO EX.HISTORICO_RESIDENCIA(FECHA_INICIO, ID_LUGAR, ID_PERSONA, FECHA_FIN) VALUES
                  (TO_DATE('2018-06-28','YYYY-MM-DD'), 26, '00537', NULL);
INSERT INTO EX.FICHA_MEDICA(ID, ID_PERSONA, ID_CENTRO_SALUD, ID_LUGAR, ESTADO, FECHA_INFECCION, FECHA_RECUPERACION) VALUES
                                             (537, '00537', 11, 26, 'desconido', NULL, NULL);
INSERT INTO EX.PADECIMIENTOS(ID_PATOLOGIA, ID_PERSONA, ID_FICHA_MEDICA) VALUES
                            (1, '00537', 537);
INSERT INTO EX.PADECIMIENTOS(ID_PATOLOGIA, ID_PERSONA, ID_FICHA_MEDICA) VALUES
                            (2, '00537', 537);
INSERT INTO EX.PADECIMIENTOS(ID_PATOLOGIA, ID_PERSONA, ID_FICHA_MEDICA) VALUES
                            (3, '00537', 537);
INSERT INTO EX.PADECIMIENTOS(ID_PATOLOGIA, ID_PERSONA, ID_FICHA_MEDICA) VALUES
                            (4, '00537', 537);
INSERT INTO EX.PADECIMIENTOS(ID_PATOLOGIA, ID_PERSONA, ID_FICHA_MEDICA) VALUES
                            (5, '00537', 537);
INSERT INTO EX.PADECIMIENTOS(ID_PATOLOGIA, ID_PERSONA, ID_FICHA_MEDICA) VALUES
                            (6, '00537', 537);
INSERT INTO EX.PADECIMIENTOS(ID_PATOLOGIA, ID_PERSONA, ID_FICHA_MEDICA) VALUES
                            (7, '00537', 537);
INSERT INTO EX.PADECIMIENTOS(ID_PATOLOGIA, ID_PERSONA, ID_FICHA_MEDICA) VALUES
                            (8, '00537', 537);
INSERT INTO EX.PADECIMIENTOS(ID_PATOLOGIA, ID_PERSONA, ID_FICHA_MEDICA) VALUES
                            (9, '00537', 537);
INSERT INTO EX.PADECIMIENTOS(ID_PATOLOGIA, ID_PERSONA, ID_FICHA_MEDICA) VALUES
                            (10, '00537', 537);
INSERT INTO EX.PERSONA(DOC_IDENTIDAD, NOMBRE, NOMBRE1, APELLIDO, APELLIDO1, FECHA_NAC, GENERO, FOTO) VALUES
                  ('00538', 'Mary', 'Rachel', 'Byrd', 'Simmons', TO_DATE('1989-03-14','YYYY-MM-DD'), 'm', NULL);
INSERT INTO EX.HISTORICO_RESIDENCIA(FECHA_INICIO, ID_LUGAR, ID_PERSONA, FECHA_FIN) VALUES
                  (TO_DATE('2009-07-04','YYYY-MM-DD'), 44, '00538', NULL);
INSERT INTO EX.FICHA_MEDICA(ID, ID_PERSONA, ID_CENTRO_SALUD, ID_LUGAR, ESTADO, FECHA_INFECCION, FECHA_RECUPERACION) VALUES
                                             (538, '00538', 29, 44, 'desconido', NULL, NULL);
INSERT INTO EX.PADECIMIENTOS(ID_PATOLOGIA, ID_PERSONA, ID_FICHA_MEDICA) VALUES
                            (1, '00538', 538);
INSERT INTO EX.PADECIMIENTOS(ID_PATOLOGIA, ID_PERSONA, ID_FICHA_MEDICA) VALUES
                            (2, '00538', 538);
INSERT INTO EX.PADECIMIENTOS(ID_PATOLOGIA, ID_PERSONA, ID_FICHA_MEDICA) VALUES
                            (3, '00538', 538);
INSERT INTO EX.PADECIMIENTOS(ID_PATOLOGIA, ID_PERSONA, ID_FICHA_MEDICA) VALUES
                            (4, '00538', 538);
INSERT INTO EX.SINTOMAS(FECHA_INICIO, ID_SINTOMA, ID_PERSONA, ID_FICHA_MEDICA) VALUES
                            (TO_DATE('2020-03-04','YYYY-MM-DD'), 1, '00538', 538);
INSERT INTO EX.SINTOMAS(FECHA_INICIO, ID_SINTOMA, ID_PERSONA, ID_FICHA_MEDICA) VALUES
                            (TO_DATE('2020-03-05','YYYY-MM-DD'), 2, '00538', 538);
INSERT INTO EX.SINTOMAS(FECHA_INICIO, ID_SINTOMA, ID_PERSONA, ID_FICHA_MEDICA) VALUES
                            (TO_DATE('2020-04-17','YYYY-MM-DD'), 3, '00538', 538);
INSERT INTO EX.SINTOMAS(FECHA_INICIO, ID_SINTOMA, ID_PERSONA, ID_FICHA_MEDICA) VALUES
                            (TO_DATE('2020-01-14','YYYY-MM-DD'), 4, '00538', 538);
INSERT INTO EX.SINTOMAS(FECHA_INICIO, ID_SINTOMA, ID_PERSONA, ID_FICHA_MEDICA) VALUES
                            (TO_DATE('2020-04-24','YYYY-MM-DD'), 5, '00538', 538);
INSERT INTO EX.SINTOMAS(FECHA_INICIO, ID_SINTOMA, ID_PERSONA, ID_FICHA_MEDICA) VALUES
                            (TO_DATE('2020-02-04','YYYY-MM-DD'), 6, '00538', 538);
INSERT INTO EX.SINTOMAS(FECHA_INICIO, ID_SINTOMA, ID_PERSONA, ID_FICHA_MEDICA) VALUES
                            (TO_DATE('2020-02-04','YYYY-MM-DD'), 7, '00538', 538);
INSERT INTO EX.SINTOMAS(FECHA_INICIO, ID_SINTOMA, ID_PERSONA, ID_FICHA_MEDICA) VALUES
                            (TO_DATE('2020-04-10','YYYY-MM-DD'), 8, '00538', 538);
INSERT INTO EX.SINTOMAS(FECHA_INICIO, ID_SINTOMA, ID_PERSONA, ID_FICHA_MEDICA) VALUES
                            (TO_DATE('2020-03-30','YYYY-MM-DD'), 9, '00538', 538);
INSERT INTO EX.SINTOMAS(FECHA_INICIO, ID_SINTOMA, ID_PERSONA, ID_FICHA_MEDICA) VALUES
                            (TO_DATE('2020-04-21','YYYY-MM-DD'), 10, '00538', 538);
INSERT INTO EX.SINTOMAS(FECHA_INICIO, ID_SINTOMA, ID_PERSONA, ID_FICHA_MEDICA) VALUES
                            (TO_DATE('2020-02-29','YYYY-MM-DD'), 11, '00538', 538);
INSERT INTO EX.SINTOMAS(FECHA_INICIO, ID_SINTOMA, ID_PERSONA, ID_FICHA_MEDICA) VALUES
                            (TO_DATE('2020-04-09','YYYY-MM-DD'), 12, '00538', 538);
INSERT INTO EX.SINTOMAS(FECHA_INICIO, ID_SINTOMA, ID_PERSONA, ID_FICHA_MEDICA) VALUES
                            (TO_DATE('2020-03-19','YYYY-MM-DD'), 13, '00538', 538);
INSERT INTO EX.PERSONA(DOC_IDENTIDAD, NOMBRE, NOMBRE1, APELLIDO, APELLIDO1, FECHA_NAC, GENERO, FOTO) VALUES
                  ('00539', 'Eric', 'Tiffany', 'Wells', 'Wright', TO_DATE('2018-08-27','YYYY-MM-DD'), 'f', NULL);
INSERT INTO EX.HISTORICO_RESIDENCIA(FECHA_INICIO, ID_LUGAR, ID_PERSONA, FECHA_FIN) VALUES
                  (TO_DATE('2002-08-17','YYYY-MM-DD'), 40, '00539', NULL);
INSERT INTO EX.FICHA_MEDICA(ID, ID_PERSONA, ID_CENTRO_SALUD, ID_LUGAR, ESTADO, FECHA_INFECCION, FECHA_RECUPERACION) VALUES
                                             (539, '00539', 25, 40, 'desconido', NULL, NULL);
INSERT INTO EX.PADECIMIENTOS(ID_PATOLOGIA, ID_PERSONA, ID_FICHA_MEDICA) VALUES
                            (1, '00539', 539);
INSERT INTO EX.PADECIMIENTOS(ID_PATOLOGIA, ID_PERSONA, ID_FICHA_MEDICA) VALUES
                            (2, '00539', 539);
INSERT INTO EX.PADECIMIENTOS(ID_PATOLOGIA, ID_PERSONA, ID_FICHA_MEDICA) VALUES
                            (3, '00539', 539);
INSERT INTO EX.PADECIMIENTOS(ID_PATOLOGIA, ID_PERSONA, ID_FICHA_MEDICA) VALUES
                            (4, '00539', 539);
INSERT INTO EX.PADECIMIENTOS(ID_PATOLOGIA, ID_PERSONA, ID_FICHA_MEDICA) VALUES
                            (5, '00539', 539);
INSERT INTO EX.PADECIMIENTOS(ID_PATOLOGIA, ID_PERSONA, ID_FICHA_MEDICA) VALUES
                            (6, '00539', 539);
INSERT INTO EX.PADECIMIENTOS(ID_PATOLOGIA, ID_PERSONA, ID_FICHA_MEDICA) VALUES
                            (7, '00539', 539);
INSERT INTO EX.PADECIMIENTOS(ID_PATOLOGIA, ID_PERSONA, ID_FICHA_MEDICA) VALUES
                            (8, '00539', 539);
INSERT INTO EX.PADECIMIENTOS(ID_PATOLOGIA, ID_PERSONA, ID_FICHA_MEDICA) VALUES
                            (9, '00539', 539);
INSERT INTO EX.PADECIMIENTOS(ID_PATOLOGIA, ID_PERSONA, ID_FICHA_MEDICA) VALUES
                            (10, '00539', 539);
INSERT INTO EX.PADECIMIENTOS(ID_PATOLOGIA, ID_PERSONA, ID_FICHA_MEDICA) VALUES
                            (11, '00539', 539);
INSERT INTO EX.PADECIMIENTOS(ID_PATOLOGIA, ID_PERSONA, ID_FICHA_MEDICA) VALUES
                            (12, '00539', 539);
INSERT INTO EX.PADECIMIENTOS(ID_PATOLOGIA, ID_PERSONA, ID_FICHA_MEDICA) VALUES
                            (13, '00539', 539);
INSERT INTO EX.PERSONA(DOC_IDENTIDAD, NOMBRE, NOMBRE1, APELLIDO, APELLIDO1, FECHA_NAC, GENERO, FOTO) VALUES
                  ('00540', 'Robert', 'William', 'Horn', 'Randall', TO_DATE('2010-08-22','YYYY-MM-DD'), 'm', NULL);
INSERT INTO EX.HISTORICO_RESIDENCIA(FECHA_INICIO, ID_LUGAR, ID_PERSONA, FECHA_FIN) VALUES
                  (TO_DATE('1984-03-17','YYYY-MM-DD'), 43, '00540', NULL);
INSERT INTO EX.FICHA_MEDICA(ID, ID_PERSONA, ID_CENTRO_SALUD, ID_LUGAR, ESTADO, FECHA_INFECCION, FECHA_RECUPERACION) VALUES
                                             (540, '00540', 28, 43, 'desconido', NULL, NULL);
INSERT INTO EX.PERSONA(DOC_IDENTIDAD, NOMBRE, NOMBRE1, APELLIDO, APELLIDO1, FECHA_NAC, GENERO, FOTO) VALUES
                  ('00541', 'Sandra', 'Tamara', 'Griffin', 'Wood', TO_DATE('2015-09-15','YYYY-MM-DD'), 'f', NULL);
INSERT INTO EX.HISTORICO_RESIDENCIA(FECHA_INICIO, ID_LUGAR, ID_PERSONA, FECHA_FIN) VALUES
                  (TO_DATE('2002-04-17','YYYY-MM-DD'), 38, '00541', NULL);
INSERT INTO EX.FICHA_MEDICA(ID, ID_PERSONA, ID_CENTRO_SALUD, ID_LUGAR, ESTADO, FECHA_INFECCION, FECHA_RECUPERACION) VALUES
                                             (541, '00541', 23, 38, 'desconido', NULL, NULL);
INSERT INTO EX.PADECIMIENTOS(ID_PATOLOGIA, ID_PERSONA, ID_FICHA_MEDICA) VALUES
                            (1, '00541', 541);
INSERT INTO EX.PADECIMIENTOS(ID_PATOLOGIA, ID_PERSONA, ID_FICHA_MEDICA) VALUES
                            (2, '00541', 541);
INSERT INTO EX.PADECIMIENTOS(ID_PATOLOGIA, ID_PERSONA, ID_FICHA_MEDICA) VALUES
                            (3, '00541', 541);
INSERT INTO EX.SINTOMAS(FECHA_INICIO, ID_SINTOMA, ID_PERSONA, ID_FICHA_MEDICA) VALUES
                            (TO_DATE('2020-04-13','YYYY-MM-DD'), 1, '00541', 541);
INSERT INTO EX.SINTOMAS(FECHA_INICIO, ID_SINTOMA, ID_PERSONA, ID_FICHA_MEDICA) VALUES
                            (TO_DATE('2020-01-10','YYYY-MM-DD'), 2, '00541', 541);
INSERT INTO EX.PERSONA(DOC_IDENTIDAD, NOMBRE, NOMBRE1, APELLIDO, APELLIDO1, FECHA_NAC, GENERO, FOTO) VALUES
                  ('00542', 'Denise', 'Angela', 'Mcmillan', 'Andersen', TO_DATE('2012-11-07','YYYY-MM-DD'), 'm', NULL);
INSERT INTO EX.HISTORICO_RESIDENCIA(FECHA_INICIO, ID_LUGAR, ID_PERSONA, FECHA_FIN) VALUES
                  (TO_DATE('2009-10-31','YYYY-MM-DD'), 41, '00542', NULL);
INSERT INTO EX.FICHA_MEDICA(ID, ID_PERSONA, ID_CENTRO_SALUD, ID_LUGAR, ESTADO, FECHA_INFECCION, FECHA_RECUPERACION) VALUES
                                             (542, '00542', 26, 41, 'desconido', NULL, NULL);
INSERT INTO EX.PADECIMIENTOS(ID_PATOLOGIA, ID_PERSONA, ID_FICHA_MEDICA) VALUES
                            (1, '00542', 542);
INSERT INTO EX.PADECIMIENTOS(ID_PATOLOGIA, ID_PERSONA, ID_FICHA_MEDICA) VALUES
                            (2, '00542', 542);
INSERT INTO EX.PADECIMIENTOS(ID_PATOLOGIA, ID_PERSONA, ID_FICHA_MEDICA) VALUES
                            (3, '00542', 542);
INSERT INTO EX.PADECIMIENTOS(ID_PATOLOGIA, ID_PERSONA, ID_FICHA_MEDICA) VALUES
                            (4, '00542', 542);
INSERT INTO EX.PADECIMIENTOS(ID_PATOLOGIA, ID_PERSONA, ID_FICHA_MEDICA) VALUES
                            (5, '00542', 542);
INSERT INTO EX.PADECIMIENTOS(ID_PATOLOGIA, ID_PERSONA, ID_FICHA_MEDICA) VALUES
                            (6, '00542', 542);
INSERT INTO EX.PADECIMIENTOS(ID_PATOLOGIA, ID_PERSONA, ID_FICHA_MEDICA) VALUES
                            (7, '00542', 542);
INSERT INTO EX.PADECIMIENTOS(ID_PATOLOGIA, ID_PERSONA, ID_FICHA_MEDICA) VALUES
                            (8, '00542', 542);
INSERT INTO EX.PADECIMIENTOS(ID_PATOLOGIA, ID_PERSONA, ID_FICHA_MEDICA) VALUES
                            (9, '00542', 542);
INSERT INTO EX.PADECIMIENTOS(ID_PATOLOGIA, ID_PERSONA, ID_FICHA_MEDICA) VALUES
                            (10, '00542', 542);
INSERT INTO EX.PADECIMIENTOS(ID_PATOLOGIA, ID_PERSONA, ID_FICHA_MEDICA) VALUES
                            (11, '00542', 542);
INSERT INTO EX.PADECIMIENTOS(ID_PATOLOGIA, ID_PERSONA, ID_FICHA_MEDICA) VALUES
                            (12, '00542', 542);
INSERT INTO EX.PADECIMIENTOS(ID_PATOLOGIA, ID_PERSONA, ID_FICHA_MEDICA) VALUES
                            (13, '00542', 542);
INSERT INTO EX.PERSONA(DOC_IDENTIDAD, NOMBRE, NOMBRE1, APELLIDO, APELLIDO1, FECHA_NAC, GENERO, FOTO) VALUES
                  ('00543', 'Christina', 'Lucas', 'Miller', 'Harper', TO_DATE('1984-02-20','YYYY-MM-DD'), 'f', NULL);
INSERT INTO EX.HISTORICO_RESIDENCIA(FECHA_INICIO, ID_LUGAR, ID_PERSONA, FECHA_FIN) VALUES
                  (TO_DATE('1994-09-08','YYYY-MM-DD'), 43, '00543', NULL);
INSERT INTO EX.FICHA_MEDICA(ID, ID_PERSONA, ID_CENTRO_SALUD, ID_LUGAR, ESTADO, FECHA_INFECCION, FECHA_RECUPERACION) VALUES
                                             (543, '00543', 28, 43, 'desconido', NULL, NULL);
INSERT INTO EX.SINTOMAS(FECHA_INICIO, ID_SINTOMA, ID_PERSONA, ID_FICHA_MEDICA) VALUES
                            (TO_DATE('2020-01-21','YYYY-MM-DD'), 1, '00543', 543);
INSERT INTO EX.SINTOMAS(FECHA_INICIO, ID_SINTOMA, ID_PERSONA, ID_FICHA_MEDICA) VALUES
                            (TO_DATE('2020-06-02','YYYY-MM-DD'), 2, '00543', 543);
INSERT INTO EX.SINTOMAS(FECHA_INICIO, ID_SINTOMA, ID_PERSONA, ID_FICHA_MEDICA) VALUES
                            (TO_DATE('2020-01-18','YYYY-MM-DD'), 3, '00543', 543);
INSERT INTO EX.SINTOMAS(FECHA_INICIO, ID_SINTOMA, ID_PERSONA, ID_FICHA_MEDICA) VALUES
                            (TO_DATE('2020-05-22','YYYY-MM-DD'), 4, '00543', 543);
INSERT INTO EX.SINTOMAS(FECHA_INICIO, ID_SINTOMA, ID_PERSONA, ID_FICHA_MEDICA) VALUES
                            (TO_DATE('2020-06-17','YYYY-MM-DD'), 5, '00543', 543);
INSERT INTO EX.SINTOMAS(FECHA_INICIO, ID_SINTOMA, ID_PERSONA, ID_FICHA_MEDICA) VALUES
                            (TO_DATE('2020-02-10','YYYY-MM-DD'), 6, '00543', 543);
INSERT INTO EX.SINTOMAS(FECHA_INICIO, ID_SINTOMA, ID_PERSONA, ID_FICHA_MEDICA) VALUES
                            (TO_DATE('2020-03-18','YYYY-MM-DD'), 7, '00543', 543);
INSERT INTO EX.SINTOMAS(FECHA_INICIO, ID_SINTOMA, ID_PERSONA, ID_FICHA_MEDICA) VALUES
                            (TO_DATE('2020-01-24','YYYY-MM-DD'), 8, '00543', 543);
INSERT INTO EX.SINTOMAS(FECHA_INICIO, ID_SINTOMA, ID_PERSONA, ID_FICHA_MEDICA) VALUES
                            (TO_DATE('2020-06-07','YYYY-MM-DD'), 9, '00543', 543);
INSERT INTO EX.SINTOMAS(FECHA_INICIO, ID_SINTOMA, ID_PERSONA, ID_FICHA_MEDICA) VALUES
                            (TO_DATE('2020-06-29','YYYY-MM-DD'), 10, '00543', 543);
INSERT INTO EX.SINTOMAS(FECHA_INICIO, ID_SINTOMA, ID_PERSONA, ID_FICHA_MEDICA) VALUES
                            (TO_DATE('2020-02-06','YYYY-MM-DD'), 11, '00543', 543);
INSERT INTO EX.SINTOMAS(FECHA_INICIO, ID_SINTOMA, ID_PERSONA, ID_FICHA_MEDICA) VALUES
                            (TO_DATE('2020-03-02','YYYY-MM-DD'), 12, '00543', 543);
INSERT INTO EX.SINTOMAS(FECHA_INICIO, ID_SINTOMA, ID_PERSONA, ID_FICHA_MEDICA) VALUES
                            (TO_DATE('2020-04-02','YYYY-MM-DD'), 13, '00543', 543);
INSERT INTO EX.SINTOMAS(FECHA_INICIO, ID_SINTOMA, ID_PERSONA, ID_FICHA_MEDICA) VALUES
                            (TO_DATE('2020-02-29','YYYY-MM-DD'), 14, '00543', 543);
INSERT INTO EX.SINTOMAS(FECHA_INICIO, ID_SINTOMA, ID_PERSONA, ID_FICHA_MEDICA) VALUES
                            (TO_DATE('2020-06-20','YYYY-MM-DD'), 15, '00543', 543);
INSERT INTO EX.SINTOMAS(FECHA_INICIO, ID_SINTOMA, ID_PERSONA, ID_FICHA_MEDICA) VALUES
                            (TO_DATE('2020-03-11','YYYY-MM-DD'), 16, '00543', 543);
INSERT INTO EX.SINTOMAS(FECHA_INICIO, ID_SINTOMA, ID_PERSONA, ID_FICHA_MEDICA) VALUES
                            (TO_DATE('2020-02-25','YYYY-MM-DD'), 17, '00543', 543);
INSERT INTO EX.SINTOMAS(FECHA_INICIO, ID_SINTOMA, ID_PERSONA, ID_FICHA_MEDICA) VALUES
                            (TO_DATE('2020-04-27','YYYY-MM-DD'), 18, '00543', 543);
INSERT INTO EX.SINTOMAS(FECHA_INICIO, ID_SINTOMA, ID_PERSONA, ID_FICHA_MEDICA) VALUES
                            (TO_DATE('2020-05-12','YYYY-MM-DD'), 19, '00543', 543);
INSERT INTO EX.PERSONA(DOC_IDENTIDAD, NOMBRE, NOMBRE1, APELLIDO, APELLIDO1, FECHA_NAC, GENERO, FOTO) VALUES
                  ('00544', 'Joseph', 'Julie', 'Perry', 'Smith', TO_DATE('2000-10-28','YYYY-MM-DD'), 'm', NULL);
INSERT INTO EX.HISTORICO_RESIDENCIA(FECHA_INICIO, ID_LUGAR, ID_PERSONA, FECHA_FIN) VALUES
                  (TO_DATE('1997-04-04','YYYY-MM-DD'), 36, '00544', NULL);
INSERT INTO EX.FICHA_MEDICA(ID, ID_PERSONA, ID_CENTRO_SALUD, ID_LUGAR, ESTADO, FECHA_INFECCION, FECHA_RECUPERACION) VALUES
                                             (544, '00544', 21, 36, 'desconido', NULL, NULL);
INSERT INTO EX.PERSONA(DOC_IDENTIDAD, NOMBRE, NOMBRE1, APELLIDO, APELLIDO1, FECHA_NAC, GENERO, FOTO) VALUES
                  ('00545', 'Kimberly', 'Vanessa', 'Delgado', 'Norris', TO_DATE('2009-05-31','YYYY-MM-DD'), 'f', NULL);
INSERT INTO EX.HISTORICO_RESIDENCIA(FECHA_INICIO, ID_LUGAR, ID_PERSONA, FECHA_FIN) VALUES
                  (TO_DATE('1988-12-26','YYYY-MM-DD'), 42, '00545', NULL);
INSERT INTO EX.FICHA_MEDICA(ID, ID_PERSONA, ID_CENTRO_SALUD, ID_LUGAR, ESTADO, FECHA_INFECCION, FECHA_RECUPERACION) VALUES
                                             (545, '00545', 27, 42, 'desconido', NULL, NULL);
INSERT INTO EX.SINTOMAS(FECHA_INICIO, ID_SINTOMA, ID_PERSONA, ID_FICHA_MEDICA) VALUES
                            (TO_DATE('2020-01-07','YYYY-MM-DD'), 1, '00545', 545);
INSERT INTO EX.SINTOMAS(FECHA_INICIO, ID_SINTOMA, ID_PERSONA, ID_FICHA_MEDICA) VALUES
                            (TO_DATE('2020-06-29','YYYY-MM-DD'), 2, '00545', 545);
INSERT INTO EX.SINTOMAS(FECHA_INICIO, ID_SINTOMA, ID_PERSONA, ID_FICHA_MEDICA) VALUES
                            (TO_DATE('2020-06-20','YYYY-MM-DD'), 3, '00545', 545);
INSERT INTO EX.SINTOMAS(FECHA_INICIO, ID_SINTOMA, ID_PERSONA, ID_FICHA_MEDICA) VALUES
                            (TO_DATE('2020-06-22','YYYY-MM-DD'), 4, '00545', 545);
INSERT INTO EX.SINTOMAS(FECHA_INICIO, ID_SINTOMA, ID_PERSONA, ID_FICHA_MEDICA) VALUES
                            (TO_DATE('2020-01-15','YYYY-MM-DD'), 5, '00545', 545);
INSERT INTO EX.SINTOMAS(FECHA_INICIO, ID_SINTOMA, ID_PERSONA, ID_FICHA_MEDICA) VALUES
                            (TO_DATE('2020-05-14','YYYY-MM-DD'), 6, '00545', 545);
INSERT INTO EX.SINTOMAS(FECHA_INICIO, ID_SINTOMA, ID_PERSONA, ID_FICHA_MEDICA) VALUES
                            (TO_DATE('2020-03-03','YYYY-MM-DD'), 7, '00545', 545);
INSERT INTO EX.SINTOMAS(FECHA_INICIO, ID_SINTOMA, ID_PERSONA, ID_FICHA_MEDICA) VALUES
                            (TO_DATE('2020-03-29','YYYY-MM-DD'), 8, '00545', 545);
INSERT INTO EX.SINTOMAS(FECHA_INICIO, ID_SINTOMA, ID_PERSONA, ID_FICHA_MEDICA) VALUES
                            (TO_DATE('2020-06-02','YYYY-MM-DD'), 9, '00545', 545);
INSERT INTO EX.SINTOMAS(FECHA_INICIO, ID_SINTOMA, ID_PERSONA, ID_FICHA_MEDICA) VALUES
                            (TO_DATE('2020-02-15','YYYY-MM-DD'), 10, '00545', 545);
INSERT INTO EX.SINTOMAS(FECHA_INICIO, ID_SINTOMA, ID_PERSONA, ID_FICHA_MEDICA) VALUES
                            (TO_DATE('2020-04-13','YYYY-MM-DD'), 11, '00545', 545);
INSERT INTO EX.SINTOMAS(FECHA_INICIO, ID_SINTOMA, ID_PERSONA, ID_FICHA_MEDICA) VALUES
                            (TO_DATE('2020-03-03','YYYY-MM-DD'), 12, '00545', 545);
INSERT INTO EX.SINTOMAS(FECHA_INICIO, ID_SINTOMA, ID_PERSONA, ID_FICHA_MEDICA) VALUES
                            (TO_DATE('2020-01-11','YYYY-MM-DD'), 13, '00545', 545);
INSERT INTO EX.SINTOMAS(FECHA_INICIO, ID_SINTOMA, ID_PERSONA, ID_FICHA_MEDICA) VALUES
                            (TO_DATE('2020-05-05','YYYY-MM-DD'), 14, '00545', 545);
INSERT INTO EX.PERSONA(DOC_IDENTIDAD, NOMBRE, NOMBRE1, APELLIDO, APELLIDO1, FECHA_NAC, GENERO, FOTO) VALUES
                  ('00546', 'Scott', 'Rebecca', 'Hartman', 'Potter', TO_DATE('1973-01-23','YYYY-MM-DD'), 'm', NULL);
INSERT INTO EX.HISTORICO_RESIDENCIA(FECHA_INICIO, ID_LUGAR, ID_PERSONA, FECHA_FIN) VALUES
                  (TO_DATE('1986-12-18','YYYY-MM-DD'), 18, '00546', NULL);
INSERT INTO EX.FICHA_MEDICA(ID, ID_PERSONA, ID_CENTRO_SALUD, ID_LUGAR, ESTADO, FECHA_INFECCION, FECHA_RECUPERACION) VALUES
                                             (546, '00546', 3, 18, 'desconido', NULL, NULL);
INSERT INTO EX.PADECIMIENTOS(ID_PATOLOGIA, ID_PERSONA, ID_FICHA_MEDICA) VALUES
                            (1, '00546', 546);
INSERT INTO EX.PADECIMIENTOS(ID_PATOLOGIA, ID_PERSONA, ID_FICHA_MEDICA) VALUES
                            (2, '00546', 546);
INSERT INTO EX.PADECIMIENTOS(ID_PATOLOGIA, ID_PERSONA, ID_FICHA_MEDICA) VALUES
                            (3, '00546', 546);
INSERT INTO EX.PADECIMIENTOS(ID_PATOLOGIA, ID_PERSONA, ID_FICHA_MEDICA) VALUES
                            (4, '00546', 546);
INSERT INTO EX.PADECIMIENTOS(ID_PATOLOGIA, ID_PERSONA, ID_FICHA_MEDICA) VALUES
                            (5, '00546', 546);
INSERT INTO EX.PADECIMIENTOS(ID_PATOLOGIA, ID_PERSONA, ID_FICHA_MEDICA) VALUES
                            (6, '00546', 546);
INSERT INTO EX.PADECIMIENTOS(ID_PATOLOGIA, ID_PERSONA, ID_FICHA_MEDICA) VALUES
                            (7, '00546', 546);
INSERT INTO EX.PADECIMIENTOS(ID_PATOLOGIA, ID_PERSONA, ID_FICHA_MEDICA) VALUES
                            (8, '00546', 546);
INSERT INTO EX.PADECIMIENTOS(ID_PATOLOGIA, ID_PERSONA, ID_FICHA_MEDICA) VALUES
                            (9, '00546', 546);
INSERT INTO EX.PADECIMIENTOS(ID_PATOLOGIA, ID_PERSONA, ID_FICHA_MEDICA) VALUES
                            (10, '00546', 546);
INSERT INTO EX.PADECIMIENTOS(ID_PATOLOGIA, ID_PERSONA, ID_FICHA_MEDICA) VALUES
                            (11, '00546', 546);
INSERT INTO EX.PADECIMIENTOS(ID_PATOLOGIA, ID_PERSONA, ID_FICHA_MEDICA) VALUES
                            (12, '00546', 546);
INSERT INTO EX.PADECIMIENTOS(ID_PATOLOGIA, ID_PERSONA, ID_FICHA_MEDICA) VALUES
                            (13, '00546', 546);
INSERT INTO EX.PERSONA(DOC_IDENTIDAD, NOMBRE, NOMBRE1, APELLIDO, APELLIDO1, FECHA_NAC, GENERO, FOTO) VALUES
                  ('00547', 'Sydney', 'Tyler', 'Rollins', 'Kane', TO_DATE('2010-03-12','YYYY-MM-DD'), 'f', NULL);
INSERT INTO EX.HISTORICO_RESIDENCIA(FECHA_INICIO, ID_LUGAR, ID_PERSONA, FECHA_FIN) VALUES
                  (TO_DATE('2000-05-17','YYYY-MM-DD'), 39, '00547', NULL);
INSERT INTO EX.FICHA_MEDICA(ID, ID_PERSONA, ID_CENTRO_SALUD, ID_LUGAR, ESTADO, FECHA_INFECCION, FECHA_RECUPERACION) VALUES
                                             (547, '00547', 24, 39, 'desconido', NULL, NULL);
INSERT INTO EX.PADECIMIENTOS(ID_PATOLOGIA, ID_PERSONA, ID_FICHA_MEDICA) VALUES
                            (1, '00547', 547);
INSERT INTO EX.PADECIMIENTOS(ID_PATOLOGIA, ID_PERSONA, ID_FICHA_MEDICA) VALUES
                            (2, '00547', 547);
INSERT INTO EX.PADECIMIENTOS(ID_PATOLOGIA, ID_PERSONA, ID_FICHA_MEDICA) VALUES
                            (3, '00547', 547);
INSERT INTO EX.PADECIMIENTOS(ID_PATOLOGIA, ID_PERSONA, ID_FICHA_MEDICA) VALUES
                            (4, '00547', 547);
INSERT INTO EX.PADECIMIENTOS(ID_PATOLOGIA, ID_PERSONA, ID_FICHA_MEDICA) VALUES
                            (5, '00547', 547);
INSERT INTO EX.PERSONA(DOC_IDENTIDAD, NOMBRE, NOMBRE1, APELLIDO, APELLIDO1, FECHA_NAC, GENERO, FOTO) VALUES
                  ('00548', 'Lawrence', 'Debra', 'Mitchell', 'Massey', TO_DATE('2002-12-01','YYYY-MM-DD'), 'm', NULL);
INSERT INTO EX.HISTORICO_RESIDENCIA(FECHA_INICIO, ID_LUGAR, ID_PERSONA, FECHA_FIN) VALUES
                  (TO_DATE('1978-10-15','YYYY-MM-DD'), 19, '00548', NULL);
INSERT INTO EX.FICHA_MEDICA(ID, ID_PERSONA, ID_CENTRO_SALUD, ID_LUGAR, ESTADO, FECHA_INFECCION, FECHA_RECUPERACION) VALUES
                                             (548, '00548', 4, 19, 'desconido', NULL, NULL);
INSERT INTO EX.PERSONA(DOC_IDENTIDAD, NOMBRE, NOMBRE1, APELLIDO, APELLIDO1, FECHA_NAC, GENERO, FOTO) VALUES
                  ('00549', 'Mark', 'Sarah', 'Parker', 'Haley', TO_DATE('2015-11-09','YYYY-MM-DD'), 'f', NULL);
INSERT INTO EX.HISTORICO_RESIDENCIA(FECHA_INICIO, ID_LUGAR, ID_PERSONA, FECHA_FIN) VALUES
                  (TO_DATE('2004-11-27','YYYY-MM-DD'), 27, '00549', NULL);
INSERT INTO EX.FICHA_MEDICA(ID, ID_PERSONA, ID_CENTRO_SALUD, ID_LUGAR, ESTADO, FECHA_INFECCION, FECHA_RECUPERACION) VALUES
                                             (549, '00549', 12, 27, 'desconido', NULL, NULL);
INSERT INTO EX.PERSONA(DOC_IDENTIDAD, NOMBRE, NOMBRE1, APELLIDO, APELLIDO1, FECHA_NAC, GENERO, FOTO) VALUES
                  ('00550', 'Aaron', 'William', 'Ewing', 'Cox', TO_DATE('1990-07-26','YYYY-MM-DD'), 'm', NULL);
INSERT INTO EX.HISTORICO_RESIDENCIA(FECHA_INICIO, ID_LUGAR, ID_PERSONA, FECHA_FIN) VALUES
                  (TO_DATE('2002-07-19','YYYY-MM-DD'), 39, '00550', NULL);
INSERT INTO EX.FICHA_MEDICA(ID, ID_PERSONA, ID_CENTRO_SALUD, ID_LUGAR, ESTADO, FECHA_INFECCION, FECHA_RECUPERACION) VALUES
                                             (550, '00550', 24, 39, 'desconido', NULL, NULL);
INSERT INTO EX.SINTOMAS(FECHA_INICIO, ID_SINTOMA, ID_PERSONA, ID_FICHA_MEDICA) VALUES
                            (TO_DATE('2020-02-23','YYYY-MM-DD'), 1, '00550', 550);
INSERT INTO EX.SINTOMAS(FECHA_INICIO, ID_SINTOMA, ID_PERSONA, ID_FICHA_MEDICA) VALUES
                            (TO_DATE('2020-05-20','YYYY-MM-DD'), 2, '00550', 550);
INSERT INTO EX.SINTOMAS(FECHA_INICIO, ID_SINTOMA, ID_PERSONA, ID_FICHA_MEDICA) VALUES
                            (TO_DATE('2020-06-14','YYYY-MM-DD'), 3, '00550', 550);
INSERT INTO EX.SINTOMAS(FECHA_INICIO, ID_SINTOMA, ID_PERSONA, ID_FICHA_MEDICA) VALUES
                            (TO_DATE('2020-06-29','YYYY-MM-DD'), 4, '00550', 550);
INSERT INTO EX.SINTOMAS(FECHA_INICIO, ID_SINTOMA, ID_PERSONA, ID_FICHA_MEDICA) VALUES
                            (TO_DATE('2020-05-08','YYYY-MM-DD'), 5, '00550', 550);
INSERT INTO EX.SINTOMAS(FECHA_INICIO, ID_SINTOMA, ID_PERSONA, ID_FICHA_MEDICA) VALUES
                            (TO_DATE('2020-01-25','YYYY-MM-DD'), 6, '00550', 550);
INSERT INTO EX.SINTOMAS(FECHA_INICIO, ID_SINTOMA, ID_PERSONA, ID_FICHA_MEDICA) VALUES
                            (TO_DATE('2020-05-12','YYYY-MM-DD'), 7, '00550', 550);
INSERT INTO EX.SINTOMAS(FECHA_INICIO, ID_SINTOMA, ID_PERSONA, ID_FICHA_MEDICA) VALUES
                            (TO_DATE('2020-06-13','YYYY-MM-DD'), 8, '00550', 550);
INSERT INTO EX.SINTOMAS(FECHA_INICIO, ID_SINTOMA, ID_PERSONA, ID_FICHA_MEDICA) VALUES
                            (TO_DATE('2020-04-27','YYYY-MM-DD'), 9, '00550', 550);
INSERT INTO EX.SINTOMAS(FECHA_INICIO, ID_SINTOMA, ID_PERSONA, ID_FICHA_MEDICA) VALUES
                            (TO_DATE('2020-06-19','YYYY-MM-DD'), 10, '00550', 550);
INSERT INTO EX.SINTOMAS(FECHA_INICIO, ID_SINTOMA, ID_PERSONA, ID_FICHA_MEDICA) VALUES
                            (TO_DATE('2020-06-12','YYYY-MM-DD'), 11, '00550', 550);
INSERT INTO EX.SINTOMAS(FECHA_INICIO, ID_SINTOMA, ID_PERSONA, ID_FICHA_MEDICA) VALUES
                            (TO_DATE('2020-06-20','YYYY-MM-DD'), 12, '00550', 550);
INSERT INTO EX.SINTOMAS(FECHA_INICIO, ID_SINTOMA, ID_PERSONA, ID_FICHA_MEDICA) VALUES
                            (TO_DATE('2020-01-30','YYYY-MM-DD'), 13, '00550', 550);
INSERT INTO EX.SINTOMAS(FECHA_INICIO, ID_SINTOMA, ID_PERSONA, ID_FICHA_MEDICA) VALUES
                            (TO_DATE('2020-01-16','YYYY-MM-DD'), 14, '00550', 550);
INSERT INTO EX.SINTOMAS(FECHA_INICIO, ID_SINTOMA, ID_PERSONA, ID_FICHA_MEDICA) VALUES
                            (TO_DATE('2020-05-06','YYYY-MM-DD'), 15, '00550', 550);
INSERT INTO EX.SINTOMAS(FECHA_INICIO, ID_SINTOMA, ID_PERSONA, ID_FICHA_MEDICA) VALUES
                            (TO_DATE('2020-01-12','YYYY-MM-DD'), 16, '00550', 550);
INSERT INTO EX.SINTOMAS(FECHA_INICIO, ID_SINTOMA, ID_PERSONA, ID_FICHA_MEDICA) VALUES
                            (TO_DATE('2020-02-13','YYYY-MM-DD'), 17, '00550', 550);
INSERT INTO EX.SINTOMAS(FECHA_INICIO, ID_SINTOMA, ID_PERSONA, ID_FICHA_MEDICA) VALUES
                            (TO_DATE('2020-06-19','YYYY-MM-DD'), 18, '00550', 550);
INSERT INTO EX.SINTOMAS(FECHA_INICIO, ID_SINTOMA, ID_PERSONA, ID_FICHA_MEDICA) VALUES
                            (TO_DATE('2020-01-02','YYYY-MM-DD'), 19, '00550', 550);
INSERT INTO EX.PERSONA(DOC_IDENTIDAD, NOMBRE, NOMBRE1, APELLIDO, APELLIDO1, FECHA_NAC, GENERO, FOTO) VALUES
                  ('00551', 'James', 'Tiffany', 'Odom', 'Lewis', TO_DATE('2005-12-12','YYYY-MM-DD'), 'f', NULL);
INSERT INTO EX.HISTORICO_RESIDENCIA(FECHA_INICIO, ID_LUGAR, ID_PERSONA, FECHA_FIN) VALUES
                  (TO_DATE('1998-08-10','YYYY-MM-DD'), 27, '00551', NULL);
INSERT INTO EX.FICHA_MEDICA(ID, ID_PERSONA, ID_CENTRO_SALUD, ID_LUGAR, ESTADO, FECHA_INFECCION, FECHA_RECUPERACION) VALUES
                                             (551, '00551', 12, 27, 'desconido', NULL, NULL);
INSERT INTO EX.SINTOMAS(FECHA_INICIO, ID_SINTOMA, ID_PERSONA, ID_FICHA_MEDICA) VALUES
                            (TO_DATE('2020-05-23','YYYY-MM-DD'), 1, '00551', 551);
INSERT INTO EX.SINTOMAS(FECHA_INICIO, ID_SINTOMA, ID_PERSONA, ID_FICHA_MEDICA) VALUES
                            (TO_DATE('2020-02-17','YYYY-MM-DD'), 2, '00551', 551);
INSERT INTO EX.SINTOMAS(FECHA_INICIO, ID_SINTOMA, ID_PERSONA, ID_FICHA_MEDICA) VALUES
                            (TO_DATE('2020-02-15','YYYY-MM-DD'), 3, '00551', 551);
INSERT INTO EX.SINTOMAS(FECHA_INICIO, ID_SINTOMA, ID_PERSONA, ID_FICHA_MEDICA) VALUES
                            (TO_DATE('2020-03-16','YYYY-MM-DD'), 4, '00551', 551);
INSERT INTO EX.SINTOMAS(FECHA_INICIO, ID_SINTOMA, ID_PERSONA, ID_FICHA_MEDICA) VALUES
                            (TO_DATE('2020-05-11','YYYY-MM-DD'), 5, '00551', 551);
INSERT INTO EX.SINTOMAS(FECHA_INICIO, ID_SINTOMA, ID_PERSONA, ID_FICHA_MEDICA) VALUES
                            (TO_DATE('2020-06-19','YYYY-MM-DD'), 6, '00551', 551);
INSERT INTO EX.SINTOMAS(FECHA_INICIO, ID_SINTOMA, ID_PERSONA, ID_FICHA_MEDICA) VALUES
                            (TO_DATE('2020-04-19','YYYY-MM-DD'), 7, '00551', 551);
INSERT INTO EX.SINTOMAS(FECHA_INICIO, ID_SINTOMA, ID_PERSONA, ID_FICHA_MEDICA) VALUES
                            (TO_DATE('2020-02-13','YYYY-MM-DD'), 8, '00551', 551);
INSERT INTO EX.SINTOMAS(FECHA_INICIO, ID_SINTOMA, ID_PERSONA, ID_FICHA_MEDICA) VALUES
                            (TO_DATE('2020-01-23','YYYY-MM-DD'), 9, '00551', 551);
INSERT INTO EX.SINTOMAS(FECHA_INICIO, ID_SINTOMA, ID_PERSONA, ID_FICHA_MEDICA) VALUES
                            (TO_DATE('2020-04-02','YYYY-MM-DD'), 10, '00551', 551);
INSERT INTO EX.SINTOMAS(FECHA_INICIO, ID_SINTOMA, ID_PERSONA, ID_FICHA_MEDICA) VALUES
                            (TO_DATE('2020-04-16','YYYY-MM-DD'), 11, '00551', 551);
INSERT INTO EX.SINTOMAS(FECHA_INICIO, ID_SINTOMA, ID_PERSONA, ID_FICHA_MEDICA) VALUES
                            (TO_DATE('2020-03-24','YYYY-MM-DD'), 12, '00551', 551);
INSERT INTO EX.SINTOMAS(FECHA_INICIO, ID_SINTOMA, ID_PERSONA, ID_FICHA_MEDICA) VALUES
                            (TO_DATE('2020-04-03','YYYY-MM-DD'), 13, '00551', 551);
INSERT INTO EX.SINTOMAS(FECHA_INICIO, ID_SINTOMA, ID_PERSONA, ID_FICHA_MEDICA) VALUES
                            (TO_DATE('2020-05-06','YYYY-MM-DD'), 14, '00551', 551);
INSERT INTO EX.SINTOMAS(FECHA_INICIO, ID_SINTOMA, ID_PERSONA, ID_FICHA_MEDICA) VALUES
                            (TO_DATE('2020-03-27','YYYY-MM-DD'), 15, '00551', 551);
INSERT INTO EX.SINTOMAS(FECHA_INICIO, ID_SINTOMA, ID_PERSONA, ID_FICHA_MEDICA) VALUES
                            (TO_DATE('2020-03-01','YYYY-MM-DD'), 16, '00551', 551);
INSERT INTO EX.PERSONA(DOC_IDENTIDAD, NOMBRE, NOMBRE1, APELLIDO, APELLIDO1, FECHA_NAC, GENERO, FOTO) VALUES
                  ('00552', 'Travis', 'Matthew', 'Evans', 'Pugh', TO_DATE('2010-10-30','YYYY-MM-DD'), 'm', NULL);
INSERT INTO EX.HISTORICO_RESIDENCIA(FECHA_INICIO, ID_LUGAR, ID_PERSONA, FECHA_FIN) VALUES
                  (TO_DATE('1993-10-10','YYYY-MM-DD'), 29, '00552', NULL);
INSERT INTO EX.FICHA_MEDICA(ID, ID_PERSONA, ID_CENTRO_SALUD, ID_LUGAR, ESTADO, FECHA_INFECCION, FECHA_RECUPERACION) VALUES
                                             (552, '00552', 14, 29, 'desconido', NULL, NULL);
INSERT INTO EX.PADECIMIENTOS(ID_PATOLOGIA, ID_PERSONA, ID_FICHA_MEDICA) VALUES
                            (1, '00552', 552);
INSERT INTO EX.PADECIMIENTOS(ID_PATOLOGIA, ID_PERSONA, ID_FICHA_MEDICA) VALUES
                            (2, '00552', 552);
INSERT INTO EX.PADECIMIENTOS(ID_PATOLOGIA, ID_PERSONA, ID_FICHA_MEDICA) VALUES
                            (3, '00552', 552);
INSERT INTO EX.PADECIMIENTOS(ID_PATOLOGIA, ID_PERSONA, ID_FICHA_MEDICA) VALUES
                            (4, '00552', 552);
INSERT INTO EX.PADECIMIENTOS(ID_PATOLOGIA, ID_PERSONA, ID_FICHA_MEDICA) VALUES
                            (5, '00552', 552);
INSERT INTO EX.PADECIMIENTOS(ID_PATOLOGIA, ID_PERSONA, ID_FICHA_MEDICA) VALUES
                            (6, '00552', 552);
INSERT INTO EX.PADECIMIENTOS(ID_PATOLOGIA, ID_PERSONA, ID_FICHA_MEDICA) VALUES
                            (7, '00552', 552);
INSERT INTO EX.PADECIMIENTOS(ID_PATOLOGIA, ID_PERSONA, ID_FICHA_MEDICA) VALUES
                            (8, '00552', 552);
INSERT INTO EX.PADECIMIENTOS(ID_PATOLOGIA, ID_PERSONA, ID_FICHA_MEDICA) VALUES
                            (9, '00552', 552);
INSERT INTO EX.PADECIMIENTOS(ID_PATOLOGIA, ID_PERSONA, ID_FICHA_MEDICA) VALUES
                            (10, '00552', 552);
INSERT INTO EX.PADECIMIENTOS(ID_PATOLOGIA, ID_PERSONA, ID_FICHA_MEDICA) VALUES
                            (11, '00552', 552);
INSERT INTO EX.PADECIMIENTOS(ID_PATOLOGIA, ID_PERSONA, ID_FICHA_MEDICA) VALUES
                            (12, '00552', 552);
INSERT INTO EX.PADECIMIENTOS(ID_PATOLOGIA, ID_PERSONA, ID_FICHA_MEDICA) VALUES
                            (13, '00552', 552);
INSERT INTO EX.PADECIMIENTOS(ID_PATOLOGIA, ID_PERSONA, ID_FICHA_MEDICA) VALUES
                            (14, '00552', 552);
INSERT INTO EX.SINTOMAS(FECHA_INICIO, ID_SINTOMA, ID_PERSONA, ID_FICHA_MEDICA) VALUES
                            (TO_DATE('2020-06-14','YYYY-MM-DD'), 1, '00552', 552);
INSERT INTO EX.SINTOMAS(FECHA_INICIO, ID_SINTOMA, ID_PERSONA, ID_FICHA_MEDICA) VALUES
                            (TO_DATE('2020-03-10','YYYY-MM-DD'), 2, '00552', 552);
INSERT INTO EX.SINTOMAS(FECHA_INICIO, ID_SINTOMA, ID_PERSONA, ID_FICHA_MEDICA) VALUES
                            (TO_DATE('2020-06-12','YYYY-MM-DD'), 3, '00552', 552);
INSERT INTO EX.SINTOMAS(FECHA_INICIO, ID_SINTOMA, ID_PERSONA, ID_FICHA_MEDICA) VALUES
                            (TO_DATE('2020-02-04','YYYY-MM-DD'), 4, '00552', 552);
INSERT INTO EX.SINTOMAS(FECHA_INICIO, ID_SINTOMA, ID_PERSONA, ID_FICHA_MEDICA) VALUES
                            (TO_DATE('2020-01-01','YYYY-MM-DD'), 5, '00552', 552);
INSERT INTO EX.SINTOMAS(FECHA_INICIO, ID_SINTOMA, ID_PERSONA, ID_FICHA_MEDICA) VALUES
                            (TO_DATE('2020-02-03','YYYY-MM-DD'), 6, '00552', 552);
INSERT INTO EX.SINTOMAS(FECHA_INICIO, ID_SINTOMA, ID_PERSONA, ID_FICHA_MEDICA) VALUES
                            (TO_DATE('2020-06-02','YYYY-MM-DD'), 7, '00552', 552);
INSERT INTO EX.SINTOMAS(FECHA_INICIO, ID_SINTOMA, ID_PERSONA, ID_FICHA_MEDICA) VALUES
                            (TO_DATE('2020-02-20','YYYY-MM-DD'), 8, '00552', 552);
INSERT INTO EX.SINTOMAS(FECHA_INICIO, ID_SINTOMA, ID_PERSONA, ID_FICHA_MEDICA) VALUES
                            (TO_DATE('2020-03-03','YYYY-MM-DD'), 9, '00552', 552);
INSERT INTO EX.SINTOMAS(FECHA_INICIO, ID_SINTOMA, ID_PERSONA, ID_FICHA_MEDICA) VALUES
                            (TO_DATE('2020-04-01','YYYY-MM-DD'), 10, '00552', 552);
INSERT INTO EX.SINTOMAS(FECHA_INICIO, ID_SINTOMA, ID_PERSONA, ID_FICHA_MEDICA) VALUES
                            (TO_DATE('2020-06-24','YYYY-MM-DD'), 11, '00552', 552);
INSERT INTO EX.SINTOMAS(FECHA_INICIO, ID_SINTOMA, ID_PERSONA, ID_FICHA_MEDICA) VALUES
                            (TO_DATE('2020-06-09','YYYY-MM-DD'), 12, '00552', 552);
INSERT INTO EX.SINTOMAS(FECHA_INICIO, ID_SINTOMA, ID_PERSONA, ID_FICHA_MEDICA) VALUES
                            (TO_DATE('2020-05-22','YYYY-MM-DD'), 13, '00552', 552);
INSERT INTO EX.SINTOMAS(FECHA_INICIO, ID_SINTOMA, ID_PERSONA, ID_FICHA_MEDICA) VALUES
                            (TO_DATE('2020-05-24','YYYY-MM-DD'), 14, '00552', 552);
INSERT INTO EX.SINTOMAS(FECHA_INICIO, ID_SINTOMA, ID_PERSONA, ID_FICHA_MEDICA) VALUES
                            (TO_DATE('2020-05-20','YYYY-MM-DD'), 15, '00552', 552);
INSERT INTO EX.SINTOMAS(FECHA_INICIO, ID_SINTOMA, ID_PERSONA, ID_FICHA_MEDICA) VALUES
                            (TO_DATE('2020-04-06','YYYY-MM-DD'), 16, '00552', 552);
INSERT INTO EX.SINTOMAS(FECHA_INICIO, ID_SINTOMA, ID_PERSONA, ID_FICHA_MEDICA) VALUES
                            (TO_DATE('2020-05-11','YYYY-MM-DD'), 17, '00552', 552);
INSERT INTO EX.PERSONA(DOC_IDENTIDAD, NOMBRE, NOMBRE1, APELLIDO, APELLIDO1, FECHA_NAC, GENERO, FOTO) VALUES
                  ('00553', 'Julie', 'Kyle', 'Castro', 'Booth', TO_DATE('1994-03-02','YYYY-MM-DD'), 'f', NULL);
INSERT INTO EX.HISTORICO_RESIDENCIA(FECHA_INICIO, ID_LUGAR, ID_PERSONA, FECHA_FIN) VALUES
                  (TO_DATE('1973-06-09','YYYY-MM-DD'), 42, '00553', NULL);
INSERT INTO EX.FICHA_MEDICA(ID, ID_PERSONA, ID_CENTRO_SALUD, ID_LUGAR, ESTADO, FECHA_INFECCION, FECHA_RECUPERACION) VALUES
                                             (553, '00553', 27, 42, 'desconido', NULL, NULL);
INSERT INTO EX.PERSONA(DOC_IDENTIDAD, NOMBRE, NOMBRE1, APELLIDO, APELLIDO1, FECHA_NAC, GENERO, FOTO) VALUES
                  ('00554', 'Timothy', 'Heather', 'Swanson', 'Montoya', TO_DATE('2019-08-09','YYYY-MM-DD'), 'm', NULL);
INSERT INTO EX.HISTORICO_RESIDENCIA(FECHA_INICIO, ID_LUGAR, ID_PERSONA, FECHA_FIN) VALUES
                  (TO_DATE('2008-02-21','YYYY-MM-DD'), 22, '00554', NULL);
INSERT INTO EX.FICHA_MEDICA(ID, ID_PERSONA, ID_CENTRO_SALUD, ID_LUGAR, ESTADO, FECHA_INFECCION, FECHA_RECUPERACION) VALUES
                                             (554, '00554', 7, 22, 'desconido', NULL, NULL);
INSERT INTO EX.PADECIMIENTOS(ID_PATOLOGIA, ID_PERSONA, ID_FICHA_MEDICA) VALUES
                            (1, '00554', 554);
INSERT INTO EX.PADECIMIENTOS(ID_PATOLOGIA, ID_PERSONA, ID_FICHA_MEDICA) VALUES
                            (2, '00554', 554);
INSERT INTO EX.PADECIMIENTOS(ID_PATOLOGIA, ID_PERSONA, ID_FICHA_MEDICA) VALUES
                            (3, '00554', 554);
INSERT INTO EX.PERSONA(DOC_IDENTIDAD, NOMBRE, NOMBRE1, APELLIDO, APELLIDO1, FECHA_NAC, GENERO, FOTO) VALUES
                  ('00555', 'Rachel', 'Charles', 'Hernandez', 'Russell', TO_DATE('2007-01-23','YYYY-MM-DD'), 'f', NULL);
INSERT INTO EX.HISTORICO_RESIDENCIA(FECHA_INICIO, ID_LUGAR, ID_PERSONA, FECHA_FIN) VALUES
                  (TO_DATE('1989-04-14','YYYY-MM-DD'), 19, '00555', NULL);
INSERT INTO EX.FICHA_MEDICA(ID, ID_PERSONA, ID_CENTRO_SALUD, ID_LUGAR, ESTADO, FECHA_INFECCION, FECHA_RECUPERACION) VALUES
                                             (555, '00555', 4, 19, 'desconido', NULL, NULL);
INSERT INTO EX.PADECIMIENTOS(ID_PATOLOGIA, ID_PERSONA, ID_FICHA_MEDICA) VALUES
                            (1, '00555', 555);
INSERT INTO EX.PADECIMIENTOS(ID_PATOLOGIA, ID_PERSONA, ID_FICHA_MEDICA) VALUES
                            (2, '00555', 555);
INSERT INTO EX.PADECIMIENTOS(ID_PATOLOGIA, ID_PERSONA, ID_FICHA_MEDICA) VALUES
                            (3, '00555', 555);
INSERT INTO EX.PADECIMIENTOS(ID_PATOLOGIA, ID_PERSONA, ID_FICHA_MEDICA) VALUES
                            (4, '00555', 555);
INSERT INTO EX.PADECIMIENTOS(ID_PATOLOGIA, ID_PERSONA, ID_FICHA_MEDICA) VALUES
                            (5, '00555', 555);
INSERT INTO EX.PADECIMIENTOS(ID_PATOLOGIA, ID_PERSONA, ID_FICHA_MEDICA) VALUES
                            (6, '00555', 555);
INSERT INTO EX.PADECIMIENTOS(ID_PATOLOGIA, ID_PERSONA, ID_FICHA_MEDICA) VALUES
                            (7, '00555', 555);
INSERT INTO EX.PADECIMIENTOS(ID_PATOLOGIA, ID_PERSONA, ID_FICHA_MEDICA) VALUES
                            (8, '00555', 555);
INSERT INTO EX.PADECIMIENTOS(ID_PATOLOGIA, ID_PERSONA, ID_FICHA_MEDICA) VALUES
                            (9, '00555', 555);
INSERT INTO EX.PERSONA(DOC_IDENTIDAD, NOMBRE, NOMBRE1, APELLIDO, APELLIDO1, FECHA_NAC, GENERO, FOTO) VALUES
                  ('00556', 'Jose', 'Linda', 'Thomas', 'Allen', TO_DATE('2018-09-11','YYYY-MM-DD'), 'm', NULL);
INSERT INTO EX.HISTORICO_RESIDENCIA(FECHA_INICIO, ID_LUGAR, ID_PERSONA, FECHA_FIN) VALUES
                  (TO_DATE('2009-01-04','YYYY-MM-DD'), 25, '00556', NULL);
INSERT INTO EX.FICHA_MEDICA(ID, ID_PERSONA, ID_CENTRO_SALUD, ID_LUGAR, ESTADO, FECHA_INFECCION, FECHA_RECUPERACION) VALUES
                                             (556, '00556', 10, 25, 'desconido', NULL, NULL);
INSERT INTO EX.PERSONA(DOC_IDENTIDAD, NOMBRE, NOMBRE1, APELLIDO, APELLIDO1, FECHA_NAC, GENERO, FOTO) VALUES
                  ('00557', 'Emily', 'Sherry', 'Johnston', 'Arellano', TO_DATE('1987-01-29','YYYY-MM-DD'), 'f', NULL);
INSERT INTO EX.HISTORICO_RESIDENCIA(FECHA_INICIO, ID_LUGAR, ID_PERSONA, FECHA_FIN) VALUES
                  (TO_DATE('1998-08-07','YYYY-MM-DD'), 22, '00557', NULL);
INSERT INTO EX.FICHA_MEDICA(ID, ID_PERSONA, ID_CENTRO_SALUD, ID_LUGAR, ESTADO, FECHA_INFECCION, FECHA_RECUPERACION) VALUES
                                             (557, '00557', 7, 22, 'desconido', NULL, NULL);
INSERT INTO EX.SINTOMAS(FECHA_INICIO, ID_SINTOMA, ID_PERSONA, ID_FICHA_MEDICA) VALUES
                            (TO_DATE('2020-05-15','YYYY-MM-DD'), 1, '00557', 557);
INSERT INTO EX.SINTOMAS(FECHA_INICIO, ID_SINTOMA, ID_PERSONA, ID_FICHA_MEDICA) VALUES
                            (TO_DATE('2020-06-30','YYYY-MM-DD'), 2, '00557', 557);
INSERT INTO EX.SINTOMAS(FECHA_INICIO, ID_SINTOMA, ID_PERSONA, ID_FICHA_MEDICA) VALUES
                            (TO_DATE('2020-06-09','YYYY-MM-DD'), 3, '00557', 557);
INSERT INTO EX.SINTOMAS(FECHA_INICIO, ID_SINTOMA, ID_PERSONA, ID_FICHA_MEDICA) VALUES
                            (TO_DATE('2020-05-21','YYYY-MM-DD'), 4, '00557', 557);
INSERT INTO EX.SINTOMAS(FECHA_INICIO, ID_SINTOMA, ID_PERSONA, ID_FICHA_MEDICA) VALUES
                            (TO_DATE('2020-05-12','YYYY-MM-DD'), 5, '00557', 557);
INSERT INTO EX.SINTOMAS(FECHA_INICIO, ID_SINTOMA, ID_PERSONA, ID_FICHA_MEDICA) VALUES
                            (TO_DATE('2020-01-15','YYYY-MM-DD'), 6, '00557', 557);
INSERT INTO EX.SINTOMAS(FECHA_INICIO, ID_SINTOMA, ID_PERSONA, ID_FICHA_MEDICA) VALUES
                            (TO_DATE('2020-02-09','YYYY-MM-DD'), 7, '00557', 557);
INSERT INTO EX.SINTOMAS(FECHA_INICIO, ID_SINTOMA, ID_PERSONA, ID_FICHA_MEDICA) VALUES
                            (TO_DATE('2020-02-19','YYYY-MM-DD'), 8, '00557', 557);
INSERT INTO EX.SINTOMAS(FECHA_INICIO, ID_SINTOMA, ID_PERSONA, ID_FICHA_MEDICA) VALUES
                            (TO_DATE('2020-05-21','YYYY-MM-DD'), 9, '00557', 557);
INSERT INTO EX.SINTOMAS(FECHA_INICIO, ID_SINTOMA, ID_PERSONA, ID_FICHA_MEDICA) VALUES
                            (TO_DATE('2020-01-20','YYYY-MM-DD'), 10, '00557', 557);
INSERT INTO EX.SINTOMAS(FECHA_INICIO, ID_SINTOMA, ID_PERSONA, ID_FICHA_MEDICA) VALUES
                            (TO_DATE('2020-03-25','YYYY-MM-DD'), 11, '00557', 557);
INSERT INTO EX.SINTOMAS(FECHA_INICIO, ID_SINTOMA, ID_PERSONA, ID_FICHA_MEDICA) VALUES
                            (TO_DATE('2020-03-12','YYYY-MM-DD'), 12, '00557', 557);
INSERT INTO EX.SINTOMAS(FECHA_INICIO, ID_SINTOMA, ID_PERSONA, ID_FICHA_MEDICA) VALUES
                            (TO_DATE('2020-02-20','YYYY-MM-DD'), 13, '00557', 557);
INSERT INTO EX.SINTOMAS(FECHA_INICIO, ID_SINTOMA, ID_PERSONA, ID_FICHA_MEDICA) VALUES
                            (TO_DATE('2020-02-05','YYYY-MM-DD'), 14, '00557', 557);
INSERT INTO EX.SINTOMAS(FECHA_INICIO, ID_SINTOMA, ID_PERSONA, ID_FICHA_MEDICA) VALUES
                            (TO_DATE('2020-03-02','YYYY-MM-DD'), 15, '00557', 557);
INSERT INTO EX.SINTOMAS(FECHA_INICIO, ID_SINTOMA, ID_PERSONA, ID_FICHA_MEDICA) VALUES
                            (TO_DATE('2020-03-30','YYYY-MM-DD'), 16, '00557', 557);
INSERT INTO EX.PERSONA(DOC_IDENTIDAD, NOMBRE, NOMBRE1, APELLIDO, APELLIDO1, FECHA_NAC, GENERO, FOTO) VALUES
                  ('00558', 'Kelly', 'Michelle', 'Williams', 'Evans', TO_DATE('2000-11-17','YYYY-MM-DD'), 'm', NULL);
INSERT INTO EX.HISTORICO_RESIDENCIA(FECHA_INICIO, ID_LUGAR, ID_PERSONA, FECHA_FIN) VALUES
                  (TO_DATE('1999-01-02','YYYY-MM-DD'), 28, '00558', NULL);
INSERT INTO EX.FICHA_MEDICA(ID, ID_PERSONA, ID_CENTRO_SALUD, ID_LUGAR, ESTADO, FECHA_INFECCION, FECHA_RECUPERACION) VALUES
                                             (558, '00558', 13, 28, 'desconido', NULL, NULL);
INSERT INTO EX.PADECIMIENTOS(ID_PATOLOGIA, ID_PERSONA, ID_FICHA_MEDICA) VALUES
                            (1, '00558', 558);
INSERT INTO EX.PADECIMIENTOS(ID_PATOLOGIA, ID_PERSONA, ID_FICHA_MEDICA) VALUES
                            (2, '00558', 558);
INSERT INTO EX.PADECIMIENTOS(ID_PATOLOGIA, ID_PERSONA, ID_FICHA_MEDICA) VALUES
                            (3, '00558', 558);
INSERT INTO EX.PADECIMIENTOS(ID_PATOLOGIA, ID_PERSONA, ID_FICHA_MEDICA) VALUES
                            (4, '00558', 558);
INSERT INTO EX.PADECIMIENTOS(ID_PATOLOGIA, ID_PERSONA, ID_FICHA_MEDICA) VALUES
                            (5, '00558', 558);
INSERT INTO EX.PADECIMIENTOS(ID_PATOLOGIA, ID_PERSONA, ID_FICHA_MEDICA) VALUES
                            (6, '00558', 558);
INSERT INTO EX.PADECIMIENTOS(ID_PATOLOGIA, ID_PERSONA, ID_FICHA_MEDICA) VALUES
                            (7, '00558', 558);
INSERT INTO EX.PADECIMIENTOS(ID_PATOLOGIA, ID_PERSONA, ID_FICHA_MEDICA) VALUES
                            (8, '00558', 558);
INSERT INTO EX.PADECIMIENTOS(ID_PATOLOGIA, ID_PERSONA, ID_FICHA_MEDICA) VALUES
                            (9, '00558', 558);
INSERT INTO EX.PADECIMIENTOS(ID_PATOLOGIA, ID_PERSONA, ID_FICHA_MEDICA) VALUES
                            (10, '00558', 558);
INSERT INTO EX.PADECIMIENTOS(ID_PATOLOGIA, ID_PERSONA, ID_FICHA_MEDICA) VALUES
                            (11, '00558', 558);
INSERT INTO EX.PADECIMIENTOS(ID_PATOLOGIA, ID_PERSONA, ID_FICHA_MEDICA) VALUES
                            (12, '00558', 558);
INSERT INTO EX.PADECIMIENTOS(ID_PATOLOGIA, ID_PERSONA, ID_FICHA_MEDICA) VALUES
                            (13, '00558', 558);
INSERT INTO EX.PADECIMIENTOS(ID_PATOLOGIA, ID_PERSONA, ID_FICHA_MEDICA) VALUES
                            (14, '00558', 558);
INSERT INTO EX.SINTOMAS(FECHA_INICIO, ID_SINTOMA, ID_PERSONA, ID_FICHA_MEDICA) VALUES
                            (TO_DATE('2020-03-23','YYYY-MM-DD'), 1, '00558', 558);
INSERT INTO EX.SINTOMAS(FECHA_INICIO, ID_SINTOMA, ID_PERSONA, ID_FICHA_MEDICA) VALUES
                            (TO_DATE('2020-05-31','YYYY-MM-DD'), 2, '00558', 558);
INSERT INTO EX.SINTOMAS(FECHA_INICIO, ID_SINTOMA, ID_PERSONA, ID_FICHA_MEDICA) VALUES
                            (TO_DATE('2020-02-06','YYYY-MM-DD'), 3, '00558', 558);
INSERT INTO EX.SINTOMAS(FECHA_INICIO, ID_SINTOMA, ID_PERSONA, ID_FICHA_MEDICA) VALUES
                            (TO_DATE('2020-02-11','YYYY-MM-DD'), 4, '00558', 558);
INSERT INTO EX.SINTOMAS(FECHA_INICIO, ID_SINTOMA, ID_PERSONA, ID_FICHA_MEDICA) VALUES
                            (TO_DATE('2020-05-07','YYYY-MM-DD'), 5, '00558', 558);
INSERT INTO EX.SINTOMAS(FECHA_INICIO, ID_SINTOMA, ID_PERSONA, ID_FICHA_MEDICA) VALUES
                            (TO_DATE('2020-03-18','YYYY-MM-DD'), 6, '00558', 558);
INSERT INTO EX.PERSONA(DOC_IDENTIDAD, NOMBRE, NOMBRE1, APELLIDO, APELLIDO1, FECHA_NAC, GENERO, FOTO) VALUES
                  ('00559', 'Michael', 'Julie', 'Williams', 'Lopez', TO_DATE('2013-04-05','YYYY-MM-DD'), 'f', NULL);
INSERT INTO EX.HISTORICO_RESIDENCIA(FECHA_INICIO, ID_LUGAR, ID_PERSONA, FECHA_FIN) VALUES
                  (TO_DATE('1994-07-10','YYYY-MM-DD'), 45, '00559', NULL);
INSERT INTO EX.FICHA_MEDICA(ID, ID_PERSONA, ID_CENTRO_SALUD, ID_LUGAR, ESTADO, FECHA_INFECCION, FECHA_RECUPERACION) VALUES
                                             (559, '00559', 30, 45, 'desconido', NULL, NULL);
INSERT INTO EX.PADECIMIENTOS(ID_PATOLOGIA, ID_PERSONA, ID_FICHA_MEDICA) VALUES
                            (1, '00559', 559);
INSERT INTO EX.PADECIMIENTOS(ID_PATOLOGIA, ID_PERSONA, ID_FICHA_MEDICA) VALUES
                            (2, '00559', 559);
INSERT INTO EX.PADECIMIENTOS(ID_PATOLOGIA, ID_PERSONA, ID_FICHA_MEDICA) VALUES
                            (3, '00559', 559);
INSERT INTO EX.PADECIMIENTOS(ID_PATOLOGIA, ID_PERSONA, ID_FICHA_MEDICA) VALUES
                            (4, '00559', 559);
INSERT INTO EX.PADECIMIENTOS(ID_PATOLOGIA, ID_PERSONA, ID_FICHA_MEDICA) VALUES
                            (5, '00559', 559);
INSERT INTO EX.PADECIMIENTOS(ID_PATOLOGIA, ID_PERSONA, ID_FICHA_MEDICA) VALUES
                            (6, '00559', 559);
INSERT INTO EX.PADECIMIENTOS(ID_PATOLOGIA, ID_PERSONA, ID_FICHA_MEDICA) VALUES
                            (7, '00559', 559);
INSERT INTO EX.PADECIMIENTOS(ID_PATOLOGIA, ID_PERSONA, ID_FICHA_MEDICA) VALUES
                            (8, '00559', 559);
INSERT INTO EX.PADECIMIENTOS(ID_PATOLOGIA, ID_PERSONA, ID_FICHA_MEDICA) VALUES
                            (9, '00559', 559);
INSERT INTO EX.PADECIMIENTOS(ID_PATOLOGIA, ID_PERSONA, ID_FICHA_MEDICA) VALUES
                            (10, '00559', 559);
INSERT INTO EX.PADECIMIENTOS(ID_PATOLOGIA, ID_PERSONA, ID_FICHA_MEDICA) VALUES
                            (11, '00559', 559);
INSERT INTO EX.PADECIMIENTOS(ID_PATOLOGIA, ID_PERSONA, ID_FICHA_MEDICA) VALUES
                            (12, '00559', 559);
INSERT INTO EX.PADECIMIENTOS(ID_PATOLOGIA, ID_PERSONA, ID_FICHA_MEDICA) VALUES
                            (13, '00559', 559);
INSERT INTO EX.PADECIMIENTOS(ID_PATOLOGIA, ID_PERSONA, ID_FICHA_MEDICA) VALUES
                            (14, '00559', 559);
INSERT INTO EX.PADECIMIENTOS(ID_PATOLOGIA, ID_PERSONA, ID_FICHA_MEDICA) VALUES
                            (15, '00559', 559);
INSERT INTO EX.SINTOMAS(FECHA_INICIO, ID_SINTOMA, ID_PERSONA, ID_FICHA_MEDICA) VALUES
                            (TO_DATE('2020-04-22','YYYY-MM-DD'), 1, '00559', 559);
INSERT INTO EX.SINTOMAS(FECHA_INICIO, ID_SINTOMA, ID_PERSONA, ID_FICHA_MEDICA) VALUES
                            (TO_DATE('2020-04-30','YYYY-MM-DD'), 2, '00559', 559);
INSERT INTO EX.SINTOMAS(FECHA_INICIO, ID_SINTOMA, ID_PERSONA, ID_FICHA_MEDICA) VALUES
                            (TO_DATE('2020-06-28','YYYY-MM-DD'), 3, '00559', 559);
INSERT INTO EX.SINTOMAS(FECHA_INICIO, ID_SINTOMA, ID_PERSONA, ID_FICHA_MEDICA) VALUES
                            (TO_DATE('2020-04-03','YYYY-MM-DD'), 4, '00559', 559);
INSERT INTO EX.SINTOMAS(FECHA_INICIO, ID_SINTOMA, ID_PERSONA, ID_FICHA_MEDICA) VALUES
                            (TO_DATE('2020-06-30','YYYY-MM-DD'), 5, '00559', 559);
INSERT INTO EX.PERSONA(DOC_IDENTIDAD, NOMBRE, NOMBRE1, APELLIDO, APELLIDO1, FECHA_NAC, GENERO, FOTO) VALUES
                  ('00560', 'Martha', 'Valerie', 'Jackson', 'Page', TO_DATE('1994-08-21','YYYY-MM-DD'), 'm', NULL);
INSERT INTO EX.HISTORICO_RESIDENCIA(FECHA_INICIO, ID_LUGAR, ID_PERSONA, FECHA_FIN) VALUES
                  (TO_DATE('1997-09-10','YYYY-MM-DD'), 18, '00560', NULL);
INSERT INTO EX.FICHA_MEDICA(ID, ID_PERSONA, ID_CENTRO_SALUD, ID_LUGAR, ESTADO, FECHA_INFECCION, FECHA_RECUPERACION) VALUES
                                             (560, '00560', 3, 18, 'desconido', NULL, NULL);
INSERT INTO EX.PADECIMIENTOS(ID_PATOLOGIA, ID_PERSONA, ID_FICHA_MEDICA) VALUES
                            (1, '00560', 560);
INSERT INTO EX.PADECIMIENTOS(ID_PATOLOGIA, ID_PERSONA, ID_FICHA_MEDICA) VALUES
                            (2, '00560', 560);
INSERT INTO EX.PADECIMIENTOS(ID_PATOLOGIA, ID_PERSONA, ID_FICHA_MEDICA) VALUES
                            (3, '00560', 560);
INSERT INTO EX.PADECIMIENTOS(ID_PATOLOGIA, ID_PERSONA, ID_FICHA_MEDICA) VALUES
                            (4, '00560', 560);
INSERT INTO EX.PADECIMIENTOS(ID_PATOLOGIA, ID_PERSONA, ID_FICHA_MEDICA) VALUES
                            (5, '00560', 560);
INSERT INTO EX.PADECIMIENTOS(ID_PATOLOGIA, ID_PERSONA, ID_FICHA_MEDICA) VALUES
                            (6, '00560', 560);
INSERT INTO EX.PADECIMIENTOS(ID_PATOLOGIA, ID_PERSONA, ID_FICHA_MEDICA) VALUES
                            (7, '00560', 560);
INSERT INTO EX.PADECIMIENTOS(ID_PATOLOGIA, ID_PERSONA, ID_FICHA_MEDICA) VALUES
                            (8, '00560', 560);
INSERT INTO EX.PADECIMIENTOS(ID_PATOLOGIA, ID_PERSONA, ID_FICHA_MEDICA) VALUES
                            (9, '00560', 560);
INSERT INTO EX.PADECIMIENTOS(ID_PATOLOGIA, ID_PERSONA, ID_FICHA_MEDICA) VALUES
                            (10, '00560', 560);
INSERT INTO EX.PADECIMIENTOS(ID_PATOLOGIA, ID_PERSONA, ID_FICHA_MEDICA) VALUES
                            (11, '00560', 560);
INSERT INTO EX.PADECIMIENTOS(ID_PATOLOGIA, ID_PERSONA, ID_FICHA_MEDICA) VALUES
                            (12, '00560', 560);
INSERT INTO EX.PADECIMIENTOS(ID_PATOLOGIA, ID_PERSONA, ID_FICHA_MEDICA) VALUES
                            (13, '00560', 560);
INSERT INTO EX.SINTOMAS(FECHA_INICIO, ID_SINTOMA, ID_PERSONA, ID_FICHA_MEDICA) VALUES
                            (TO_DATE('2020-05-28','YYYY-MM-DD'), 1, '00560', 560);
INSERT INTO EX.SINTOMAS(FECHA_INICIO, ID_SINTOMA, ID_PERSONA, ID_FICHA_MEDICA) VALUES
                            (TO_DATE('2020-04-29','YYYY-MM-DD'), 2, '00560', 560);
INSERT INTO EX.SINTOMAS(FECHA_INICIO, ID_SINTOMA, ID_PERSONA, ID_FICHA_MEDICA) VALUES
                            (TO_DATE('2020-01-12','YYYY-MM-DD'), 3, '00560', 560);
INSERT INTO EX.SINTOMAS(FECHA_INICIO, ID_SINTOMA, ID_PERSONA, ID_FICHA_MEDICA) VALUES
                            (TO_DATE('2020-02-15','YYYY-MM-DD'), 4, '00560', 560);
INSERT INTO EX.SINTOMAS(FECHA_INICIO, ID_SINTOMA, ID_PERSONA, ID_FICHA_MEDICA) VALUES
                            (TO_DATE('2020-03-22','YYYY-MM-DD'), 5, '00560', 560);
INSERT INTO EX.SINTOMAS(FECHA_INICIO, ID_SINTOMA, ID_PERSONA, ID_FICHA_MEDICA) VALUES
                            (TO_DATE('2020-06-20','YYYY-MM-DD'), 6, '00560', 560);
INSERT INTO EX.PERSONA(DOC_IDENTIDAD, NOMBRE, NOMBRE1, APELLIDO, APELLIDO1, FECHA_NAC, GENERO, FOTO) VALUES
                  ('00561', 'Destiny', 'Brandon', 'Rhodes', 'Bowers', TO_DATE('1971-02-21','YYYY-MM-DD'), 'f', NULL);
INSERT INTO EX.HISTORICO_RESIDENCIA(FECHA_INICIO, ID_LUGAR, ID_PERSONA, FECHA_FIN) VALUES
                  (TO_DATE('1987-10-11','YYYY-MM-DD'), 33, '00561', NULL);
INSERT INTO EX.FICHA_MEDICA(ID, ID_PERSONA, ID_CENTRO_SALUD, ID_LUGAR, ESTADO, FECHA_INFECCION, FECHA_RECUPERACION) VALUES
                                             (561, '00561', 18, 33, 'desconido', NULL, NULL);
INSERT INTO EX.PERSONA(DOC_IDENTIDAD, NOMBRE, NOMBRE1, APELLIDO, APELLIDO1, FECHA_NAC, GENERO, FOTO) VALUES
                  ('00562', 'Jennifer', 'Mary', 'Jackson', 'Williams', TO_DATE('1970-05-02','YYYY-MM-DD'), 'm', NULL);
INSERT INTO EX.HISTORICO_RESIDENCIA(FECHA_INICIO, ID_LUGAR, ID_PERSONA, FECHA_FIN) VALUES
                  (TO_DATE('2014-05-11','YYYY-MM-DD'), 31, '00562', NULL);
INSERT INTO EX.FICHA_MEDICA(ID, ID_PERSONA, ID_CENTRO_SALUD, ID_LUGAR, ESTADO, FECHA_INFECCION, FECHA_RECUPERACION) VALUES
                                             (562, '00562', 16, 31, 'desconido', NULL, NULL);
INSERT INTO EX.SINTOMAS(FECHA_INICIO, ID_SINTOMA, ID_PERSONA, ID_FICHA_MEDICA) VALUES
                            (TO_DATE('2020-05-28','YYYY-MM-DD'), 1, '00562', 562);
INSERT INTO EX.SINTOMAS(FECHA_INICIO, ID_SINTOMA, ID_PERSONA, ID_FICHA_MEDICA) VALUES
                            (TO_DATE('2020-06-16','YYYY-MM-DD'), 2, '00562', 562);
INSERT INTO EX.SINTOMAS(FECHA_INICIO, ID_SINTOMA, ID_PERSONA, ID_FICHA_MEDICA) VALUES
                            (TO_DATE('2020-05-19','YYYY-MM-DD'), 3, '00562', 562);
INSERT INTO EX.SINTOMAS(FECHA_INICIO, ID_SINTOMA, ID_PERSONA, ID_FICHA_MEDICA) VALUES
                            (TO_DATE('2020-01-10','YYYY-MM-DD'), 4, '00562', 562);
INSERT INTO EX.PERSONA(DOC_IDENTIDAD, NOMBRE, NOMBRE1, APELLIDO, APELLIDO1, FECHA_NAC, GENERO, FOTO) VALUES
                  ('00563', 'Christopher', 'Tina', 'Costa', 'Rich', TO_DATE('2014-09-05','YYYY-MM-DD'), 'f', NULL);
INSERT INTO EX.HISTORICO_RESIDENCIA(FECHA_INICIO, ID_LUGAR, ID_PERSONA, FECHA_FIN) VALUES
                  (TO_DATE('2006-06-04','YYYY-MM-DD'), 27, '00563', NULL);
INSERT INTO EX.FICHA_MEDICA(ID, ID_PERSONA, ID_CENTRO_SALUD, ID_LUGAR, ESTADO, FECHA_INFECCION, FECHA_RECUPERACION) VALUES
                                             (563, '00563', 12, 27, 'desconido', NULL, NULL);
INSERT INTO EX.PADECIMIENTOS(ID_PATOLOGIA, ID_PERSONA, ID_FICHA_MEDICA) VALUES
                            (1, '00563', 563);
INSERT INTO EX.PADECIMIENTOS(ID_PATOLOGIA, ID_PERSONA, ID_FICHA_MEDICA) VALUES
                            (2, '00563', 563);
INSERT INTO EX.PADECIMIENTOS(ID_PATOLOGIA, ID_PERSONA, ID_FICHA_MEDICA) VALUES
                            (3, '00563', 563);
INSERT INTO EX.PADECIMIENTOS(ID_PATOLOGIA, ID_PERSONA, ID_FICHA_MEDICA) VALUES
                            (4, '00563', 563);
INSERT INTO EX.PADECIMIENTOS(ID_PATOLOGIA, ID_PERSONA, ID_FICHA_MEDICA) VALUES
                            (5, '00563', 563);
INSERT INTO EX.PADECIMIENTOS(ID_PATOLOGIA, ID_PERSONA, ID_FICHA_MEDICA) VALUES
                            (6, '00563', 563);
INSERT INTO EX.PADECIMIENTOS(ID_PATOLOGIA, ID_PERSONA, ID_FICHA_MEDICA) VALUES
                            (7, '00563', 563);
INSERT INTO EX.PADECIMIENTOS(ID_PATOLOGIA, ID_PERSONA, ID_FICHA_MEDICA) VALUES
                            (8, '00563', 563);
INSERT INTO EX.PADECIMIENTOS(ID_PATOLOGIA, ID_PERSONA, ID_FICHA_MEDICA) VALUES
                            (9, '00563', 563);
INSERT INTO EX.PADECIMIENTOS(ID_PATOLOGIA, ID_PERSONA, ID_FICHA_MEDICA) VALUES
                            (10, '00563', 563);
INSERT INTO EX.PADECIMIENTOS(ID_PATOLOGIA, ID_PERSONA, ID_FICHA_MEDICA) VALUES
                            (11, '00563', 563);
INSERT INTO EX.PADECIMIENTOS(ID_PATOLOGIA, ID_PERSONA, ID_FICHA_MEDICA) VALUES
                            (12, '00563', 563);
INSERT INTO EX.SINTOMAS(FECHA_INICIO, ID_SINTOMA, ID_PERSONA, ID_FICHA_MEDICA) VALUES
                            (TO_DATE('2020-01-09','YYYY-MM-DD'), 1, '00563', 563);
INSERT INTO EX.SINTOMAS(FECHA_INICIO, ID_SINTOMA, ID_PERSONA, ID_FICHA_MEDICA) VALUES
                            (TO_DATE('2020-05-18','YYYY-MM-DD'), 2, '00563', 563);
INSERT INTO EX.PERSONA(DOC_IDENTIDAD, NOMBRE, NOMBRE1, APELLIDO, APELLIDO1, FECHA_NAC, GENERO, FOTO) VALUES
                  ('00564', 'Steven', 'Henry', 'Moore', 'Garza', TO_DATE('2009-05-01','YYYY-MM-DD'), 'm', NULL);
INSERT INTO EX.HISTORICO_RESIDENCIA(FECHA_INICIO, ID_LUGAR, ID_PERSONA, FECHA_FIN) VALUES
                  (TO_DATE('1983-08-31','YYYY-MM-DD'), 44, '00564', NULL);
INSERT INTO EX.FICHA_MEDICA(ID, ID_PERSONA, ID_CENTRO_SALUD, ID_LUGAR, ESTADO, FECHA_INFECCION, FECHA_RECUPERACION) VALUES
                                             (564, '00564', 29, 44, 'desconido', NULL, NULL);
INSERT INTO EX.PERSONA(DOC_IDENTIDAD, NOMBRE, NOMBRE1, APELLIDO, APELLIDO1, FECHA_NAC, GENERO, FOTO) VALUES
                  ('00565', 'Robert', 'Samantha', 'Robinson', 'Tapia', TO_DATE('1990-05-28','YYYY-MM-DD'), 'f', NULL);
INSERT INTO EX.HISTORICO_RESIDENCIA(FECHA_INICIO, ID_LUGAR, ID_PERSONA, FECHA_FIN) VALUES
                  (TO_DATE('1979-05-07','YYYY-MM-DD'), 44, '00565', NULL);
INSERT INTO EX.FICHA_MEDICA(ID, ID_PERSONA, ID_CENTRO_SALUD, ID_LUGAR, ESTADO, FECHA_INFECCION, FECHA_RECUPERACION) VALUES
                                             (565, '00565', 29, 44, 'desconido', NULL, NULL);
INSERT INTO EX.PERSONA(DOC_IDENTIDAD, NOMBRE, NOMBRE1, APELLIDO, APELLIDO1, FECHA_NAC, GENERO, FOTO) VALUES
                  ('00566', 'Patrick', 'Nicholas', 'Jenkins', 'Bowman', TO_DATE('2007-02-12','YYYY-MM-DD'), 'm', NULL);
INSERT INTO EX.HISTORICO_RESIDENCIA(FECHA_INICIO, ID_LUGAR, ID_PERSONA, FECHA_FIN) VALUES
                  (TO_DATE('1997-01-19','YYYY-MM-DD'), 18, '00566', NULL);
INSERT INTO EX.FICHA_MEDICA(ID, ID_PERSONA, ID_CENTRO_SALUD, ID_LUGAR, ESTADO, FECHA_INFECCION, FECHA_RECUPERACION) VALUES
                                             (566, '00566', 3, 18, 'desconido', NULL, NULL);
INSERT INTO EX.PADECIMIENTOS(ID_PATOLOGIA, ID_PERSONA, ID_FICHA_MEDICA) VALUES
                            (1, '00566', 566);
INSERT INTO EX.PADECIMIENTOS(ID_PATOLOGIA, ID_PERSONA, ID_FICHA_MEDICA) VALUES
                            (2, '00566', 566);
INSERT INTO EX.PADECIMIENTOS(ID_PATOLOGIA, ID_PERSONA, ID_FICHA_MEDICA) VALUES
                            (3, '00566', 566);
INSERT INTO EX.PADECIMIENTOS(ID_PATOLOGIA, ID_PERSONA, ID_FICHA_MEDICA) VALUES
                            (4, '00566', 566);
INSERT INTO EX.PADECIMIENTOS(ID_PATOLOGIA, ID_PERSONA, ID_FICHA_MEDICA) VALUES
                            (5, '00566', 566);
INSERT INTO EX.PADECIMIENTOS(ID_PATOLOGIA, ID_PERSONA, ID_FICHA_MEDICA) VALUES
                            (6, '00566', 566);
INSERT INTO EX.PADECIMIENTOS(ID_PATOLOGIA, ID_PERSONA, ID_FICHA_MEDICA) VALUES
                            (7, '00566', 566);
INSERT INTO EX.PADECIMIENTOS(ID_PATOLOGIA, ID_PERSONA, ID_FICHA_MEDICA) VALUES
                            (8, '00566', 566);
INSERT INTO EX.PADECIMIENTOS(ID_PATOLOGIA, ID_PERSONA, ID_FICHA_MEDICA) VALUES
                            (9, '00566', 566);
INSERT INTO EX.PADECIMIENTOS(ID_PATOLOGIA, ID_PERSONA, ID_FICHA_MEDICA) VALUES
                            (10, '00566', 566);
INSERT INTO EX.PADECIMIENTOS(ID_PATOLOGIA, ID_PERSONA, ID_FICHA_MEDICA) VALUES
                            (11, '00566', 566);
INSERT INTO EX.PADECIMIENTOS(ID_PATOLOGIA, ID_PERSONA, ID_FICHA_MEDICA) VALUES
                            (12, '00566', 566);
INSERT INTO EX.PADECIMIENTOS(ID_PATOLOGIA, ID_PERSONA, ID_FICHA_MEDICA) VALUES
                            (13, '00566', 566);
INSERT INTO EX.PADECIMIENTOS(ID_PATOLOGIA, ID_PERSONA, ID_FICHA_MEDICA) VALUES
                            (14, '00566', 566);
INSERT INTO EX.PADECIMIENTOS(ID_PATOLOGIA, ID_PERSONA, ID_FICHA_MEDICA) VALUES
                            (15, '00566', 566);
INSERT INTO EX.PERSONA(DOC_IDENTIDAD, NOMBRE, NOMBRE1, APELLIDO, APELLIDO1, FECHA_NAC, GENERO, FOTO) VALUES
                  ('00567', 'Debra', 'Frederick', 'Williams', 'Baker', TO_DATE('2008-06-07','YYYY-MM-DD'), 'f', NULL);
INSERT INTO EX.HISTORICO_RESIDENCIA(FECHA_INICIO, ID_LUGAR, ID_PERSONA, FECHA_FIN) VALUES
                  (TO_DATE('1974-05-08','YYYY-MM-DD'), 28, '00567', NULL);
INSERT INTO EX.FICHA_MEDICA(ID, ID_PERSONA, ID_CENTRO_SALUD, ID_LUGAR, ESTADO, FECHA_INFECCION, FECHA_RECUPERACION) VALUES
                                             (567, '00567', 13, 28, 'desconido', NULL, NULL);
INSERT INTO EX.SINTOMAS(FECHA_INICIO, ID_SINTOMA, ID_PERSONA, ID_FICHA_MEDICA) VALUES
                            (TO_DATE('2020-05-22','YYYY-MM-DD'), 1, '00567', 567);
INSERT INTO EX.SINTOMAS(FECHA_INICIO, ID_SINTOMA, ID_PERSONA, ID_FICHA_MEDICA) VALUES
                            (TO_DATE('2020-05-14','YYYY-MM-DD'), 2, '00567', 567);
INSERT INTO EX.SINTOMAS(FECHA_INICIO, ID_SINTOMA, ID_PERSONA, ID_FICHA_MEDICA) VALUES
                            (TO_DATE('2020-05-15','YYYY-MM-DD'), 3, '00567', 567);
INSERT INTO EX.PERSONA(DOC_IDENTIDAD, NOMBRE, NOMBRE1, APELLIDO, APELLIDO1, FECHA_NAC, GENERO, FOTO) VALUES
                  ('00568', 'Adam', 'Jason', 'Yang', 'Blair', TO_DATE('1976-08-30','YYYY-MM-DD'), 'm', NULL);
INSERT INTO EX.HISTORICO_RESIDENCIA(FECHA_INICIO, ID_LUGAR, ID_PERSONA, FECHA_FIN) VALUES
                  (TO_DATE('1985-02-21','YYYY-MM-DD'), 33, '00568', NULL);
INSERT INTO EX.FICHA_MEDICA(ID, ID_PERSONA, ID_CENTRO_SALUD, ID_LUGAR, ESTADO, FECHA_INFECCION, FECHA_RECUPERACION) VALUES
                                             (568, '00568', 18, 33, 'desconido', NULL, NULL);
INSERT INTO EX.PERSONA(DOC_IDENTIDAD, NOMBRE, NOMBRE1, APELLIDO, APELLIDO1, FECHA_NAC, GENERO, FOTO) VALUES
                  ('00569', 'Johnny', 'Tina', 'Rios', 'Anderson', TO_DATE('1980-01-31','YYYY-MM-DD'), 'f', NULL);
INSERT INTO EX.HISTORICO_RESIDENCIA(FECHA_INICIO, ID_LUGAR, ID_PERSONA, FECHA_FIN) VALUES
                  (TO_DATE('1984-03-19','YYYY-MM-DD'), 28, '00569', NULL);
INSERT INTO EX.FICHA_MEDICA(ID, ID_PERSONA, ID_CENTRO_SALUD, ID_LUGAR, ESTADO, FECHA_INFECCION, FECHA_RECUPERACION) VALUES
                                             (569, '00569', 13, 28, 'desconido', NULL, NULL);
INSERT INTO EX.SINTOMAS(FECHA_INICIO, ID_SINTOMA, ID_PERSONA, ID_FICHA_MEDICA) VALUES
                            (TO_DATE('2020-01-05','YYYY-MM-DD'), 1, '00569', 569);
INSERT INTO EX.SINTOMAS(FECHA_INICIO, ID_SINTOMA, ID_PERSONA, ID_FICHA_MEDICA) VALUES
                            (TO_DATE('2020-02-29','YYYY-MM-DD'), 2, '00569', 569);
INSERT INTO EX.SINTOMAS(FECHA_INICIO, ID_SINTOMA, ID_PERSONA, ID_FICHA_MEDICA) VALUES
                            (TO_DATE('2020-05-05','YYYY-MM-DD'), 3, '00569', 569);
INSERT INTO EX.SINTOMAS(FECHA_INICIO, ID_SINTOMA, ID_PERSONA, ID_FICHA_MEDICA) VALUES
                            (TO_DATE('2020-03-23','YYYY-MM-DD'), 4, '00569', 569);
INSERT INTO EX.SINTOMAS(FECHA_INICIO, ID_SINTOMA, ID_PERSONA, ID_FICHA_MEDICA) VALUES
                            (TO_DATE('2020-03-25','YYYY-MM-DD'), 5, '00569', 569);
INSERT INTO EX.SINTOMAS(FECHA_INICIO, ID_SINTOMA, ID_PERSONA, ID_FICHA_MEDICA) VALUES
                            (TO_DATE('2020-02-01','YYYY-MM-DD'), 6, '00569', 569);
INSERT INTO EX.SINTOMAS(FECHA_INICIO, ID_SINTOMA, ID_PERSONA, ID_FICHA_MEDICA) VALUES
                            (TO_DATE('2020-04-21','YYYY-MM-DD'), 7, '00569', 569);
INSERT INTO EX.SINTOMAS(FECHA_INICIO, ID_SINTOMA, ID_PERSONA, ID_FICHA_MEDICA) VALUES
                            (TO_DATE('2020-04-18','YYYY-MM-DD'), 8, '00569', 569);
INSERT INTO EX.SINTOMAS(FECHA_INICIO, ID_SINTOMA, ID_PERSONA, ID_FICHA_MEDICA) VALUES
                            (TO_DATE('2020-01-16','YYYY-MM-DD'), 9, '00569', 569);
INSERT INTO EX.SINTOMAS(FECHA_INICIO, ID_SINTOMA, ID_PERSONA, ID_FICHA_MEDICA) VALUES
                            (TO_DATE('2020-01-13','YYYY-MM-DD'), 10, '00569', 569);
INSERT INTO EX.PERSONA(DOC_IDENTIDAD, NOMBRE, NOMBRE1, APELLIDO, APELLIDO1, FECHA_NAC, GENERO, FOTO) VALUES
                  ('00570', 'Jennifer', 'Laura', 'Davis', 'Cook', TO_DATE('2017-06-07','YYYY-MM-DD'), 'm', NULL);
INSERT INTO EX.HISTORICO_RESIDENCIA(FECHA_INICIO, ID_LUGAR, ID_PERSONA, FECHA_FIN) VALUES
                  (TO_DATE('1986-05-01','YYYY-MM-DD'), 27, '00570', NULL);
INSERT INTO EX.FICHA_MEDICA(ID, ID_PERSONA, ID_CENTRO_SALUD, ID_LUGAR, ESTADO, FECHA_INFECCION, FECHA_RECUPERACION) VALUES
                                             (570, '00570', 12, 27, 'desconido', NULL, NULL);
INSERT INTO EX.SINTOMAS(FECHA_INICIO, ID_SINTOMA, ID_PERSONA, ID_FICHA_MEDICA) VALUES
                            (TO_DATE('2020-04-19','YYYY-MM-DD'), 1, '00570', 570);
INSERT INTO EX.SINTOMAS(FECHA_INICIO, ID_SINTOMA, ID_PERSONA, ID_FICHA_MEDICA) VALUES
                            (TO_DATE('2020-03-06','YYYY-MM-DD'), 2, '00570', 570);
INSERT INTO EX.SINTOMAS(FECHA_INICIO, ID_SINTOMA, ID_PERSONA, ID_FICHA_MEDICA) VALUES
                            (TO_DATE('2020-02-08','YYYY-MM-DD'), 3, '00570', 570);
INSERT INTO EX.SINTOMAS(FECHA_INICIO, ID_SINTOMA, ID_PERSONA, ID_FICHA_MEDICA) VALUES
                            (TO_DATE('2020-03-09','YYYY-MM-DD'), 4, '00570', 570);
INSERT INTO EX.SINTOMAS(FECHA_INICIO, ID_SINTOMA, ID_PERSONA, ID_FICHA_MEDICA) VALUES
                            (TO_DATE('2020-03-20','YYYY-MM-DD'), 5, '00570', 570);
INSERT INTO EX.SINTOMAS(FECHA_INICIO, ID_SINTOMA, ID_PERSONA, ID_FICHA_MEDICA) VALUES
                            (TO_DATE('2020-06-16','YYYY-MM-DD'), 6, '00570', 570);
INSERT INTO EX.PERSONA(DOC_IDENTIDAD, NOMBRE, NOMBRE1, APELLIDO, APELLIDO1, FECHA_NAC, GENERO, FOTO) VALUES
                  ('00571', 'Catherine', 'Brian', 'Johnson', 'Lynch', TO_DATE('2001-10-31','YYYY-MM-DD'), 'f', NULL);
INSERT INTO EX.HISTORICO_RESIDENCIA(FECHA_INICIO, ID_LUGAR, ID_PERSONA, FECHA_FIN) VALUES
                  (TO_DATE('1978-07-20','YYYY-MM-DD'), 41, '00571', NULL);
INSERT INTO EX.FICHA_MEDICA(ID, ID_PERSONA, ID_CENTRO_SALUD, ID_LUGAR, ESTADO, FECHA_INFECCION, FECHA_RECUPERACION) VALUES
                                             (571, '00571', 26, 41, 'desconido', NULL, NULL);
INSERT INTO EX.PADECIMIENTOS(ID_PATOLOGIA, ID_PERSONA, ID_FICHA_MEDICA) VALUES
                            (1, '00571', 571);
INSERT INTO EX.PADECIMIENTOS(ID_PATOLOGIA, ID_PERSONA, ID_FICHA_MEDICA) VALUES
                            (2, '00571', 571);
INSERT INTO EX.PADECIMIENTOS(ID_PATOLOGIA, ID_PERSONA, ID_FICHA_MEDICA) VALUES
                            (3, '00571', 571);
INSERT INTO EX.PADECIMIENTOS(ID_PATOLOGIA, ID_PERSONA, ID_FICHA_MEDICA) VALUES
                            (4, '00571', 571);
INSERT INTO EX.PADECIMIENTOS(ID_PATOLOGIA, ID_PERSONA, ID_FICHA_MEDICA) VALUES
                            (5, '00571', 571);
INSERT INTO EX.PADECIMIENTOS(ID_PATOLOGIA, ID_PERSONA, ID_FICHA_MEDICA) VALUES
                            (6, '00571', 571);
INSERT INTO EX.PADECIMIENTOS(ID_PATOLOGIA, ID_PERSONA, ID_FICHA_MEDICA) VALUES
                            (7, '00571', 571);
INSERT INTO EX.PADECIMIENTOS(ID_PATOLOGIA, ID_PERSONA, ID_FICHA_MEDICA) VALUES
                            (8, '00571', 571);
INSERT INTO EX.PADECIMIENTOS(ID_PATOLOGIA, ID_PERSONA, ID_FICHA_MEDICA) VALUES
                            (9, '00571', 571);
INSERT INTO EX.PADECIMIENTOS(ID_PATOLOGIA, ID_PERSONA, ID_FICHA_MEDICA) VALUES
                            (10, '00571', 571);
INSERT INTO EX.PADECIMIENTOS(ID_PATOLOGIA, ID_PERSONA, ID_FICHA_MEDICA) VALUES
                            (11, '00571', 571);
INSERT INTO EX.PADECIMIENTOS(ID_PATOLOGIA, ID_PERSONA, ID_FICHA_MEDICA) VALUES
                            (12, '00571', 571);
INSERT INTO EX.PADECIMIENTOS(ID_PATOLOGIA, ID_PERSONA, ID_FICHA_MEDICA) VALUES
                            (13, '00571', 571);
INSERT INTO EX.PERSONA(DOC_IDENTIDAD, NOMBRE, NOMBRE1, APELLIDO, APELLIDO1, FECHA_NAC, GENERO, FOTO) VALUES
                  ('00572', 'Alexander', 'Lisa', 'Ramirez', 'Dyer', TO_DATE('1996-07-21','YYYY-MM-DD'), 'm', NULL);
INSERT INTO EX.HISTORICO_RESIDENCIA(FECHA_INICIO, ID_LUGAR, ID_PERSONA, FECHA_FIN) VALUES
                  (TO_DATE('1984-04-02','YYYY-MM-DD'), 45, '00572', NULL);
INSERT INTO EX.FICHA_MEDICA(ID, ID_PERSONA, ID_CENTRO_SALUD, ID_LUGAR, ESTADO, FECHA_INFECCION, FECHA_RECUPERACION) VALUES
                                             (572, '00572', 30, 45, 'desconido', NULL, NULL);
INSERT INTO EX.PADECIMIENTOS(ID_PATOLOGIA, ID_PERSONA, ID_FICHA_MEDICA) VALUES
                            (1, '00572', 572);
INSERT INTO EX.PADECIMIENTOS(ID_PATOLOGIA, ID_PERSONA, ID_FICHA_MEDICA) VALUES
                            (2, '00572', 572);
INSERT INTO EX.PADECIMIENTOS(ID_PATOLOGIA, ID_PERSONA, ID_FICHA_MEDICA) VALUES
                            (3, '00572', 572);
INSERT INTO EX.PADECIMIENTOS(ID_PATOLOGIA, ID_PERSONA, ID_FICHA_MEDICA) VALUES
                            (4, '00572', 572);
INSERT INTO EX.PADECIMIENTOS(ID_PATOLOGIA, ID_PERSONA, ID_FICHA_MEDICA) VALUES
                            (5, '00572', 572);
INSERT INTO EX.PADECIMIENTOS(ID_PATOLOGIA, ID_PERSONA, ID_FICHA_MEDICA) VALUES
                            (6, '00572', 572);
INSERT INTO EX.PADECIMIENTOS(ID_PATOLOGIA, ID_PERSONA, ID_FICHA_MEDICA) VALUES
                            (7, '00572', 572);
INSERT INTO EX.PADECIMIENTOS(ID_PATOLOGIA, ID_PERSONA, ID_FICHA_MEDICA) VALUES
                            (8, '00572', 572);
INSERT INTO EX.PADECIMIENTOS(ID_PATOLOGIA, ID_PERSONA, ID_FICHA_MEDICA) VALUES
                            (9, '00572', 572);
INSERT INTO EX.PADECIMIENTOS(ID_PATOLOGIA, ID_PERSONA, ID_FICHA_MEDICA) VALUES
                            (10, '00572', 572);
INSERT INTO EX.PADECIMIENTOS(ID_PATOLOGIA, ID_PERSONA, ID_FICHA_MEDICA) VALUES
                            (11, '00572', 572);
INSERT INTO EX.PADECIMIENTOS(ID_PATOLOGIA, ID_PERSONA, ID_FICHA_MEDICA) VALUES
                            (12, '00572', 572);
INSERT INTO EX.PADECIMIENTOS(ID_PATOLOGIA, ID_PERSONA, ID_FICHA_MEDICA) VALUES
                            (13, '00572', 572);
INSERT INTO EX.PADECIMIENTOS(ID_PATOLOGIA, ID_PERSONA, ID_FICHA_MEDICA) VALUES
                            (14, '00572', 572);
INSERT INTO EX.PADECIMIENTOS(ID_PATOLOGIA, ID_PERSONA, ID_FICHA_MEDICA) VALUES
                            (15, '00572', 572);
INSERT INTO EX.PERSONA(DOC_IDENTIDAD, NOMBRE, NOMBRE1, APELLIDO, APELLIDO1, FECHA_NAC, GENERO, FOTO) VALUES
                  ('00573', 'Shane', 'Elizabeth', 'Jones', 'Benton', TO_DATE('2006-09-10','YYYY-MM-DD'), 'f', NULL);
INSERT INTO EX.HISTORICO_RESIDENCIA(FECHA_INICIO, ID_LUGAR, ID_PERSONA, FECHA_FIN) VALUES
                  (TO_DATE('2005-07-13','YYYY-MM-DD'), 33, '00573', NULL);
INSERT INTO EX.FICHA_MEDICA(ID, ID_PERSONA, ID_CENTRO_SALUD, ID_LUGAR, ESTADO, FECHA_INFECCION, FECHA_RECUPERACION) VALUES
                                             (573, '00573', 18, 33, 'desconido', NULL, NULL);
INSERT INTO EX.SINTOMAS(FECHA_INICIO, ID_SINTOMA, ID_PERSONA, ID_FICHA_MEDICA) VALUES
                            (TO_DATE('2020-03-11','YYYY-MM-DD'), 1, '00573', 573);
INSERT INTO EX.SINTOMAS(FECHA_INICIO, ID_SINTOMA, ID_PERSONA, ID_FICHA_MEDICA) VALUES
                            (TO_DATE('2020-04-12','YYYY-MM-DD'), 2, '00573', 573);
INSERT INTO EX.SINTOMAS(FECHA_INICIO, ID_SINTOMA, ID_PERSONA, ID_FICHA_MEDICA) VALUES
                            (TO_DATE('2020-03-19','YYYY-MM-DD'), 3, '00573', 573);
INSERT INTO EX.SINTOMAS(FECHA_INICIO, ID_SINTOMA, ID_PERSONA, ID_FICHA_MEDICA) VALUES
                            (TO_DATE('2020-02-18','YYYY-MM-DD'), 4, '00573', 573);
INSERT INTO EX.SINTOMAS(FECHA_INICIO, ID_SINTOMA, ID_PERSONA, ID_FICHA_MEDICA) VALUES
                            (TO_DATE('2020-03-21','YYYY-MM-DD'), 5, '00573', 573);
INSERT INTO EX.SINTOMAS(FECHA_INICIO, ID_SINTOMA, ID_PERSONA, ID_FICHA_MEDICA) VALUES
                            (TO_DATE('2020-04-23','YYYY-MM-DD'), 6, '00573', 573);
INSERT INTO EX.SINTOMAS(FECHA_INICIO, ID_SINTOMA, ID_PERSONA, ID_FICHA_MEDICA) VALUES
                            (TO_DATE('2020-04-09','YYYY-MM-DD'), 7, '00573', 573);
INSERT INTO EX.SINTOMAS(FECHA_INICIO, ID_SINTOMA, ID_PERSONA, ID_FICHA_MEDICA) VALUES
                            (TO_DATE('2020-01-24','YYYY-MM-DD'), 8, '00573', 573);
INSERT INTO EX.SINTOMAS(FECHA_INICIO, ID_SINTOMA, ID_PERSONA, ID_FICHA_MEDICA) VALUES
                            (TO_DATE('2020-04-15','YYYY-MM-DD'), 9, '00573', 573);
INSERT INTO EX.SINTOMAS(FECHA_INICIO, ID_SINTOMA, ID_PERSONA, ID_FICHA_MEDICA) VALUES
                            (TO_DATE('2020-03-08','YYYY-MM-DD'), 10, '00573', 573);
INSERT INTO EX.SINTOMAS(FECHA_INICIO, ID_SINTOMA, ID_PERSONA, ID_FICHA_MEDICA) VALUES
                            (TO_DATE('2020-04-09','YYYY-MM-DD'), 11, '00573', 573);
INSERT INTO EX.SINTOMAS(FECHA_INICIO, ID_SINTOMA, ID_PERSONA, ID_FICHA_MEDICA) VALUES
                            (TO_DATE('2020-03-16','YYYY-MM-DD'), 12, '00573', 573);
INSERT INTO EX.SINTOMAS(FECHA_INICIO, ID_SINTOMA, ID_PERSONA, ID_FICHA_MEDICA) VALUES
                            (TO_DATE('2020-01-03','YYYY-MM-DD'), 13, '00573', 573);
INSERT INTO EX.SINTOMAS(FECHA_INICIO, ID_SINTOMA, ID_PERSONA, ID_FICHA_MEDICA) VALUES
                            (TO_DATE('2020-05-06','YYYY-MM-DD'), 14, '00573', 573);
INSERT INTO EX.SINTOMAS(FECHA_INICIO, ID_SINTOMA, ID_PERSONA, ID_FICHA_MEDICA) VALUES
                            (TO_DATE('2020-05-18','YYYY-MM-DD'), 15, '00573', 573);
INSERT INTO EX.SINTOMAS(FECHA_INICIO, ID_SINTOMA, ID_PERSONA, ID_FICHA_MEDICA) VALUES
                            (TO_DATE('2020-01-09','YYYY-MM-DD'), 16, '00573', 573);
INSERT INTO EX.SINTOMAS(FECHA_INICIO, ID_SINTOMA, ID_PERSONA, ID_FICHA_MEDICA) VALUES
                            (TO_DATE('2020-06-29','YYYY-MM-DD'), 17, '00573', 573);
INSERT INTO EX.SINTOMAS(FECHA_INICIO, ID_SINTOMA, ID_PERSONA, ID_FICHA_MEDICA) VALUES
                            (TO_DATE('2020-06-03','YYYY-MM-DD'), 18, '00573', 573);
INSERT INTO EX.SINTOMAS(FECHA_INICIO, ID_SINTOMA, ID_PERSONA, ID_FICHA_MEDICA) VALUES
                            (TO_DATE('2020-02-23','YYYY-MM-DD'), 19, '00573', 573);
INSERT INTO EX.PERSONA(DOC_IDENTIDAD, NOMBRE, NOMBRE1, APELLIDO, APELLIDO1, FECHA_NAC, GENERO, FOTO) VALUES
                  ('00574', 'Jonathan', 'Steven', 'Evans', 'Gibbs', TO_DATE('1983-08-27','YYYY-MM-DD'), 'm', NULL);
INSERT INTO EX.HISTORICO_RESIDENCIA(FECHA_INICIO, ID_LUGAR, ID_PERSONA, FECHA_FIN) VALUES
                  (TO_DATE('2009-06-06','YYYY-MM-DD'), 21, '00574', NULL);
INSERT INTO EX.FICHA_MEDICA(ID, ID_PERSONA, ID_CENTRO_SALUD, ID_LUGAR, ESTADO, FECHA_INFECCION, FECHA_RECUPERACION) VALUES
                                             (574, '00574', 6, 21, 'desconido', NULL, NULL);
INSERT INTO EX.SINTOMAS(FECHA_INICIO, ID_SINTOMA, ID_PERSONA, ID_FICHA_MEDICA) VALUES
                            (TO_DATE('2020-04-21','YYYY-MM-DD'), 1, '00574', 574);
INSERT INTO EX.SINTOMAS(FECHA_INICIO, ID_SINTOMA, ID_PERSONA, ID_FICHA_MEDICA) VALUES
                            (TO_DATE('2020-04-11','YYYY-MM-DD'), 2, '00574', 574);
INSERT INTO EX.SINTOMAS(FECHA_INICIO, ID_SINTOMA, ID_PERSONA, ID_FICHA_MEDICA) VALUES
                            (TO_DATE('2020-01-06','YYYY-MM-DD'), 3, '00574', 574);
INSERT INTO EX.SINTOMAS(FECHA_INICIO, ID_SINTOMA, ID_PERSONA, ID_FICHA_MEDICA) VALUES
                            (TO_DATE('2020-04-28','YYYY-MM-DD'), 4, '00574', 574);
INSERT INTO EX.SINTOMAS(FECHA_INICIO, ID_SINTOMA, ID_PERSONA, ID_FICHA_MEDICA) VALUES
                            (TO_DATE('2020-02-17','YYYY-MM-DD'), 5, '00574', 574);
INSERT INTO EX.SINTOMAS(FECHA_INICIO, ID_SINTOMA, ID_PERSONA, ID_FICHA_MEDICA) VALUES
                            (TO_DATE('2020-03-20','YYYY-MM-DD'), 6, '00574', 574);
INSERT INTO EX.SINTOMAS(FECHA_INICIO, ID_SINTOMA, ID_PERSONA, ID_FICHA_MEDICA) VALUES
                            (TO_DATE('2020-03-18','YYYY-MM-DD'), 7, '00574', 574);
INSERT INTO EX.SINTOMAS(FECHA_INICIO, ID_SINTOMA, ID_PERSONA, ID_FICHA_MEDICA) VALUES
                            (TO_DATE('2020-06-04','YYYY-MM-DD'), 8, '00574', 574);
INSERT INTO EX.SINTOMAS(FECHA_INICIO, ID_SINTOMA, ID_PERSONA, ID_FICHA_MEDICA) VALUES
                            (TO_DATE('2020-04-15','YYYY-MM-DD'), 9, '00574', 574);
INSERT INTO EX.SINTOMAS(FECHA_INICIO, ID_SINTOMA, ID_PERSONA, ID_FICHA_MEDICA) VALUES
                            (TO_DATE('2020-04-21','YYYY-MM-DD'), 10, '00574', 574);
INSERT INTO EX.SINTOMAS(FECHA_INICIO, ID_SINTOMA, ID_PERSONA, ID_FICHA_MEDICA) VALUES
                            (TO_DATE('2020-03-26','YYYY-MM-DD'), 11, '00574', 574);
INSERT INTO EX.SINTOMAS(FECHA_INICIO, ID_SINTOMA, ID_PERSONA, ID_FICHA_MEDICA) VALUES
                            (TO_DATE('2020-04-26','YYYY-MM-DD'), 12, '00574', 574);
INSERT INTO EX.SINTOMAS(FECHA_INICIO, ID_SINTOMA, ID_PERSONA, ID_FICHA_MEDICA) VALUES
                            (TO_DATE('2020-06-16','YYYY-MM-DD'), 13, '00574', 574);
INSERT INTO EX.SINTOMAS(FECHA_INICIO, ID_SINTOMA, ID_PERSONA, ID_FICHA_MEDICA) VALUES
                            (TO_DATE('2020-02-01','YYYY-MM-DD'), 14, '00574', 574);
INSERT INTO EX.SINTOMAS(FECHA_INICIO, ID_SINTOMA, ID_PERSONA, ID_FICHA_MEDICA) VALUES
                            (TO_DATE('2020-06-13','YYYY-MM-DD'), 15, '00574', 574);
INSERT INTO EX.SINTOMAS(FECHA_INICIO, ID_SINTOMA, ID_PERSONA, ID_FICHA_MEDICA) VALUES
                            (TO_DATE('2020-02-22','YYYY-MM-DD'), 16, '00574', 574);
INSERT INTO EX.PERSONA(DOC_IDENTIDAD, NOMBRE, NOMBRE1, APELLIDO, APELLIDO1, FECHA_NAC, GENERO, FOTO) VALUES
                  ('00575', 'Tyler', 'Mary', 'Carroll', 'Santiago', TO_DATE('2002-12-20','YYYY-MM-DD'), 'f', NULL);
INSERT INTO EX.HISTORICO_RESIDENCIA(FECHA_INICIO, ID_LUGAR, ID_PERSONA, FECHA_FIN) VALUES
                  (TO_DATE('1974-08-30','YYYY-MM-DD'), 19, '00575', NULL);
INSERT INTO EX.FICHA_MEDICA(ID, ID_PERSONA, ID_CENTRO_SALUD, ID_LUGAR, ESTADO, FECHA_INFECCION, FECHA_RECUPERACION) VALUES
                                             (575, '00575', 4, 19, 'desconido', NULL, NULL);
INSERT INTO EX.SINTOMAS(FECHA_INICIO, ID_SINTOMA, ID_PERSONA, ID_FICHA_MEDICA) VALUES
                            (TO_DATE('2020-05-04','YYYY-MM-DD'), 1, '00575', 575);
INSERT INTO EX.SINTOMAS(FECHA_INICIO, ID_SINTOMA, ID_PERSONA, ID_FICHA_MEDICA) VALUES
                            (TO_DATE('2020-01-08','YYYY-MM-DD'), 2, '00575', 575);
INSERT INTO EX.SINTOMAS(FECHA_INICIO, ID_SINTOMA, ID_PERSONA, ID_FICHA_MEDICA) VALUES
                            (TO_DATE('2020-05-06','YYYY-MM-DD'), 3, '00575', 575);
INSERT INTO EX.SINTOMAS(FECHA_INICIO, ID_SINTOMA, ID_PERSONA, ID_FICHA_MEDICA) VALUES
                            (TO_DATE('2020-05-14','YYYY-MM-DD'), 4, '00575', 575);
INSERT INTO EX.SINTOMAS(FECHA_INICIO, ID_SINTOMA, ID_PERSONA, ID_FICHA_MEDICA) VALUES
                            (TO_DATE('2020-02-29','YYYY-MM-DD'), 5, '00575', 575);
INSERT INTO EX.SINTOMAS(FECHA_INICIO, ID_SINTOMA, ID_PERSONA, ID_FICHA_MEDICA) VALUES
                            (TO_DATE('2020-06-16','YYYY-MM-DD'), 6, '00575', 575);
INSERT INTO EX.SINTOMAS(FECHA_INICIO, ID_SINTOMA, ID_PERSONA, ID_FICHA_MEDICA) VALUES
                            (TO_DATE('2020-06-26','YYYY-MM-DD'), 7, '00575', 575);
INSERT INTO EX.SINTOMAS(FECHA_INICIO, ID_SINTOMA, ID_PERSONA, ID_FICHA_MEDICA) VALUES
                            (TO_DATE('2020-06-13','YYYY-MM-DD'), 8, '00575', 575);
INSERT INTO EX.SINTOMAS(FECHA_INICIO, ID_SINTOMA, ID_PERSONA, ID_FICHA_MEDICA) VALUES
                            (TO_DATE('2020-02-21','YYYY-MM-DD'), 9, '00575', 575);
INSERT INTO EX.SINTOMAS(FECHA_INICIO, ID_SINTOMA, ID_PERSONA, ID_FICHA_MEDICA) VALUES
                            (TO_DATE('2020-05-21','YYYY-MM-DD'), 10, '00575', 575);
INSERT INTO EX.SINTOMAS(FECHA_INICIO, ID_SINTOMA, ID_PERSONA, ID_FICHA_MEDICA) VALUES
                            (TO_DATE('2020-06-22','YYYY-MM-DD'), 11, '00575', 575);
INSERT INTO EX.SINTOMAS(FECHA_INICIO, ID_SINTOMA, ID_PERSONA, ID_FICHA_MEDICA) VALUES
                            (TO_DATE('2020-05-20','YYYY-MM-DD'), 12, '00575', 575);
INSERT INTO EX.PERSONA(DOC_IDENTIDAD, NOMBRE, NOMBRE1, APELLIDO, APELLIDO1, FECHA_NAC, GENERO, FOTO) VALUES
                  ('00576', 'John', 'Jimmy', 'Thompson', 'Conner', TO_DATE('1986-06-20','YYYY-MM-DD'), 'm', NULL);
INSERT INTO EX.HISTORICO_RESIDENCIA(FECHA_INICIO, ID_LUGAR, ID_PERSONA, FECHA_FIN) VALUES
                  (TO_DATE('2010-03-03','YYYY-MM-DD'), 25, '00576', NULL);
INSERT INTO EX.FICHA_MEDICA(ID, ID_PERSONA, ID_CENTRO_SALUD, ID_LUGAR, ESTADO, FECHA_INFECCION, FECHA_RECUPERACION) VALUES
                                             (576, '00576', 10, 25, 'desconido', NULL, NULL);
INSERT INTO EX.PADECIMIENTOS(ID_PATOLOGIA, ID_PERSONA, ID_FICHA_MEDICA) VALUES
                            (1, '00576', 576);
INSERT INTO EX.PADECIMIENTOS(ID_PATOLOGIA, ID_PERSONA, ID_FICHA_MEDICA) VALUES
                            (2, '00576', 576);
INSERT INTO EX.PADECIMIENTOS(ID_PATOLOGIA, ID_PERSONA, ID_FICHA_MEDICA) VALUES
                            (3, '00576', 576);
INSERT INTO EX.PADECIMIENTOS(ID_PATOLOGIA, ID_PERSONA, ID_FICHA_MEDICA) VALUES
                            (4, '00576', 576);
INSERT INTO EX.PADECIMIENTOS(ID_PATOLOGIA, ID_PERSONA, ID_FICHA_MEDICA) VALUES
                            (5, '00576', 576);
INSERT INTO EX.PADECIMIENTOS(ID_PATOLOGIA, ID_PERSONA, ID_FICHA_MEDICA) VALUES
                            (6, '00576', 576);
INSERT INTO EX.PADECIMIENTOS(ID_PATOLOGIA, ID_PERSONA, ID_FICHA_MEDICA) VALUES
                            (7, '00576', 576);
INSERT INTO EX.PADECIMIENTOS(ID_PATOLOGIA, ID_PERSONA, ID_FICHA_MEDICA) VALUES
                            (8, '00576', 576);
INSERT INTO EX.PADECIMIENTOS(ID_PATOLOGIA, ID_PERSONA, ID_FICHA_MEDICA) VALUES
                            (9, '00576', 576);
INSERT INTO EX.PADECIMIENTOS(ID_PATOLOGIA, ID_PERSONA, ID_FICHA_MEDICA) VALUES
                            (10, '00576', 576);
INSERT INTO EX.PERSONA(DOC_IDENTIDAD, NOMBRE, NOMBRE1, APELLIDO, APELLIDO1, FECHA_NAC, GENERO, FOTO) VALUES
                  ('00577', 'Jonathan', 'Amanda', 'Martin', 'Haynes', TO_DATE('2013-09-23','YYYY-MM-DD'), 'f', NULL);
INSERT INTO EX.HISTORICO_RESIDENCIA(FECHA_INICIO, ID_LUGAR, ID_PERSONA, FECHA_FIN) VALUES
                  (TO_DATE('1992-03-02','YYYY-MM-DD'), 38, '00577', NULL);
INSERT INTO EX.FICHA_MEDICA(ID, ID_PERSONA, ID_CENTRO_SALUD, ID_LUGAR, ESTADO, FECHA_INFECCION, FECHA_RECUPERACION) VALUES
                                             (577, '00577', 23, 38, 'desconido', NULL, NULL);
INSERT INTO EX.SINTOMAS(FECHA_INICIO, ID_SINTOMA, ID_PERSONA, ID_FICHA_MEDICA) VALUES
                            (TO_DATE('2020-05-04','YYYY-MM-DD'), 1, '00577', 577);
INSERT INTO EX.SINTOMAS(FECHA_INICIO, ID_SINTOMA, ID_PERSONA, ID_FICHA_MEDICA) VALUES
                            (TO_DATE('2020-01-20','YYYY-MM-DD'), 2, '00577', 577);
INSERT INTO EX.SINTOMAS(FECHA_INICIO, ID_SINTOMA, ID_PERSONA, ID_FICHA_MEDICA) VALUES
                            (TO_DATE('2020-02-15','YYYY-MM-DD'), 3, '00577', 577);
INSERT INTO EX.SINTOMAS(FECHA_INICIO, ID_SINTOMA, ID_PERSONA, ID_FICHA_MEDICA) VALUES
                            (TO_DATE('2020-02-16','YYYY-MM-DD'), 4, '00577', 577);
INSERT INTO EX.SINTOMAS(FECHA_INICIO, ID_SINTOMA, ID_PERSONA, ID_FICHA_MEDICA) VALUES
                            (TO_DATE('2020-06-21','YYYY-MM-DD'), 5, '00577', 577);
INSERT INTO EX.SINTOMAS(FECHA_INICIO, ID_SINTOMA, ID_PERSONA, ID_FICHA_MEDICA) VALUES
                            (TO_DATE('2020-04-16','YYYY-MM-DD'), 6, '00577', 577);
INSERT INTO EX.SINTOMAS(FECHA_INICIO, ID_SINTOMA, ID_PERSONA, ID_FICHA_MEDICA) VALUES
                            (TO_DATE('2020-06-17','YYYY-MM-DD'), 7, '00577', 577);
INSERT INTO EX.SINTOMAS(FECHA_INICIO, ID_SINTOMA, ID_PERSONA, ID_FICHA_MEDICA) VALUES
                            (TO_DATE('2020-03-15','YYYY-MM-DD'), 8, '00577', 577);
INSERT INTO EX.PERSONA(DOC_IDENTIDAD, NOMBRE, NOMBRE1, APELLIDO, APELLIDO1, FECHA_NAC, GENERO, FOTO) VALUES
                  ('00578', 'Gail', 'William', 'Swanson', 'Williams', TO_DATE('2000-03-30','YYYY-MM-DD'), 'm', NULL);
INSERT INTO EX.HISTORICO_RESIDENCIA(FECHA_INICIO, ID_LUGAR, ID_PERSONA, FECHA_FIN) VALUES
                  (TO_DATE('1975-04-22','YYYY-MM-DD'), 41, '00578', NULL);
INSERT INTO EX.FICHA_MEDICA(ID, ID_PERSONA, ID_CENTRO_SALUD, ID_LUGAR, ESTADO, FECHA_INFECCION, FECHA_RECUPERACION) VALUES
                                             (578, '00578', 26, 41, 'desconido', NULL, NULL);
INSERT INTO EX.SINTOMAS(FECHA_INICIO, ID_SINTOMA, ID_PERSONA, ID_FICHA_MEDICA) VALUES
                            (TO_DATE('2020-06-13','YYYY-MM-DD'), 1, '00578', 578);
INSERT INTO EX.SINTOMAS(FECHA_INICIO, ID_SINTOMA, ID_PERSONA, ID_FICHA_MEDICA) VALUES
                            (TO_DATE('2020-06-03','YYYY-MM-DD'), 2, '00578', 578);
INSERT INTO EX.SINTOMAS(FECHA_INICIO, ID_SINTOMA, ID_PERSONA, ID_FICHA_MEDICA) VALUES
                            (TO_DATE('2020-06-24','YYYY-MM-DD'), 3, '00578', 578);
INSERT INTO EX.SINTOMAS(FECHA_INICIO, ID_SINTOMA, ID_PERSONA, ID_FICHA_MEDICA) VALUES
                            (TO_DATE('2020-02-25','YYYY-MM-DD'), 4, '00578', 578);
INSERT INTO EX.SINTOMAS(FECHA_INICIO, ID_SINTOMA, ID_PERSONA, ID_FICHA_MEDICA) VALUES
                            (TO_DATE('2020-01-04','YYYY-MM-DD'), 5, '00578', 578);
INSERT INTO EX.SINTOMAS(FECHA_INICIO, ID_SINTOMA, ID_PERSONA, ID_FICHA_MEDICA) VALUES
                            (TO_DATE('2020-06-10','YYYY-MM-DD'), 6, '00578', 578);
INSERT INTO EX.SINTOMAS(FECHA_INICIO, ID_SINTOMA, ID_PERSONA, ID_FICHA_MEDICA) VALUES
                            (TO_DATE('2020-05-13','YYYY-MM-DD'), 7, '00578', 578);
INSERT INTO EX.SINTOMAS(FECHA_INICIO, ID_SINTOMA, ID_PERSONA, ID_FICHA_MEDICA) VALUES
                            (TO_DATE('2020-02-05','YYYY-MM-DD'), 8, '00578', 578);
INSERT INTO EX.SINTOMAS(FECHA_INICIO, ID_SINTOMA, ID_PERSONA, ID_FICHA_MEDICA) VALUES
                            (TO_DATE('2020-06-21','YYYY-MM-DD'), 9, '00578', 578);
INSERT INTO EX.SINTOMAS(FECHA_INICIO, ID_SINTOMA, ID_PERSONA, ID_FICHA_MEDICA) VALUES
                            (TO_DATE('2020-04-26','YYYY-MM-DD'), 10, '00578', 578);
INSERT INTO EX.SINTOMAS(FECHA_INICIO, ID_SINTOMA, ID_PERSONA, ID_FICHA_MEDICA) VALUES
                            (TO_DATE('2020-03-22','YYYY-MM-DD'), 11, '00578', 578);
INSERT INTO EX.SINTOMAS(FECHA_INICIO, ID_SINTOMA, ID_PERSONA, ID_FICHA_MEDICA) VALUES
                            (TO_DATE('2020-03-07','YYYY-MM-DD'), 12, '00578', 578);
INSERT INTO EX.PERSONA(DOC_IDENTIDAD, NOMBRE, NOMBRE1, APELLIDO, APELLIDO1, FECHA_NAC, GENERO, FOTO) VALUES
                  ('00579', 'Jack', 'Katherine', 'Lopez', 'Parrish', TO_DATE('1994-04-13','YYYY-MM-DD'), 'f', NULL);
INSERT INTO EX.HISTORICO_RESIDENCIA(FECHA_INICIO, ID_LUGAR, ID_PERSONA, FECHA_FIN) VALUES
                  (TO_DATE('1976-12-26','YYYY-MM-DD'), 45, '00579', NULL);
INSERT INTO EX.FICHA_MEDICA(ID, ID_PERSONA, ID_CENTRO_SALUD, ID_LUGAR, ESTADO, FECHA_INFECCION, FECHA_RECUPERACION) VALUES
                                             (579, '00579', 30, 45, 'desconido', NULL, NULL);
INSERT INTO EX.PADECIMIENTOS(ID_PATOLOGIA, ID_PERSONA, ID_FICHA_MEDICA) VALUES
                            (1, '00579', 579);
INSERT INTO EX.PADECIMIENTOS(ID_PATOLOGIA, ID_PERSONA, ID_FICHA_MEDICA) VALUES
                            (2, '00579', 579);
INSERT INTO EX.PADECIMIENTOS(ID_PATOLOGIA, ID_PERSONA, ID_FICHA_MEDICA) VALUES
                            (3, '00579', 579);
INSERT INTO EX.PADECIMIENTOS(ID_PATOLOGIA, ID_PERSONA, ID_FICHA_MEDICA) VALUES
                            (4, '00579', 579);
INSERT INTO EX.PADECIMIENTOS(ID_PATOLOGIA, ID_PERSONA, ID_FICHA_MEDICA) VALUES
                            (5, '00579', 579);
INSERT INTO EX.PADECIMIENTOS(ID_PATOLOGIA, ID_PERSONA, ID_FICHA_MEDICA) VALUES
                            (6, '00579', 579);
INSERT INTO EX.PADECIMIENTOS(ID_PATOLOGIA, ID_PERSONA, ID_FICHA_MEDICA) VALUES
                            (7, '00579', 579);
INSERT INTO EX.PADECIMIENTOS(ID_PATOLOGIA, ID_PERSONA, ID_FICHA_MEDICA) VALUES
                            (8, '00579', 579);
INSERT INTO EX.PADECIMIENTOS(ID_PATOLOGIA, ID_PERSONA, ID_FICHA_MEDICA) VALUES
                            (9, '00579', 579);
INSERT INTO EX.PADECIMIENTOS(ID_PATOLOGIA, ID_PERSONA, ID_FICHA_MEDICA) VALUES
                            (10, '00579', 579);
INSERT INTO EX.PADECIMIENTOS(ID_PATOLOGIA, ID_PERSONA, ID_FICHA_MEDICA) VALUES
                            (11, '00579', 579);
INSERT INTO EX.PADECIMIENTOS(ID_PATOLOGIA, ID_PERSONA, ID_FICHA_MEDICA) VALUES
                            (12, '00579', 579);
INSERT INTO EX.PADECIMIENTOS(ID_PATOLOGIA, ID_PERSONA, ID_FICHA_MEDICA) VALUES
                            (13, '00579', 579);
INSERT INTO EX.PADECIMIENTOS(ID_PATOLOGIA, ID_PERSONA, ID_FICHA_MEDICA) VALUES
                            (14, '00579', 579);
INSERT INTO EX.PADECIMIENTOS(ID_PATOLOGIA, ID_PERSONA, ID_FICHA_MEDICA) VALUES
                            (15, '00579', 579);
INSERT INTO EX.PERSONA(DOC_IDENTIDAD, NOMBRE, NOMBRE1, APELLIDO, APELLIDO1, FECHA_NAC, GENERO, FOTO) VALUES
                  ('00580', 'Jonathan', 'Kevin', 'Ramirez', 'Perkins', TO_DATE('2012-08-15','YYYY-MM-DD'), 'm', NULL);
INSERT INTO EX.HISTORICO_RESIDENCIA(FECHA_INICIO, ID_LUGAR, ID_PERSONA, FECHA_FIN) VALUES
                  (TO_DATE('1974-04-30','YYYY-MM-DD'), 45, '00580', NULL);
INSERT INTO EX.FICHA_MEDICA(ID, ID_PERSONA, ID_CENTRO_SALUD, ID_LUGAR, ESTADO, FECHA_INFECCION, FECHA_RECUPERACION) VALUES
                                             (580, '00580', 30, 45, 'desconido', NULL, NULL);
INSERT INTO EX.PADECIMIENTOS(ID_PATOLOGIA, ID_PERSONA, ID_FICHA_MEDICA) VALUES
                            (1, '00580', 580);
INSERT INTO EX.PADECIMIENTOS(ID_PATOLOGIA, ID_PERSONA, ID_FICHA_MEDICA) VALUES
                            (2, '00580', 580);
INSERT INTO EX.PADECIMIENTOS(ID_PATOLOGIA, ID_PERSONA, ID_FICHA_MEDICA) VALUES
                            (3, '00580', 580);
INSERT INTO EX.PADECIMIENTOS(ID_PATOLOGIA, ID_PERSONA, ID_FICHA_MEDICA) VALUES
                            (4, '00580', 580);
INSERT INTO EX.SINTOMAS(FECHA_INICIO, ID_SINTOMA, ID_PERSONA, ID_FICHA_MEDICA) VALUES
                            (TO_DATE('2020-02-18','YYYY-MM-DD'), 1, '00580', 580);
INSERT INTO EX.SINTOMAS(FECHA_INICIO, ID_SINTOMA, ID_PERSONA, ID_FICHA_MEDICA) VALUES
                            (TO_DATE('2020-05-05','YYYY-MM-DD'), 2, '00580', 580);
INSERT INTO EX.SINTOMAS(FECHA_INICIO, ID_SINTOMA, ID_PERSONA, ID_FICHA_MEDICA) VALUES
                            (TO_DATE('2020-02-15','YYYY-MM-DD'), 3, '00580', 580);
INSERT INTO EX.SINTOMAS(FECHA_INICIO, ID_SINTOMA, ID_PERSONA, ID_FICHA_MEDICA) VALUES
                            (TO_DATE('2020-02-06','YYYY-MM-DD'), 4, '00580', 580);
INSERT INTO EX.SINTOMAS(FECHA_INICIO, ID_SINTOMA, ID_PERSONA, ID_FICHA_MEDICA) VALUES
                            (TO_DATE('2020-05-15','YYYY-MM-DD'), 5, '00580', 580);
INSERT INTO EX.SINTOMAS(FECHA_INICIO, ID_SINTOMA, ID_PERSONA, ID_FICHA_MEDICA) VALUES
                            (TO_DATE('2020-01-07','YYYY-MM-DD'), 6, '00580', 580);
INSERT INTO EX.PERSONA(DOC_IDENTIDAD, NOMBRE, NOMBRE1, APELLIDO, APELLIDO1, FECHA_NAC, GENERO, FOTO) VALUES
                  ('00581', 'Ariel', 'Jose', 'Vazquez', 'Reynolds', TO_DATE('1974-04-10','YYYY-MM-DD'), 'f', NULL);
INSERT INTO EX.HISTORICO_RESIDENCIA(FECHA_INICIO, ID_LUGAR, ID_PERSONA, FECHA_FIN) VALUES
                  (TO_DATE('1974-08-10','YYYY-MM-DD'), 34, '00581', NULL);
INSERT INTO EX.FICHA_MEDICA(ID, ID_PERSONA, ID_CENTRO_SALUD, ID_LUGAR, ESTADO, FECHA_INFECCION, FECHA_RECUPERACION) VALUES
                                             (581, '00581', 19, 34, 'desconido', NULL, NULL);
INSERT INTO EX.PADECIMIENTOS(ID_PATOLOGIA, ID_PERSONA, ID_FICHA_MEDICA) VALUES
                            (1, '00581', 581);
INSERT INTO EX.PERSONA(DOC_IDENTIDAD, NOMBRE, NOMBRE1, APELLIDO, APELLIDO1, FECHA_NAC, GENERO, FOTO) VALUES
                  ('00582', 'Laurie', 'Erik', 'Baker', 'Clay', TO_DATE('2004-07-21','YYYY-MM-DD'), 'm', NULL);
INSERT INTO EX.HISTORICO_RESIDENCIA(FECHA_INICIO, ID_LUGAR, ID_PERSONA, FECHA_FIN) VALUES
                  (TO_DATE('1998-09-01','YYYY-MM-DD'), 38, '00582', NULL);
INSERT INTO EX.FICHA_MEDICA(ID, ID_PERSONA, ID_CENTRO_SALUD, ID_LUGAR, ESTADO, FECHA_INFECCION, FECHA_RECUPERACION) VALUES
                                             (582, '00582', 23, 38, 'desconido', NULL, NULL);
INSERT INTO EX.SINTOMAS(FECHA_INICIO, ID_SINTOMA, ID_PERSONA, ID_FICHA_MEDICA) VALUES
                            (TO_DATE('2020-03-25','YYYY-MM-DD'), 1, '00582', 582);
INSERT INTO EX.SINTOMAS(FECHA_INICIO, ID_SINTOMA, ID_PERSONA, ID_FICHA_MEDICA) VALUES
                            (TO_DATE('2020-06-26','YYYY-MM-DD'), 2, '00582', 582);
INSERT INTO EX.SINTOMAS(FECHA_INICIO, ID_SINTOMA, ID_PERSONA, ID_FICHA_MEDICA) VALUES
                            (TO_DATE('2020-03-14','YYYY-MM-DD'), 3, '00582', 582);
INSERT INTO EX.SINTOMAS(FECHA_INICIO, ID_SINTOMA, ID_PERSONA, ID_FICHA_MEDICA) VALUES
                            (TO_DATE('2020-04-09','YYYY-MM-DD'), 4, '00582', 582);
INSERT INTO EX.SINTOMAS(FECHA_INICIO, ID_SINTOMA, ID_PERSONA, ID_FICHA_MEDICA) VALUES
                            (TO_DATE('2020-01-26','YYYY-MM-DD'), 5, '00582', 582);
INSERT INTO EX.SINTOMAS(FECHA_INICIO, ID_SINTOMA, ID_PERSONA, ID_FICHA_MEDICA) VALUES
                            (TO_DATE('2020-01-15','YYYY-MM-DD'), 6, '00582', 582);
INSERT INTO EX.SINTOMAS(FECHA_INICIO, ID_SINTOMA, ID_PERSONA, ID_FICHA_MEDICA) VALUES
                            (TO_DATE('2020-01-04','YYYY-MM-DD'), 7, '00582', 582);
INSERT INTO EX.PERSONA(DOC_IDENTIDAD, NOMBRE, NOMBRE1, APELLIDO, APELLIDO1, FECHA_NAC, GENERO, FOTO) VALUES
                  ('00583', 'Jenna', 'Katie', 'Ruiz', 'Michael', TO_DATE('1993-02-23','YYYY-MM-DD'), 'f', NULL);
INSERT INTO EX.HISTORICO_RESIDENCIA(FECHA_INICIO, ID_LUGAR, ID_PERSONA, FECHA_FIN) VALUES
                  (TO_DATE('2014-04-13','YYYY-MM-DD'), 28, '00583', NULL);
INSERT INTO EX.FICHA_MEDICA(ID, ID_PERSONA, ID_CENTRO_SALUD, ID_LUGAR, ESTADO, FECHA_INFECCION, FECHA_RECUPERACION) VALUES
                                             (583, '00583', 13, 28, 'desconido', NULL, NULL);
INSERT INTO EX.PADECIMIENTOS(ID_PATOLOGIA, ID_PERSONA, ID_FICHA_MEDICA) VALUES
                            (1, '00583', 583);
INSERT INTO EX.PADECIMIENTOS(ID_PATOLOGIA, ID_PERSONA, ID_FICHA_MEDICA) VALUES
                            (2, '00583', 583);
INSERT INTO EX.PADECIMIENTOS(ID_PATOLOGIA, ID_PERSONA, ID_FICHA_MEDICA) VALUES
                            (3, '00583', 583);
INSERT INTO EX.PADECIMIENTOS(ID_PATOLOGIA, ID_PERSONA, ID_FICHA_MEDICA) VALUES
                            (4, '00583', 583);
INSERT INTO EX.PADECIMIENTOS(ID_PATOLOGIA, ID_PERSONA, ID_FICHA_MEDICA) VALUES
                            (5, '00583', 583);
INSERT INTO EX.PADECIMIENTOS(ID_PATOLOGIA, ID_PERSONA, ID_FICHA_MEDICA) VALUES
                            (6, '00583', 583);
INSERT INTO EX.PERSONA(DOC_IDENTIDAD, NOMBRE, NOMBRE1, APELLIDO, APELLIDO1, FECHA_NAC, GENERO, FOTO) VALUES
                  ('00584', 'Jeremy', 'Angela', 'Cruz', 'Morse', TO_DATE('2018-11-16','YYYY-MM-DD'), 'm', NULL);
INSERT INTO EX.HISTORICO_RESIDENCIA(FECHA_INICIO, ID_LUGAR, ID_PERSONA, FECHA_FIN) VALUES
                  (TO_DATE('2017-04-03','YYYY-MM-DD'), 32, '00584', NULL);
INSERT INTO EX.FICHA_MEDICA(ID, ID_PERSONA, ID_CENTRO_SALUD, ID_LUGAR, ESTADO, FECHA_INFECCION, FECHA_RECUPERACION) VALUES
                                             (584, '00584', 17, 32, 'desconido', NULL, NULL);
INSERT INTO EX.PADECIMIENTOS(ID_PATOLOGIA, ID_PERSONA, ID_FICHA_MEDICA) VALUES
                            (1, '00584', 584);
INSERT INTO EX.PADECIMIENTOS(ID_PATOLOGIA, ID_PERSONA, ID_FICHA_MEDICA) VALUES
                            (2, '00584', 584);
INSERT INTO EX.PADECIMIENTOS(ID_PATOLOGIA, ID_PERSONA, ID_FICHA_MEDICA) VALUES
                            (3, '00584', 584);
INSERT INTO EX.PADECIMIENTOS(ID_PATOLOGIA, ID_PERSONA, ID_FICHA_MEDICA) VALUES
                            (4, '00584', 584);
INSERT INTO EX.PADECIMIENTOS(ID_PATOLOGIA, ID_PERSONA, ID_FICHA_MEDICA) VALUES
                            (5, '00584', 584);
INSERT INTO EX.PADECIMIENTOS(ID_PATOLOGIA, ID_PERSONA, ID_FICHA_MEDICA) VALUES
                            (6, '00584', 584);
INSERT INTO EX.PADECIMIENTOS(ID_PATOLOGIA, ID_PERSONA, ID_FICHA_MEDICA) VALUES
                            (7, '00584', 584);
INSERT INTO EX.PADECIMIENTOS(ID_PATOLOGIA, ID_PERSONA, ID_FICHA_MEDICA) VALUES
                            (8, '00584', 584);
INSERT INTO EX.PADECIMIENTOS(ID_PATOLOGIA, ID_PERSONA, ID_FICHA_MEDICA) VALUES
                            (9, '00584', 584);
INSERT INTO EX.PADECIMIENTOS(ID_PATOLOGIA, ID_PERSONA, ID_FICHA_MEDICA) VALUES
                            (10, '00584', 584);
INSERT INTO EX.PADECIMIENTOS(ID_PATOLOGIA, ID_PERSONA, ID_FICHA_MEDICA) VALUES
                            (11, '00584', 584);
INSERT INTO EX.SINTOMAS(FECHA_INICIO, ID_SINTOMA, ID_PERSONA, ID_FICHA_MEDICA) VALUES
                            (TO_DATE('2020-06-14','YYYY-MM-DD'), 1, '00584', 584);
INSERT INTO EX.SINTOMAS(FECHA_INICIO, ID_SINTOMA, ID_PERSONA, ID_FICHA_MEDICA) VALUES
                            (TO_DATE('2020-06-29','YYYY-MM-DD'), 2, '00584', 584);
INSERT INTO EX.SINTOMAS(FECHA_INICIO, ID_SINTOMA, ID_PERSONA, ID_FICHA_MEDICA) VALUES
                            (TO_DATE('2020-05-27','YYYY-MM-DD'), 3, '00584', 584);
INSERT INTO EX.SINTOMAS(FECHA_INICIO, ID_SINTOMA, ID_PERSONA, ID_FICHA_MEDICA) VALUES
                            (TO_DATE('2020-05-05','YYYY-MM-DD'), 4, '00584', 584);
INSERT INTO EX.SINTOMAS(FECHA_INICIO, ID_SINTOMA, ID_PERSONA, ID_FICHA_MEDICA) VALUES
                            (TO_DATE('2020-01-06','YYYY-MM-DD'), 5, '00584', 584);
INSERT INTO EX.SINTOMAS(FECHA_INICIO, ID_SINTOMA, ID_PERSONA, ID_FICHA_MEDICA) VALUES
                            (TO_DATE('2020-01-30','YYYY-MM-DD'), 6, '00584', 584);
INSERT INTO EX.SINTOMAS(FECHA_INICIO, ID_SINTOMA, ID_PERSONA, ID_FICHA_MEDICA) VALUES
                            (TO_DATE('2020-05-13','YYYY-MM-DD'), 7, '00584', 584);
INSERT INTO EX.SINTOMAS(FECHA_INICIO, ID_SINTOMA, ID_PERSONA, ID_FICHA_MEDICA) VALUES
                            (TO_DATE('2020-06-10','YYYY-MM-DD'), 8, '00584', 584);
INSERT INTO EX.PERSONA(DOC_IDENTIDAD, NOMBRE, NOMBRE1, APELLIDO, APELLIDO1, FECHA_NAC, GENERO, FOTO) VALUES
                  ('00585', 'Antonio', 'Ashley', 'Wells', 'Davis', TO_DATE('2019-11-13','YYYY-MM-DD'), 'f', NULL);
INSERT INTO EX.HISTORICO_RESIDENCIA(FECHA_INICIO, ID_LUGAR, ID_PERSONA, FECHA_FIN) VALUES
                  (TO_DATE('2014-05-24','YYYY-MM-DD'), 40, '00585', NULL);
INSERT INTO EX.FICHA_MEDICA(ID, ID_PERSONA, ID_CENTRO_SALUD, ID_LUGAR, ESTADO, FECHA_INFECCION, FECHA_RECUPERACION) VALUES
                                             (585, '00585', 25, 40, 'desconido', NULL, NULL);
INSERT INTO EX.SINTOMAS(FECHA_INICIO, ID_SINTOMA, ID_PERSONA, ID_FICHA_MEDICA) VALUES
                            (TO_DATE('2020-03-29','YYYY-MM-DD'), 1, '00585', 585);
INSERT INTO EX.SINTOMAS(FECHA_INICIO, ID_SINTOMA, ID_PERSONA, ID_FICHA_MEDICA) VALUES
                            (TO_DATE('2020-04-20','YYYY-MM-DD'), 2, '00585', 585);
INSERT INTO EX.PERSONA(DOC_IDENTIDAD, NOMBRE, NOMBRE1, APELLIDO, APELLIDO1, FECHA_NAC, GENERO, FOTO) VALUES
                  ('00586', 'Kristi', 'James', 'Flores', 'Smith', TO_DATE('1985-06-27','YYYY-MM-DD'), 'm', NULL);
INSERT INTO EX.HISTORICO_RESIDENCIA(FECHA_INICIO, ID_LUGAR, ID_PERSONA, FECHA_FIN) VALUES
                  (TO_DATE('1979-01-28','YYYY-MM-DD'), 38, '00586', NULL);
INSERT INTO EX.FICHA_MEDICA(ID, ID_PERSONA, ID_CENTRO_SALUD, ID_LUGAR, ESTADO, FECHA_INFECCION, FECHA_RECUPERACION) VALUES
                                             (586, '00586', 23, 38, 'desconido', NULL, NULL);
INSERT INTO EX.PADECIMIENTOS(ID_PATOLOGIA, ID_PERSONA, ID_FICHA_MEDICA) VALUES
                            (1, '00586', 586);
INSERT INTO EX.PADECIMIENTOS(ID_PATOLOGIA, ID_PERSONA, ID_FICHA_MEDICA) VALUES
                            (2, '00586', 586);
INSERT INTO EX.PADECIMIENTOS(ID_PATOLOGIA, ID_PERSONA, ID_FICHA_MEDICA) VALUES
                            (3, '00586', 586);
INSERT INTO EX.PADECIMIENTOS(ID_PATOLOGIA, ID_PERSONA, ID_FICHA_MEDICA) VALUES
                            (4, '00586', 586);
INSERT INTO EX.PADECIMIENTOS(ID_PATOLOGIA, ID_PERSONA, ID_FICHA_MEDICA) VALUES
                            (5, '00586', 586);
INSERT INTO EX.PADECIMIENTOS(ID_PATOLOGIA, ID_PERSONA, ID_FICHA_MEDICA) VALUES
                            (6, '00586', 586);
INSERT INTO EX.PADECIMIENTOS(ID_PATOLOGIA, ID_PERSONA, ID_FICHA_MEDICA) VALUES
                            (7, '00586', 586);
INSERT INTO EX.PADECIMIENTOS(ID_PATOLOGIA, ID_PERSONA, ID_FICHA_MEDICA) VALUES
                            (8, '00586', 586);
INSERT INTO EX.PADECIMIENTOS(ID_PATOLOGIA, ID_PERSONA, ID_FICHA_MEDICA) VALUES
                            (9, '00586', 586);
INSERT INTO EX.PERSONA(DOC_IDENTIDAD, NOMBRE, NOMBRE1, APELLIDO, APELLIDO1, FECHA_NAC, GENERO, FOTO) VALUES
                  ('00587', 'Nicholas', 'Todd', 'Chan', 'Cross', TO_DATE('1991-03-10','YYYY-MM-DD'), 'f', NULL);
INSERT INTO EX.HISTORICO_RESIDENCIA(FECHA_INICIO, ID_LUGAR, ID_PERSONA, FECHA_FIN) VALUES
                  (TO_DATE('1981-07-11','YYYY-MM-DD'), 21, '00587', NULL);
INSERT INTO EX.FICHA_MEDICA(ID, ID_PERSONA, ID_CENTRO_SALUD, ID_LUGAR, ESTADO, FECHA_INFECCION, FECHA_RECUPERACION) VALUES
                                             (587, '00587', 6, 21, 'desconido', NULL, NULL);
INSERT INTO EX.PERSONA(DOC_IDENTIDAD, NOMBRE, NOMBRE1, APELLIDO, APELLIDO1, FECHA_NAC, GENERO, FOTO) VALUES
                  ('00588', 'Tonya', 'Robin', 'Mendoza', 'Sanchez', TO_DATE('1974-08-04','YYYY-MM-DD'), 'm', NULL);
INSERT INTO EX.HISTORICO_RESIDENCIA(FECHA_INICIO, ID_LUGAR, ID_PERSONA, FECHA_FIN) VALUES
                  (TO_DATE('2018-11-27','YYYY-MM-DD'), 18, '00588', NULL);
INSERT INTO EX.FICHA_MEDICA(ID, ID_PERSONA, ID_CENTRO_SALUD, ID_LUGAR, ESTADO, FECHA_INFECCION, FECHA_RECUPERACION) VALUES
                                             (588, '00588', 3, 18, 'desconido', NULL, NULL);
INSERT INTO EX.SINTOMAS(FECHA_INICIO, ID_SINTOMA, ID_PERSONA, ID_FICHA_MEDICA) VALUES
                            (TO_DATE('2020-06-26','YYYY-MM-DD'), 1, '00588', 588);
INSERT INTO EX.SINTOMAS(FECHA_INICIO, ID_SINTOMA, ID_PERSONA, ID_FICHA_MEDICA) VALUES
                            (TO_DATE('2020-05-08','YYYY-MM-DD'), 2, '00588', 588);
INSERT INTO EX.SINTOMAS(FECHA_INICIO, ID_SINTOMA, ID_PERSONA, ID_FICHA_MEDICA) VALUES
                            (TO_DATE('2020-01-25','YYYY-MM-DD'), 3, '00588', 588);
INSERT INTO EX.SINTOMAS(FECHA_INICIO, ID_SINTOMA, ID_PERSONA, ID_FICHA_MEDICA) VALUES
                            (TO_DATE('2020-03-21','YYYY-MM-DD'), 4, '00588', 588);
INSERT INTO EX.SINTOMAS(FECHA_INICIO, ID_SINTOMA, ID_PERSONA, ID_FICHA_MEDICA) VALUES
                            (TO_DATE('2020-06-23','YYYY-MM-DD'), 5, '00588', 588);
INSERT INTO EX.SINTOMAS(FECHA_INICIO, ID_SINTOMA, ID_PERSONA, ID_FICHA_MEDICA) VALUES
                            (TO_DATE('2020-05-20','YYYY-MM-DD'), 6, '00588', 588);
INSERT INTO EX.SINTOMAS(FECHA_INICIO, ID_SINTOMA, ID_PERSONA, ID_FICHA_MEDICA) VALUES
                            (TO_DATE('2020-04-15','YYYY-MM-DD'), 7, '00588', 588);
INSERT INTO EX.SINTOMAS(FECHA_INICIO, ID_SINTOMA, ID_PERSONA, ID_FICHA_MEDICA) VALUES
                            (TO_DATE('2020-03-04','YYYY-MM-DD'), 8, '00588', 588);
INSERT INTO EX.SINTOMAS(FECHA_INICIO, ID_SINTOMA, ID_PERSONA, ID_FICHA_MEDICA) VALUES
                            (TO_DATE('2020-06-16','YYYY-MM-DD'), 9, '00588', 588);
INSERT INTO EX.SINTOMAS(FECHA_INICIO, ID_SINTOMA, ID_PERSONA, ID_FICHA_MEDICA) VALUES
                            (TO_DATE('2020-06-27','YYYY-MM-DD'), 10, '00588', 588);
INSERT INTO EX.SINTOMAS(FECHA_INICIO, ID_SINTOMA, ID_PERSONA, ID_FICHA_MEDICA) VALUES
                            (TO_DATE('2020-04-30','YYYY-MM-DD'), 11, '00588', 588);
INSERT INTO EX.SINTOMAS(FECHA_INICIO, ID_SINTOMA, ID_PERSONA, ID_FICHA_MEDICA) VALUES
                            (TO_DATE('2020-05-06','YYYY-MM-DD'), 12, '00588', 588);
INSERT INTO EX.SINTOMAS(FECHA_INICIO, ID_SINTOMA, ID_PERSONA, ID_FICHA_MEDICA) VALUES
                            (TO_DATE('2020-01-28','YYYY-MM-DD'), 13, '00588', 588);
INSERT INTO EX.SINTOMAS(FECHA_INICIO, ID_SINTOMA, ID_PERSONA, ID_FICHA_MEDICA) VALUES
                            (TO_DATE('2020-06-15','YYYY-MM-DD'), 14, '00588', 588);
INSERT INTO EX.SINTOMAS(FECHA_INICIO, ID_SINTOMA, ID_PERSONA, ID_FICHA_MEDICA) VALUES
                            (TO_DATE('2020-01-24','YYYY-MM-DD'), 15, '00588', 588);
INSERT INTO EX.SINTOMAS(FECHA_INICIO, ID_SINTOMA, ID_PERSONA, ID_FICHA_MEDICA) VALUES
                            (TO_DATE('2020-03-26','YYYY-MM-DD'), 16, '00588', 588);
INSERT INTO EX.SINTOMAS(FECHA_INICIO, ID_SINTOMA, ID_PERSONA, ID_FICHA_MEDICA) VALUES
                            (TO_DATE('2020-05-13','YYYY-MM-DD'), 17, '00588', 588);
INSERT INTO EX.PERSONA(DOC_IDENTIDAD, NOMBRE, NOMBRE1, APELLIDO, APELLIDO1, FECHA_NAC, GENERO, FOTO) VALUES
                  ('00589', 'Alexandria', 'Sara', 'Sanders', 'Burton', TO_DATE('1971-06-30','YYYY-MM-DD'), 'f', NULL);
INSERT INTO EX.HISTORICO_RESIDENCIA(FECHA_INICIO, ID_LUGAR, ID_PERSONA, FECHA_FIN) VALUES
                  (TO_DATE('1973-06-05','YYYY-MM-DD'), 27, '00589', NULL);
INSERT INTO EX.FICHA_MEDICA(ID, ID_PERSONA, ID_CENTRO_SALUD, ID_LUGAR, ESTADO, FECHA_INFECCION, FECHA_RECUPERACION) VALUES
                                             (589, '00589', 12, 27, 'desconido', NULL, NULL);
INSERT INTO EX.PERSONA(DOC_IDENTIDAD, NOMBRE, NOMBRE1, APELLIDO, APELLIDO1, FECHA_NAC, GENERO, FOTO) VALUES
                  ('00590', 'Jacqueline', 'Erin', 'Mitchell', 'Lynn', TO_DATE('1997-03-08','YYYY-MM-DD'), 'm', NULL);
INSERT INTO EX.HISTORICO_RESIDENCIA(FECHA_INICIO, ID_LUGAR, ID_PERSONA, FECHA_FIN) VALUES
                  (TO_DATE('2004-10-09','YYYY-MM-DD'), 30, '00590', NULL);
INSERT INTO EX.FICHA_MEDICA(ID, ID_PERSONA, ID_CENTRO_SALUD, ID_LUGAR, ESTADO, FECHA_INFECCION, FECHA_RECUPERACION) VALUES
                                             (590, '00590', 15, 30, 'desconido', NULL, NULL);
INSERT INTO EX.PADECIMIENTOS(ID_PATOLOGIA, ID_PERSONA, ID_FICHA_MEDICA) VALUES
                            (1, '00590', 590);
INSERT INTO EX.PADECIMIENTOS(ID_PATOLOGIA, ID_PERSONA, ID_FICHA_MEDICA) VALUES
                            (2, '00590', 590);
INSERT INTO EX.PADECIMIENTOS(ID_PATOLOGIA, ID_PERSONA, ID_FICHA_MEDICA) VALUES
                            (3, '00590', 590);
INSERT INTO EX.PADECIMIENTOS(ID_PATOLOGIA, ID_PERSONA, ID_FICHA_MEDICA) VALUES
                            (4, '00590', 590);
INSERT INTO EX.PADECIMIENTOS(ID_PATOLOGIA, ID_PERSONA, ID_FICHA_MEDICA) VALUES
                            (5, '00590', 590);
INSERT INTO EX.PADECIMIENTOS(ID_PATOLOGIA, ID_PERSONA, ID_FICHA_MEDICA) VALUES
                            (6, '00590', 590);
INSERT INTO EX.PADECIMIENTOS(ID_PATOLOGIA, ID_PERSONA, ID_FICHA_MEDICA) VALUES
                            (7, '00590', 590);
INSERT INTO EX.PADECIMIENTOS(ID_PATOLOGIA, ID_PERSONA, ID_FICHA_MEDICA) VALUES
                            (8, '00590', 590);
INSERT INTO EX.PADECIMIENTOS(ID_PATOLOGIA, ID_PERSONA, ID_FICHA_MEDICA) VALUES
                            (9, '00590', 590);
INSERT INTO EX.PADECIMIENTOS(ID_PATOLOGIA, ID_PERSONA, ID_FICHA_MEDICA) VALUES
                            (10, '00590', 590);
INSERT INTO EX.PADECIMIENTOS(ID_PATOLOGIA, ID_PERSONA, ID_FICHA_MEDICA) VALUES
                            (11, '00590', 590);
INSERT INTO EX.PADECIMIENTOS(ID_PATOLOGIA, ID_PERSONA, ID_FICHA_MEDICA) VALUES
                            (12, '00590', 590);
INSERT INTO EX.PERSONA(DOC_IDENTIDAD, NOMBRE, NOMBRE1, APELLIDO, APELLIDO1, FECHA_NAC, GENERO, FOTO) VALUES
                  ('00591', 'Michael', 'Nancy', 'Kim', 'Wyatt', TO_DATE('2008-01-27','YYYY-MM-DD'), 'f', NULL);
INSERT INTO EX.HISTORICO_RESIDENCIA(FECHA_INICIO, ID_LUGAR, ID_PERSONA, FECHA_FIN) VALUES
                  (TO_DATE('1982-10-24','YYYY-MM-DD'), 42, '00591', NULL);
INSERT INTO EX.FICHA_MEDICA(ID, ID_PERSONA, ID_CENTRO_SALUD, ID_LUGAR, ESTADO, FECHA_INFECCION, FECHA_RECUPERACION) VALUES
                                             (591, '00591', 27, 42, 'desconido', NULL, NULL);
INSERT INTO EX.PADECIMIENTOS(ID_PATOLOGIA, ID_PERSONA, ID_FICHA_MEDICA) VALUES
                            (1, '00591', 591);
INSERT INTO EX.PADECIMIENTOS(ID_PATOLOGIA, ID_PERSONA, ID_FICHA_MEDICA) VALUES
                            (2, '00591', 591);
INSERT INTO EX.PADECIMIENTOS(ID_PATOLOGIA, ID_PERSONA, ID_FICHA_MEDICA) VALUES
                            (3, '00591', 591);
INSERT INTO EX.PADECIMIENTOS(ID_PATOLOGIA, ID_PERSONA, ID_FICHA_MEDICA) VALUES
                            (4, '00591', 591);
INSERT INTO EX.PADECIMIENTOS(ID_PATOLOGIA, ID_PERSONA, ID_FICHA_MEDICA) VALUES
                            (5, '00591', 591);
INSERT INTO EX.PADECIMIENTOS(ID_PATOLOGIA, ID_PERSONA, ID_FICHA_MEDICA) VALUES
                            (6, '00591', 591);
INSERT INTO EX.PADECIMIENTOS(ID_PATOLOGIA, ID_PERSONA, ID_FICHA_MEDICA) VALUES
                            (7, '00591', 591);
INSERT INTO EX.PADECIMIENTOS(ID_PATOLOGIA, ID_PERSONA, ID_FICHA_MEDICA) VALUES
                            (8, '00591', 591);
INSERT INTO EX.PADECIMIENTOS(ID_PATOLOGIA, ID_PERSONA, ID_FICHA_MEDICA) VALUES
                            (9, '00591', 591);
INSERT INTO EX.PADECIMIENTOS(ID_PATOLOGIA, ID_PERSONA, ID_FICHA_MEDICA) VALUES
                            (10, '00591', 591);
INSERT INTO EX.PADECIMIENTOS(ID_PATOLOGIA, ID_PERSONA, ID_FICHA_MEDICA) VALUES
                            (11, '00591', 591);
INSERT INTO EX.PERSONA(DOC_IDENTIDAD, NOMBRE, NOMBRE1, APELLIDO, APELLIDO1, FECHA_NAC, GENERO, FOTO) VALUES
                  ('00592', 'Brenda', 'Tara', 'Hill', 'Sanchez', TO_DATE('2016-09-27','YYYY-MM-DD'), 'm', NULL);
INSERT INTO EX.HISTORICO_RESIDENCIA(FECHA_INICIO, ID_LUGAR, ID_PERSONA, FECHA_FIN) VALUES
                  (TO_DATE('1995-08-22','YYYY-MM-DD'), 33, '00592', NULL);
INSERT INTO EX.FICHA_MEDICA(ID, ID_PERSONA, ID_CENTRO_SALUD, ID_LUGAR, ESTADO, FECHA_INFECCION, FECHA_RECUPERACION) VALUES
                                             (592, '00592', 18, 33, 'desconido', NULL, NULL);
INSERT INTO EX.SINTOMAS(FECHA_INICIO, ID_SINTOMA, ID_PERSONA, ID_FICHA_MEDICA) VALUES
                            (TO_DATE('2020-03-02','YYYY-MM-DD'), 1, '00592', 592);
INSERT INTO EX.SINTOMAS(FECHA_INICIO, ID_SINTOMA, ID_PERSONA, ID_FICHA_MEDICA) VALUES
                            (TO_DATE('2020-05-04','YYYY-MM-DD'), 2, '00592', 592);
INSERT INTO EX.SINTOMAS(FECHA_INICIO, ID_SINTOMA, ID_PERSONA, ID_FICHA_MEDICA) VALUES
                            (TO_DATE('2020-02-14','YYYY-MM-DD'), 3, '00592', 592);
INSERT INTO EX.SINTOMAS(FECHA_INICIO, ID_SINTOMA, ID_PERSONA, ID_FICHA_MEDICA) VALUES
                            (TO_DATE('2020-02-20','YYYY-MM-DD'), 4, '00592', 592);
INSERT INTO EX.SINTOMAS(FECHA_INICIO, ID_SINTOMA, ID_PERSONA, ID_FICHA_MEDICA) VALUES
                            (TO_DATE('2020-05-14','YYYY-MM-DD'), 5, '00592', 592);
INSERT INTO EX.PERSONA(DOC_IDENTIDAD, NOMBRE, NOMBRE1, APELLIDO, APELLIDO1, FECHA_NAC, GENERO, FOTO) VALUES
                  ('00593', 'Veronica', 'Dale', 'Moore', 'Dennis', TO_DATE('1981-09-06','YYYY-MM-DD'), 'f', NULL);
INSERT INTO EX.HISTORICO_RESIDENCIA(FECHA_INICIO, ID_LUGAR, ID_PERSONA, FECHA_FIN) VALUES
                  (TO_DATE('2018-06-06','YYYY-MM-DD'), 41, '00593', NULL);
INSERT INTO EX.FICHA_MEDICA(ID, ID_PERSONA, ID_CENTRO_SALUD, ID_LUGAR, ESTADO, FECHA_INFECCION, FECHA_RECUPERACION) VALUES
                                             (593, '00593', 26, 41, 'desconido', NULL, NULL);
INSERT INTO EX.PERSONA(DOC_IDENTIDAD, NOMBRE, NOMBRE1, APELLIDO, APELLIDO1, FECHA_NAC, GENERO, FOTO) VALUES
                  ('00594', 'Ashley', 'Tony', 'Faulkner', 'Ferguson', TO_DATE('2000-02-16','YYYY-MM-DD'), 'm', NULL);
INSERT INTO EX.HISTORICO_RESIDENCIA(FECHA_INICIO, ID_LUGAR, ID_PERSONA, FECHA_FIN) VALUES
                  (TO_DATE('2014-12-15','YYYY-MM-DD'), 28, '00594', NULL);
INSERT INTO EX.FICHA_MEDICA(ID, ID_PERSONA, ID_CENTRO_SALUD, ID_LUGAR, ESTADO, FECHA_INFECCION, FECHA_RECUPERACION) VALUES
                                             (594, '00594', 13, 28, 'desconido', NULL, NULL);
INSERT INTO EX.PADECIMIENTOS(ID_PATOLOGIA, ID_PERSONA, ID_FICHA_MEDICA) VALUES
                            (1, '00594', 594);
INSERT INTO EX.PADECIMIENTOS(ID_PATOLOGIA, ID_PERSONA, ID_FICHA_MEDICA) VALUES
                            (2, '00594', 594);
INSERT INTO EX.PERSONA(DOC_IDENTIDAD, NOMBRE, NOMBRE1, APELLIDO, APELLIDO1, FECHA_NAC, GENERO, FOTO) VALUES
                  ('00595', 'Daniel', 'Tracy', 'Gross', 'Johnson', TO_DATE('1986-01-12','YYYY-MM-DD'), 'f', NULL);
INSERT INTO EX.HISTORICO_RESIDENCIA(FECHA_INICIO, ID_LUGAR, ID_PERSONA, FECHA_FIN) VALUES
                  (TO_DATE('1980-12-30','YYYY-MM-DD'), 25, '00595', NULL);
INSERT INTO EX.FICHA_MEDICA(ID, ID_PERSONA, ID_CENTRO_SALUD, ID_LUGAR, ESTADO, FECHA_INFECCION, FECHA_RECUPERACION) VALUES
                                             (595, '00595', 10, 25, 'desconido', NULL, NULL);
INSERT INTO EX.PADECIMIENTOS(ID_PATOLOGIA, ID_PERSONA, ID_FICHA_MEDICA) VALUES
                            (1, '00595', 595);
INSERT INTO EX.PADECIMIENTOS(ID_PATOLOGIA, ID_PERSONA, ID_FICHA_MEDICA) VALUES
                            (2, '00595', 595);
INSERT INTO EX.PADECIMIENTOS(ID_PATOLOGIA, ID_PERSONA, ID_FICHA_MEDICA) VALUES
                            (3, '00595', 595);
INSERT INTO EX.PADECIMIENTOS(ID_PATOLOGIA, ID_PERSONA, ID_FICHA_MEDICA) VALUES
                            (4, '00595', 595);
INSERT INTO EX.PADECIMIENTOS(ID_PATOLOGIA, ID_PERSONA, ID_FICHA_MEDICA) VALUES
                            (5, '00595', 595);
INSERT INTO EX.PADECIMIENTOS(ID_PATOLOGIA, ID_PERSONA, ID_FICHA_MEDICA) VALUES
                            (6, '00595', 595);
INSERT INTO EX.PADECIMIENTOS(ID_PATOLOGIA, ID_PERSONA, ID_FICHA_MEDICA) VALUES
                            (7, '00595', 595);
INSERT INTO EX.PADECIMIENTOS(ID_PATOLOGIA, ID_PERSONA, ID_FICHA_MEDICA) VALUES
                            (8, '00595', 595);
INSERT INTO EX.PADECIMIENTOS(ID_PATOLOGIA, ID_PERSONA, ID_FICHA_MEDICA) VALUES
                            (9, '00595', 595);
INSERT INTO EX.PERSONA(DOC_IDENTIDAD, NOMBRE, NOMBRE1, APELLIDO, APELLIDO1, FECHA_NAC, GENERO, FOTO) VALUES
                  ('00596', 'Emily', 'Kevin', 'Melendez', 'Perry', TO_DATE('1979-04-08','YYYY-MM-DD'), 'm', NULL);
INSERT INTO EX.HISTORICO_RESIDENCIA(FECHA_INICIO, ID_LUGAR, ID_PERSONA, FECHA_FIN) VALUES
                  (TO_DATE('1975-10-18','YYYY-MM-DD'), 41, '00596', NULL);
INSERT INTO EX.FICHA_MEDICA(ID, ID_PERSONA, ID_CENTRO_SALUD, ID_LUGAR, ESTADO, FECHA_INFECCION, FECHA_RECUPERACION) VALUES
                                             (596, '00596', 26, 41, 'desconido', NULL, NULL);
INSERT INTO EX.PADECIMIENTOS(ID_PATOLOGIA, ID_PERSONA, ID_FICHA_MEDICA) VALUES
                            (1, '00596', 596);
INSERT INTO EX.PADECIMIENTOS(ID_PATOLOGIA, ID_PERSONA, ID_FICHA_MEDICA) VALUES
                            (2, '00596', 596);
INSERT INTO EX.PADECIMIENTOS(ID_PATOLOGIA, ID_PERSONA, ID_FICHA_MEDICA) VALUES
                            (3, '00596', 596);
INSERT INTO EX.PADECIMIENTOS(ID_PATOLOGIA, ID_PERSONA, ID_FICHA_MEDICA) VALUES
                            (4, '00596', 596);
INSERT INTO EX.PADECIMIENTOS(ID_PATOLOGIA, ID_PERSONA, ID_FICHA_MEDICA) VALUES
                            (5, '00596', 596);
INSERT INTO EX.PADECIMIENTOS(ID_PATOLOGIA, ID_PERSONA, ID_FICHA_MEDICA) VALUES
                            (6, '00596', 596);
INSERT INTO EX.PADECIMIENTOS(ID_PATOLOGIA, ID_PERSONA, ID_FICHA_MEDICA) VALUES
                            (7, '00596', 596);
INSERT INTO EX.PADECIMIENTOS(ID_PATOLOGIA, ID_PERSONA, ID_FICHA_MEDICA) VALUES
                            (8, '00596', 596);
INSERT INTO EX.PADECIMIENTOS(ID_PATOLOGIA, ID_PERSONA, ID_FICHA_MEDICA) VALUES
                            (9, '00596', 596);
INSERT INTO EX.PADECIMIENTOS(ID_PATOLOGIA, ID_PERSONA, ID_FICHA_MEDICA) VALUES
                            (10, '00596', 596);
INSERT INTO EX.PADECIMIENTOS(ID_PATOLOGIA, ID_PERSONA, ID_FICHA_MEDICA) VALUES
                            (11, '00596', 596);
INSERT INTO EX.PADECIMIENTOS(ID_PATOLOGIA, ID_PERSONA, ID_FICHA_MEDICA) VALUES
                            (12, '00596', 596);
INSERT INTO EX.PADECIMIENTOS(ID_PATOLOGIA, ID_PERSONA, ID_FICHA_MEDICA) VALUES
                            (13, '00596', 596);
INSERT INTO EX.PADECIMIENTOS(ID_PATOLOGIA, ID_PERSONA, ID_FICHA_MEDICA) VALUES
                            (14, '00596', 596);
INSERT INTO EX.PERSONA(DOC_IDENTIDAD, NOMBRE, NOMBRE1, APELLIDO, APELLIDO1, FECHA_NAC, GENERO, FOTO) VALUES
                  ('00597', 'James', 'Chloe', 'Oconnor', 'Vargas', TO_DATE('1981-07-09','YYYY-MM-DD'), 'f', NULL);
INSERT INTO EX.HISTORICO_RESIDENCIA(FECHA_INICIO, ID_LUGAR, ID_PERSONA, FECHA_FIN) VALUES
                  (TO_DATE('2006-10-13','YYYY-MM-DD'), 39, '00597', NULL);
INSERT INTO EX.FICHA_MEDICA(ID, ID_PERSONA, ID_CENTRO_SALUD, ID_LUGAR, ESTADO, FECHA_INFECCION, FECHA_RECUPERACION) VALUES
                                             (597, '00597', 24, 39, 'desconido', NULL, NULL);
INSERT INTO EX.PERSONA(DOC_IDENTIDAD, NOMBRE, NOMBRE1, APELLIDO, APELLIDO1, FECHA_NAC, GENERO, FOTO) VALUES
                  ('00598', 'Erika', 'Jeremy', 'Compton', 'Hall', TO_DATE('1971-07-26','YYYY-MM-DD'), 'm', NULL);
INSERT INTO EX.HISTORICO_RESIDENCIA(FECHA_INICIO, ID_LUGAR, ID_PERSONA, FECHA_FIN) VALUES
                  (TO_DATE('2020-06-22','YYYY-MM-DD'), 24, '00598', NULL);
INSERT INTO EX.FICHA_MEDICA(ID, ID_PERSONA, ID_CENTRO_SALUD, ID_LUGAR, ESTADO, FECHA_INFECCION, FECHA_RECUPERACION) VALUES
                                             (598, '00598', 9, 24, 'desconido', NULL, NULL);
INSERT INTO EX.SINTOMAS(FECHA_INICIO, ID_SINTOMA, ID_PERSONA, ID_FICHA_MEDICA) VALUES
                            (TO_DATE('2020-06-08','YYYY-MM-DD'), 1, '00598', 598);
INSERT INTO EX.SINTOMAS(FECHA_INICIO, ID_SINTOMA, ID_PERSONA, ID_FICHA_MEDICA) VALUES
                            (TO_DATE('2020-04-26','YYYY-MM-DD'), 2, '00598', 598);
INSERT INTO EX.SINTOMAS(FECHA_INICIO, ID_SINTOMA, ID_PERSONA, ID_FICHA_MEDICA) VALUES
                            (TO_DATE('2020-01-06','YYYY-MM-DD'), 3, '00598', 598);
INSERT INTO EX.SINTOMAS(FECHA_INICIO, ID_SINTOMA, ID_PERSONA, ID_FICHA_MEDICA) VALUES
                            (TO_DATE('2020-04-26','YYYY-MM-DD'), 4, '00598', 598);
INSERT INTO EX.SINTOMAS(FECHA_INICIO, ID_SINTOMA, ID_PERSONA, ID_FICHA_MEDICA) VALUES
                            (TO_DATE('2020-06-12','YYYY-MM-DD'), 5, '00598', 598);
INSERT INTO EX.SINTOMAS(FECHA_INICIO, ID_SINTOMA, ID_PERSONA, ID_FICHA_MEDICA) VALUES
                            (TO_DATE('2020-02-07','YYYY-MM-DD'), 6, '00598', 598);
INSERT INTO EX.SINTOMAS(FECHA_INICIO, ID_SINTOMA, ID_PERSONA, ID_FICHA_MEDICA) VALUES
                            (TO_DATE('2020-04-02','YYYY-MM-DD'), 7, '00598', 598);
INSERT INTO EX.SINTOMAS(FECHA_INICIO, ID_SINTOMA, ID_PERSONA, ID_FICHA_MEDICA) VALUES
                            (TO_DATE('2020-02-28','YYYY-MM-DD'), 8, '00598', 598);
INSERT INTO EX.SINTOMAS(FECHA_INICIO, ID_SINTOMA, ID_PERSONA, ID_FICHA_MEDICA) VALUES
                            (TO_DATE('2020-02-21','YYYY-MM-DD'), 9, '00598', 598);
INSERT INTO EX.SINTOMAS(FECHA_INICIO, ID_SINTOMA, ID_PERSONA, ID_FICHA_MEDICA) VALUES
                            (TO_DATE('2020-01-24','YYYY-MM-DD'), 10, '00598', 598);
INSERT INTO EX.PERSONA(DOC_IDENTIDAD, NOMBRE, NOMBRE1, APELLIDO, APELLIDO1, FECHA_NAC, GENERO, FOTO) VALUES
                  ('00599', 'James', 'Brittany', 'Walsh', 'Maynard', TO_DATE('2016-10-07','YYYY-MM-DD'), 'f', NULL);
INSERT INTO EX.HISTORICO_RESIDENCIA(FECHA_INICIO, ID_LUGAR, ID_PERSONA, FECHA_FIN) VALUES
                  (TO_DATE('1997-05-25','YYYY-MM-DD'), 25, '00599', NULL);
INSERT INTO EX.FICHA_MEDICA(ID, ID_PERSONA, ID_CENTRO_SALUD, ID_LUGAR, ESTADO, FECHA_INFECCION, FECHA_RECUPERACION) VALUES
                                             (599, '00599', 10, 25, 'desconido', NULL, NULL);
INSERT INTO EX.PADECIMIENTOS(ID_PATOLOGIA, ID_PERSONA, ID_FICHA_MEDICA) VALUES
                            (1, '00599', 599);
INSERT INTO EX.PADECIMIENTOS(ID_PATOLOGIA, ID_PERSONA, ID_FICHA_MEDICA) VALUES
                            (2, '00599', 599);
INSERT INTO EX.PADECIMIENTOS(ID_PATOLOGIA, ID_PERSONA, ID_FICHA_MEDICA) VALUES
                            (3, '00599', 599);
INSERT INTO EX.PADECIMIENTOS(ID_PATOLOGIA, ID_PERSONA, ID_FICHA_MEDICA) VALUES
                            (4, '00599', 599);
INSERT INTO EX.PADECIMIENTOS(ID_PATOLOGIA, ID_PERSONA, ID_FICHA_MEDICA) VALUES
                            (5, '00599', 599);
INSERT INTO EX.PADECIMIENTOS(ID_PATOLOGIA, ID_PERSONA, ID_FICHA_MEDICA) VALUES
                            (6, '00599', 599);
INSERT INTO EX.PADECIMIENTOS(ID_PATOLOGIA, ID_PERSONA, ID_FICHA_MEDICA) VALUES
                            (7, '00599', 599);
INSERT INTO EX.PADECIMIENTOS(ID_PATOLOGIA, ID_PERSONA, ID_FICHA_MEDICA) VALUES
                            (8, '00599', 599);
INSERT INTO EX.PADECIMIENTOS(ID_PATOLOGIA, ID_PERSONA, ID_FICHA_MEDICA) VALUES
                            (9, '00599', 599);
INSERT INTO EX.PADECIMIENTOS(ID_PATOLOGIA, ID_PERSONA, ID_FICHA_MEDICA) VALUES
                            (10, '00599', 599);
INSERT INTO EX.PADECIMIENTOS(ID_PATOLOGIA, ID_PERSONA, ID_FICHA_MEDICA) VALUES
                            (11, '00599', 599);
INSERT INTO EX.PADECIMIENTOS(ID_PATOLOGIA, ID_PERSONA, ID_FICHA_MEDICA) VALUES
                            (12, '00599', 599);
INSERT INTO EX.PADECIMIENTOS(ID_PATOLOGIA, ID_PERSONA, ID_FICHA_MEDICA) VALUES
                            (13, '00599', 599);
INSERT INTO EX.PADECIMIENTOS(ID_PATOLOGIA, ID_PERSONA, ID_FICHA_MEDICA) VALUES
                            (14, '00599', 599);
INSERT INTO EX.PERSONA(DOC_IDENTIDAD, NOMBRE, NOMBRE1, APELLIDO, APELLIDO1, FECHA_NAC, GENERO, FOTO) VALUES
                  ('00600', 'Robert', 'Ashley', 'Dixon', 'James', TO_DATE('1988-06-16','YYYY-MM-DD'), 'm', NULL);
INSERT INTO EX.HISTORICO_RESIDENCIA(FECHA_INICIO, ID_LUGAR, ID_PERSONA, FECHA_FIN) VALUES
                  (TO_DATE('1976-09-15','YYYY-MM-DD'), 18, '00600', NULL);
INSERT INTO EX.FICHA_MEDICA(ID, ID_PERSONA, ID_CENTRO_SALUD, ID_LUGAR, ESTADO, FECHA_INFECCION, FECHA_RECUPERACION) VALUES
                                             (600, '00600', 3, 18, 'desconido', NULL, NULL);
INSERT INTO EX.PERSONA(DOC_IDENTIDAD, NOMBRE, NOMBRE1, APELLIDO, APELLIDO1, FECHA_NAC, GENERO, FOTO) VALUES
                  ('00601', 'Carolyn', 'Ronnie', 'Wyatt', 'Allen', TO_DATE('1984-07-08','YYYY-MM-DD'), 'f', NULL);
INSERT INTO EX.HISTORICO_RESIDENCIA(FECHA_INICIO, ID_LUGAR, ID_PERSONA, FECHA_FIN) VALUES
                  (TO_DATE('2017-07-14','YYYY-MM-DD'), 19, '00601', NULL);
INSERT INTO EX.FICHA_MEDICA(ID, ID_PERSONA, ID_CENTRO_SALUD, ID_LUGAR, ESTADO, FECHA_INFECCION, FECHA_RECUPERACION) VALUES
                                             (601, '00601', 4, 19, 'desconido', NULL, NULL);
INSERT INTO EX.PERSONA(DOC_IDENTIDAD, NOMBRE, NOMBRE1, APELLIDO, APELLIDO1, FECHA_NAC, GENERO, FOTO) VALUES
                  ('00602', 'Carolyn', 'Rhonda', 'Bryant', 'Cook', TO_DATE('1988-03-14','YYYY-MM-DD'), 'm', NULL);
INSERT INTO EX.HISTORICO_RESIDENCIA(FECHA_INICIO, ID_LUGAR, ID_PERSONA, FECHA_FIN) VALUES
                  (TO_DATE('1974-11-13','YYYY-MM-DD'), 39, '00602', NULL);
INSERT INTO EX.FICHA_MEDICA(ID, ID_PERSONA, ID_CENTRO_SALUD, ID_LUGAR, ESTADO, FECHA_INFECCION, FECHA_RECUPERACION) VALUES
                                             (602, '00602', 24, 39, 'desconido', NULL, NULL);
INSERT INTO EX.PADECIMIENTOS(ID_PATOLOGIA, ID_PERSONA, ID_FICHA_MEDICA) VALUES
                            (1, '00602', 602);
INSERT INTO EX.PADECIMIENTOS(ID_PATOLOGIA, ID_PERSONA, ID_FICHA_MEDICA) VALUES
                            (2, '00602', 602);
INSERT INTO EX.PADECIMIENTOS(ID_PATOLOGIA, ID_PERSONA, ID_FICHA_MEDICA) VALUES
                            (3, '00602', 602);
INSERT INTO EX.PADECIMIENTOS(ID_PATOLOGIA, ID_PERSONA, ID_FICHA_MEDICA) VALUES
                            (4, '00602', 602);
INSERT INTO EX.PADECIMIENTOS(ID_PATOLOGIA, ID_PERSONA, ID_FICHA_MEDICA) VALUES
                            (5, '00602', 602);
INSERT INTO EX.PADECIMIENTOS(ID_PATOLOGIA, ID_PERSONA, ID_FICHA_MEDICA) VALUES
                            (6, '00602', 602);
INSERT INTO EX.PADECIMIENTOS(ID_PATOLOGIA, ID_PERSONA, ID_FICHA_MEDICA) VALUES
                            (7, '00602', 602);
INSERT INTO EX.PADECIMIENTOS(ID_PATOLOGIA, ID_PERSONA, ID_FICHA_MEDICA) VALUES
                            (8, '00602', 602);
INSERT INTO EX.PADECIMIENTOS(ID_PATOLOGIA, ID_PERSONA, ID_FICHA_MEDICA) VALUES
                            (9, '00602', 602);
INSERT INTO EX.PADECIMIENTOS(ID_PATOLOGIA, ID_PERSONA, ID_FICHA_MEDICA) VALUES
                            (10, '00602', 602);
INSERT INTO EX.PADECIMIENTOS(ID_PATOLOGIA, ID_PERSONA, ID_FICHA_MEDICA) VALUES
                            (11, '00602', 602);
INSERT INTO EX.PADECIMIENTOS(ID_PATOLOGIA, ID_PERSONA, ID_FICHA_MEDICA) VALUES
                            (12, '00602', 602);
INSERT INTO EX.PADECIMIENTOS(ID_PATOLOGIA, ID_PERSONA, ID_FICHA_MEDICA) VALUES
                            (13, '00602', 602);
INSERT INTO EX.PADECIMIENTOS(ID_PATOLOGIA, ID_PERSONA, ID_FICHA_MEDICA) VALUES
                            (14, '00602', 602);
INSERT INTO EX.PADECIMIENTOS(ID_PATOLOGIA, ID_PERSONA, ID_FICHA_MEDICA) VALUES
                            (15, '00602', 602);
INSERT INTO EX.PERSONA(DOC_IDENTIDAD, NOMBRE, NOMBRE1, APELLIDO, APELLIDO1, FECHA_NAC, GENERO, FOTO) VALUES
                  ('00603', 'Courtney', 'Jodi', 'Davis', 'Johnson', TO_DATE('2009-10-14','YYYY-MM-DD'), 'f', NULL);
INSERT INTO EX.HISTORICO_RESIDENCIA(FECHA_INICIO, ID_LUGAR, ID_PERSONA, FECHA_FIN) VALUES
                  (TO_DATE('1991-06-19','YYYY-MM-DD'), 41, '00603', NULL);
INSERT INTO EX.FICHA_MEDICA(ID, ID_PERSONA, ID_CENTRO_SALUD, ID_LUGAR, ESTADO, FECHA_INFECCION, FECHA_RECUPERACION) VALUES
                                             (603, '00603', 26, 41, 'desconido', NULL, NULL);
INSERT INTO EX.PERSONA(DOC_IDENTIDAD, NOMBRE, NOMBRE1, APELLIDO, APELLIDO1, FECHA_NAC, GENERO, FOTO) VALUES
                  ('00604', 'Peter', 'Jay', 'Torres', 'Austin', TO_DATE('1983-02-28','YYYY-MM-DD'), 'm', NULL);
INSERT INTO EX.HISTORICO_RESIDENCIA(FECHA_INICIO, ID_LUGAR, ID_PERSONA, FECHA_FIN) VALUES
                  (TO_DATE('1990-03-24','YYYY-MM-DD'), 39, '00604', NULL);
INSERT INTO EX.FICHA_MEDICA(ID, ID_PERSONA, ID_CENTRO_SALUD, ID_LUGAR, ESTADO, FECHA_INFECCION, FECHA_RECUPERACION) VALUES
                                             (604, '00604', 24, 39, 'desconido', NULL, NULL);
INSERT INTO EX.PERSONA(DOC_IDENTIDAD, NOMBRE, NOMBRE1, APELLIDO, APELLIDO1, FECHA_NAC, GENERO, FOTO) VALUES
                  ('00605', 'Shawn', 'David', 'Webb', 'Brown', TO_DATE('2015-12-07','YYYY-MM-DD'), 'f', NULL);
INSERT INTO EX.HISTORICO_RESIDENCIA(FECHA_INICIO, ID_LUGAR, ID_PERSONA, FECHA_FIN) VALUES
                  (TO_DATE('1993-09-27','YYYY-MM-DD'), 21, '00605', NULL);
INSERT INTO EX.FICHA_MEDICA(ID, ID_PERSONA, ID_CENTRO_SALUD, ID_LUGAR, ESTADO, FECHA_INFECCION, FECHA_RECUPERACION) VALUES
                                             (605, '00605', 6, 21, 'desconido', NULL, NULL);
INSERT INTO EX.SINTOMAS(FECHA_INICIO, ID_SINTOMA, ID_PERSONA, ID_FICHA_MEDICA) VALUES
                            (TO_DATE('2020-04-05','YYYY-MM-DD'), 1, '00605', 605);
INSERT INTO EX.SINTOMAS(FECHA_INICIO, ID_SINTOMA, ID_PERSONA, ID_FICHA_MEDICA) VALUES
                            (TO_DATE('2020-06-30','YYYY-MM-DD'), 2, '00605', 605);
INSERT INTO EX.SINTOMAS(FECHA_INICIO, ID_SINTOMA, ID_PERSONA, ID_FICHA_MEDICA) VALUES
                            (TO_DATE('2020-04-06','YYYY-MM-DD'), 3, '00605', 605);
INSERT INTO EX.SINTOMAS(FECHA_INICIO, ID_SINTOMA, ID_PERSONA, ID_FICHA_MEDICA) VALUES
                            (TO_DATE('2020-04-25','YYYY-MM-DD'), 4, '00605', 605);
INSERT INTO EX.SINTOMAS(FECHA_INICIO, ID_SINTOMA, ID_PERSONA, ID_FICHA_MEDICA) VALUES
                            (TO_DATE('2020-01-11','YYYY-MM-DD'), 5, '00605', 605);
INSERT INTO EX.SINTOMAS(FECHA_INICIO, ID_SINTOMA, ID_PERSONA, ID_FICHA_MEDICA) VALUES
                            (TO_DATE('2020-01-29','YYYY-MM-DD'), 6, '00605', 605);
INSERT INTO EX.SINTOMAS(FECHA_INICIO, ID_SINTOMA, ID_PERSONA, ID_FICHA_MEDICA) VALUES
                            (TO_DATE('2020-04-27','YYYY-MM-DD'), 7, '00605', 605);
INSERT INTO EX.SINTOMAS(FECHA_INICIO, ID_SINTOMA, ID_PERSONA, ID_FICHA_MEDICA) VALUES
                            (TO_DATE('2020-01-17','YYYY-MM-DD'), 8, '00605', 605);
INSERT INTO EX.SINTOMAS(FECHA_INICIO, ID_SINTOMA, ID_PERSONA, ID_FICHA_MEDICA) VALUES
                            (TO_DATE('2020-06-25','YYYY-MM-DD'), 9, '00605', 605);
INSERT INTO EX.SINTOMAS(FECHA_INICIO, ID_SINTOMA, ID_PERSONA, ID_FICHA_MEDICA) VALUES
                            (TO_DATE('2020-04-13','YYYY-MM-DD'), 10, '00605', 605);
INSERT INTO EX.SINTOMAS(FECHA_INICIO, ID_SINTOMA, ID_PERSONA, ID_FICHA_MEDICA) VALUES
                            (TO_DATE('2020-06-05','YYYY-MM-DD'), 11, '00605', 605);
INSERT INTO EX.SINTOMAS(FECHA_INICIO, ID_SINTOMA, ID_PERSONA, ID_FICHA_MEDICA) VALUES
                            (TO_DATE('2020-03-08','YYYY-MM-DD'), 12, '00605', 605);
INSERT INTO EX.SINTOMAS(FECHA_INICIO, ID_SINTOMA, ID_PERSONA, ID_FICHA_MEDICA) VALUES
                            (TO_DATE('2020-03-06','YYYY-MM-DD'), 13, '00605', 605);
INSERT INTO EX.SINTOMAS(FECHA_INICIO, ID_SINTOMA, ID_PERSONA, ID_FICHA_MEDICA) VALUES
                            (TO_DATE('2020-05-27','YYYY-MM-DD'), 14, '00605', 605);
INSERT INTO EX.SINTOMAS(FECHA_INICIO, ID_SINTOMA, ID_PERSONA, ID_FICHA_MEDICA) VALUES
                            (TO_DATE('2020-05-28','YYYY-MM-DD'), 15, '00605', 605);
INSERT INTO EX.SINTOMAS(FECHA_INICIO, ID_SINTOMA, ID_PERSONA, ID_FICHA_MEDICA) VALUES
                            (TO_DATE('2020-02-22','YYYY-MM-DD'), 16, '00605', 605);
INSERT INTO EX.PERSONA(DOC_IDENTIDAD, NOMBRE, NOMBRE1, APELLIDO, APELLIDO1, FECHA_NAC, GENERO, FOTO) VALUES
                  ('00606', 'James', 'Tammy', 'Blevins', 'Robinson', TO_DATE('2014-11-07','YYYY-MM-DD'), 'm', NULL);
INSERT INTO EX.HISTORICO_RESIDENCIA(FECHA_INICIO, ID_LUGAR, ID_PERSONA, FECHA_FIN) VALUES
                  (TO_DATE('2001-02-22','YYYY-MM-DD'), 26, '00606', NULL);
INSERT INTO EX.FICHA_MEDICA(ID, ID_PERSONA, ID_CENTRO_SALUD, ID_LUGAR, ESTADO, FECHA_INFECCION, FECHA_RECUPERACION) VALUES
                                             (606, '00606', 11, 26, 'desconido', NULL, NULL);
INSERT INTO EX.SINTOMAS(FECHA_INICIO, ID_SINTOMA, ID_PERSONA, ID_FICHA_MEDICA) VALUES
                            (TO_DATE('2020-03-27','YYYY-MM-DD'), 1, '00606', 606);
INSERT INTO EX.SINTOMAS(FECHA_INICIO, ID_SINTOMA, ID_PERSONA, ID_FICHA_MEDICA) VALUES
                            (TO_DATE('2020-05-30','YYYY-MM-DD'), 2, '00606', 606);
INSERT INTO EX.SINTOMAS(FECHA_INICIO, ID_SINTOMA, ID_PERSONA, ID_FICHA_MEDICA) VALUES
                            (TO_DATE('2020-02-18','YYYY-MM-DD'), 3, '00606', 606);
INSERT INTO EX.SINTOMAS(FECHA_INICIO, ID_SINTOMA, ID_PERSONA, ID_FICHA_MEDICA) VALUES
                            (TO_DATE('2020-03-12','YYYY-MM-DD'), 4, '00606', 606);
INSERT INTO EX.SINTOMAS(FECHA_INICIO, ID_SINTOMA, ID_PERSONA, ID_FICHA_MEDICA) VALUES
                            (TO_DATE('2020-05-20','YYYY-MM-DD'), 5, '00606', 606);
INSERT INTO EX.SINTOMAS(FECHA_INICIO, ID_SINTOMA, ID_PERSONA, ID_FICHA_MEDICA) VALUES
                            (TO_DATE('2020-03-26','YYYY-MM-DD'), 6, '00606', 606);
INSERT INTO EX.PERSONA(DOC_IDENTIDAD, NOMBRE, NOMBRE1, APELLIDO, APELLIDO1, FECHA_NAC, GENERO, FOTO) VALUES
                  ('00607', 'Sarah', 'Brandon', 'Holland', 'Taylor', TO_DATE('1995-11-30','YYYY-MM-DD'), 'f', NULL);
INSERT INTO EX.HISTORICO_RESIDENCIA(FECHA_INICIO, ID_LUGAR, ID_PERSONA, FECHA_FIN) VALUES
                  (TO_DATE('1997-04-01','YYYY-MM-DD'), 21, '00607', NULL);
INSERT INTO EX.FICHA_MEDICA(ID, ID_PERSONA, ID_CENTRO_SALUD, ID_LUGAR, ESTADO, FECHA_INFECCION, FECHA_RECUPERACION) VALUES
                                             (607, '00607', 6, 21, 'desconido', NULL, NULL);
INSERT INTO EX.PADECIMIENTOS(ID_PATOLOGIA, ID_PERSONA, ID_FICHA_MEDICA) VALUES
                            (1, '00607', 607);
INSERT INTO EX.PADECIMIENTOS(ID_PATOLOGIA, ID_PERSONA, ID_FICHA_MEDICA) VALUES
                            (2, '00607', 607);
INSERT INTO EX.PADECIMIENTOS(ID_PATOLOGIA, ID_PERSONA, ID_FICHA_MEDICA) VALUES
                            (3, '00607', 607);
INSERT INTO EX.PADECIMIENTOS(ID_PATOLOGIA, ID_PERSONA, ID_FICHA_MEDICA) VALUES
                            (4, '00607', 607);
INSERT INTO EX.PADECIMIENTOS(ID_PATOLOGIA, ID_PERSONA, ID_FICHA_MEDICA) VALUES
                            (5, '00607', 607);
INSERT INTO EX.PADECIMIENTOS(ID_PATOLOGIA, ID_PERSONA, ID_FICHA_MEDICA) VALUES
                            (6, '00607', 607);
INSERT INTO EX.PADECIMIENTOS(ID_PATOLOGIA, ID_PERSONA, ID_FICHA_MEDICA) VALUES
                            (7, '00607', 607);
INSERT INTO EX.PADECIMIENTOS(ID_PATOLOGIA, ID_PERSONA, ID_FICHA_MEDICA) VALUES
                            (8, '00607', 607);
INSERT INTO EX.PADECIMIENTOS(ID_PATOLOGIA, ID_PERSONA, ID_FICHA_MEDICA) VALUES
                            (9, '00607', 607);
INSERT INTO EX.SINTOMAS(FECHA_INICIO, ID_SINTOMA, ID_PERSONA, ID_FICHA_MEDICA) VALUES
                            (TO_DATE('2020-05-05','YYYY-MM-DD'), 1, '00607', 607);
INSERT INTO EX.SINTOMAS(FECHA_INICIO, ID_SINTOMA, ID_PERSONA, ID_FICHA_MEDICA) VALUES
                            (TO_DATE('2020-01-11','YYYY-MM-DD'), 2, '00607', 607);
INSERT INTO EX.SINTOMAS(FECHA_INICIO, ID_SINTOMA, ID_PERSONA, ID_FICHA_MEDICA) VALUES
                            (TO_DATE('2020-01-29','YYYY-MM-DD'), 3, '00607', 607);
INSERT INTO EX.SINTOMAS(FECHA_INICIO, ID_SINTOMA, ID_PERSONA, ID_FICHA_MEDICA) VALUES
                            (TO_DATE('2020-05-07','YYYY-MM-DD'), 4, '00607', 607);
INSERT INTO EX.SINTOMAS(FECHA_INICIO, ID_SINTOMA, ID_PERSONA, ID_FICHA_MEDICA) VALUES
                            (TO_DATE('2020-03-11','YYYY-MM-DD'), 5, '00607', 607);
INSERT INTO EX.SINTOMAS(FECHA_INICIO, ID_SINTOMA, ID_PERSONA, ID_FICHA_MEDICA) VALUES
                            (TO_DATE('2020-04-21','YYYY-MM-DD'), 6, '00607', 607);
INSERT INTO EX.SINTOMAS(FECHA_INICIO, ID_SINTOMA, ID_PERSONA, ID_FICHA_MEDICA) VALUES
                            (TO_DATE('2020-06-01','YYYY-MM-DD'), 7, '00607', 607);
INSERT INTO EX.SINTOMAS(FECHA_INICIO, ID_SINTOMA, ID_PERSONA, ID_FICHA_MEDICA) VALUES
                            (TO_DATE('2020-02-03','YYYY-MM-DD'), 8, '00607', 607);
INSERT INTO EX.SINTOMAS(FECHA_INICIO, ID_SINTOMA, ID_PERSONA, ID_FICHA_MEDICA) VALUES
                            (TO_DATE('2020-01-08','YYYY-MM-DD'), 9, '00607', 607);
INSERT INTO EX.SINTOMAS(FECHA_INICIO, ID_SINTOMA, ID_PERSONA, ID_FICHA_MEDICA) VALUES
                            (TO_DATE('2020-06-11','YYYY-MM-DD'), 10, '00607', 607);
INSERT INTO EX.SINTOMAS(FECHA_INICIO, ID_SINTOMA, ID_PERSONA, ID_FICHA_MEDICA) VALUES
                            (TO_DATE('2020-02-15','YYYY-MM-DD'), 11, '00607', 607);
INSERT INTO EX.SINTOMAS(FECHA_INICIO, ID_SINTOMA, ID_PERSONA, ID_FICHA_MEDICA) VALUES
                            (TO_DATE('2020-02-27','YYYY-MM-DD'), 12, '00607', 607);
INSERT INTO EX.SINTOMAS(FECHA_INICIO, ID_SINTOMA, ID_PERSONA, ID_FICHA_MEDICA) VALUES
                            (TO_DATE('2020-01-31','YYYY-MM-DD'), 13, '00607', 607);
INSERT INTO EX.SINTOMAS(FECHA_INICIO, ID_SINTOMA, ID_PERSONA, ID_FICHA_MEDICA) VALUES
                            (TO_DATE('2020-04-28','YYYY-MM-DD'), 14, '00607', 607);
INSERT INTO EX.SINTOMAS(FECHA_INICIO, ID_SINTOMA, ID_PERSONA, ID_FICHA_MEDICA) VALUES
                            (TO_DATE('2020-01-03','YYYY-MM-DD'), 15, '00607', 607);
INSERT INTO EX.SINTOMAS(FECHA_INICIO, ID_SINTOMA, ID_PERSONA, ID_FICHA_MEDICA) VALUES
                            (TO_DATE('2020-06-08','YYYY-MM-DD'), 16, '00607', 607);
INSERT INTO EX.PERSONA(DOC_IDENTIDAD, NOMBRE, NOMBRE1, APELLIDO, APELLIDO1, FECHA_NAC, GENERO, FOTO) VALUES
                  ('00608', 'Jason', 'George', 'Martin', 'Cook', TO_DATE('1983-07-27','YYYY-MM-DD'), 'm', NULL);
INSERT INTO EX.HISTORICO_RESIDENCIA(FECHA_INICIO, ID_LUGAR, ID_PERSONA, FECHA_FIN) VALUES
                  (TO_DATE('1985-07-28','YYYY-MM-DD'), 34, '00608', NULL);
INSERT INTO EX.FICHA_MEDICA(ID, ID_PERSONA, ID_CENTRO_SALUD, ID_LUGAR, ESTADO, FECHA_INFECCION, FECHA_RECUPERACION) VALUES
                                             (608, '00608', 19, 34, 'desconido', NULL, NULL);
INSERT INTO EX.PADECIMIENTOS(ID_PATOLOGIA, ID_PERSONA, ID_FICHA_MEDICA) VALUES
                            (1, '00608', 608);
INSERT INTO EX.PADECIMIENTOS(ID_PATOLOGIA, ID_PERSONA, ID_FICHA_MEDICA) VALUES
                            (2, '00608', 608);
INSERT INTO EX.PADECIMIENTOS(ID_PATOLOGIA, ID_PERSONA, ID_FICHA_MEDICA) VALUES
                            (3, '00608', 608);
INSERT INTO EX.PADECIMIENTOS(ID_PATOLOGIA, ID_PERSONA, ID_FICHA_MEDICA) VALUES
                            (4, '00608', 608);
INSERT INTO EX.PADECIMIENTOS(ID_PATOLOGIA, ID_PERSONA, ID_FICHA_MEDICA) VALUES
                            (5, '00608', 608);
INSERT INTO EX.PADECIMIENTOS(ID_PATOLOGIA, ID_PERSONA, ID_FICHA_MEDICA) VALUES
                            (6, '00608', 608);
INSERT INTO EX.PADECIMIENTOS(ID_PATOLOGIA, ID_PERSONA, ID_FICHA_MEDICA) VALUES
                            (7, '00608', 608);
INSERT INTO EX.PERSONA(DOC_IDENTIDAD, NOMBRE, NOMBRE1, APELLIDO, APELLIDO1, FECHA_NAC, GENERO, FOTO) VALUES
                  ('00609', 'Erica', 'Mark', 'Martinez', 'Taylor', TO_DATE('1980-01-01','YYYY-MM-DD'), 'f', NULL);
INSERT INTO EX.HISTORICO_RESIDENCIA(FECHA_INICIO, ID_LUGAR, ID_PERSONA, FECHA_FIN) VALUES
                  (TO_DATE('1989-04-05','YYYY-MM-DD'), 26, '00609', NULL);
INSERT INTO EX.FICHA_MEDICA(ID, ID_PERSONA, ID_CENTRO_SALUD, ID_LUGAR, ESTADO, FECHA_INFECCION, FECHA_RECUPERACION) VALUES
                                             (609, '00609', 11, 26, 'desconido', NULL, NULL);
INSERT INTO EX.PADECIMIENTOS(ID_PATOLOGIA, ID_PERSONA, ID_FICHA_MEDICA) VALUES
                            (1, '00609', 609);
INSERT INTO EX.PADECIMIENTOS(ID_PATOLOGIA, ID_PERSONA, ID_FICHA_MEDICA) VALUES
                            (2, '00609', 609);
INSERT INTO EX.PADECIMIENTOS(ID_PATOLOGIA, ID_PERSONA, ID_FICHA_MEDICA) VALUES
                            (3, '00609', 609);
INSERT INTO EX.PADECIMIENTOS(ID_PATOLOGIA, ID_PERSONA, ID_FICHA_MEDICA) VALUES
                            (4, '00609', 609);
INSERT INTO EX.PADECIMIENTOS(ID_PATOLOGIA, ID_PERSONA, ID_FICHA_MEDICA) VALUES
                            (5, '00609', 609);
INSERT INTO EX.PERSONA(DOC_IDENTIDAD, NOMBRE, NOMBRE1, APELLIDO, APELLIDO1, FECHA_NAC, GENERO, FOTO) VALUES
                  ('00610', 'Denise', 'Darren', 'Tran', 'Cruz', TO_DATE('1979-01-12','YYYY-MM-DD'), 'm', NULL);
INSERT INTO EX.HISTORICO_RESIDENCIA(FECHA_INICIO, ID_LUGAR, ID_PERSONA, FECHA_FIN) VALUES
                  (TO_DATE('2012-11-12','YYYY-MM-DD'), 43, '00610', NULL);
INSERT INTO EX.FICHA_MEDICA(ID, ID_PERSONA, ID_CENTRO_SALUD, ID_LUGAR, ESTADO, FECHA_INFECCION, FECHA_RECUPERACION) VALUES
                                             (610, '00610', 28, 43, 'desconido', NULL, NULL);
INSERT INTO EX.PERSONA(DOC_IDENTIDAD, NOMBRE, NOMBRE1, APELLIDO, APELLIDO1, FECHA_NAC, GENERO, FOTO) VALUES
                  ('00611', 'Sheena', 'Wanda', 'Collier', 'Martinez', TO_DATE('2019-06-16','YYYY-MM-DD'), 'f', NULL);
INSERT INTO EX.HISTORICO_RESIDENCIA(FECHA_INICIO, ID_LUGAR, ID_PERSONA, FECHA_FIN) VALUES
                  (TO_DATE('2017-01-21','YYYY-MM-DD'), 22, '00611', NULL);
INSERT INTO EX.FICHA_MEDICA(ID, ID_PERSONA, ID_CENTRO_SALUD, ID_LUGAR, ESTADO, FECHA_INFECCION, FECHA_RECUPERACION) VALUES
                                             (611, '00611', 7, 22, 'desconido', NULL, NULL);
INSERT INTO EX.PADECIMIENTOS(ID_PATOLOGIA, ID_PERSONA, ID_FICHA_MEDICA) VALUES
                            (1, '00611', 611);
INSERT INTO EX.PADECIMIENTOS(ID_PATOLOGIA, ID_PERSONA, ID_FICHA_MEDICA) VALUES
                            (2, '00611', 611);
INSERT INTO EX.PADECIMIENTOS(ID_PATOLOGIA, ID_PERSONA, ID_FICHA_MEDICA) VALUES
                            (3, '00611', 611);
INSERT INTO EX.PADECIMIENTOS(ID_PATOLOGIA, ID_PERSONA, ID_FICHA_MEDICA) VALUES
                            (4, '00611', 611);
INSERT INTO EX.PADECIMIENTOS(ID_PATOLOGIA, ID_PERSONA, ID_FICHA_MEDICA) VALUES
                            (5, '00611', 611);
INSERT INTO EX.PADECIMIENTOS(ID_PATOLOGIA, ID_PERSONA, ID_FICHA_MEDICA) VALUES
                            (6, '00611', 611);
INSERT INTO EX.PADECIMIENTOS(ID_PATOLOGIA, ID_PERSONA, ID_FICHA_MEDICA) VALUES
                            (7, '00611', 611);
INSERT INTO EX.PADECIMIENTOS(ID_PATOLOGIA, ID_PERSONA, ID_FICHA_MEDICA) VALUES
                            (8, '00611', 611);
INSERT INTO EX.PADECIMIENTOS(ID_PATOLOGIA, ID_PERSONA, ID_FICHA_MEDICA) VALUES
                            (9, '00611', 611);
INSERT INTO EX.PADECIMIENTOS(ID_PATOLOGIA, ID_PERSONA, ID_FICHA_MEDICA) VALUES
                            (10, '00611', 611);
INSERT INTO EX.PADECIMIENTOS(ID_PATOLOGIA, ID_PERSONA, ID_FICHA_MEDICA) VALUES
                            (11, '00611', 611);
INSERT INTO EX.PADECIMIENTOS(ID_PATOLOGIA, ID_PERSONA, ID_FICHA_MEDICA) VALUES
                            (12, '00611', 611);
INSERT INTO EX.PADECIMIENTOS(ID_PATOLOGIA, ID_PERSONA, ID_FICHA_MEDICA) VALUES
                            (13, '00611', 611);
INSERT INTO EX.PERSONA(DOC_IDENTIDAD, NOMBRE, NOMBRE1, APELLIDO, APELLIDO1, FECHA_NAC, GENERO, FOTO) VALUES
                  ('00612', 'Ashley', 'Jordan', 'Bailey', 'Cherry', TO_DATE('1991-05-01','YYYY-MM-DD'), 'm', NULL);
INSERT INTO EX.HISTORICO_RESIDENCIA(FECHA_INICIO, ID_LUGAR, ID_PERSONA, FECHA_FIN) VALUES
                  (TO_DATE('1975-11-11','YYYY-MM-DD'), 25, '00612', NULL);
INSERT INTO EX.FICHA_MEDICA(ID, ID_PERSONA, ID_CENTRO_SALUD, ID_LUGAR, ESTADO, FECHA_INFECCION, FECHA_RECUPERACION) VALUES
                                             (612, '00612', 10, 25, 'desconido', NULL, NULL);
INSERT INTO EX.PADECIMIENTOS(ID_PATOLOGIA, ID_PERSONA, ID_FICHA_MEDICA) VALUES
                            (1, '00612', 612);
INSERT INTO EX.PADECIMIENTOS(ID_PATOLOGIA, ID_PERSONA, ID_FICHA_MEDICA) VALUES
                            (2, '00612', 612);
INSERT INTO EX.PADECIMIENTOS(ID_PATOLOGIA, ID_PERSONA, ID_FICHA_MEDICA) VALUES
                            (3, '00612', 612);
INSERT INTO EX.PERSONA(DOC_IDENTIDAD, NOMBRE, NOMBRE1, APELLIDO, APELLIDO1, FECHA_NAC, GENERO, FOTO) VALUES
                  ('00613', 'Stephanie', 'William', 'Macdonald', 'Taylor', TO_DATE('2003-03-16','YYYY-MM-DD'), 'f', NULL);
INSERT INTO EX.HISTORICO_RESIDENCIA(FECHA_INICIO, ID_LUGAR, ID_PERSONA, FECHA_FIN) VALUES
                  (TO_DATE('1988-11-16','YYYY-MM-DD'), 28, '00613', NULL);
INSERT INTO EX.FICHA_MEDICA(ID, ID_PERSONA, ID_CENTRO_SALUD, ID_LUGAR, ESTADO, FECHA_INFECCION, FECHA_RECUPERACION) VALUES
                                             (613, '00613', 13, 28, 'desconido', NULL, NULL);
INSERT INTO EX.SINTOMAS(FECHA_INICIO, ID_SINTOMA, ID_PERSONA, ID_FICHA_MEDICA) VALUES
                            (TO_DATE('2020-05-11','YYYY-MM-DD'), 1, '00613', 613);
INSERT INTO EX.SINTOMAS(FECHA_INICIO, ID_SINTOMA, ID_PERSONA, ID_FICHA_MEDICA) VALUES
                            (TO_DATE('2020-02-14','YYYY-MM-DD'), 2, '00613', 613);
INSERT INTO EX.SINTOMAS(FECHA_INICIO, ID_SINTOMA, ID_PERSONA, ID_FICHA_MEDICA) VALUES
                            (TO_DATE('2020-03-17','YYYY-MM-DD'), 3, '00613', 613);
INSERT INTO EX.SINTOMAS(FECHA_INICIO, ID_SINTOMA, ID_PERSONA, ID_FICHA_MEDICA) VALUES
                            (TO_DATE('2020-03-27','YYYY-MM-DD'), 4, '00613', 613);
INSERT INTO EX.SINTOMAS(FECHA_INICIO, ID_SINTOMA, ID_PERSONA, ID_FICHA_MEDICA) VALUES
                            (TO_DATE('2020-05-10','YYYY-MM-DD'), 5, '00613', 613);
INSERT INTO EX.SINTOMAS(FECHA_INICIO, ID_SINTOMA, ID_PERSONA, ID_FICHA_MEDICA) VALUES
                            (TO_DATE('2020-06-11','YYYY-MM-DD'), 6, '00613', 613);
INSERT INTO EX.SINTOMAS(FECHA_INICIO, ID_SINTOMA, ID_PERSONA, ID_FICHA_MEDICA) VALUES
                            (TO_DATE('2020-05-12','YYYY-MM-DD'), 7, '00613', 613);
INSERT INTO EX.SINTOMAS(FECHA_INICIO, ID_SINTOMA, ID_PERSONA, ID_FICHA_MEDICA) VALUES
                            (TO_DATE('2020-01-31','YYYY-MM-DD'), 8, '00613', 613);
INSERT INTO EX.SINTOMAS(FECHA_INICIO, ID_SINTOMA, ID_PERSONA, ID_FICHA_MEDICA) VALUES
                            (TO_DATE('2020-04-05','YYYY-MM-DD'), 9, '00613', 613);
INSERT INTO EX.SINTOMAS(FECHA_INICIO, ID_SINTOMA, ID_PERSONA, ID_FICHA_MEDICA) VALUES
                            (TO_DATE('2020-05-26','YYYY-MM-DD'), 10, '00613', 613);
INSERT INTO EX.SINTOMAS(FECHA_INICIO, ID_SINTOMA, ID_PERSONA, ID_FICHA_MEDICA) VALUES
                            (TO_DATE('2020-03-30','YYYY-MM-DD'), 11, '00613', 613);
INSERT INTO EX.SINTOMAS(FECHA_INICIO, ID_SINTOMA, ID_PERSONA, ID_FICHA_MEDICA) VALUES
                            (TO_DATE('2020-04-05','YYYY-MM-DD'), 12, '00613', 613);
INSERT INTO EX.SINTOMAS(FECHA_INICIO, ID_SINTOMA, ID_PERSONA, ID_FICHA_MEDICA) VALUES
                            (TO_DATE('2020-06-08','YYYY-MM-DD'), 13, '00613', 613);
INSERT INTO EX.SINTOMAS(FECHA_INICIO, ID_SINTOMA, ID_PERSONA, ID_FICHA_MEDICA) VALUES
                            (TO_DATE('2020-05-02','YYYY-MM-DD'), 14, '00613', 613);
INSERT INTO EX.SINTOMAS(FECHA_INICIO, ID_SINTOMA, ID_PERSONA, ID_FICHA_MEDICA) VALUES
                            (TO_DATE('2020-03-28','YYYY-MM-DD'), 15, '00613', 613);
INSERT INTO EX.SINTOMAS(FECHA_INICIO, ID_SINTOMA, ID_PERSONA, ID_FICHA_MEDICA) VALUES
                            (TO_DATE('2020-05-07','YYYY-MM-DD'), 16, '00613', 613);
INSERT INTO EX.SINTOMAS(FECHA_INICIO, ID_SINTOMA, ID_PERSONA, ID_FICHA_MEDICA) VALUES
                            (TO_DATE('2020-01-14','YYYY-MM-DD'), 17, '00613', 613);
INSERT INTO EX.SINTOMAS(FECHA_INICIO, ID_SINTOMA, ID_PERSONA, ID_FICHA_MEDICA) VALUES
                            (TO_DATE('2020-02-06','YYYY-MM-DD'), 18, '00613', 613);
INSERT INTO EX.PERSONA(DOC_IDENTIDAD, NOMBRE, NOMBRE1, APELLIDO, APELLIDO1, FECHA_NAC, GENERO, FOTO) VALUES
                  ('00614', 'Stephen', 'Elizabeth', 'Jackson', 'Medina', TO_DATE('1983-11-07','YYYY-MM-DD'), 'm', NULL);
INSERT INTO EX.HISTORICO_RESIDENCIA(FECHA_INICIO, ID_LUGAR, ID_PERSONA, FECHA_FIN) VALUES
                  (TO_DATE('2002-10-03','YYYY-MM-DD'), 30, '00614', NULL);
INSERT INTO EX.FICHA_MEDICA(ID, ID_PERSONA, ID_CENTRO_SALUD, ID_LUGAR, ESTADO, FECHA_INFECCION, FECHA_RECUPERACION) VALUES
                                             (614, '00614', 15, 30, 'desconido', NULL, NULL);
INSERT INTO EX.SINTOMAS(FECHA_INICIO, ID_SINTOMA, ID_PERSONA, ID_FICHA_MEDICA) VALUES
                            (TO_DATE('2020-01-16','YYYY-MM-DD'), 1, '00614', 614);
INSERT INTO EX.SINTOMAS(FECHA_INICIO, ID_SINTOMA, ID_PERSONA, ID_FICHA_MEDICA) VALUES
                            (TO_DATE('2020-05-13','YYYY-MM-DD'), 2, '00614', 614);
INSERT INTO EX.SINTOMAS(FECHA_INICIO, ID_SINTOMA, ID_PERSONA, ID_FICHA_MEDICA) VALUES
                            (TO_DATE('2020-03-09','YYYY-MM-DD'), 3, '00614', 614);
INSERT INTO EX.SINTOMAS(FECHA_INICIO, ID_SINTOMA, ID_PERSONA, ID_FICHA_MEDICA) VALUES
                            (TO_DATE('2020-05-07','YYYY-MM-DD'), 4, '00614', 614);
INSERT INTO EX.SINTOMAS(FECHA_INICIO, ID_SINTOMA, ID_PERSONA, ID_FICHA_MEDICA) VALUES
                            (TO_DATE('2020-03-25','YYYY-MM-DD'), 5, '00614', 614);
INSERT INTO EX.SINTOMAS(FECHA_INICIO, ID_SINTOMA, ID_PERSONA, ID_FICHA_MEDICA) VALUES
                            (TO_DATE('2020-02-17','YYYY-MM-DD'), 6, '00614', 614);
INSERT INTO EX.SINTOMAS(FECHA_INICIO, ID_SINTOMA, ID_PERSONA, ID_FICHA_MEDICA) VALUES
                            (TO_DATE('2020-01-12','YYYY-MM-DD'), 7, '00614', 614);
INSERT INTO EX.SINTOMAS(FECHA_INICIO, ID_SINTOMA, ID_PERSONA, ID_FICHA_MEDICA) VALUES
                            (TO_DATE('2020-05-23','YYYY-MM-DD'), 8, '00614', 614);
INSERT INTO EX.SINTOMAS(FECHA_INICIO, ID_SINTOMA, ID_PERSONA, ID_FICHA_MEDICA) VALUES
                            (TO_DATE('2020-05-03','YYYY-MM-DD'), 9, '00614', 614);
INSERT INTO EX.SINTOMAS(FECHA_INICIO, ID_SINTOMA, ID_PERSONA, ID_FICHA_MEDICA) VALUES
                            (TO_DATE('2020-04-28','YYYY-MM-DD'), 10, '00614', 614);
INSERT INTO EX.SINTOMAS(FECHA_INICIO, ID_SINTOMA, ID_PERSONA, ID_FICHA_MEDICA) VALUES
                            (TO_DATE('2020-06-11','YYYY-MM-DD'), 11, '00614', 614);
INSERT INTO EX.SINTOMAS(FECHA_INICIO, ID_SINTOMA, ID_PERSONA, ID_FICHA_MEDICA) VALUES
                            (TO_DATE('2020-02-22','YYYY-MM-DD'), 12, '00614', 614);
INSERT INTO EX.SINTOMAS(FECHA_INICIO, ID_SINTOMA, ID_PERSONA, ID_FICHA_MEDICA) VALUES
                            (TO_DATE('2020-06-14','YYYY-MM-DD'), 13, '00614', 614);
INSERT INTO EX.SINTOMAS(FECHA_INICIO, ID_SINTOMA, ID_PERSONA, ID_FICHA_MEDICA) VALUES
                            (TO_DATE('2020-05-06','YYYY-MM-DD'), 14, '00614', 614);
INSERT INTO EX.PERSONA(DOC_IDENTIDAD, NOMBRE, NOMBRE1, APELLIDO, APELLIDO1, FECHA_NAC, GENERO, FOTO) VALUES
                  ('00615', 'Christine', 'Elizabeth', 'Mcfarland', 'Bass', TO_DATE('1993-10-25','YYYY-MM-DD'), 'f', NULL);
INSERT INTO EX.HISTORICO_RESIDENCIA(FECHA_INICIO, ID_LUGAR, ID_PERSONA, FECHA_FIN) VALUES
                  (TO_DATE('1982-10-31','YYYY-MM-DD'), 38, '00615', NULL);
INSERT INTO EX.FICHA_MEDICA(ID, ID_PERSONA, ID_CENTRO_SALUD, ID_LUGAR, ESTADO, FECHA_INFECCION, FECHA_RECUPERACION) VALUES
                                             (615, '00615', 23, 38, 'desconido', NULL, NULL);
INSERT INTO EX.SINTOMAS(FECHA_INICIO, ID_SINTOMA, ID_PERSONA, ID_FICHA_MEDICA) VALUES
                            (TO_DATE('2020-04-06','YYYY-MM-DD'), 1, '00615', 615);
INSERT INTO EX.SINTOMAS(FECHA_INICIO, ID_SINTOMA, ID_PERSONA, ID_FICHA_MEDICA) VALUES
                            (TO_DATE('2020-03-11','YYYY-MM-DD'), 2, '00615', 615);
INSERT INTO EX.SINTOMAS(FECHA_INICIO, ID_SINTOMA, ID_PERSONA, ID_FICHA_MEDICA) VALUES
                            (TO_DATE('2020-01-25','YYYY-MM-DD'), 3, '00615', 615);
INSERT INTO EX.SINTOMAS(FECHA_INICIO, ID_SINTOMA, ID_PERSONA, ID_FICHA_MEDICA) VALUES
                            (TO_DATE('2020-06-16','YYYY-MM-DD'), 4, '00615', 615);
INSERT INTO EX.SINTOMAS(FECHA_INICIO, ID_SINTOMA, ID_PERSONA, ID_FICHA_MEDICA) VALUES
                            (TO_DATE('2020-04-23','YYYY-MM-DD'), 5, '00615', 615);
INSERT INTO EX.SINTOMAS(FECHA_INICIO, ID_SINTOMA, ID_PERSONA, ID_FICHA_MEDICA) VALUES
                            (TO_DATE('2020-05-16','YYYY-MM-DD'), 6, '00615', 615);
INSERT INTO EX.SINTOMAS(FECHA_INICIO, ID_SINTOMA, ID_PERSONA, ID_FICHA_MEDICA) VALUES
                            (TO_DATE('2020-01-05','YYYY-MM-DD'), 7, '00615', 615);
INSERT INTO EX.SINTOMAS(FECHA_INICIO, ID_SINTOMA, ID_PERSONA, ID_FICHA_MEDICA) VALUES
                            (TO_DATE('2020-05-06','YYYY-MM-DD'), 8, '00615', 615);
INSERT INTO EX.SINTOMAS(FECHA_INICIO, ID_SINTOMA, ID_PERSONA, ID_FICHA_MEDICA) VALUES
                            (TO_DATE('2020-03-06','YYYY-MM-DD'), 9, '00615', 615);
INSERT INTO EX.SINTOMAS(FECHA_INICIO, ID_SINTOMA, ID_PERSONA, ID_FICHA_MEDICA) VALUES
                            (TO_DATE('2020-06-14','YYYY-MM-DD'), 10, '00615', 615);
INSERT INTO EX.SINTOMAS(FECHA_INICIO, ID_SINTOMA, ID_PERSONA, ID_FICHA_MEDICA) VALUES
                            (TO_DATE('2020-04-11','YYYY-MM-DD'), 11, '00615', 615);
INSERT INTO EX.SINTOMAS(FECHA_INICIO, ID_SINTOMA, ID_PERSONA, ID_FICHA_MEDICA) VALUES
                            (TO_DATE('2020-01-02','YYYY-MM-DD'), 12, '00615', 615);
INSERT INTO EX.SINTOMAS(FECHA_INICIO, ID_SINTOMA, ID_PERSONA, ID_FICHA_MEDICA) VALUES
                            (TO_DATE('2020-01-14','YYYY-MM-DD'), 13, '00615', 615);
INSERT INTO EX.PERSONA(DOC_IDENTIDAD, NOMBRE, NOMBRE1, APELLIDO, APELLIDO1, FECHA_NAC, GENERO, FOTO) VALUES
                  ('00616', 'John', 'James', 'Glass', 'Harris', TO_DATE('1974-05-27','YYYY-MM-DD'), 'm', NULL);
INSERT INTO EX.HISTORICO_RESIDENCIA(FECHA_INICIO, ID_LUGAR, ID_PERSONA, FECHA_FIN) VALUES
                  (TO_DATE('1985-09-11','YYYY-MM-DD'), 24, '00616', NULL);
INSERT INTO EX.FICHA_MEDICA(ID, ID_PERSONA, ID_CENTRO_SALUD, ID_LUGAR, ESTADO, FECHA_INFECCION, FECHA_RECUPERACION) VALUES
                                             (616, '00616', 9, 24, 'desconido', NULL, NULL);
INSERT INTO EX.PADECIMIENTOS(ID_PATOLOGIA, ID_PERSONA, ID_FICHA_MEDICA) VALUES
                            (1, '00616', 616);
INSERT INTO EX.PADECIMIENTOS(ID_PATOLOGIA, ID_PERSONA, ID_FICHA_MEDICA) VALUES
                            (2, '00616', 616);
INSERT INTO EX.PADECIMIENTOS(ID_PATOLOGIA, ID_PERSONA, ID_FICHA_MEDICA) VALUES
                            (3, '00616', 616);
INSERT INTO EX.PADECIMIENTOS(ID_PATOLOGIA, ID_PERSONA, ID_FICHA_MEDICA) VALUES
                            (4, '00616', 616);
INSERT INTO EX.PADECIMIENTOS(ID_PATOLOGIA, ID_PERSONA, ID_FICHA_MEDICA) VALUES
                            (5, '00616', 616);
INSERT INTO EX.PADECIMIENTOS(ID_PATOLOGIA, ID_PERSONA, ID_FICHA_MEDICA) VALUES
                            (6, '00616', 616);
INSERT INTO EX.SINTOMAS(FECHA_INICIO, ID_SINTOMA, ID_PERSONA, ID_FICHA_MEDICA) VALUES
                            (TO_DATE('2020-06-15','YYYY-MM-DD'), 1, '00616', 616);
INSERT INTO EX.SINTOMAS(FECHA_INICIO, ID_SINTOMA, ID_PERSONA, ID_FICHA_MEDICA) VALUES
                            (TO_DATE('2020-06-03','YYYY-MM-DD'), 2, '00616', 616);
INSERT INTO EX.SINTOMAS(FECHA_INICIO, ID_SINTOMA, ID_PERSONA, ID_FICHA_MEDICA) VALUES
                            (TO_DATE('2020-02-06','YYYY-MM-DD'), 3, '00616', 616);
INSERT INTO EX.SINTOMAS(FECHA_INICIO, ID_SINTOMA, ID_PERSONA, ID_FICHA_MEDICA) VALUES
                            (TO_DATE('2020-05-19','YYYY-MM-DD'), 4, '00616', 616);
INSERT INTO EX.SINTOMAS(FECHA_INICIO, ID_SINTOMA, ID_PERSONA, ID_FICHA_MEDICA) VALUES
                            (TO_DATE('2020-02-03','YYYY-MM-DD'), 5, '00616', 616);
INSERT INTO EX.SINTOMAS(FECHA_INICIO, ID_SINTOMA, ID_PERSONA, ID_FICHA_MEDICA) VALUES
                            (TO_DATE('2020-01-19','YYYY-MM-DD'), 6, '00616', 616);
INSERT INTO EX.SINTOMAS(FECHA_INICIO, ID_SINTOMA, ID_PERSONA, ID_FICHA_MEDICA) VALUES
                            (TO_DATE('2020-05-01','YYYY-MM-DD'), 7, '00616', 616);
INSERT INTO EX.SINTOMAS(FECHA_INICIO, ID_SINTOMA, ID_PERSONA, ID_FICHA_MEDICA) VALUES
                            (TO_DATE('2020-05-04','YYYY-MM-DD'), 8, '00616', 616);
INSERT INTO EX.SINTOMAS(FECHA_INICIO, ID_SINTOMA, ID_PERSONA, ID_FICHA_MEDICA) VALUES
                            (TO_DATE('2020-06-10','YYYY-MM-DD'), 9, '00616', 616);
INSERT INTO EX.SINTOMAS(FECHA_INICIO, ID_SINTOMA, ID_PERSONA, ID_FICHA_MEDICA) VALUES
                            (TO_DATE('2020-03-05','YYYY-MM-DD'), 10, '00616', 616);
INSERT INTO EX.SINTOMAS(FECHA_INICIO, ID_SINTOMA, ID_PERSONA, ID_FICHA_MEDICA) VALUES
                            (TO_DATE('2020-02-14','YYYY-MM-DD'), 11, '00616', 616);
INSERT INTO EX.PERSONA(DOC_IDENTIDAD, NOMBRE, NOMBRE1, APELLIDO, APELLIDO1, FECHA_NAC, GENERO, FOTO) VALUES
                  ('00617', 'Heather', 'William', 'Rojas', 'Robertson', TO_DATE('2011-05-11','YYYY-MM-DD'), 'f', NULL);
INSERT INTO EX.HISTORICO_RESIDENCIA(FECHA_INICIO, ID_LUGAR, ID_PERSONA, FECHA_FIN) VALUES
                  (TO_DATE('1981-02-15','YYYY-MM-DD'), 40, '00617', NULL);
INSERT INTO EX.FICHA_MEDICA(ID, ID_PERSONA, ID_CENTRO_SALUD, ID_LUGAR, ESTADO, FECHA_INFECCION, FECHA_RECUPERACION) VALUES
                                             (617, '00617', 25, 40, 'desconido', NULL, NULL);
INSERT INTO EX.SINTOMAS(FECHA_INICIO, ID_SINTOMA, ID_PERSONA, ID_FICHA_MEDICA) VALUES
                            (TO_DATE('2020-02-14','YYYY-MM-DD'), 1, '00617', 617);
INSERT INTO EX.PERSONA(DOC_IDENTIDAD, NOMBRE, NOMBRE1, APELLIDO, APELLIDO1, FECHA_NAC, GENERO, FOTO) VALUES
                  ('00618', 'Ashley', 'Gina', 'Phelps', 'Butler', TO_DATE('1982-05-15','YYYY-MM-DD'), 'm', NULL);
INSERT INTO EX.HISTORICO_RESIDENCIA(FECHA_INICIO, ID_LUGAR, ID_PERSONA, FECHA_FIN) VALUES
                  (TO_DATE('2005-09-08','YYYY-MM-DD'), 38, '00618', NULL);
INSERT INTO EX.FICHA_MEDICA(ID, ID_PERSONA, ID_CENTRO_SALUD, ID_LUGAR, ESTADO, FECHA_INFECCION, FECHA_RECUPERACION) VALUES
                                             (618, '00618', 23, 38, 'desconido', NULL, NULL);
INSERT INTO EX.PADECIMIENTOS(ID_PATOLOGIA, ID_PERSONA, ID_FICHA_MEDICA) VALUES
                            (1, '00618', 618);
INSERT INTO EX.PADECIMIENTOS(ID_PATOLOGIA, ID_PERSONA, ID_FICHA_MEDICA) VALUES
                            (2, '00618', 618);
INSERT INTO EX.PADECIMIENTOS(ID_PATOLOGIA, ID_PERSONA, ID_FICHA_MEDICA) VALUES
                            (3, '00618', 618);
INSERT INTO EX.PADECIMIENTOS(ID_PATOLOGIA, ID_PERSONA, ID_FICHA_MEDICA) VALUES
                            (4, '00618', 618);
INSERT INTO EX.PADECIMIENTOS(ID_PATOLOGIA, ID_PERSONA, ID_FICHA_MEDICA) VALUES
                            (5, '00618', 618);
INSERT INTO EX.PADECIMIENTOS(ID_PATOLOGIA, ID_PERSONA, ID_FICHA_MEDICA) VALUES
                            (6, '00618', 618);
INSERT INTO EX.PADECIMIENTOS(ID_PATOLOGIA, ID_PERSONA, ID_FICHA_MEDICA) VALUES
                            (7, '00618', 618);
INSERT INTO EX.PADECIMIENTOS(ID_PATOLOGIA, ID_PERSONA, ID_FICHA_MEDICA) VALUES
                            (8, '00618', 618);
INSERT INTO EX.PADECIMIENTOS(ID_PATOLOGIA, ID_PERSONA, ID_FICHA_MEDICA) VALUES
                            (9, '00618', 618);
INSERT INTO EX.PADECIMIENTOS(ID_PATOLOGIA, ID_PERSONA, ID_FICHA_MEDICA) VALUES
                            (10, '00618', 618);
INSERT INTO EX.PADECIMIENTOS(ID_PATOLOGIA, ID_PERSONA, ID_FICHA_MEDICA) VALUES
                            (11, '00618', 618);
INSERT INTO EX.PADECIMIENTOS(ID_PATOLOGIA, ID_PERSONA, ID_FICHA_MEDICA) VALUES
                            (12, '00618', 618);
INSERT INTO EX.PADECIMIENTOS(ID_PATOLOGIA, ID_PERSONA, ID_FICHA_MEDICA) VALUES
                            (13, '00618', 618);
INSERT INTO EX.PADECIMIENTOS(ID_PATOLOGIA, ID_PERSONA, ID_FICHA_MEDICA) VALUES
                            (14, '00618', 618);
INSERT INTO EX.SINTOMAS(FECHA_INICIO, ID_SINTOMA, ID_PERSONA, ID_FICHA_MEDICA) VALUES
                            (TO_DATE('2020-05-12','YYYY-MM-DD'), 1, '00618', 618);
INSERT INTO EX.SINTOMAS(FECHA_INICIO, ID_SINTOMA, ID_PERSONA, ID_FICHA_MEDICA) VALUES
                            (TO_DATE('2020-02-18','YYYY-MM-DD'), 2, '00618', 618);
INSERT INTO EX.SINTOMAS(FECHA_INICIO, ID_SINTOMA, ID_PERSONA, ID_FICHA_MEDICA) VALUES
                            (TO_DATE('2020-06-24','YYYY-MM-DD'), 3, '00618', 618);
INSERT INTO EX.SINTOMAS(FECHA_INICIO, ID_SINTOMA, ID_PERSONA, ID_FICHA_MEDICA) VALUES
                            (TO_DATE('2020-06-26','YYYY-MM-DD'), 4, '00618', 618);
INSERT INTO EX.SINTOMAS(FECHA_INICIO, ID_SINTOMA, ID_PERSONA, ID_FICHA_MEDICA) VALUES
                            (TO_DATE('2020-05-12','YYYY-MM-DD'), 5, '00618', 618);
INSERT INTO EX.SINTOMAS(FECHA_INICIO, ID_SINTOMA, ID_PERSONA, ID_FICHA_MEDICA) VALUES
                            (TO_DATE('2020-05-03','YYYY-MM-DD'), 6, '00618', 618);
INSERT INTO EX.SINTOMAS(FECHA_INICIO, ID_SINTOMA, ID_PERSONA, ID_FICHA_MEDICA) VALUES
                            (TO_DATE('2020-03-23','YYYY-MM-DD'), 7, '00618', 618);
INSERT INTO EX.SINTOMAS(FECHA_INICIO, ID_SINTOMA, ID_PERSONA, ID_FICHA_MEDICA) VALUES
                            (TO_DATE('2020-01-15','YYYY-MM-DD'), 8, '00618', 618);
INSERT INTO EX.PERSONA(DOC_IDENTIDAD, NOMBRE, NOMBRE1, APELLIDO, APELLIDO1, FECHA_NAC, GENERO, FOTO) VALUES
                  ('00619', 'Robert', 'James', 'Rios', 'Hopkins', TO_DATE('1996-03-06','YYYY-MM-DD'), 'f', NULL);
INSERT INTO EX.HISTORICO_RESIDENCIA(FECHA_INICIO, ID_LUGAR, ID_PERSONA, FECHA_FIN) VALUES
                  (TO_DATE('1997-03-04','YYYY-MM-DD'), 28, '00619', NULL);
INSERT INTO EX.FICHA_MEDICA(ID, ID_PERSONA, ID_CENTRO_SALUD, ID_LUGAR, ESTADO, FECHA_INFECCION, FECHA_RECUPERACION) VALUES
                                             (619, '00619', 13, 28, 'desconido', NULL, NULL);
INSERT INTO EX.SINTOMAS(FECHA_INICIO, ID_SINTOMA, ID_PERSONA, ID_FICHA_MEDICA) VALUES
                            (TO_DATE('2020-03-12','YYYY-MM-DD'), 1, '00619', 619);
INSERT INTO EX.SINTOMAS(FECHA_INICIO, ID_SINTOMA, ID_PERSONA, ID_FICHA_MEDICA) VALUES
                            (TO_DATE('2020-01-02','YYYY-MM-DD'), 2, '00619', 619);
INSERT INTO EX.SINTOMAS(FECHA_INICIO, ID_SINTOMA, ID_PERSONA, ID_FICHA_MEDICA) VALUES
                            (TO_DATE('2020-05-05','YYYY-MM-DD'), 3, '00619', 619);
INSERT INTO EX.SINTOMAS(FECHA_INICIO, ID_SINTOMA, ID_PERSONA, ID_FICHA_MEDICA) VALUES
                            (TO_DATE('2020-01-13','YYYY-MM-DD'), 4, '00619', 619);
INSERT INTO EX.SINTOMAS(FECHA_INICIO, ID_SINTOMA, ID_PERSONA, ID_FICHA_MEDICA) VALUES
                            (TO_DATE('2020-03-05','YYYY-MM-DD'), 5, '00619', 619);
INSERT INTO EX.SINTOMAS(FECHA_INICIO, ID_SINTOMA, ID_PERSONA, ID_FICHA_MEDICA) VALUES
                            (TO_DATE('2020-04-22','YYYY-MM-DD'), 6, '00619', 619);
INSERT INTO EX.SINTOMAS(FECHA_INICIO, ID_SINTOMA, ID_PERSONA, ID_FICHA_MEDICA) VALUES
                            (TO_DATE('2020-01-08','YYYY-MM-DD'), 7, '00619', 619);
INSERT INTO EX.SINTOMAS(FECHA_INICIO, ID_SINTOMA, ID_PERSONA, ID_FICHA_MEDICA) VALUES
                            (TO_DATE('2020-01-04','YYYY-MM-DD'), 8, '00619', 619);
INSERT INTO EX.SINTOMAS(FECHA_INICIO, ID_SINTOMA, ID_PERSONA, ID_FICHA_MEDICA) VALUES
                            (TO_DATE('2020-02-01','YYYY-MM-DD'), 9, '00619', 619);
INSERT INTO EX.SINTOMAS(FECHA_INICIO, ID_SINTOMA, ID_PERSONA, ID_FICHA_MEDICA) VALUES
                            (TO_DATE('2020-04-30','YYYY-MM-DD'), 10, '00619', 619);
INSERT INTO EX.SINTOMAS(FECHA_INICIO, ID_SINTOMA, ID_PERSONA, ID_FICHA_MEDICA) VALUES
                            (TO_DATE('2020-06-24','YYYY-MM-DD'), 11, '00619', 619);
INSERT INTO EX.SINTOMAS(FECHA_INICIO, ID_SINTOMA, ID_PERSONA, ID_FICHA_MEDICA) VALUES
                            (TO_DATE('2020-03-31','YYYY-MM-DD'), 12, '00619', 619);
INSERT INTO EX.SINTOMAS(FECHA_INICIO, ID_SINTOMA, ID_PERSONA, ID_FICHA_MEDICA) VALUES
                            (TO_DATE('2020-01-24','YYYY-MM-DD'), 13, '00619', 619);
INSERT INTO EX.PERSONA(DOC_IDENTIDAD, NOMBRE, NOMBRE1, APELLIDO, APELLIDO1, FECHA_NAC, GENERO, FOTO) VALUES
                  ('00620', 'Jessica', 'Anthony', 'Pena', 'Smith', TO_DATE('2013-10-09','YYYY-MM-DD'), 'm', NULL);
INSERT INTO EX.HISTORICO_RESIDENCIA(FECHA_INICIO, ID_LUGAR, ID_PERSONA, FECHA_FIN) VALUES
                  (TO_DATE('1972-09-18','YYYY-MM-DD'), 33, '00620', NULL);
INSERT INTO EX.FICHA_MEDICA(ID, ID_PERSONA, ID_CENTRO_SALUD, ID_LUGAR, ESTADO, FECHA_INFECCION, FECHA_RECUPERACION) VALUES
                                             (620, '00620', 18, 33, 'desconido', NULL, NULL);
INSERT INTO EX.SINTOMAS(FECHA_INICIO, ID_SINTOMA, ID_PERSONA, ID_FICHA_MEDICA) VALUES
                            (TO_DATE('2020-04-15','YYYY-MM-DD'), 1, '00620', 620);
INSERT INTO EX.SINTOMAS(FECHA_INICIO, ID_SINTOMA, ID_PERSONA, ID_FICHA_MEDICA) VALUES
                            (TO_DATE('2020-04-25','YYYY-MM-DD'), 2, '00620', 620);
INSERT INTO EX.SINTOMAS(FECHA_INICIO, ID_SINTOMA, ID_PERSONA, ID_FICHA_MEDICA) VALUES
                            (TO_DATE('2020-03-12','YYYY-MM-DD'), 3, '00620', 620);
INSERT INTO EX.SINTOMAS(FECHA_INICIO, ID_SINTOMA, ID_PERSONA, ID_FICHA_MEDICA) VALUES
                            (TO_DATE('2020-04-08','YYYY-MM-DD'), 4, '00620', 620);
INSERT INTO EX.SINTOMAS(FECHA_INICIO, ID_SINTOMA, ID_PERSONA, ID_FICHA_MEDICA) VALUES
                            (TO_DATE('2020-04-04','YYYY-MM-DD'), 5, '00620', 620);
INSERT INTO EX.SINTOMAS(FECHA_INICIO, ID_SINTOMA, ID_PERSONA, ID_FICHA_MEDICA) VALUES
                            (TO_DATE('2020-04-24','YYYY-MM-DD'), 6, '00620', 620);
INSERT INTO EX.SINTOMAS(FECHA_INICIO, ID_SINTOMA, ID_PERSONA, ID_FICHA_MEDICA) VALUES
                            (TO_DATE('2020-03-04','YYYY-MM-DD'), 7, '00620', 620);
INSERT INTO EX.SINTOMAS(FECHA_INICIO, ID_SINTOMA, ID_PERSONA, ID_FICHA_MEDICA) VALUES
                            (TO_DATE('2020-05-04','YYYY-MM-DD'), 8, '00620', 620);
INSERT INTO EX.SINTOMAS(FECHA_INICIO, ID_SINTOMA, ID_PERSONA, ID_FICHA_MEDICA) VALUES
                            (TO_DATE('2020-02-06','YYYY-MM-DD'), 9, '00620', 620);
INSERT INTO EX.SINTOMAS(FECHA_INICIO, ID_SINTOMA, ID_PERSONA, ID_FICHA_MEDICA) VALUES
                            (TO_DATE('2020-01-26','YYYY-MM-DD'), 10, '00620', 620);
INSERT INTO EX.SINTOMAS(FECHA_INICIO, ID_SINTOMA, ID_PERSONA, ID_FICHA_MEDICA) VALUES
                            (TO_DATE('2020-06-26','YYYY-MM-DD'), 11, '00620', 620);
INSERT INTO EX.SINTOMAS(FECHA_INICIO, ID_SINTOMA, ID_PERSONA, ID_FICHA_MEDICA) VALUES
                            (TO_DATE('2020-04-23','YYYY-MM-DD'), 12, '00620', 620);
INSERT INTO EX.SINTOMAS(FECHA_INICIO, ID_SINTOMA, ID_PERSONA, ID_FICHA_MEDICA) VALUES
                            (TO_DATE('2020-03-28','YYYY-MM-DD'), 13, '00620', 620);
INSERT INTO EX.SINTOMAS(FECHA_INICIO, ID_SINTOMA, ID_PERSONA, ID_FICHA_MEDICA) VALUES
                            (TO_DATE('2020-05-21','YYYY-MM-DD'), 14, '00620', 620);
INSERT INTO EX.PERSONA(DOC_IDENTIDAD, NOMBRE, NOMBRE1, APELLIDO, APELLIDO1, FECHA_NAC, GENERO, FOTO) VALUES
                  ('00621', 'John', 'Shannon', 'Mendoza', 'Robinson', TO_DATE('2002-02-23','YYYY-MM-DD'), 'f', NULL);
INSERT INTO EX.HISTORICO_RESIDENCIA(FECHA_INICIO, ID_LUGAR, ID_PERSONA, FECHA_FIN) VALUES
                  (TO_DATE('2003-06-21','YYYY-MM-DD'), 29, '00621', NULL);
INSERT INTO EX.FICHA_MEDICA(ID, ID_PERSONA, ID_CENTRO_SALUD, ID_LUGAR, ESTADO, FECHA_INFECCION, FECHA_RECUPERACION) VALUES
                                             (621, '00621', 14, 29, 'desconido', NULL, NULL);
INSERT INTO EX.SINTOMAS(FECHA_INICIO, ID_SINTOMA, ID_PERSONA, ID_FICHA_MEDICA) VALUES
                            (TO_DATE('2020-01-26','YYYY-MM-DD'), 1, '00621', 621);
INSERT INTO EX.SINTOMAS(FECHA_INICIO, ID_SINTOMA, ID_PERSONA, ID_FICHA_MEDICA) VALUES
                            (TO_DATE('2020-05-18','YYYY-MM-DD'), 2, '00621', 621);
INSERT INTO EX.SINTOMAS(FECHA_INICIO, ID_SINTOMA, ID_PERSONA, ID_FICHA_MEDICA) VALUES
                            (TO_DATE('2020-04-28','YYYY-MM-DD'), 3, '00621', 621);
INSERT INTO EX.SINTOMAS(FECHA_INICIO, ID_SINTOMA, ID_PERSONA, ID_FICHA_MEDICA) VALUES
                            (TO_DATE('2020-01-04','YYYY-MM-DD'), 4, '00621', 621);
INSERT INTO EX.SINTOMAS(FECHA_INICIO, ID_SINTOMA, ID_PERSONA, ID_FICHA_MEDICA) VALUES
                            (TO_DATE('2020-06-16','YYYY-MM-DD'), 5, '00621', 621);
INSERT INTO EX.SINTOMAS(FECHA_INICIO, ID_SINTOMA, ID_PERSONA, ID_FICHA_MEDICA) VALUES
                            (TO_DATE('2020-04-30','YYYY-MM-DD'), 6, '00621', 621);
INSERT INTO EX.SINTOMAS(FECHA_INICIO, ID_SINTOMA, ID_PERSONA, ID_FICHA_MEDICA) VALUES
                            (TO_DATE('2020-01-25','YYYY-MM-DD'), 7, '00621', 621);
INSERT INTO EX.SINTOMAS(FECHA_INICIO, ID_SINTOMA, ID_PERSONA, ID_FICHA_MEDICA) VALUES
                            (TO_DATE('2020-02-18','YYYY-MM-DD'), 8, '00621', 621);
INSERT INTO EX.SINTOMAS(FECHA_INICIO, ID_SINTOMA, ID_PERSONA, ID_FICHA_MEDICA) VALUES
                            (TO_DATE('2020-04-17','YYYY-MM-DD'), 9, '00621', 621);
INSERT INTO EX.SINTOMAS(FECHA_INICIO, ID_SINTOMA, ID_PERSONA, ID_FICHA_MEDICA) VALUES
                            (TO_DATE('2020-03-01','YYYY-MM-DD'), 10, '00621', 621);
INSERT INTO EX.SINTOMAS(FECHA_INICIO, ID_SINTOMA, ID_PERSONA, ID_FICHA_MEDICA) VALUES
                            (TO_DATE('2020-04-06','YYYY-MM-DD'), 11, '00621', 621);
INSERT INTO EX.SINTOMAS(FECHA_INICIO, ID_SINTOMA, ID_PERSONA, ID_FICHA_MEDICA) VALUES
                            (TO_DATE('2020-04-05','YYYY-MM-DD'), 12, '00621', 621);
INSERT INTO EX.SINTOMAS(FECHA_INICIO, ID_SINTOMA, ID_PERSONA, ID_FICHA_MEDICA) VALUES
                            (TO_DATE('2020-03-03','YYYY-MM-DD'), 13, '00621', 621);
INSERT INTO EX.SINTOMAS(FECHA_INICIO, ID_SINTOMA, ID_PERSONA, ID_FICHA_MEDICA) VALUES
                            (TO_DATE('2020-03-09','YYYY-MM-DD'), 14, '00621', 621);
INSERT INTO EX.SINTOMAS(FECHA_INICIO, ID_SINTOMA, ID_PERSONA, ID_FICHA_MEDICA) VALUES
                            (TO_DATE('2020-01-25','YYYY-MM-DD'), 15, '00621', 621);
INSERT INTO EX.PERSONA(DOC_IDENTIDAD, NOMBRE, NOMBRE1, APELLIDO, APELLIDO1, FECHA_NAC, GENERO, FOTO) VALUES
                  ('00622', 'Mary', 'Anthony', 'Patel', 'Johnson', TO_DATE('1975-04-25','YYYY-MM-DD'), 'm', NULL);
INSERT INTO EX.HISTORICO_RESIDENCIA(FECHA_INICIO, ID_LUGAR, ID_PERSONA, FECHA_FIN) VALUES
                  (TO_DATE('2008-05-06','YYYY-MM-DD'), 24, '00622', NULL);
INSERT INTO EX.FICHA_MEDICA(ID, ID_PERSONA, ID_CENTRO_SALUD, ID_LUGAR, ESTADO, FECHA_INFECCION, FECHA_RECUPERACION) VALUES
                                             (622, '00622', 9, 24, 'desconido', NULL, NULL);
INSERT INTO EX.SINTOMAS(FECHA_INICIO, ID_SINTOMA, ID_PERSONA, ID_FICHA_MEDICA) VALUES
                            (TO_DATE('2020-02-22','YYYY-MM-DD'), 1, '00622', 622);
INSERT INTO EX.SINTOMAS(FECHA_INICIO, ID_SINTOMA, ID_PERSONA, ID_FICHA_MEDICA) VALUES
                            (TO_DATE('2020-06-17','YYYY-MM-DD'), 2, '00622', 622);
INSERT INTO EX.SINTOMAS(FECHA_INICIO, ID_SINTOMA, ID_PERSONA, ID_FICHA_MEDICA) VALUES
                            (TO_DATE('2020-06-15','YYYY-MM-DD'), 3, '00622', 622);
INSERT INTO EX.PERSONA(DOC_IDENTIDAD, NOMBRE, NOMBRE1, APELLIDO, APELLIDO1, FECHA_NAC, GENERO, FOTO) VALUES
                  ('00623', 'Cindy', 'Carolyn', 'Jones', 'Rivera', TO_DATE('2014-11-09','YYYY-MM-DD'), 'f', NULL);
INSERT INTO EX.HISTORICO_RESIDENCIA(FECHA_INICIO, ID_LUGAR, ID_PERSONA, FECHA_FIN) VALUES
                  (TO_DATE('1976-11-22','YYYY-MM-DD'), 23, '00623', NULL);
INSERT INTO EX.FICHA_MEDICA(ID, ID_PERSONA, ID_CENTRO_SALUD, ID_LUGAR, ESTADO, FECHA_INFECCION, FECHA_RECUPERACION) VALUES
                                             (623, '00623', 8, 23, 'desconido', NULL, NULL);
INSERT INTO EX.SINTOMAS(FECHA_INICIO, ID_SINTOMA, ID_PERSONA, ID_FICHA_MEDICA) VALUES
                            (TO_DATE('2020-02-04','YYYY-MM-DD'), 1, '00623', 623);
INSERT INTO EX.SINTOMAS(FECHA_INICIO, ID_SINTOMA, ID_PERSONA, ID_FICHA_MEDICA) VALUES
                            (TO_DATE('2020-03-16','YYYY-MM-DD'), 2, '00623', 623);
INSERT INTO EX.SINTOMAS(FECHA_INICIO, ID_SINTOMA, ID_PERSONA, ID_FICHA_MEDICA) VALUES
                            (TO_DATE('2020-05-16','YYYY-MM-DD'), 3, '00623', 623);
INSERT INTO EX.SINTOMAS(FECHA_INICIO, ID_SINTOMA, ID_PERSONA, ID_FICHA_MEDICA) VALUES
                            (TO_DATE('2020-02-12','YYYY-MM-DD'), 4, '00623', 623);
INSERT INTO EX.SINTOMAS(FECHA_INICIO, ID_SINTOMA, ID_PERSONA, ID_FICHA_MEDICA) VALUES
                            (TO_DATE('2020-01-12','YYYY-MM-DD'), 5, '00623', 623);
INSERT INTO EX.SINTOMAS(FECHA_INICIO, ID_SINTOMA, ID_PERSONA, ID_FICHA_MEDICA) VALUES
                            (TO_DATE('2020-01-12','YYYY-MM-DD'), 6, '00623', 623);
INSERT INTO EX.SINTOMAS(FECHA_INICIO, ID_SINTOMA, ID_PERSONA, ID_FICHA_MEDICA) VALUES
                            (TO_DATE('2020-02-07','YYYY-MM-DD'), 7, '00623', 623);
INSERT INTO EX.SINTOMAS(FECHA_INICIO, ID_SINTOMA, ID_PERSONA, ID_FICHA_MEDICA) VALUES
                            (TO_DATE('2020-01-15','YYYY-MM-DD'), 8, '00623', 623);
INSERT INTO EX.SINTOMAS(FECHA_INICIO, ID_SINTOMA, ID_PERSONA, ID_FICHA_MEDICA) VALUES
                            (TO_DATE('2020-01-02','YYYY-MM-DD'), 9, '00623', 623);
INSERT INTO EX.SINTOMAS(FECHA_INICIO, ID_SINTOMA, ID_PERSONA, ID_FICHA_MEDICA) VALUES
                            (TO_DATE('2020-04-10','YYYY-MM-DD'), 10, '00623', 623);
INSERT INTO EX.SINTOMAS(FECHA_INICIO, ID_SINTOMA, ID_PERSONA, ID_FICHA_MEDICA) VALUES
                            (TO_DATE('2020-04-05','YYYY-MM-DD'), 11, '00623', 623);
INSERT INTO EX.SINTOMAS(FECHA_INICIO, ID_SINTOMA, ID_PERSONA, ID_FICHA_MEDICA) VALUES
                            (TO_DATE('2020-01-28','YYYY-MM-DD'), 12, '00623', 623);
INSERT INTO EX.SINTOMAS(FECHA_INICIO, ID_SINTOMA, ID_PERSONA, ID_FICHA_MEDICA) VALUES
                            (TO_DATE('2020-01-05','YYYY-MM-DD'), 13, '00623', 623);
INSERT INTO EX.SINTOMAS(FECHA_INICIO, ID_SINTOMA, ID_PERSONA, ID_FICHA_MEDICA) VALUES
                            (TO_DATE('2020-02-05','YYYY-MM-DD'), 14, '00623', 623);
INSERT INTO EX.SINTOMAS(FECHA_INICIO, ID_SINTOMA, ID_PERSONA, ID_FICHA_MEDICA) VALUES
                            (TO_DATE('2020-01-03','YYYY-MM-DD'), 15, '00623', 623);
INSERT INTO EX.SINTOMAS(FECHA_INICIO, ID_SINTOMA, ID_PERSONA, ID_FICHA_MEDICA) VALUES
                            (TO_DATE('2020-04-21','YYYY-MM-DD'), 16, '00623', 623);
INSERT INTO EX.SINTOMAS(FECHA_INICIO, ID_SINTOMA, ID_PERSONA, ID_FICHA_MEDICA) VALUES
                            (TO_DATE('2020-04-19','YYYY-MM-DD'), 17, '00623', 623);
INSERT INTO EX.SINTOMAS(FECHA_INICIO, ID_SINTOMA, ID_PERSONA, ID_FICHA_MEDICA) VALUES
                            (TO_DATE('2020-01-21','YYYY-MM-DD'), 18, '00623', 623);
INSERT INTO EX.PERSONA(DOC_IDENTIDAD, NOMBRE, NOMBRE1, APELLIDO, APELLIDO1, FECHA_NAC, GENERO, FOTO) VALUES
                  ('00624', 'Kimberly', 'Michael', 'Mendoza', 'Ellis', TO_DATE('1991-05-24','YYYY-MM-DD'), 'm', NULL);
INSERT INTO EX.HISTORICO_RESIDENCIA(FECHA_INICIO, ID_LUGAR, ID_PERSONA, FECHA_FIN) VALUES
                  (TO_DATE('1997-03-17','YYYY-MM-DD'), 29, '00624', NULL);
INSERT INTO EX.FICHA_MEDICA(ID, ID_PERSONA, ID_CENTRO_SALUD, ID_LUGAR, ESTADO, FECHA_INFECCION, FECHA_RECUPERACION) VALUES
                                             (624, '00624', 14, 29, 'desconido', NULL, NULL);
INSERT INTO EX.PERSONA(DOC_IDENTIDAD, NOMBRE, NOMBRE1, APELLIDO, APELLIDO1, FECHA_NAC, GENERO, FOTO) VALUES
                  ('00625', 'James', 'Ronald', 'Barrera', 'Patterson', TO_DATE('2016-05-21','YYYY-MM-DD'), 'f', NULL);
INSERT INTO EX.HISTORICO_RESIDENCIA(FECHA_INICIO, ID_LUGAR, ID_PERSONA, FECHA_FIN) VALUES
                  (TO_DATE('2014-09-30','YYYY-MM-DD'), 21, '00625', NULL);
INSERT INTO EX.FICHA_MEDICA(ID, ID_PERSONA, ID_CENTRO_SALUD, ID_LUGAR, ESTADO, FECHA_INFECCION, FECHA_RECUPERACION) VALUES
                                             (625, '00625', 6, 21, 'desconido', NULL, NULL);
INSERT INTO EX.PADECIMIENTOS(ID_PATOLOGIA, ID_PERSONA, ID_FICHA_MEDICA) VALUES
                            (1, '00625', 625);
INSERT INTO EX.PADECIMIENTOS(ID_PATOLOGIA, ID_PERSONA, ID_FICHA_MEDICA) VALUES
                            (2, '00625', 625);
INSERT INTO EX.PADECIMIENTOS(ID_PATOLOGIA, ID_PERSONA, ID_FICHA_MEDICA) VALUES
                            (3, '00625', 625);
INSERT INTO EX.PADECIMIENTOS(ID_PATOLOGIA, ID_PERSONA, ID_FICHA_MEDICA) VALUES
                            (4, '00625', 625);
INSERT INTO EX.PADECIMIENTOS(ID_PATOLOGIA, ID_PERSONA, ID_FICHA_MEDICA) VALUES
                            (5, '00625', 625);
INSERT INTO EX.SINTOMAS(FECHA_INICIO, ID_SINTOMA, ID_PERSONA, ID_FICHA_MEDICA) VALUES
                            (TO_DATE('2020-06-29','YYYY-MM-DD'), 1, '00625', 625);
INSERT INTO EX.SINTOMAS(FECHA_INICIO, ID_SINTOMA, ID_PERSONA, ID_FICHA_MEDICA) VALUES
                            (TO_DATE('2020-04-15','YYYY-MM-DD'), 2, '00625', 625);
INSERT INTO EX.SINTOMAS(FECHA_INICIO, ID_SINTOMA, ID_PERSONA, ID_FICHA_MEDICA) VALUES
                            (TO_DATE('2020-02-03','YYYY-MM-DD'), 3, '00625', 625);
INSERT INTO EX.PERSONA(DOC_IDENTIDAD, NOMBRE, NOMBRE1, APELLIDO, APELLIDO1, FECHA_NAC, GENERO, FOTO) VALUES
                  ('00626', 'Beverly', 'Steven', 'Sutton', 'Hunter', TO_DATE('1988-03-03','YYYY-MM-DD'), 'm', NULL);
INSERT INTO EX.HISTORICO_RESIDENCIA(FECHA_INICIO, ID_LUGAR, ID_PERSONA, FECHA_FIN) VALUES
                  (TO_DATE('2014-12-21','YYYY-MM-DD'), 42, '00626', NULL);
INSERT INTO EX.FICHA_MEDICA(ID, ID_PERSONA, ID_CENTRO_SALUD, ID_LUGAR, ESTADO, FECHA_INFECCION, FECHA_RECUPERACION) VALUES
                                             (626, '00626', 27, 42, 'desconido', NULL, NULL);
INSERT INTO EX.PERSONA(DOC_IDENTIDAD, NOMBRE, NOMBRE1, APELLIDO, APELLIDO1, FECHA_NAC, GENERO, FOTO) VALUES
                  ('00627', 'Alexandria', 'Christina', 'Taylor', 'Beck', TO_DATE('1997-03-11','YYYY-MM-DD'), 'f', NULL);
INSERT INTO EX.HISTORICO_RESIDENCIA(FECHA_INICIO, ID_LUGAR, ID_PERSONA, FECHA_FIN) VALUES
                  (TO_DATE('1971-03-01','YYYY-MM-DD'), 45, '00627', NULL);
INSERT INTO EX.FICHA_MEDICA(ID, ID_PERSONA, ID_CENTRO_SALUD, ID_LUGAR, ESTADO, FECHA_INFECCION, FECHA_RECUPERACION) VALUES
                                             (627, '00627', 30, 45, 'desconido', NULL, NULL);
INSERT INTO EX.PERSONA(DOC_IDENTIDAD, NOMBRE, NOMBRE1, APELLIDO, APELLIDO1, FECHA_NAC, GENERO, FOTO) VALUES
                  ('00628', 'Joe', 'Joan', 'Brown', 'Morton', TO_DATE('1999-08-08','YYYY-MM-DD'), 'm', NULL);
INSERT INTO EX.HISTORICO_RESIDENCIA(FECHA_INICIO, ID_LUGAR, ID_PERSONA, FECHA_FIN) VALUES
                  (TO_DATE('1987-11-22','YYYY-MM-DD'), 22, '00628', NULL);
INSERT INTO EX.FICHA_MEDICA(ID, ID_PERSONA, ID_CENTRO_SALUD, ID_LUGAR, ESTADO, FECHA_INFECCION, FECHA_RECUPERACION) VALUES
                                             (628, '00628', 7, 22, 'desconido', NULL, NULL);
INSERT INTO EX.PERSONA(DOC_IDENTIDAD, NOMBRE, NOMBRE1, APELLIDO, APELLIDO1, FECHA_NAC, GENERO, FOTO) VALUES
                  ('00629', 'Sarah', 'Alexander', 'Oneill', 'Cisneros', TO_DATE('1997-06-03','YYYY-MM-DD'), 'f', NULL);
INSERT INTO EX.HISTORICO_RESIDENCIA(FECHA_INICIO, ID_LUGAR, ID_PERSONA, FECHA_FIN) VALUES
                  (TO_DATE('2006-06-04','YYYY-MM-DD'), 43, '00629', NULL);
INSERT INTO EX.FICHA_MEDICA(ID, ID_PERSONA, ID_CENTRO_SALUD, ID_LUGAR, ESTADO, FECHA_INFECCION, FECHA_RECUPERACION) VALUES
                                             (629, '00629', 28, 43, 'desconido', NULL, NULL);
INSERT INTO EX.PERSONA(DOC_IDENTIDAD, NOMBRE, NOMBRE1, APELLIDO, APELLIDO1, FECHA_NAC, GENERO, FOTO) VALUES
                  ('00630', 'Cathy', 'Laura', 'Ellis', 'Gonzalez', TO_DATE('2013-05-28','YYYY-MM-DD'), 'm', NULL);
INSERT INTO EX.HISTORICO_RESIDENCIA(FECHA_INICIO, ID_LUGAR, ID_PERSONA, FECHA_FIN) VALUES
                  (TO_DATE('2002-08-03','YYYY-MM-DD'), 32, '00630', NULL);
INSERT INTO EX.FICHA_MEDICA(ID, ID_PERSONA, ID_CENTRO_SALUD, ID_LUGAR, ESTADO, FECHA_INFECCION, FECHA_RECUPERACION) VALUES
                                             (630, '00630', 17, 32, 'desconido', NULL, NULL);
INSERT INTO EX.PADECIMIENTOS(ID_PATOLOGIA, ID_PERSONA, ID_FICHA_MEDICA) VALUES
                            (1, '00630', 630);
INSERT INTO EX.PADECIMIENTOS(ID_PATOLOGIA, ID_PERSONA, ID_FICHA_MEDICA) VALUES
                            (2, '00630', 630);
INSERT INTO EX.PADECIMIENTOS(ID_PATOLOGIA, ID_PERSONA, ID_FICHA_MEDICA) VALUES
                            (3, '00630', 630);
INSERT INTO EX.PADECIMIENTOS(ID_PATOLOGIA, ID_PERSONA, ID_FICHA_MEDICA) VALUES
                            (4, '00630', 630);
INSERT INTO EX.PADECIMIENTOS(ID_PATOLOGIA, ID_PERSONA, ID_FICHA_MEDICA) VALUES
                            (5, '00630', 630);
INSERT INTO EX.PADECIMIENTOS(ID_PATOLOGIA, ID_PERSONA, ID_FICHA_MEDICA) VALUES
                            (6, '00630', 630);
INSERT INTO EX.PADECIMIENTOS(ID_PATOLOGIA, ID_PERSONA, ID_FICHA_MEDICA) VALUES
                            (7, '00630', 630);
INSERT INTO EX.PADECIMIENTOS(ID_PATOLOGIA, ID_PERSONA, ID_FICHA_MEDICA) VALUES
                            (8, '00630', 630);
INSERT INTO EX.PADECIMIENTOS(ID_PATOLOGIA, ID_PERSONA, ID_FICHA_MEDICA) VALUES
                            (9, '00630', 630);
INSERT INTO EX.PADECIMIENTOS(ID_PATOLOGIA, ID_PERSONA, ID_FICHA_MEDICA) VALUES
                            (10, '00630', 630);
INSERT INTO EX.PADECIMIENTOS(ID_PATOLOGIA, ID_PERSONA, ID_FICHA_MEDICA) VALUES
                            (11, '00630', 630);
INSERT INTO EX.PADECIMIENTOS(ID_PATOLOGIA, ID_PERSONA, ID_FICHA_MEDICA) VALUES
                            (12, '00630', 630);
INSERT INTO EX.PADECIMIENTOS(ID_PATOLOGIA, ID_PERSONA, ID_FICHA_MEDICA) VALUES
                            (13, '00630', 630);
INSERT INTO EX.PADECIMIENTOS(ID_PATOLOGIA, ID_PERSONA, ID_FICHA_MEDICA) VALUES
                            (14, '00630', 630);
INSERT INTO EX.PADECIMIENTOS(ID_PATOLOGIA, ID_PERSONA, ID_FICHA_MEDICA) VALUES
                            (15, '00630', 630);
INSERT INTO EX.PERSONA(DOC_IDENTIDAD, NOMBRE, NOMBRE1, APELLIDO, APELLIDO1, FECHA_NAC, GENERO, FOTO) VALUES
                  ('00631', 'David', 'Justin', 'Cox', 'Alexander', TO_DATE('1985-06-19','YYYY-MM-DD'), 'f', NULL);
INSERT INTO EX.HISTORICO_RESIDENCIA(FECHA_INICIO, ID_LUGAR, ID_PERSONA, FECHA_FIN) VALUES
                  (TO_DATE('2001-11-10','YYYY-MM-DD'), 18, '00631', NULL);
INSERT INTO EX.FICHA_MEDICA(ID, ID_PERSONA, ID_CENTRO_SALUD, ID_LUGAR, ESTADO, FECHA_INFECCION, FECHA_RECUPERACION) VALUES
                                             (631, '00631', 3, 18, 'desconido', NULL, NULL);
INSERT INTO EX.PADECIMIENTOS(ID_PATOLOGIA, ID_PERSONA, ID_FICHA_MEDICA) VALUES
                            (1, '00631', 631);
INSERT INTO EX.PADECIMIENTOS(ID_PATOLOGIA, ID_PERSONA, ID_FICHA_MEDICA) VALUES
                            (2, '00631', 631);
INSERT INTO EX.PADECIMIENTOS(ID_PATOLOGIA, ID_PERSONA, ID_FICHA_MEDICA) VALUES
                            (3, '00631', 631);
INSERT INTO EX.PADECIMIENTOS(ID_PATOLOGIA, ID_PERSONA, ID_FICHA_MEDICA) VALUES
                            (4, '00631', 631);
INSERT INTO EX.SINTOMAS(FECHA_INICIO, ID_SINTOMA, ID_PERSONA, ID_FICHA_MEDICA) VALUES
                            (TO_DATE('2020-03-28','YYYY-MM-DD'), 1, '00631', 631);
INSERT INTO EX.SINTOMAS(FECHA_INICIO, ID_SINTOMA, ID_PERSONA, ID_FICHA_MEDICA) VALUES
                            (TO_DATE('2020-06-13','YYYY-MM-DD'), 2, '00631', 631);
INSERT INTO EX.SINTOMAS(FECHA_INICIO, ID_SINTOMA, ID_PERSONA, ID_FICHA_MEDICA) VALUES
                            (TO_DATE('2020-05-05','YYYY-MM-DD'), 3, '00631', 631);
INSERT INTO EX.SINTOMAS(FECHA_INICIO, ID_SINTOMA, ID_PERSONA, ID_FICHA_MEDICA) VALUES
                            (TO_DATE('2020-05-11','YYYY-MM-DD'), 4, '00631', 631);
INSERT INTO EX.SINTOMAS(FECHA_INICIO, ID_SINTOMA, ID_PERSONA, ID_FICHA_MEDICA) VALUES
                            (TO_DATE('2020-06-18','YYYY-MM-DD'), 5, '00631', 631);
INSERT INTO EX.SINTOMAS(FECHA_INICIO, ID_SINTOMA, ID_PERSONA, ID_FICHA_MEDICA) VALUES
                            (TO_DATE('2020-06-14','YYYY-MM-DD'), 6, '00631', 631);
INSERT INTO EX.SINTOMAS(FECHA_INICIO, ID_SINTOMA, ID_PERSONA, ID_FICHA_MEDICA) VALUES
                            (TO_DATE('2020-04-02','YYYY-MM-DD'), 7, '00631', 631);
INSERT INTO EX.SINTOMAS(FECHA_INICIO, ID_SINTOMA, ID_PERSONA, ID_FICHA_MEDICA) VALUES
                            (TO_DATE('2020-05-18','YYYY-MM-DD'), 8, '00631', 631);
INSERT INTO EX.SINTOMAS(FECHA_INICIO, ID_SINTOMA, ID_PERSONA, ID_FICHA_MEDICA) VALUES
                            (TO_DATE('2020-06-16','YYYY-MM-DD'), 9, '00631', 631);
INSERT INTO EX.SINTOMAS(FECHA_INICIO, ID_SINTOMA, ID_PERSONA, ID_FICHA_MEDICA) VALUES
                            (TO_DATE('2020-06-22','YYYY-MM-DD'), 10, '00631', 631);
INSERT INTO EX.SINTOMAS(FECHA_INICIO, ID_SINTOMA, ID_PERSONA, ID_FICHA_MEDICA) VALUES
                            (TO_DATE('2020-01-19','YYYY-MM-DD'), 11, '00631', 631);
INSERT INTO EX.SINTOMAS(FECHA_INICIO, ID_SINTOMA, ID_PERSONA, ID_FICHA_MEDICA) VALUES
                            (TO_DATE('2020-05-29','YYYY-MM-DD'), 12, '00631', 631);
INSERT INTO EX.SINTOMAS(FECHA_INICIO, ID_SINTOMA, ID_PERSONA, ID_FICHA_MEDICA) VALUES
                            (TO_DATE('2020-06-21','YYYY-MM-DD'), 13, '00631', 631);
INSERT INTO EX.SINTOMAS(FECHA_INICIO, ID_SINTOMA, ID_PERSONA, ID_FICHA_MEDICA) VALUES
                            (TO_DATE('2020-01-30','YYYY-MM-DD'), 14, '00631', 631);
INSERT INTO EX.SINTOMAS(FECHA_INICIO, ID_SINTOMA, ID_PERSONA, ID_FICHA_MEDICA) VALUES
                            (TO_DATE('2020-02-11','YYYY-MM-DD'), 15, '00631', 631);
INSERT INTO EX.SINTOMAS(FECHA_INICIO, ID_SINTOMA, ID_PERSONA, ID_FICHA_MEDICA) VALUES
                            (TO_DATE('2020-01-31','YYYY-MM-DD'), 16, '00631', 631);
INSERT INTO EX.SINTOMAS(FECHA_INICIO, ID_SINTOMA, ID_PERSONA, ID_FICHA_MEDICA) VALUES
                            (TO_DATE('2020-03-31','YYYY-MM-DD'), 17, '00631', 631);
INSERT INTO EX.SINTOMAS(FECHA_INICIO, ID_SINTOMA, ID_PERSONA, ID_FICHA_MEDICA) VALUES
                            (TO_DATE('2020-06-06','YYYY-MM-DD'), 18, '00631', 631);
INSERT INTO EX.SINTOMAS(FECHA_INICIO, ID_SINTOMA, ID_PERSONA, ID_FICHA_MEDICA) VALUES
                            (TO_DATE('2020-04-29','YYYY-MM-DD'), 19, '00631', 631);
INSERT INTO EX.PERSONA(DOC_IDENTIDAD, NOMBRE, NOMBRE1, APELLIDO, APELLIDO1, FECHA_NAC, GENERO, FOTO) VALUES
                  ('00632', 'Michelle', 'Meghan', 'Sims', 'Bush', TO_DATE('1974-09-23','YYYY-MM-DD'), 'm', NULL);
INSERT INTO EX.HISTORICO_RESIDENCIA(FECHA_INICIO, ID_LUGAR, ID_PERSONA, FECHA_FIN) VALUES
                  (TO_DATE('1986-09-23','YYYY-MM-DD'), 39, '00632', NULL);
INSERT INTO EX.FICHA_MEDICA(ID, ID_PERSONA, ID_CENTRO_SALUD, ID_LUGAR, ESTADO, FECHA_INFECCION, FECHA_RECUPERACION) VALUES
                                             (632, '00632', 24, 39, 'desconido', NULL, NULL);
INSERT INTO EX.PERSONA(DOC_IDENTIDAD, NOMBRE, NOMBRE1, APELLIDO, APELLIDO1, FECHA_NAC, GENERO, FOTO) VALUES
                  ('00633', 'Lauren', 'Christie', 'Spencer', 'Spencer', TO_DATE('2003-04-02','YYYY-MM-DD'), 'f', NULL);
INSERT INTO EX.HISTORICO_RESIDENCIA(FECHA_INICIO, ID_LUGAR, ID_PERSONA, FECHA_FIN) VALUES
                  (TO_DATE('2011-03-20','YYYY-MM-DD'), 26, '00633', NULL);
INSERT INTO EX.FICHA_MEDICA(ID, ID_PERSONA, ID_CENTRO_SALUD, ID_LUGAR, ESTADO, FECHA_INFECCION, FECHA_RECUPERACION) VALUES
                                             (633, '00633', 11, 26, 'desconido', NULL, NULL);
INSERT INTO EX.PADECIMIENTOS(ID_PATOLOGIA, ID_PERSONA, ID_FICHA_MEDICA) VALUES
                            (1, '00633', 633);
INSERT INTO EX.PADECIMIENTOS(ID_PATOLOGIA, ID_PERSONA, ID_FICHA_MEDICA) VALUES
                            (2, '00633', 633);
INSERT INTO EX.PADECIMIENTOS(ID_PATOLOGIA, ID_PERSONA, ID_FICHA_MEDICA) VALUES
                            (3, '00633', 633);
INSERT INTO EX.PADECIMIENTOS(ID_PATOLOGIA, ID_PERSONA, ID_FICHA_MEDICA) VALUES
                            (4, '00633', 633);
INSERT INTO EX.PADECIMIENTOS(ID_PATOLOGIA, ID_PERSONA, ID_FICHA_MEDICA) VALUES
                            (5, '00633', 633);
INSERT INTO EX.PADECIMIENTOS(ID_PATOLOGIA, ID_PERSONA, ID_FICHA_MEDICA) VALUES
                            (6, '00633', 633);
INSERT INTO EX.PADECIMIENTOS(ID_PATOLOGIA, ID_PERSONA, ID_FICHA_MEDICA) VALUES
                            (7, '00633', 633);
INSERT INTO EX.PADECIMIENTOS(ID_PATOLOGIA, ID_PERSONA, ID_FICHA_MEDICA) VALUES
                            (8, '00633', 633);
INSERT INTO EX.PADECIMIENTOS(ID_PATOLOGIA, ID_PERSONA, ID_FICHA_MEDICA) VALUES
                            (9, '00633', 633);
INSERT INTO EX.PADECIMIENTOS(ID_PATOLOGIA, ID_PERSONA, ID_FICHA_MEDICA) VALUES
                            (10, '00633', 633);
INSERT INTO EX.PADECIMIENTOS(ID_PATOLOGIA, ID_PERSONA, ID_FICHA_MEDICA) VALUES
                            (11, '00633', 633);
INSERT INTO EX.PADECIMIENTOS(ID_PATOLOGIA, ID_PERSONA, ID_FICHA_MEDICA) VALUES
                            (12, '00633', 633);
INSERT INTO EX.PADECIMIENTOS(ID_PATOLOGIA, ID_PERSONA, ID_FICHA_MEDICA) VALUES
                            (13, '00633', 633);
INSERT INTO EX.PADECIMIENTOS(ID_PATOLOGIA, ID_PERSONA, ID_FICHA_MEDICA) VALUES
                            (14, '00633', 633);
INSERT INTO EX.PERSONA(DOC_IDENTIDAD, NOMBRE, NOMBRE1, APELLIDO, APELLIDO1, FECHA_NAC, GENERO, FOTO) VALUES
                  ('00634', 'Mark', 'Christine', 'Henderson', 'Webster', TO_DATE('1995-01-30','YYYY-MM-DD'), 'm', NULL);
INSERT INTO EX.HISTORICO_RESIDENCIA(FECHA_INICIO, ID_LUGAR, ID_PERSONA, FECHA_FIN) VALUES
                  (TO_DATE('2017-08-08','YYYY-MM-DD'), 31, '00634', NULL);
INSERT INTO EX.FICHA_MEDICA(ID, ID_PERSONA, ID_CENTRO_SALUD, ID_LUGAR, ESTADO, FECHA_INFECCION, FECHA_RECUPERACION) VALUES
                                             (634, '00634', 16, 31, 'desconido', NULL, NULL);
INSERT INTO EX.PERSONA(DOC_IDENTIDAD, NOMBRE, NOMBRE1, APELLIDO, APELLIDO1, FECHA_NAC, GENERO, FOTO) VALUES
                  ('00635', 'David', 'Aaron', 'Wright', 'Salinas', TO_DATE('2016-07-28','YYYY-MM-DD'), 'f', NULL);
INSERT INTO EX.HISTORICO_RESIDENCIA(FECHA_INICIO, ID_LUGAR, ID_PERSONA, FECHA_FIN) VALUES
                  (TO_DATE('2014-04-04','YYYY-MM-DD'), 33, '00635', NULL);
INSERT INTO EX.FICHA_MEDICA(ID, ID_PERSONA, ID_CENTRO_SALUD, ID_LUGAR, ESTADO, FECHA_INFECCION, FECHA_RECUPERACION) VALUES
                                             (635, '00635', 18, 33, 'desconido', NULL, NULL);
INSERT INTO EX.PERSONA(DOC_IDENTIDAD, NOMBRE, NOMBRE1, APELLIDO, APELLIDO1, FECHA_NAC, GENERO, FOTO) VALUES
                  ('00636', 'Amy', 'Francisco', 'Jones', 'Costa', TO_DATE('2019-10-19','YYYY-MM-DD'), 'm', NULL);
INSERT INTO EX.HISTORICO_RESIDENCIA(FECHA_INICIO, ID_LUGAR, ID_PERSONA, FECHA_FIN) VALUES
                  (TO_DATE('1974-08-15','YYYY-MM-DD'), 40, '00636', NULL);
INSERT INTO EX.FICHA_MEDICA(ID, ID_PERSONA, ID_CENTRO_SALUD, ID_LUGAR, ESTADO, FECHA_INFECCION, FECHA_RECUPERACION) VALUES
                                             (636, '00636', 25, 40, 'desconido', NULL, NULL);
INSERT INTO EX.PADECIMIENTOS(ID_PATOLOGIA, ID_PERSONA, ID_FICHA_MEDICA) VALUES
                            (1, '00636', 636);
INSERT INTO EX.SINTOMAS(FECHA_INICIO, ID_SINTOMA, ID_PERSONA, ID_FICHA_MEDICA) VALUES
                            (TO_DATE('2020-05-04','YYYY-MM-DD'), 1, '00636', 636);
INSERT INTO EX.SINTOMAS(FECHA_INICIO, ID_SINTOMA, ID_PERSONA, ID_FICHA_MEDICA) VALUES
                            (TO_DATE('2020-05-01','YYYY-MM-DD'), 2, '00636', 636);
INSERT INTO EX.SINTOMAS(FECHA_INICIO, ID_SINTOMA, ID_PERSONA, ID_FICHA_MEDICA) VALUES
                            (TO_DATE('2020-01-13','YYYY-MM-DD'), 3, '00636', 636);
INSERT INTO EX.SINTOMAS(FECHA_INICIO, ID_SINTOMA, ID_PERSONA, ID_FICHA_MEDICA) VALUES
                            (TO_DATE('2020-04-26','YYYY-MM-DD'), 4, '00636', 636);
INSERT INTO EX.SINTOMAS(FECHA_INICIO, ID_SINTOMA, ID_PERSONA, ID_FICHA_MEDICA) VALUES
                            (TO_DATE('2020-06-14','YYYY-MM-DD'), 5, '00636', 636);
INSERT INTO EX.SINTOMAS(FECHA_INICIO, ID_SINTOMA, ID_PERSONA, ID_FICHA_MEDICA) VALUES
                            (TO_DATE('2020-01-28','YYYY-MM-DD'), 6, '00636', 636);
INSERT INTO EX.SINTOMAS(FECHA_INICIO, ID_SINTOMA, ID_PERSONA, ID_FICHA_MEDICA) VALUES
                            (TO_DATE('2020-02-02','YYYY-MM-DD'), 7, '00636', 636);
INSERT INTO EX.SINTOMAS(FECHA_INICIO, ID_SINTOMA, ID_PERSONA, ID_FICHA_MEDICA) VALUES
                            (TO_DATE('2020-05-06','YYYY-MM-DD'), 8, '00636', 636);
INSERT INTO EX.SINTOMAS(FECHA_INICIO, ID_SINTOMA, ID_PERSONA, ID_FICHA_MEDICA) VALUES
                            (TO_DATE('2020-03-10','YYYY-MM-DD'), 9, '00636', 636);
INSERT INTO EX.SINTOMAS(FECHA_INICIO, ID_SINTOMA, ID_PERSONA, ID_FICHA_MEDICA) VALUES
                            (TO_DATE('2020-01-23','YYYY-MM-DD'), 10, '00636', 636);
INSERT INTO EX.SINTOMAS(FECHA_INICIO, ID_SINTOMA, ID_PERSONA, ID_FICHA_MEDICA) VALUES
                            (TO_DATE('2020-05-24','YYYY-MM-DD'), 11, '00636', 636);
INSERT INTO EX.SINTOMAS(FECHA_INICIO, ID_SINTOMA, ID_PERSONA, ID_FICHA_MEDICA) VALUES
                            (TO_DATE('2020-01-23','YYYY-MM-DD'), 12, '00636', 636);
INSERT INTO EX.SINTOMAS(FECHA_INICIO, ID_SINTOMA, ID_PERSONA, ID_FICHA_MEDICA) VALUES
                            (TO_DATE('2020-06-20','YYYY-MM-DD'), 13, '00636', 636);
INSERT INTO EX.SINTOMAS(FECHA_INICIO, ID_SINTOMA, ID_PERSONA, ID_FICHA_MEDICA) VALUES
                            (TO_DATE('2020-05-05','YYYY-MM-DD'), 14, '00636', 636);
INSERT INTO EX.SINTOMAS(FECHA_INICIO, ID_SINTOMA, ID_PERSONA, ID_FICHA_MEDICA) VALUES
                            (TO_DATE('2020-06-20','YYYY-MM-DD'), 15, '00636', 636);
INSERT INTO EX.SINTOMAS(FECHA_INICIO, ID_SINTOMA, ID_PERSONA, ID_FICHA_MEDICA) VALUES
                            (TO_DATE('2020-05-20','YYYY-MM-DD'), 16, '00636', 636);
INSERT INTO EX.SINTOMAS(FECHA_INICIO, ID_SINTOMA, ID_PERSONA, ID_FICHA_MEDICA) VALUES
                            (TO_DATE('2020-02-13','YYYY-MM-DD'), 17, '00636', 636);
INSERT INTO EX.PERSONA(DOC_IDENTIDAD, NOMBRE, NOMBRE1, APELLIDO, APELLIDO1, FECHA_NAC, GENERO, FOTO) VALUES
                  ('00637', 'Tammy', 'Joshua', 'Thompson', 'Reyes', TO_DATE('1996-09-04','YYYY-MM-DD'), 'f', NULL);
INSERT INTO EX.HISTORICO_RESIDENCIA(FECHA_INICIO, ID_LUGAR, ID_PERSONA, FECHA_FIN) VALUES
                  (TO_DATE('1978-11-17','YYYY-MM-DD'), 30, '00637', NULL);
INSERT INTO EX.FICHA_MEDICA(ID, ID_PERSONA, ID_CENTRO_SALUD, ID_LUGAR, ESTADO, FECHA_INFECCION, FECHA_RECUPERACION) VALUES
                                             (637, '00637', 15, 30, 'desconido', NULL, NULL);
INSERT INTO EX.PADECIMIENTOS(ID_PATOLOGIA, ID_PERSONA, ID_FICHA_MEDICA) VALUES
                            (1, '00637', 637);
INSERT INTO EX.PADECIMIENTOS(ID_PATOLOGIA, ID_PERSONA, ID_FICHA_MEDICA) VALUES
                            (2, '00637', 637);
INSERT INTO EX.PADECIMIENTOS(ID_PATOLOGIA, ID_PERSONA, ID_FICHA_MEDICA) VALUES
                            (3, '00637', 637);
INSERT INTO EX.PADECIMIENTOS(ID_PATOLOGIA, ID_PERSONA, ID_FICHA_MEDICA) VALUES
                            (4, '00637', 637);
INSERT INTO EX.SINTOMAS(FECHA_INICIO, ID_SINTOMA, ID_PERSONA, ID_FICHA_MEDICA) VALUES
                            (TO_DATE('2020-05-28','YYYY-MM-DD'), 1, '00637', 637);
INSERT INTO EX.SINTOMAS(FECHA_INICIO, ID_SINTOMA, ID_PERSONA, ID_FICHA_MEDICA) VALUES
                            (TO_DATE('2020-05-14','YYYY-MM-DD'), 2, '00637', 637);
INSERT INTO EX.SINTOMAS(FECHA_INICIO, ID_SINTOMA, ID_PERSONA, ID_FICHA_MEDICA) VALUES
                            (TO_DATE('2020-04-09','YYYY-MM-DD'), 3, '00637', 637);
INSERT INTO EX.SINTOMAS(FECHA_INICIO, ID_SINTOMA, ID_PERSONA, ID_FICHA_MEDICA) VALUES
                            (TO_DATE('2020-04-15','YYYY-MM-DD'), 4, '00637', 637);
INSERT INTO EX.SINTOMAS(FECHA_INICIO, ID_SINTOMA, ID_PERSONA, ID_FICHA_MEDICA) VALUES
                            (TO_DATE('2020-04-06','YYYY-MM-DD'), 5, '00637', 637);
INSERT INTO EX.SINTOMAS(FECHA_INICIO, ID_SINTOMA, ID_PERSONA, ID_FICHA_MEDICA) VALUES
                            (TO_DATE('2020-03-02','YYYY-MM-DD'), 6, '00637', 637);
INSERT INTO EX.SINTOMAS(FECHA_INICIO, ID_SINTOMA, ID_PERSONA, ID_FICHA_MEDICA) VALUES
                            (TO_DATE('2020-04-25','YYYY-MM-DD'), 7, '00637', 637);
INSERT INTO EX.SINTOMAS(FECHA_INICIO, ID_SINTOMA, ID_PERSONA, ID_FICHA_MEDICA) VALUES
                            (TO_DATE('2020-01-25','YYYY-MM-DD'), 8, '00637', 637);
INSERT INTO EX.SINTOMAS(FECHA_INICIO, ID_SINTOMA, ID_PERSONA, ID_FICHA_MEDICA) VALUES
                            (TO_DATE('2020-02-21','YYYY-MM-DD'), 9, '00637', 637);
INSERT INTO EX.SINTOMAS(FECHA_INICIO, ID_SINTOMA, ID_PERSONA, ID_FICHA_MEDICA) VALUES
                            (TO_DATE('2020-02-21','YYYY-MM-DD'), 10, '00637', 637);
INSERT INTO EX.SINTOMAS(FECHA_INICIO, ID_SINTOMA, ID_PERSONA, ID_FICHA_MEDICA) VALUES
                            (TO_DATE('2020-03-19','YYYY-MM-DD'), 11, '00637', 637);
INSERT INTO EX.SINTOMAS(FECHA_INICIO, ID_SINTOMA, ID_PERSONA, ID_FICHA_MEDICA) VALUES
                            (TO_DATE('2020-05-23','YYYY-MM-DD'), 12, '00637', 637);
INSERT INTO EX.SINTOMAS(FECHA_INICIO, ID_SINTOMA, ID_PERSONA, ID_FICHA_MEDICA) VALUES
                            (TO_DATE('2020-06-03','YYYY-MM-DD'), 13, '00637', 637);
INSERT INTO EX.SINTOMAS(FECHA_INICIO, ID_SINTOMA, ID_PERSONA, ID_FICHA_MEDICA) VALUES
                            (TO_DATE('2020-04-27','YYYY-MM-DD'), 14, '00637', 637);
INSERT INTO EX.SINTOMAS(FECHA_INICIO, ID_SINTOMA, ID_PERSONA, ID_FICHA_MEDICA) VALUES
                            (TO_DATE('2020-04-09','YYYY-MM-DD'), 15, '00637', 637);
INSERT INTO EX.SINTOMAS(FECHA_INICIO, ID_SINTOMA, ID_PERSONA, ID_FICHA_MEDICA) VALUES
                            (TO_DATE('2020-05-18','YYYY-MM-DD'), 16, '00637', 637);
INSERT INTO EX.SINTOMAS(FECHA_INICIO, ID_SINTOMA, ID_PERSONA, ID_FICHA_MEDICA) VALUES
                            (TO_DATE('2020-04-11','YYYY-MM-DD'), 17, '00637', 637);
INSERT INTO EX.SINTOMAS(FECHA_INICIO, ID_SINTOMA, ID_PERSONA, ID_FICHA_MEDICA) VALUES
                            (TO_DATE('2020-05-15','YYYY-MM-DD'), 18, '00637', 637);
INSERT INTO EX.PERSONA(DOC_IDENTIDAD, NOMBRE, NOMBRE1, APELLIDO, APELLIDO1, FECHA_NAC, GENERO, FOTO) VALUES
                  ('00638', 'Kristen', 'Katrina', 'Johnson', 'Marks', TO_DATE('1977-07-17','YYYY-MM-DD'), 'm', NULL);
INSERT INTO EX.HISTORICO_RESIDENCIA(FECHA_INICIO, ID_LUGAR, ID_PERSONA, FECHA_FIN) VALUES
                  (TO_DATE('2013-02-11','YYYY-MM-DD'), 27, '00638', NULL);
INSERT INTO EX.FICHA_MEDICA(ID, ID_PERSONA, ID_CENTRO_SALUD, ID_LUGAR, ESTADO, FECHA_INFECCION, FECHA_RECUPERACION) VALUES
                                             (638, '00638', 12, 27, 'desconido', NULL, NULL);
INSERT INTO EX.PADECIMIENTOS(ID_PATOLOGIA, ID_PERSONA, ID_FICHA_MEDICA) VALUES
                            (1, '00638', 638);
INSERT INTO EX.PADECIMIENTOS(ID_PATOLOGIA, ID_PERSONA, ID_FICHA_MEDICA) VALUES
                            (2, '00638', 638);
INSERT INTO EX.PADECIMIENTOS(ID_PATOLOGIA, ID_PERSONA, ID_FICHA_MEDICA) VALUES
                            (3, '00638', 638);
INSERT INTO EX.PADECIMIENTOS(ID_PATOLOGIA, ID_PERSONA, ID_FICHA_MEDICA) VALUES
                            (4, '00638', 638);
INSERT INTO EX.PADECIMIENTOS(ID_PATOLOGIA, ID_PERSONA, ID_FICHA_MEDICA) VALUES
                            (5, '00638', 638);
INSERT INTO EX.PADECIMIENTOS(ID_PATOLOGIA, ID_PERSONA, ID_FICHA_MEDICA) VALUES
                            (6, '00638', 638);
INSERT INTO EX.PADECIMIENTOS(ID_PATOLOGIA, ID_PERSONA, ID_FICHA_MEDICA) VALUES
                            (7, '00638', 638);
INSERT INTO EX.PADECIMIENTOS(ID_PATOLOGIA, ID_PERSONA, ID_FICHA_MEDICA) VALUES
                            (8, '00638', 638);
INSERT INTO EX.PADECIMIENTOS(ID_PATOLOGIA, ID_PERSONA, ID_FICHA_MEDICA) VALUES
                            (9, '00638', 638);
INSERT INTO EX.PADECIMIENTOS(ID_PATOLOGIA, ID_PERSONA, ID_FICHA_MEDICA) VALUES
                            (10, '00638', 638);
INSERT INTO EX.SINTOMAS(FECHA_INICIO, ID_SINTOMA, ID_PERSONA, ID_FICHA_MEDICA) VALUES
                            (TO_DATE('2020-03-12','YYYY-MM-DD'), 1, '00638', 638);
INSERT INTO EX.SINTOMAS(FECHA_INICIO, ID_SINTOMA, ID_PERSONA, ID_FICHA_MEDICA) VALUES
                            (TO_DATE('2020-02-11','YYYY-MM-DD'), 2, '00638', 638);
INSERT INTO EX.SINTOMAS(FECHA_INICIO, ID_SINTOMA, ID_PERSONA, ID_FICHA_MEDICA) VALUES
                            (TO_DATE('2020-04-15','YYYY-MM-DD'), 3, '00638', 638);
INSERT INTO EX.SINTOMAS(FECHA_INICIO, ID_SINTOMA, ID_PERSONA, ID_FICHA_MEDICA) VALUES
                            (TO_DATE('2020-05-30','YYYY-MM-DD'), 4, '00638', 638);
INSERT INTO EX.SINTOMAS(FECHA_INICIO, ID_SINTOMA, ID_PERSONA, ID_FICHA_MEDICA) VALUES
                            (TO_DATE('2020-06-22','YYYY-MM-DD'), 5, '00638', 638);
INSERT INTO EX.SINTOMAS(FECHA_INICIO, ID_SINTOMA, ID_PERSONA, ID_FICHA_MEDICA) VALUES
                            (TO_DATE('2020-05-09','YYYY-MM-DD'), 6, '00638', 638);
INSERT INTO EX.SINTOMAS(FECHA_INICIO, ID_SINTOMA, ID_PERSONA, ID_FICHA_MEDICA) VALUES
                            (TO_DATE('2020-03-13','YYYY-MM-DD'), 7, '00638', 638);
INSERT INTO EX.SINTOMAS(FECHA_INICIO, ID_SINTOMA, ID_PERSONA, ID_FICHA_MEDICA) VALUES
                            (TO_DATE('2020-05-07','YYYY-MM-DD'), 8, '00638', 638);
INSERT INTO EX.SINTOMAS(FECHA_INICIO, ID_SINTOMA, ID_PERSONA, ID_FICHA_MEDICA) VALUES
                            (TO_DATE('2020-01-14','YYYY-MM-DD'), 9, '00638', 638);
INSERT INTO EX.PERSONA(DOC_IDENTIDAD, NOMBRE, NOMBRE1, APELLIDO, APELLIDO1, FECHA_NAC, GENERO, FOTO) VALUES
                  ('00639', 'Courtney', 'Kathleen', 'Gregory', 'Baker', TO_DATE('1987-08-01','YYYY-MM-DD'), 'f', NULL);
INSERT INTO EX.HISTORICO_RESIDENCIA(FECHA_INICIO, ID_LUGAR, ID_PERSONA, FECHA_FIN) VALUES
                  (TO_DATE('2014-09-07','YYYY-MM-DD'), 43, '00639', NULL);
INSERT INTO EX.FICHA_MEDICA(ID, ID_PERSONA, ID_CENTRO_SALUD, ID_LUGAR, ESTADO, FECHA_INFECCION, FECHA_RECUPERACION) VALUES
                                             (639, '00639', 28, 43, 'desconido', NULL, NULL);
INSERT INTO EX.SINTOMAS(FECHA_INICIO, ID_SINTOMA, ID_PERSONA, ID_FICHA_MEDICA) VALUES
                            (TO_DATE('2020-05-09','YYYY-MM-DD'), 1, '00639', 639);
INSERT INTO EX.SINTOMAS(FECHA_INICIO, ID_SINTOMA, ID_PERSONA, ID_FICHA_MEDICA) VALUES
                            (TO_DATE('2020-03-01','YYYY-MM-DD'), 2, '00639', 639);
INSERT INTO EX.SINTOMAS(FECHA_INICIO, ID_SINTOMA, ID_PERSONA, ID_FICHA_MEDICA) VALUES
                            (TO_DATE('2020-04-08','YYYY-MM-DD'), 3, '00639', 639);
INSERT INTO EX.SINTOMAS(FECHA_INICIO, ID_SINTOMA, ID_PERSONA, ID_FICHA_MEDICA) VALUES
                            (TO_DATE('2020-03-13','YYYY-MM-DD'), 4, '00639', 639);
INSERT INTO EX.SINTOMAS(FECHA_INICIO, ID_SINTOMA, ID_PERSONA, ID_FICHA_MEDICA) VALUES
                            (TO_DATE('2020-03-23','YYYY-MM-DD'), 5, '00639', 639);
INSERT INTO EX.SINTOMAS(FECHA_INICIO, ID_SINTOMA, ID_PERSONA, ID_FICHA_MEDICA) VALUES
                            (TO_DATE('2020-03-09','YYYY-MM-DD'), 6, '00639', 639);
INSERT INTO EX.SINTOMAS(FECHA_INICIO, ID_SINTOMA, ID_PERSONA, ID_FICHA_MEDICA) VALUES
                            (TO_DATE('2020-02-02','YYYY-MM-DD'), 7, '00639', 639);
INSERT INTO EX.SINTOMAS(FECHA_INICIO, ID_SINTOMA, ID_PERSONA, ID_FICHA_MEDICA) VALUES
                            (TO_DATE('2020-04-17','YYYY-MM-DD'), 8, '00639', 639);
INSERT INTO EX.SINTOMAS(FECHA_INICIO, ID_SINTOMA, ID_PERSONA, ID_FICHA_MEDICA) VALUES
                            (TO_DATE('2020-02-27','YYYY-MM-DD'), 9, '00639', 639);
INSERT INTO EX.SINTOMAS(FECHA_INICIO, ID_SINTOMA, ID_PERSONA, ID_FICHA_MEDICA) VALUES
                            (TO_DATE('2020-05-20','YYYY-MM-DD'), 10, '00639', 639);
INSERT INTO EX.SINTOMAS(FECHA_INICIO, ID_SINTOMA, ID_PERSONA, ID_FICHA_MEDICA) VALUES
                            (TO_DATE('2020-05-16','YYYY-MM-DD'), 11, '00639', 639);
INSERT INTO EX.SINTOMAS(FECHA_INICIO, ID_SINTOMA, ID_PERSONA, ID_FICHA_MEDICA) VALUES
                            (TO_DATE('2020-04-10','YYYY-MM-DD'), 12, '00639', 639);
INSERT INTO EX.SINTOMAS(FECHA_INICIO, ID_SINTOMA, ID_PERSONA, ID_FICHA_MEDICA) VALUES
                            (TO_DATE('2020-03-07','YYYY-MM-DD'), 13, '00639', 639);
INSERT INTO EX.SINTOMAS(FECHA_INICIO, ID_SINTOMA, ID_PERSONA, ID_FICHA_MEDICA) VALUES
                            (TO_DATE('2020-04-10','YYYY-MM-DD'), 14, '00639', 639);
INSERT INTO EX.SINTOMAS(FECHA_INICIO, ID_SINTOMA, ID_PERSONA, ID_FICHA_MEDICA) VALUES
                            (TO_DATE('2020-06-04','YYYY-MM-DD'), 15, '00639', 639);
INSERT INTO EX.SINTOMAS(FECHA_INICIO, ID_SINTOMA, ID_PERSONA, ID_FICHA_MEDICA) VALUES
                            (TO_DATE('2020-04-15','YYYY-MM-DD'), 16, '00639', 639);
INSERT INTO EX.SINTOMAS(FECHA_INICIO, ID_SINTOMA, ID_PERSONA, ID_FICHA_MEDICA) VALUES
                            (TO_DATE('2020-06-01','YYYY-MM-DD'), 17, '00639', 639);
INSERT INTO EX.SINTOMAS(FECHA_INICIO, ID_SINTOMA, ID_PERSONA, ID_FICHA_MEDICA) VALUES
                            (TO_DATE('2020-06-10','YYYY-MM-DD'), 18, '00639', 639);
INSERT INTO EX.PERSONA(DOC_IDENTIDAD, NOMBRE, NOMBRE1, APELLIDO, APELLIDO1, FECHA_NAC, GENERO, FOTO) VALUES
                  ('00640', 'Michael', 'Kathleen', 'Duncan', 'Small', TO_DATE('1995-04-21','YYYY-MM-DD'), 'm', NULL);
INSERT INTO EX.HISTORICO_RESIDENCIA(FECHA_INICIO, ID_LUGAR, ID_PERSONA, FECHA_FIN) VALUES
                  (TO_DATE('1972-05-01','YYYY-MM-DD'), 38, '00640', NULL);
INSERT INTO EX.FICHA_MEDICA(ID, ID_PERSONA, ID_CENTRO_SALUD, ID_LUGAR, ESTADO, FECHA_INFECCION, FECHA_RECUPERACION) VALUES
                                             (640, '00640', 23, 38, 'desconido', NULL, NULL);
INSERT INTO EX.PERSONA(DOC_IDENTIDAD, NOMBRE, NOMBRE1, APELLIDO, APELLIDO1, FECHA_NAC, GENERO, FOTO) VALUES
                  ('00641', 'Justin', 'Manuel', 'Delgado', 'Johnson', TO_DATE('2004-07-25','YYYY-MM-DD'), 'f', NULL);
INSERT INTO EX.HISTORICO_RESIDENCIA(FECHA_INICIO, ID_LUGAR, ID_PERSONA, FECHA_FIN) VALUES
                  (TO_DATE('1973-01-28','YYYY-MM-DD'), 39, '00641', NULL);
INSERT INTO EX.FICHA_MEDICA(ID, ID_PERSONA, ID_CENTRO_SALUD, ID_LUGAR, ESTADO, FECHA_INFECCION, FECHA_RECUPERACION) VALUES
                                             (641, '00641', 24, 39, 'desconido', NULL, NULL);
INSERT INTO EX.PADECIMIENTOS(ID_PATOLOGIA, ID_PERSONA, ID_FICHA_MEDICA) VALUES
                            (1, '00641', 641);
INSERT INTO EX.PADECIMIENTOS(ID_PATOLOGIA, ID_PERSONA, ID_FICHA_MEDICA) VALUES
                            (2, '00641', 641);
INSERT INTO EX.PADECIMIENTOS(ID_PATOLOGIA, ID_PERSONA, ID_FICHA_MEDICA) VALUES
                            (3, '00641', 641);
INSERT INTO EX.PADECIMIENTOS(ID_PATOLOGIA, ID_PERSONA, ID_FICHA_MEDICA) VALUES
                            (4, '00641', 641);
INSERT INTO EX.PADECIMIENTOS(ID_PATOLOGIA, ID_PERSONA, ID_FICHA_MEDICA) VALUES
                            (5, '00641', 641);
INSERT INTO EX.PADECIMIENTOS(ID_PATOLOGIA, ID_PERSONA, ID_FICHA_MEDICA) VALUES
                            (6, '00641', 641);
INSERT INTO EX.PADECIMIENTOS(ID_PATOLOGIA, ID_PERSONA, ID_FICHA_MEDICA) VALUES
                            (7, '00641', 641);
INSERT INTO EX.PADECIMIENTOS(ID_PATOLOGIA, ID_PERSONA, ID_FICHA_MEDICA) VALUES
                            (8, '00641', 641);
INSERT INTO EX.PERSONA(DOC_IDENTIDAD, NOMBRE, NOMBRE1, APELLIDO, APELLIDO1, FECHA_NAC, GENERO, FOTO) VALUES
                  ('00642', 'Matthew', 'Joy', 'Lynch', 'Blackburn', TO_DATE('1996-09-01','YYYY-MM-DD'), 'm', NULL);
INSERT INTO EX.HISTORICO_RESIDENCIA(FECHA_INICIO, ID_LUGAR, ID_PERSONA, FECHA_FIN) VALUES
                  (TO_DATE('1995-07-26','YYYY-MM-DD'), 32, '00642', NULL);
INSERT INTO EX.FICHA_MEDICA(ID, ID_PERSONA, ID_CENTRO_SALUD, ID_LUGAR, ESTADO, FECHA_INFECCION, FECHA_RECUPERACION) VALUES
                                             (642, '00642', 17, 32, 'desconido', NULL, NULL);
INSERT INTO EX.PADECIMIENTOS(ID_PATOLOGIA, ID_PERSONA, ID_FICHA_MEDICA) VALUES
                            (1, '00642', 642);
INSERT INTO EX.SINTOMAS(FECHA_INICIO, ID_SINTOMA, ID_PERSONA, ID_FICHA_MEDICA) VALUES
                            (TO_DATE('2020-04-02','YYYY-MM-DD'), 1, '00642', 642);
INSERT INTO EX.SINTOMAS(FECHA_INICIO, ID_SINTOMA, ID_PERSONA, ID_FICHA_MEDICA) VALUES
                            (TO_DATE('2020-02-11','YYYY-MM-DD'), 2, '00642', 642);
INSERT INTO EX.SINTOMAS(FECHA_INICIO, ID_SINTOMA, ID_PERSONA, ID_FICHA_MEDICA) VALUES
                            (TO_DATE('2020-06-28','YYYY-MM-DD'), 3, '00642', 642);
INSERT INTO EX.SINTOMAS(FECHA_INICIO, ID_SINTOMA, ID_PERSONA, ID_FICHA_MEDICA) VALUES
                            (TO_DATE('2020-04-23','YYYY-MM-DD'), 4, '00642', 642);
INSERT INTO EX.SINTOMAS(FECHA_INICIO, ID_SINTOMA, ID_PERSONA, ID_FICHA_MEDICA) VALUES
                            (TO_DATE('2020-05-29','YYYY-MM-DD'), 5, '00642', 642);
INSERT INTO EX.SINTOMAS(FECHA_INICIO, ID_SINTOMA, ID_PERSONA, ID_FICHA_MEDICA) VALUES
                            (TO_DATE('2020-04-10','YYYY-MM-DD'), 6, '00642', 642);
INSERT INTO EX.SINTOMAS(FECHA_INICIO, ID_SINTOMA, ID_PERSONA, ID_FICHA_MEDICA) VALUES
                            (TO_DATE('2020-05-27','YYYY-MM-DD'), 7, '00642', 642);
INSERT INTO EX.SINTOMAS(FECHA_INICIO, ID_SINTOMA, ID_PERSONA, ID_FICHA_MEDICA) VALUES
                            (TO_DATE('2020-06-27','YYYY-MM-DD'), 8, '00642', 642);
INSERT INTO EX.SINTOMAS(FECHA_INICIO, ID_SINTOMA, ID_PERSONA, ID_FICHA_MEDICA) VALUES
                            (TO_DATE('2020-04-20','YYYY-MM-DD'), 9, '00642', 642);
INSERT INTO EX.SINTOMAS(FECHA_INICIO, ID_SINTOMA, ID_PERSONA, ID_FICHA_MEDICA) VALUES
                            (TO_DATE('2020-06-05','YYYY-MM-DD'), 10, '00642', 642);
INSERT INTO EX.SINTOMAS(FECHA_INICIO, ID_SINTOMA, ID_PERSONA, ID_FICHA_MEDICA) VALUES
                            (TO_DATE('2020-04-20','YYYY-MM-DD'), 11, '00642', 642);
INSERT INTO EX.SINTOMAS(FECHA_INICIO, ID_SINTOMA, ID_PERSONA, ID_FICHA_MEDICA) VALUES
                            (TO_DATE('2020-06-24','YYYY-MM-DD'), 12, '00642', 642);
INSERT INTO EX.PERSONA(DOC_IDENTIDAD, NOMBRE, NOMBRE1, APELLIDO, APELLIDO1, FECHA_NAC, GENERO, FOTO) VALUES
                  ('00643', 'John', 'Don', 'Thompson', 'Chapman', TO_DATE('1994-11-08','YYYY-MM-DD'), 'f', NULL);
INSERT INTO EX.HISTORICO_RESIDENCIA(FECHA_INICIO, ID_LUGAR, ID_PERSONA, FECHA_FIN) VALUES
                  (TO_DATE('1978-06-28','YYYY-MM-DD'), 19, '00643', NULL);
INSERT INTO EX.FICHA_MEDICA(ID, ID_PERSONA, ID_CENTRO_SALUD, ID_LUGAR, ESTADO, FECHA_INFECCION, FECHA_RECUPERACION) VALUES
                                             (643, '00643', 4, 19, 'desconido', NULL, NULL);
INSERT INTO EX.PERSONA(DOC_IDENTIDAD, NOMBRE, NOMBRE1, APELLIDO, APELLIDO1, FECHA_NAC, GENERO, FOTO) VALUES
                  ('00644', 'Chase', 'James', 'Vasquez', 'Morris', TO_DATE('1980-11-04','YYYY-MM-DD'), 'm', NULL);
INSERT INTO EX.HISTORICO_RESIDENCIA(FECHA_INICIO, ID_LUGAR, ID_PERSONA, FECHA_FIN) VALUES
                  (TO_DATE('1970-08-16','YYYY-MM-DD'), 34, '00644', NULL);
INSERT INTO EX.FICHA_MEDICA(ID, ID_PERSONA, ID_CENTRO_SALUD, ID_LUGAR, ESTADO, FECHA_INFECCION, FECHA_RECUPERACION) VALUES
                                             (644, '00644', 19, 34, 'desconido', NULL, NULL);
INSERT INTO EX.PADECIMIENTOS(ID_PATOLOGIA, ID_PERSONA, ID_FICHA_MEDICA) VALUES
                            (1, '00644', 644);
INSERT INTO EX.PADECIMIENTOS(ID_PATOLOGIA, ID_PERSONA, ID_FICHA_MEDICA) VALUES
                            (2, '00644', 644);
INSERT INTO EX.PADECIMIENTOS(ID_PATOLOGIA, ID_PERSONA, ID_FICHA_MEDICA) VALUES
                            (3, '00644', 644);
INSERT INTO EX.PADECIMIENTOS(ID_PATOLOGIA, ID_PERSONA, ID_FICHA_MEDICA) VALUES
                            (4, '00644', 644);
INSERT INTO EX.PADECIMIENTOS(ID_PATOLOGIA, ID_PERSONA, ID_FICHA_MEDICA) VALUES
                            (5, '00644', 644);
INSERT INTO EX.PADECIMIENTOS(ID_PATOLOGIA, ID_PERSONA, ID_FICHA_MEDICA) VALUES
                            (6, '00644', 644);
INSERT INTO EX.PADECIMIENTOS(ID_PATOLOGIA, ID_PERSONA, ID_FICHA_MEDICA) VALUES
                            (7, '00644', 644);
INSERT INTO EX.PADECIMIENTOS(ID_PATOLOGIA, ID_PERSONA, ID_FICHA_MEDICA) VALUES
                            (8, '00644', 644);
INSERT INTO EX.PADECIMIENTOS(ID_PATOLOGIA, ID_PERSONA, ID_FICHA_MEDICA) VALUES
                            (9, '00644', 644);
INSERT INTO EX.PADECIMIENTOS(ID_PATOLOGIA, ID_PERSONA, ID_FICHA_MEDICA) VALUES
                            (10, '00644', 644);
INSERT INTO EX.PADECIMIENTOS(ID_PATOLOGIA, ID_PERSONA, ID_FICHA_MEDICA) VALUES
                            (11, '00644', 644);
INSERT INTO EX.PADECIMIENTOS(ID_PATOLOGIA, ID_PERSONA, ID_FICHA_MEDICA) VALUES
                            (12, '00644', 644);
INSERT INTO EX.PERSONA(DOC_IDENTIDAD, NOMBRE, NOMBRE1, APELLIDO, APELLIDO1, FECHA_NAC, GENERO, FOTO) VALUES
                  ('00645', 'Kelli', 'Adrienne', 'Robertson', 'Williams', TO_DATE('1992-10-31','YYYY-MM-DD'), 'f', NULL);
INSERT INTO EX.HISTORICO_RESIDENCIA(FECHA_INICIO, ID_LUGAR, ID_PERSONA, FECHA_FIN) VALUES
                  (TO_DATE('2005-10-05','YYYY-MM-DD'), 25, '00645', NULL);
INSERT INTO EX.FICHA_MEDICA(ID, ID_PERSONA, ID_CENTRO_SALUD, ID_LUGAR, ESTADO, FECHA_INFECCION, FECHA_RECUPERACION) VALUES
                                             (645, '00645', 10, 25, 'desconido', NULL, NULL);
INSERT INTO EX.SINTOMAS(FECHA_INICIO, ID_SINTOMA, ID_PERSONA, ID_FICHA_MEDICA) VALUES
                            (TO_DATE('2020-01-24','YYYY-MM-DD'), 1, '00645', 645);
INSERT INTO EX.SINTOMAS(FECHA_INICIO, ID_SINTOMA, ID_PERSONA, ID_FICHA_MEDICA) VALUES
                            (TO_DATE('2020-06-15','YYYY-MM-DD'), 2, '00645', 645);
INSERT INTO EX.SINTOMAS(FECHA_INICIO, ID_SINTOMA, ID_PERSONA, ID_FICHA_MEDICA) VALUES
                            (TO_DATE('2020-02-07','YYYY-MM-DD'), 3, '00645', 645);
INSERT INTO EX.SINTOMAS(FECHA_INICIO, ID_SINTOMA, ID_PERSONA, ID_FICHA_MEDICA) VALUES
                            (TO_DATE('2020-02-01','YYYY-MM-DD'), 4, '00645', 645);
INSERT INTO EX.SINTOMAS(FECHA_INICIO, ID_SINTOMA, ID_PERSONA, ID_FICHA_MEDICA) VALUES
                            (TO_DATE('2020-05-01','YYYY-MM-DD'), 5, '00645', 645);
INSERT INTO EX.SINTOMAS(FECHA_INICIO, ID_SINTOMA, ID_PERSONA, ID_FICHA_MEDICA) VALUES
                            (TO_DATE('2020-02-25','YYYY-MM-DD'), 6, '00645', 645);
INSERT INTO EX.SINTOMAS(FECHA_INICIO, ID_SINTOMA, ID_PERSONA, ID_FICHA_MEDICA) VALUES
                            (TO_DATE('2020-01-17','YYYY-MM-DD'), 7, '00645', 645);
INSERT INTO EX.SINTOMAS(FECHA_INICIO, ID_SINTOMA, ID_PERSONA, ID_FICHA_MEDICA) VALUES
                            (TO_DATE('2020-04-21','YYYY-MM-DD'), 8, '00645', 645);
INSERT INTO EX.SINTOMAS(FECHA_INICIO, ID_SINTOMA, ID_PERSONA, ID_FICHA_MEDICA) VALUES
                            (TO_DATE('2020-05-17','YYYY-MM-DD'), 9, '00645', 645);
INSERT INTO EX.SINTOMAS(FECHA_INICIO, ID_SINTOMA, ID_PERSONA, ID_FICHA_MEDICA) VALUES
                            (TO_DATE('2020-03-06','YYYY-MM-DD'), 10, '00645', 645);
INSERT INTO EX.SINTOMAS(FECHA_INICIO, ID_SINTOMA, ID_PERSONA, ID_FICHA_MEDICA) VALUES
                            (TO_DATE('2020-02-29','YYYY-MM-DD'), 11, '00645', 645);
INSERT INTO EX.SINTOMAS(FECHA_INICIO, ID_SINTOMA, ID_PERSONA, ID_FICHA_MEDICA) VALUES
                            (TO_DATE('2020-01-05','YYYY-MM-DD'), 12, '00645', 645);
INSERT INTO EX.SINTOMAS(FECHA_INICIO, ID_SINTOMA, ID_PERSONA, ID_FICHA_MEDICA) VALUES
                            (TO_DATE('2020-03-03','YYYY-MM-DD'), 13, '00645', 645);
INSERT INTO EX.SINTOMAS(FECHA_INICIO, ID_SINTOMA, ID_PERSONA, ID_FICHA_MEDICA) VALUES
                            (TO_DATE('2020-02-16','YYYY-MM-DD'), 14, '00645', 645);
INSERT INTO EX.SINTOMAS(FECHA_INICIO, ID_SINTOMA, ID_PERSONA, ID_FICHA_MEDICA) VALUES
                            (TO_DATE('2020-01-28','YYYY-MM-DD'), 15, '00645', 645);
INSERT INTO EX.SINTOMAS(FECHA_INICIO, ID_SINTOMA, ID_PERSONA, ID_FICHA_MEDICA) VALUES
                            (TO_DATE('2020-06-29','YYYY-MM-DD'), 16, '00645', 645);
INSERT INTO EX.SINTOMAS(FECHA_INICIO, ID_SINTOMA, ID_PERSONA, ID_FICHA_MEDICA) VALUES
                            (TO_DATE('2020-06-14','YYYY-MM-DD'), 17, '00645', 645);
INSERT INTO EX.SINTOMAS(FECHA_INICIO, ID_SINTOMA, ID_PERSONA, ID_FICHA_MEDICA) VALUES
                            (TO_DATE('2020-06-01','YYYY-MM-DD'), 18, '00645', 645);
INSERT INTO EX.SINTOMAS(FECHA_INICIO, ID_SINTOMA, ID_PERSONA, ID_FICHA_MEDICA) VALUES
                            (TO_DATE('2020-02-22','YYYY-MM-DD'), 19, '00645', 645);
INSERT INTO EX.PERSONA(DOC_IDENTIDAD, NOMBRE, NOMBRE1, APELLIDO, APELLIDO1, FECHA_NAC, GENERO, FOTO) VALUES
                  ('00646', 'Michael', 'Amanda', 'Johnson', 'Baker', TO_DATE('1993-03-13','YYYY-MM-DD'), 'm', NULL);
INSERT INTO EX.HISTORICO_RESIDENCIA(FECHA_INICIO, ID_LUGAR, ID_PERSONA, FECHA_FIN) VALUES
                  (TO_DATE('2003-05-28','YYYY-MM-DD'), 26, '00646', NULL);
INSERT INTO EX.FICHA_MEDICA(ID, ID_PERSONA, ID_CENTRO_SALUD, ID_LUGAR, ESTADO, FECHA_INFECCION, FECHA_RECUPERACION) VALUES
                                             (646, '00646', 11, 26, 'desconido', NULL, NULL);
INSERT INTO EX.PADECIMIENTOS(ID_PATOLOGIA, ID_PERSONA, ID_FICHA_MEDICA) VALUES
                            (1, '00646', 646);
INSERT INTO EX.PADECIMIENTOS(ID_PATOLOGIA, ID_PERSONA, ID_FICHA_MEDICA) VALUES
                            (2, '00646', 646);
INSERT INTO EX.PADECIMIENTOS(ID_PATOLOGIA, ID_PERSONA, ID_FICHA_MEDICA) VALUES
                            (3, '00646', 646);
INSERT INTO EX.PADECIMIENTOS(ID_PATOLOGIA, ID_PERSONA, ID_FICHA_MEDICA) VALUES
                            (4, '00646', 646);
INSERT INTO EX.PADECIMIENTOS(ID_PATOLOGIA, ID_PERSONA, ID_FICHA_MEDICA) VALUES
                            (5, '00646', 646);
INSERT INTO EX.PADECIMIENTOS(ID_PATOLOGIA, ID_PERSONA, ID_FICHA_MEDICA) VALUES
                            (6, '00646', 646);
INSERT INTO EX.PADECIMIENTOS(ID_PATOLOGIA, ID_PERSONA, ID_FICHA_MEDICA) VALUES
                            (7, '00646', 646);
INSERT INTO EX.SINTOMAS(FECHA_INICIO, ID_SINTOMA, ID_PERSONA, ID_FICHA_MEDICA) VALUES
                            (TO_DATE('2020-05-04','YYYY-MM-DD'), 1, '00646', 646);
INSERT INTO EX.PERSONA(DOC_IDENTIDAD, NOMBRE, NOMBRE1, APELLIDO, APELLIDO1, FECHA_NAC, GENERO, FOTO) VALUES
                  ('00647', 'Todd', 'Dustin', 'Kirby', 'Snyder', TO_DATE('2017-11-30','YYYY-MM-DD'), 'f', NULL);
INSERT INTO EX.HISTORICO_RESIDENCIA(FECHA_INICIO, ID_LUGAR, ID_PERSONA, FECHA_FIN) VALUES
                  (TO_DATE('1970-03-05','YYYY-MM-DD'), 34, '00647', NULL);
INSERT INTO EX.FICHA_MEDICA(ID, ID_PERSONA, ID_CENTRO_SALUD, ID_LUGAR, ESTADO, FECHA_INFECCION, FECHA_RECUPERACION) VALUES
                                             (647, '00647', 19, 34, 'desconido', NULL, NULL);
INSERT INTO EX.PERSONA(DOC_IDENTIDAD, NOMBRE, NOMBRE1, APELLIDO, APELLIDO1, FECHA_NAC, GENERO, FOTO) VALUES
                  ('00648', 'Carl', 'Nancy', 'Johnson', 'Hurst', TO_DATE('1975-04-09','YYYY-MM-DD'), 'm', NULL);
INSERT INTO EX.HISTORICO_RESIDENCIA(FECHA_INICIO, ID_LUGAR, ID_PERSONA, FECHA_FIN) VALUES
                  (TO_DATE('2014-09-10','YYYY-MM-DD'), 33, '00648', NULL);
INSERT INTO EX.FICHA_MEDICA(ID, ID_PERSONA, ID_CENTRO_SALUD, ID_LUGAR, ESTADO, FECHA_INFECCION, FECHA_RECUPERACION) VALUES
                                             (648, '00648', 18, 33, 'desconido', NULL, NULL);
INSERT INTO EX.PADECIMIENTOS(ID_PATOLOGIA, ID_PERSONA, ID_FICHA_MEDICA) VALUES
                            (1, '00648', 648);
INSERT INTO EX.PADECIMIENTOS(ID_PATOLOGIA, ID_PERSONA, ID_FICHA_MEDICA) VALUES
                            (2, '00648', 648);
INSERT INTO EX.PADECIMIENTOS(ID_PATOLOGIA, ID_PERSONA, ID_FICHA_MEDICA) VALUES
                            (3, '00648', 648);
INSERT INTO EX.PADECIMIENTOS(ID_PATOLOGIA, ID_PERSONA, ID_FICHA_MEDICA) VALUES
                            (4, '00648', 648);
INSERT INTO EX.SINTOMAS(FECHA_INICIO, ID_SINTOMA, ID_PERSONA, ID_FICHA_MEDICA) VALUES
                            (TO_DATE('2020-01-29','YYYY-MM-DD'), 1, '00648', 648);
INSERT INTO EX.SINTOMAS(FECHA_INICIO, ID_SINTOMA, ID_PERSONA, ID_FICHA_MEDICA) VALUES
                            (TO_DATE('2020-06-23','YYYY-MM-DD'), 2, '00648', 648);
INSERT INTO EX.SINTOMAS(FECHA_INICIO, ID_SINTOMA, ID_PERSONA, ID_FICHA_MEDICA) VALUES
                            (TO_DATE('2020-01-08','YYYY-MM-DD'), 3, '00648', 648);
INSERT INTO EX.SINTOMAS(FECHA_INICIO, ID_SINTOMA, ID_PERSONA, ID_FICHA_MEDICA) VALUES
                            (TO_DATE('2020-02-20','YYYY-MM-DD'), 4, '00648', 648);
INSERT INTO EX.SINTOMAS(FECHA_INICIO, ID_SINTOMA, ID_PERSONA, ID_FICHA_MEDICA) VALUES
                            (TO_DATE('2020-03-24','YYYY-MM-DD'), 5, '00648', 648);
INSERT INTO EX.SINTOMAS(FECHA_INICIO, ID_SINTOMA, ID_PERSONA, ID_FICHA_MEDICA) VALUES
                            (TO_DATE('2020-06-09','YYYY-MM-DD'), 6, '00648', 648);
INSERT INTO EX.SINTOMAS(FECHA_INICIO, ID_SINTOMA, ID_PERSONA, ID_FICHA_MEDICA) VALUES
                            (TO_DATE('2020-03-16','YYYY-MM-DD'), 7, '00648', 648);
INSERT INTO EX.SINTOMAS(FECHA_INICIO, ID_SINTOMA, ID_PERSONA, ID_FICHA_MEDICA) VALUES
                            (TO_DATE('2020-05-18','YYYY-MM-DD'), 8, '00648', 648);
INSERT INTO EX.SINTOMAS(FECHA_INICIO, ID_SINTOMA, ID_PERSONA, ID_FICHA_MEDICA) VALUES
                            (TO_DATE('2020-04-12','YYYY-MM-DD'), 9, '00648', 648);
INSERT INTO EX.SINTOMAS(FECHA_INICIO, ID_SINTOMA, ID_PERSONA, ID_FICHA_MEDICA) VALUES
                            (TO_DATE('2020-05-02','YYYY-MM-DD'), 10, '00648', 648);
INSERT INTO EX.SINTOMAS(FECHA_INICIO, ID_SINTOMA, ID_PERSONA, ID_FICHA_MEDICA) VALUES
                            (TO_DATE('2020-06-15','YYYY-MM-DD'), 11, '00648', 648);
INSERT INTO EX.SINTOMAS(FECHA_INICIO, ID_SINTOMA, ID_PERSONA, ID_FICHA_MEDICA) VALUES
                            (TO_DATE('2020-06-16','YYYY-MM-DD'), 12, '00648', 648);
INSERT INTO EX.SINTOMAS(FECHA_INICIO, ID_SINTOMA, ID_PERSONA, ID_FICHA_MEDICA) VALUES
                            (TO_DATE('2020-05-28','YYYY-MM-DD'), 13, '00648', 648);
INSERT INTO EX.SINTOMAS(FECHA_INICIO, ID_SINTOMA, ID_PERSONA, ID_FICHA_MEDICA) VALUES
                            (TO_DATE('2020-06-16','YYYY-MM-DD'), 14, '00648', 648);
INSERT INTO EX.SINTOMAS(FECHA_INICIO, ID_SINTOMA, ID_PERSONA, ID_FICHA_MEDICA) VALUES
                            (TO_DATE('2020-03-30','YYYY-MM-DD'), 15, '00648', 648);
INSERT INTO EX.SINTOMAS(FECHA_INICIO, ID_SINTOMA, ID_PERSONA, ID_FICHA_MEDICA) VALUES
                            (TO_DATE('2020-05-11','YYYY-MM-DD'), 16, '00648', 648);
INSERT INTO EX.PERSONA(DOC_IDENTIDAD, NOMBRE, NOMBRE1, APELLIDO, APELLIDO1, FECHA_NAC, GENERO, FOTO) VALUES
                  ('00649', 'Cynthia', 'Ronald', 'Rojas', 'Strong', TO_DATE('1999-07-05','YYYY-MM-DD'), 'f', NULL);
INSERT INTO EX.HISTORICO_RESIDENCIA(FECHA_INICIO, ID_LUGAR, ID_PERSONA, FECHA_FIN) VALUES
                  (TO_DATE('1991-05-30','YYYY-MM-DD'), 19, '00649', NULL);
INSERT INTO EX.FICHA_MEDICA(ID, ID_PERSONA, ID_CENTRO_SALUD, ID_LUGAR, ESTADO, FECHA_INFECCION, FECHA_RECUPERACION) VALUES
                                             (649, '00649', 4, 19, 'desconido', NULL, NULL);
INSERT INTO EX.PADECIMIENTOS(ID_PATOLOGIA, ID_PERSONA, ID_FICHA_MEDICA) VALUES
                            (1, '00649', 649);
INSERT INTO EX.PADECIMIENTOS(ID_PATOLOGIA, ID_PERSONA, ID_FICHA_MEDICA) VALUES
                            (2, '00649', 649);
INSERT INTO EX.PADECIMIENTOS(ID_PATOLOGIA, ID_PERSONA, ID_FICHA_MEDICA) VALUES
                            (3, '00649', 649);
INSERT INTO EX.PADECIMIENTOS(ID_PATOLOGIA, ID_PERSONA, ID_FICHA_MEDICA) VALUES
                            (4, '00649', 649);
INSERT INTO EX.PADECIMIENTOS(ID_PATOLOGIA, ID_PERSONA, ID_FICHA_MEDICA) VALUES
                            (5, '00649', 649);
INSERT INTO EX.PADECIMIENTOS(ID_PATOLOGIA, ID_PERSONA, ID_FICHA_MEDICA) VALUES
                            (6, '00649', 649);
INSERT INTO EX.PADECIMIENTOS(ID_PATOLOGIA, ID_PERSONA, ID_FICHA_MEDICA) VALUES
                            (7, '00649', 649);
INSERT INTO EX.PADECIMIENTOS(ID_PATOLOGIA, ID_PERSONA, ID_FICHA_MEDICA) VALUES
                            (8, '00649', 649);
INSERT INTO EX.PADECIMIENTOS(ID_PATOLOGIA, ID_PERSONA, ID_FICHA_MEDICA) VALUES
                            (9, '00649', 649);
INSERT INTO EX.PADECIMIENTOS(ID_PATOLOGIA, ID_PERSONA, ID_FICHA_MEDICA) VALUES
                            (10, '00649', 649);
INSERT INTO EX.PADECIMIENTOS(ID_PATOLOGIA, ID_PERSONA, ID_FICHA_MEDICA) VALUES
                            (11, '00649', 649);
INSERT INTO EX.PADECIMIENTOS(ID_PATOLOGIA, ID_PERSONA, ID_FICHA_MEDICA) VALUES
                            (12, '00649', 649);
INSERT INTO EX.PADECIMIENTOS(ID_PATOLOGIA, ID_PERSONA, ID_FICHA_MEDICA) VALUES
                            (13, '00649', 649);
INSERT INTO EX.PADECIMIENTOS(ID_PATOLOGIA, ID_PERSONA, ID_FICHA_MEDICA) VALUES
                            (14, '00649', 649);
INSERT INTO EX.PADECIMIENTOS(ID_PATOLOGIA, ID_PERSONA, ID_FICHA_MEDICA) VALUES
                            (15, '00649', 649);
INSERT INTO EX.PERSONA(DOC_IDENTIDAD, NOMBRE, NOMBRE1, APELLIDO, APELLIDO1, FECHA_NAC, GENERO, FOTO) VALUES
                  ('00650', 'Patricia', 'Elizabeth', 'Harris', 'Rose', TO_DATE('1976-12-15','YYYY-MM-DD'), 'm', NULL);
INSERT INTO EX.HISTORICO_RESIDENCIA(FECHA_INICIO, ID_LUGAR, ID_PERSONA, FECHA_FIN) VALUES
                  (TO_DATE('1986-03-28','YYYY-MM-DD'), 29, '00650', NULL);
INSERT INTO EX.FICHA_MEDICA(ID, ID_PERSONA, ID_CENTRO_SALUD, ID_LUGAR, ESTADO, FECHA_INFECCION, FECHA_RECUPERACION) VALUES
                                             (650, '00650', 14, 29, 'desconido', NULL, NULL);
INSERT INTO EX.PADECIMIENTOS(ID_PATOLOGIA, ID_PERSONA, ID_FICHA_MEDICA) VALUES
                            (1, '00650', 650);
INSERT INTO EX.PADECIMIENTOS(ID_PATOLOGIA, ID_PERSONA, ID_FICHA_MEDICA) VALUES
                            (2, '00650', 650);
INSERT INTO EX.PADECIMIENTOS(ID_PATOLOGIA, ID_PERSONA, ID_FICHA_MEDICA) VALUES
                            (3, '00650', 650);
INSERT INTO EX.PADECIMIENTOS(ID_PATOLOGIA, ID_PERSONA, ID_FICHA_MEDICA) VALUES
                            (4, '00650', 650);
INSERT INTO EX.PADECIMIENTOS(ID_PATOLOGIA, ID_PERSONA, ID_FICHA_MEDICA) VALUES
                            (5, '00650', 650);
INSERT INTO EX.PADECIMIENTOS(ID_PATOLOGIA, ID_PERSONA, ID_FICHA_MEDICA) VALUES
                            (6, '00650', 650);
INSERT INTO EX.PADECIMIENTOS(ID_PATOLOGIA, ID_PERSONA, ID_FICHA_MEDICA) VALUES
                            (7, '00650', 650);
INSERT INTO EX.PADECIMIENTOS(ID_PATOLOGIA, ID_PERSONA, ID_FICHA_MEDICA) VALUES
                            (8, '00650', 650);
INSERT INTO EX.PADECIMIENTOS(ID_PATOLOGIA, ID_PERSONA, ID_FICHA_MEDICA) VALUES
                            (9, '00650', 650);
INSERT INTO EX.PADECIMIENTOS(ID_PATOLOGIA, ID_PERSONA, ID_FICHA_MEDICA) VALUES
                            (10, '00650', 650);
INSERT INTO EX.SINTOMAS(FECHA_INICIO, ID_SINTOMA, ID_PERSONA, ID_FICHA_MEDICA) VALUES
                            (TO_DATE('2020-05-26','YYYY-MM-DD'), 1, '00650', 650);
INSERT INTO EX.SINTOMAS(FECHA_INICIO, ID_SINTOMA, ID_PERSONA, ID_FICHA_MEDICA) VALUES
                            (TO_DATE('2020-05-24','YYYY-MM-DD'), 2, '00650', 650);
INSERT INTO EX.SINTOMAS(FECHA_INICIO, ID_SINTOMA, ID_PERSONA, ID_FICHA_MEDICA) VALUES
                            (TO_DATE('2020-04-06','YYYY-MM-DD'), 3, '00650', 650);
INSERT INTO EX.SINTOMAS(FECHA_INICIO, ID_SINTOMA, ID_PERSONA, ID_FICHA_MEDICA) VALUES
                            (TO_DATE('2020-04-05','YYYY-MM-DD'), 4, '00650', 650);
INSERT INTO EX.SINTOMAS(FECHA_INICIO, ID_SINTOMA, ID_PERSONA, ID_FICHA_MEDICA) VALUES
                            (TO_DATE('2020-01-25','YYYY-MM-DD'), 5, '00650', 650);
INSERT INTO EX.SINTOMAS(FECHA_INICIO, ID_SINTOMA, ID_PERSONA, ID_FICHA_MEDICA) VALUES
                            (TO_DATE('2020-01-30','YYYY-MM-DD'), 6, '00650', 650);
INSERT INTO EX.SINTOMAS(FECHA_INICIO, ID_SINTOMA, ID_PERSONA, ID_FICHA_MEDICA) VALUES
                            (TO_DATE('2020-06-04','YYYY-MM-DD'), 7, '00650', 650);
INSERT INTO EX.SINTOMAS(FECHA_INICIO, ID_SINTOMA, ID_PERSONA, ID_FICHA_MEDICA) VALUES
                            (TO_DATE('2020-03-02','YYYY-MM-DD'), 8, '00650', 650);
INSERT INTO EX.SINTOMAS(FECHA_INICIO, ID_SINTOMA, ID_PERSONA, ID_FICHA_MEDICA) VALUES
                            (TO_DATE('2020-03-30','YYYY-MM-DD'), 9, '00650', 650);
INSERT INTO EX.SINTOMAS(FECHA_INICIO, ID_SINTOMA, ID_PERSONA, ID_FICHA_MEDICA) VALUES
                            (TO_DATE('2020-06-24','YYYY-MM-DD'), 10, '00650', 650);
INSERT INTO EX.SINTOMAS(FECHA_INICIO, ID_SINTOMA, ID_PERSONA, ID_FICHA_MEDICA) VALUES
                            (TO_DATE('2020-03-16','YYYY-MM-DD'), 11, '00650', 650);
INSERT INTO EX.SINTOMAS(FECHA_INICIO, ID_SINTOMA, ID_PERSONA, ID_FICHA_MEDICA) VALUES
                            (TO_DATE('2020-06-20','YYYY-MM-DD'), 12, '00650', 650);
INSERT INTO EX.SINTOMAS(FECHA_INICIO, ID_SINTOMA, ID_PERSONA, ID_FICHA_MEDICA) VALUES
                            (TO_DATE('2020-04-22','YYYY-MM-DD'), 13, '00650', 650);
INSERT INTO EX.SINTOMAS(FECHA_INICIO, ID_SINTOMA, ID_PERSONA, ID_FICHA_MEDICA) VALUES
                            (TO_DATE('2020-03-10','YYYY-MM-DD'), 14, '00650', 650);
INSERT INTO EX.SINTOMAS(FECHA_INICIO, ID_SINTOMA, ID_PERSONA, ID_FICHA_MEDICA) VALUES
                            (TO_DATE('2020-01-30','YYYY-MM-DD'), 15, '00650', 650);
INSERT INTO EX.SINTOMAS(FECHA_INICIO, ID_SINTOMA, ID_PERSONA, ID_FICHA_MEDICA) VALUES
                            (TO_DATE('2020-05-11','YYYY-MM-DD'), 16, '00650', 650);
INSERT INTO EX.SINTOMAS(FECHA_INICIO, ID_SINTOMA, ID_PERSONA, ID_FICHA_MEDICA) VALUES
                            (TO_DATE('2020-02-25','YYYY-MM-DD'), 17, '00650', 650);
INSERT INTO EX.SINTOMAS(FECHA_INICIO, ID_SINTOMA, ID_PERSONA, ID_FICHA_MEDICA) VALUES
                            (TO_DATE('2020-04-09','YYYY-MM-DD'), 18, '00650', 650);
INSERT INTO EX.PERSONA(DOC_IDENTIDAD, NOMBRE, NOMBRE1, APELLIDO, APELLIDO1, FECHA_NAC, GENERO, FOTO) VALUES
                  ('00651', 'John', 'Marcus', 'Shields', 'Velazquez', TO_DATE('1980-11-25','YYYY-MM-DD'), 'f', NULL);
INSERT INTO EX.HISTORICO_RESIDENCIA(FECHA_INICIO, ID_LUGAR, ID_PERSONA, FECHA_FIN) VALUES
                  (TO_DATE('2011-01-01','YYYY-MM-DD'), 43, '00651', NULL);
INSERT INTO EX.FICHA_MEDICA(ID, ID_PERSONA, ID_CENTRO_SALUD, ID_LUGAR, ESTADO, FECHA_INFECCION, FECHA_RECUPERACION) VALUES
                                             (651, '00651', 28, 43, 'desconido', NULL, NULL);
INSERT INTO EX.SINTOMAS(FECHA_INICIO, ID_SINTOMA, ID_PERSONA, ID_FICHA_MEDICA) VALUES
                            (TO_DATE('2020-02-21','YYYY-MM-DD'), 1, '00651', 651);
INSERT INTO EX.SINTOMAS(FECHA_INICIO, ID_SINTOMA, ID_PERSONA, ID_FICHA_MEDICA) VALUES
                            (TO_DATE('2020-03-15','YYYY-MM-DD'), 2, '00651', 651);
INSERT INTO EX.SINTOMAS(FECHA_INICIO, ID_SINTOMA, ID_PERSONA, ID_FICHA_MEDICA) VALUES
                            (TO_DATE('2020-05-24','YYYY-MM-DD'), 3, '00651', 651);
INSERT INTO EX.SINTOMAS(FECHA_INICIO, ID_SINTOMA, ID_PERSONA, ID_FICHA_MEDICA) VALUES
                            (TO_DATE('2020-02-09','YYYY-MM-DD'), 4, '00651', 651);
INSERT INTO EX.SINTOMAS(FECHA_INICIO, ID_SINTOMA, ID_PERSONA, ID_FICHA_MEDICA) VALUES
                            (TO_DATE('2020-06-17','YYYY-MM-DD'), 5, '00651', 651);
INSERT INTO EX.SINTOMAS(FECHA_INICIO, ID_SINTOMA, ID_PERSONA, ID_FICHA_MEDICA) VALUES
                            (TO_DATE('2020-05-16','YYYY-MM-DD'), 6, '00651', 651);
INSERT INTO EX.SINTOMAS(FECHA_INICIO, ID_SINTOMA, ID_PERSONA, ID_FICHA_MEDICA) VALUES
                            (TO_DATE('2020-05-23','YYYY-MM-DD'), 7, '00651', 651);
INSERT INTO EX.SINTOMAS(FECHA_INICIO, ID_SINTOMA, ID_PERSONA, ID_FICHA_MEDICA) VALUES
                            (TO_DATE('2020-05-27','YYYY-MM-DD'), 8, '00651', 651);
INSERT INTO EX.SINTOMAS(FECHA_INICIO, ID_SINTOMA, ID_PERSONA, ID_FICHA_MEDICA) VALUES
                            (TO_DATE('2020-02-18','YYYY-MM-DD'), 9, '00651', 651);
INSERT INTO EX.SINTOMAS(FECHA_INICIO, ID_SINTOMA, ID_PERSONA, ID_FICHA_MEDICA) VALUES
                            (TO_DATE('2020-06-10','YYYY-MM-DD'), 10, '00651', 651);
INSERT INTO EX.SINTOMAS(FECHA_INICIO, ID_SINTOMA, ID_PERSONA, ID_FICHA_MEDICA) VALUES
                            (TO_DATE('2020-03-15','YYYY-MM-DD'), 11, '00651', 651);
INSERT INTO EX.SINTOMAS(FECHA_INICIO, ID_SINTOMA, ID_PERSONA, ID_FICHA_MEDICA) VALUES
                            (TO_DATE('2020-01-29','YYYY-MM-DD'), 12, '00651', 651);
INSERT INTO EX.PERSONA(DOC_IDENTIDAD, NOMBRE, NOMBRE1, APELLIDO, APELLIDO1, FECHA_NAC, GENERO, FOTO) VALUES
                  ('00652', 'Geoffrey', 'Anna', 'Holmes', 'Townsend', TO_DATE('1997-01-21','YYYY-MM-DD'), 'm', NULL);
INSERT INTO EX.HISTORICO_RESIDENCIA(FECHA_INICIO, ID_LUGAR, ID_PERSONA, FECHA_FIN) VALUES
                  (TO_DATE('2002-08-07','YYYY-MM-DD'), 41, '00652', NULL);
INSERT INTO EX.FICHA_MEDICA(ID, ID_PERSONA, ID_CENTRO_SALUD, ID_LUGAR, ESTADO, FECHA_INFECCION, FECHA_RECUPERACION) VALUES
                                             (652, '00652', 26, 41, 'desconido', NULL, NULL);
INSERT INTO EX.SINTOMAS(FECHA_INICIO, ID_SINTOMA, ID_PERSONA, ID_FICHA_MEDICA) VALUES
                            (TO_DATE('2020-05-19','YYYY-MM-DD'), 1, '00652', 652);
INSERT INTO EX.SINTOMAS(FECHA_INICIO, ID_SINTOMA, ID_PERSONA, ID_FICHA_MEDICA) VALUES
                            (TO_DATE('2020-01-05','YYYY-MM-DD'), 2, '00652', 652);
INSERT INTO EX.SINTOMAS(FECHA_INICIO, ID_SINTOMA, ID_PERSONA, ID_FICHA_MEDICA) VALUES
                            (TO_DATE('2020-04-23','YYYY-MM-DD'), 3, '00652', 652);
INSERT INTO EX.SINTOMAS(FECHA_INICIO, ID_SINTOMA, ID_PERSONA, ID_FICHA_MEDICA) VALUES
                            (TO_DATE('2020-02-16','YYYY-MM-DD'), 4, '00652', 652);
INSERT INTO EX.SINTOMAS(FECHA_INICIO, ID_SINTOMA, ID_PERSONA, ID_FICHA_MEDICA) VALUES
                            (TO_DATE('2020-05-08','YYYY-MM-DD'), 5, '00652', 652);
INSERT INTO EX.SINTOMAS(FECHA_INICIO, ID_SINTOMA, ID_PERSONA, ID_FICHA_MEDICA) VALUES
                            (TO_DATE('2020-04-06','YYYY-MM-DD'), 6, '00652', 652);
INSERT INTO EX.SINTOMAS(FECHA_INICIO, ID_SINTOMA, ID_PERSONA, ID_FICHA_MEDICA) VALUES
                            (TO_DATE('2020-05-10','YYYY-MM-DD'), 7, '00652', 652);
INSERT INTO EX.SINTOMAS(FECHA_INICIO, ID_SINTOMA, ID_PERSONA, ID_FICHA_MEDICA) VALUES
                            (TO_DATE('2020-01-16','YYYY-MM-DD'), 8, '00652', 652);
INSERT INTO EX.SINTOMAS(FECHA_INICIO, ID_SINTOMA, ID_PERSONA, ID_FICHA_MEDICA) VALUES
                            (TO_DATE('2020-05-06','YYYY-MM-DD'), 9, '00652', 652);
INSERT INTO EX.SINTOMAS(FECHA_INICIO, ID_SINTOMA, ID_PERSONA, ID_FICHA_MEDICA) VALUES
                            (TO_DATE('2020-04-12','YYYY-MM-DD'), 10, '00652', 652);
INSERT INTO EX.SINTOMAS(FECHA_INICIO, ID_SINTOMA, ID_PERSONA, ID_FICHA_MEDICA) VALUES
                            (TO_DATE('2020-01-21','YYYY-MM-DD'), 11, '00652', 652);
INSERT INTO EX.PERSONA(DOC_IDENTIDAD, NOMBRE, NOMBRE1, APELLIDO, APELLIDO1, FECHA_NAC, GENERO, FOTO) VALUES
                  ('00653', 'Gregory', 'Melissa', 'Contreras', 'Moses', TO_DATE('1995-10-07','YYYY-MM-DD'), 'f', NULL);
INSERT INTO EX.HISTORICO_RESIDENCIA(FECHA_INICIO, ID_LUGAR, ID_PERSONA, FECHA_FIN) VALUES
                  (TO_DATE('2002-11-08','YYYY-MM-DD'), 25, '00653', NULL);
INSERT INTO EX.FICHA_MEDICA(ID, ID_PERSONA, ID_CENTRO_SALUD, ID_LUGAR, ESTADO, FECHA_INFECCION, FECHA_RECUPERACION) VALUES
                                             (653, '00653', 10, 25, 'desconido', NULL, NULL);
INSERT INTO EX.PADECIMIENTOS(ID_PATOLOGIA, ID_PERSONA, ID_FICHA_MEDICA) VALUES
                            (1, '00653', 653);
INSERT INTO EX.PADECIMIENTOS(ID_PATOLOGIA, ID_PERSONA, ID_FICHA_MEDICA) VALUES
                            (2, '00653', 653);
INSERT INTO EX.PADECIMIENTOS(ID_PATOLOGIA, ID_PERSONA, ID_FICHA_MEDICA) VALUES
                            (3, '00653', 653);
INSERT INTO EX.PERSONA(DOC_IDENTIDAD, NOMBRE, NOMBRE1, APELLIDO, APELLIDO1, FECHA_NAC, GENERO, FOTO) VALUES
                  ('00654', 'Carla', 'Cynthia', 'Nelson', 'Patterson', TO_DATE('2020-06-07','YYYY-MM-DD'), 'm', NULL);
INSERT INTO EX.HISTORICO_RESIDENCIA(FECHA_INICIO, ID_LUGAR, ID_PERSONA, FECHA_FIN) VALUES
                  (TO_DATE('1988-01-28','YYYY-MM-DD'), 44, '00654', NULL);
INSERT INTO EX.FICHA_MEDICA(ID, ID_PERSONA, ID_CENTRO_SALUD, ID_LUGAR, ESTADO, FECHA_INFECCION, FECHA_RECUPERACION) VALUES
                                             (654, '00654', 29, 44, 'desconido', NULL, NULL);
INSERT INTO EX.PERSONA(DOC_IDENTIDAD, NOMBRE, NOMBRE1, APELLIDO, APELLIDO1, FECHA_NAC, GENERO, FOTO) VALUES
                  ('00655', 'David', 'Erica', 'Garrett', 'Brown', TO_DATE('1988-11-02','YYYY-MM-DD'), 'f', NULL);
INSERT INTO EX.HISTORICO_RESIDENCIA(FECHA_INICIO, ID_LUGAR, ID_PERSONA, FECHA_FIN) VALUES
                  (TO_DATE('1999-10-13','YYYY-MM-DD'), 23, '00655', NULL);
INSERT INTO EX.FICHA_MEDICA(ID, ID_PERSONA, ID_CENTRO_SALUD, ID_LUGAR, ESTADO, FECHA_INFECCION, FECHA_RECUPERACION) VALUES
                                             (655, '00655', 8, 23, 'desconido', NULL, NULL);
INSERT INTO EX.SINTOMAS(FECHA_INICIO, ID_SINTOMA, ID_PERSONA, ID_FICHA_MEDICA) VALUES
                            (TO_DATE('2020-05-11','YYYY-MM-DD'), 1, '00655', 655);
INSERT INTO EX.SINTOMAS(FECHA_INICIO, ID_SINTOMA, ID_PERSONA, ID_FICHA_MEDICA) VALUES
                            (TO_DATE('2020-03-02','YYYY-MM-DD'), 2, '00655', 655);
INSERT INTO EX.SINTOMAS(FECHA_INICIO, ID_SINTOMA, ID_PERSONA, ID_FICHA_MEDICA) VALUES
                            (TO_DATE('2020-04-14','YYYY-MM-DD'), 3, '00655', 655);
INSERT INTO EX.SINTOMAS(FECHA_INICIO, ID_SINTOMA, ID_PERSONA, ID_FICHA_MEDICA) VALUES
                            (TO_DATE('2020-03-23','YYYY-MM-DD'), 4, '00655', 655);
INSERT INTO EX.SINTOMAS(FECHA_INICIO, ID_SINTOMA, ID_PERSONA, ID_FICHA_MEDICA) VALUES
                            (TO_DATE('2020-05-30','YYYY-MM-DD'), 5, '00655', 655);
INSERT INTO EX.SINTOMAS(FECHA_INICIO, ID_SINTOMA, ID_PERSONA, ID_FICHA_MEDICA) VALUES
                            (TO_DATE('2020-03-01','YYYY-MM-DD'), 6, '00655', 655);
INSERT INTO EX.SINTOMAS(FECHA_INICIO, ID_SINTOMA, ID_PERSONA, ID_FICHA_MEDICA) VALUES
                            (TO_DATE('2020-04-17','YYYY-MM-DD'), 7, '00655', 655);
INSERT INTO EX.SINTOMAS(FECHA_INICIO, ID_SINTOMA, ID_PERSONA, ID_FICHA_MEDICA) VALUES
                            (TO_DATE('2020-05-12','YYYY-MM-DD'), 8, '00655', 655);
INSERT INTO EX.SINTOMAS(FECHA_INICIO, ID_SINTOMA, ID_PERSONA, ID_FICHA_MEDICA) VALUES
                            (TO_DATE('2020-01-30','YYYY-MM-DD'), 9, '00655', 655);
INSERT INTO EX.SINTOMAS(FECHA_INICIO, ID_SINTOMA, ID_PERSONA, ID_FICHA_MEDICA) VALUES
                            (TO_DATE('2020-01-22','YYYY-MM-DD'), 10, '00655', 655);
INSERT INTO EX.SINTOMAS(FECHA_INICIO, ID_SINTOMA, ID_PERSONA, ID_FICHA_MEDICA) VALUES
                            (TO_DATE('2020-05-26','YYYY-MM-DD'), 11, '00655', 655);
INSERT INTO EX.PERSONA(DOC_IDENTIDAD, NOMBRE, NOMBRE1, APELLIDO, APELLIDO1, FECHA_NAC, GENERO, FOTO) VALUES
                  ('00656', 'Andrew', 'Gregory', 'Hall', 'Williams', TO_DATE('2015-01-17','YYYY-MM-DD'), 'm', NULL);
INSERT INTO EX.HISTORICO_RESIDENCIA(FECHA_INICIO, ID_LUGAR, ID_PERSONA, FECHA_FIN) VALUES
                  (TO_DATE('1981-12-06','YYYY-MM-DD'), 29, '00656', NULL);
INSERT INTO EX.FICHA_MEDICA(ID, ID_PERSONA, ID_CENTRO_SALUD, ID_LUGAR, ESTADO, FECHA_INFECCION, FECHA_RECUPERACION) VALUES
                                             (656, '00656', 14, 29, 'desconido', NULL, NULL);
INSERT INTO EX.PERSONA(DOC_IDENTIDAD, NOMBRE, NOMBRE1, APELLIDO, APELLIDO1, FECHA_NAC, GENERO, FOTO) VALUES
                  ('00657', 'Mark', 'Barry', 'Brown', 'Galvan', TO_DATE('2016-05-07','YYYY-MM-DD'), 'f', NULL);
INSERT INTO EX.HISTORICO_RESIDENCIA(FECHA_INICIO, ID_LUGAR, ID_PERSONA, FECHA_FIN) VALUES
                  (TO_DATE('1982-08-04','YYYY-MM-DD'), 42, '00657', NULL);
INSERT INTO EX.FICHA_MEDICA(ID, ID_PERSONA, ID_CENTRO_SALUD, ID_LUGAR, ESTADO, FECHA_INFECCION, FECHA_RECUPERACION) VALUES
                                             (657, '00657', 27, 42, 'desconido', NULL, NULL);
INSERT INTO EX.PADECIMIENTOS(ID_PATOLOGIA, ID_PERSONA, ID_FICHA_MEDICA) VALUES
                            (1, '00657', 657);
INSERT INTO EX.PADECIMIENTOS(ID_PATOLOGIA, ID_PERSONA, ID_FICHA_MEDICA) VALUES
                            (2, '00657', 657);
INSERT INTO EX.PERSONA(DOC_IDENTIDAD, NOMBRE, NOMBRE1, APELLIDO, APELLIDO1, FECHA_NAC, GENERO, FOTO) VALUES
                  ('00658', 'Victoria', 'Robert', 'Wiley', 'Hicks', TO_DATE('1970-10-15','YYYY-MM-DD'), 'm', NULL);
INSERT INTO EX.HISTORICO_RESIDENCIA(FECHA_INICIO, ID_LUGAR, ID_PERSONA, FECHA_FIN) VALUES
                  (TO_DATE('1989-11-20','YYYY-MM-DD'), 25, '00658', NULL);
INSERT INTO EX.FICHA_MEDICA(ID, ID_PERSONA, ID_CENTRO_SALUD, ID_LUGAR, ESTADO, FECHA_INFECCION, FECHA_RECUPERACION) VALUES
                                             (658, '00658', 10, 25, 'desconido', NULL, NULL);
INSERT INTO EX.PADECIMIENTOS(ID_PATOLOGIA, ID_PERSONA, ID_FICHA_MEDICA) VALUES
                            (1, '00658', 658);
INSERT INTO EX.PADECIMIENTOS(ID_PATOLOGIA, ID_PERSONA, ID_FICHA_MEDICA) VALUES
                            (2, '00658', 658);
INSERT INTO EX.PADECIMIENTOS(ID_PATOLOGIA, ID_PERSONA, ID_FICHA_MEDICA) VALUES
                            (3, '00658', 658);
INSERT INTO EX.PADECIMIENTOS(ID_PATOLOGIA, ID_PERSONA, ID_FICHA_MEDICA) VALUES
                            (4, '00658', 658);
INSERT INTO EX.PADECIMIENTOS(ID_PATOLOGIA, ID_PERSONA, ID_FICHA_MEDICA) VALUES
                            (5, '00658', 658);
INSERT INTO EX.PADECIMIENTOS(ID_PATOLOGIA, ID_PERSONA, ID_FICHA_MEDICA) VALUES
                            (6, '00658', 658);
INSERT INTO EX.PADECIMIENTOS(ID_PATOLOGIA, ID_PERSONA, ID_FICHA_MEDICA) VALUES
                            (7, '00658', 658);
INSERT INTO EX.PADECIMIENTOS(ID_PATOLOGIA, ID_PERSONA, ID_FICHA_MEDICA) VALUES
                            (8, '00658', 658);
INSERT INTO EX.PADECIMIENTOS(ID_PATOLOGIA, ID_PERSONA, ID_FICHA_MEDICA) VALUES
                            (9, '00658', 658);
INSERT INTO EX.PADECIMIENTOS(ID_PATOLOGIA, ID_PERSONA, ID_FICHA_MEDICA) VALUES
                            (10, '00658', 658);
INSERT INTO EX.PADECIMIENTOS(ID_PATOLOGIA, ID_PERSONA, ID_FICHA_MEDICA) VALUES
                            (11, '00658', 658);
INSERT INTO EX.PADECIMIENTOS(ID_PATOLOGIA, ID_PERSONA, ID_FICHA_MEDICA) VALUES
                            (12, '00658', 658);
INSERT INTO EX.PADECIMIENTOS(ID_PATOLOGIA, ID_PERSONA, ID_FICHA_MEDICA) VALUES
                            (13, '00658', 658);
INSERT INTO EX.PADECIMIENTOS(ID_PATOLOGIA, ID_PERSONA, ID_FICHA_MEDICA) VALUES
                            (14, '00658', 658);
INSERT INTO EX.PADECIMIENTOS(ID_PATOLOGIA, ID_PERSONA, ID_FICHA_MEDICA) VALUES
                            (15, '00658', 658);
INSERT INTO EX.PERSONA(DOC_IDENTIDAD, NOMBRE, NOMBRE1, APELLIDO, APELLIDO1, FECHA_NAC, GENERO, FOTO) VALUES
                  ('00659', 'Larry', 'Theresa', 'Guzman', 'Wilson', TO_DATE('1981-05-15','YYYY-MM-DD'), 'f', NULL);
INSERT INTO EX.HISTORICO_RESIDENCIA(FECHA_INICIO, ID_LUGAR, ID_PERSONA, FECHA_FIN) VALUES
                  (TO_DATE('2013-11-14','YYYY-MM-DD'), 27, '00659', NULL);
INSERT INTO EX.FICHA_MEDICA(ID, ID_PERSONA, ID_CENTRO_SALUD, ID_LUGAR, ESTADO, FECHA_INFECCION, FECHA_RECUPERACION) VALUES
                                             (659, '00659', 12, 27, 'desconido', NULL, NULL);
INSERT INTO EX.PADECIMIENTOS(ID_PATOLOGIA, ID_PERSONA, ID_FICHA_MEDICA) VALUES
                            (1, '00659', 659);
INSERT INTO EX.PADECIMIENTOS(ID_PATOLOGIA, ID_PERSONA, ID_FICHA_MEDICA) VALUES
                            (2, '00659', 659);
INSERT INTO EX.PADECIMIENTOS(ID_PATOLOGIA, ID_PERSONA, ID_FICHA_MEDICA) VALUES
                            (3, '00659', 659);
INSERT INTO EX.PADECIMIENTOS(ID_PATOLOGIA, ID_PERSONA, ID_FICHA_MEDICA) VALUES
                            (4, '00659', 659);
INSERT INTO EX.PADECIMIENTOS(ID_PATOLOGIA, ID_PERSONA, ID_FICHA_MEDICA) VALUES
                            (5, '00659', 659);
INSERT INTO EX.PADECIMIENTOS(ID_PATOLOGIA, ID_PERSONA, ID_FICHA_MEDICA) VALUES
                            (6, '00659', 659);
INSERT INTO EX.PADECIMIENTOS(ID_PATOLOGIA, ID_PERSONA, ID_FICHA_MEDICA) VALUES
                            (7, '00659', 659);
INSERT INTO EX.PADECIMIENTOS(ID_PATOLOGIA, ID_PERSONA, ID_FICHA_MEDICA) VALUES
                            (8, '00659', 659);
INSERT INTO EX.PADECIMIENTOS(ID_PATOLOGIA, ID_PERSONA, ID_FICHA_MEDICA) VALUES
                            (9, '00659', 659);
INSERT INTO EX.PERSONA(DOC_IDENTIDAD, NOMBRE, NOMBRE1, APELLIDO, APELLIDO1, FECHA_NAC, GENERO, FOTO) VALUES
                  ('00660', 'Jeremiah', 'Donna', 'Murphy', 'Fuentes', TO_DATE('1988-07-26','YYYY-MM-DD'), 'm', NULL);
INSERT INTO EX.HISTORICO_RESIDENCIA(FECHA_INICIO, ID_LUGAR, ID_PERSONA, FECHA_FIN) VALUES
                  (TO_DATE('2010-08-04','YYYY-MM-DD'), 34, '00660', NULL);
INSERT INTO EX.FICHA_MEDICA(ID, ID_PERSONA, ID_CENTRO_SALUD, ID_LUGAR, ESTADO, FECHA_INFECCION, FECHA_RECUPERACION) VALUES
                                             (660, '00660', 19, 34, 'desconido', NULL, NULL);
INSERT INTO EX.PERSONA(DOC_IDENTIDAD, NOMBRE, NOMBRE1, APELLIDO, APELLIDO1, FECHA_NAC, GENERO, FOTO) VALUES
                  ('00661', 'Susan', 'Mary', 'Adkins', 'Hall', TO_DATE('1978-02-08','YYYY-MM-DD'), 'f', NULL);
INSERT INTO EX.HISTORICO_RESIDENCIA(FECHA_INICIO, ID_LUGAR, ID_PERSONA, FECHA_FIN) VALUES
                  (TO_DATE('1995-08-17','YYYY-MM-DD'), 35, '00661', NULL);
INSERT INTO EX.FICHA_MEDICA(ID, ID_PERSONA, ID_CENTRO_SALUD, ID_LUGAR, ESTADO, FECHA_INFECCION, FECHA_RECUPERACION) VALUES
                                             (661, '00661', 20, 35, 'desconido', NULL, NULL);
INSERT INTO EX.SINTOMAS(FECHA_INICIO, ID_SINTOMA, ID_PERSONA, ID_FICHA_MEDICA) VALUES
                            (TO_DATE('2020-02-13','YYYY-MM-DD'), 1, '00661', 661);
INSERT INTO EX.SINTOMAS(FECHA_INICIO, ID_SINTOMA, ID_PERSONA, ID_FICHA_MEDICA) VALUES
                            (TO_DATE('2020-05-26','YYYY-MM-DD'), 2, '00661', 661);
INSERT INTO EX.PERSONA(DOC_IDENTIDAD, NOMBRE, NOMBRE1, APELLIDO, APELLIDO1, FECHA_NAC, GENERO, FOTO) VALUES
                  ('00662', 'Brandy', 'Judy', 'Woods', 'Lamb', TO_DATE('1982-04-28','YYYY-MM-DD'), 'm', NULL);
INSERT INTO EX.HISTORICO_RESIDENCIA(FECHA_INICIO, ID_LUGAR, ID_PERSONA, FECHA_FIN) VALUES
                  (TO_DATE('2003-07-12','YYYY-MM-DD'), 33, '00662', NULL);
INSERT INTO EX.FICHA_MEDICA(ID, ID_PERSONA, ID_CENTRO_SALUD, ID_LUGAR, ESTADO, FECHA_INFECCION, FECHA_RECUPERACION) VALUES
                                             (662, '00662', 18, 33, 'desconido', NULL, NULL);
INSERT INTO EX.PADECIMIENTOS(ID_PATOLOGIA, ID_PERSONA, ID_FICHA_MEDICA) VALUES
                            (1, '00662', 662);
INSERT INTO EX.PADECIMIENTOS(ID_PATOLOGIA, ID_PERSONA, ID_FICHA_MEDICA) VALUES
                            (2, '00662', 662);
INSERT INTO EX.PADECIMIENTOS(ID_PATOLOGIA, ID_PERSONA, ID_FICHA_MEDICA) VALUES
                            (3, '00662', 662);
INSERT INTO EX.PADECIMIENTOS(ID_PATOLOGIA, ID_PERSONA, ID_FICHA_MEDICA) VALUES
                            (4, '00662', 662);
INSERT INTO EX.PADECIMIENTOS(ID_PATOLOGIA, ID_PERSONA, ID_FICHA_MEDICA) VALUES
                            (5, '00662', 662);
INSERT INTO EX.SINTOMAS(FECHA_INICIO, ID_SINTOMA, ID_PERSONA, ID_FICHA_MEDICA) VALUES
                            (TO_DATE('2020-04-17','YYYY-MM-DD'), 1, '00662', 662);
INSERT INTO EX.SINTOMAS(FECHA_INICIO, ID_SINTOMA, ID_PERSONA, ID_FICHA_MEDICA) VALUES
                            (TO_DATE('2020-05-21','YYYY-MM-DD'), 2, '00662', 662);
INSERT INTO EX.SINTOMAS(FECHA_INICIO, ID_SINTOMA, ID_PERSONA, ID_FICHA_MEDICA) VALUES
                            (TO_DATE('2020-03-26','YYYY-MM-DD'), 3, '00662', 662);
INSERT INTO EX.SINTOMAS(FECHA_INICIO, ID_SINTOMA, ID_PERSONA, ID_FICHA_MEDICA) VALUES
                            (TO_DATE('2020-02-23','YYYY-MM-DD'), 4, '00662', 662);
INSERT INTO EX.SINTOMAS(FECHA_INICIO, ID_SINTOMA, ID_PERSONA, ID_FICHA_MEDICA) VALUES
                            (TO_DATE('2020-05-07','YYYY-MM-DD'), 5, '00662', 662);
INSERT INTO EX.SINTOMAS(FECHA_INICIO, ID_SINTOMA, ID_PERSONA, ID_FICHA_MEDICA) VALUES
                            (TO_DATE('2020-05-18','YYYY-MM-DD'), 6, '00662', 662);
INSERT INTO EX.SINTOMAS(FECHA_INICIO, ID_SINTOMA, ID_PERSONA, ID_FICHA_MEDICA) VALUES
                            (TO_DATE('2020-03-15','YYYY-MM-DD'), 7, '00662', 662);
INSERT INTO EX.SINTOMAS(FECHA_INICIO, ID_SINTOMA, ID_PERSONA, ID_FICHA_MEDICA) VALUES
                            (TO_DATE('2020-01-22','YYYY-MM-DD'), 8, '00662', 662);
INSERT INTO EX.SINTOMAS(FECHA_INICIO, ID_SINTOMA, ID_PERSONA, ID_FICHA_MEDICA) VALUES
                            (TO_DATE('2020-03-28','YYYY-MM-DD'), 9, '00662', 662);
INSERT INTO EX.SINTOMAS(FECHA_INICIO, ID_SINTOMA, ID_PERSONA, ID_FICHA_MEDICA) VALUES
                            (TO_DATE('2020-04-12','YYYY-MM-DD'), 10, '00662', 662);
INSERT INTO EX.SINTOMAS(FECHA_INICIO, ID_SINTOMA, ID_PERSONA, ID_FICHA_MEDICA) VALUES
                            (TO_DATE('2020-01-28','YYYY-MM-DD'), 11, '00662', 662);
INSERT INTO EX.SINTOMAS(FECHA_INICIO, ID_SINTOMA, ID_PERSONA, ID_FICHA_MEDICA) VALUES
                            (TO_DATE('2020-05-05','YYYY-MM-DD'), 12, '00662', 662);
INSERT INTO EX.PERSONA(DOC_IDENTIDAD, NOMBRE, NOMBRE1, APELLIDO, APELLIDO1, FECHA_NAC, GENERO, FOTO) VALUES
                  ('00663', 'Jillian', 'Angela', 'Herman', 'Ware', TO_DATE('1982-01-11','YYYY-MM-DD'), 'f', NULL);
INSERT INTO EX.HISTORICO_RESIDENCIA(FECHA_INICIO, ID_LUGAR, ID_PERSONA, FECHA_FIN) VALUES
                  (TO_DATE('1973-02-08','YYYY-MM-DD'), 28, '00663', NULL);
INSERT INTO EX.FICHA_MEDICA(ID, ID_PERSONA, ID_CENTRO_SALUD, ID_LUGAR, ESTADO, FECHA_INFECCION, FECHA_RECUPERACION) VALUES
                                             (663, '00663', 13, 28, 'desconido', NULL, NULL);
INSERT INTO EX.SINTOMAS(FECHA_INICIO, ID_SINTOMA, ID_PERSONA, ID_FICHA_MEDICA) VALUES
                            (TO_DATE('2020-02-05','YYYY-MM-DD'), 1, '00663', 663);
INSERT INTO EX.SINTOMAS(FECHA_INICIO, ID_SINTOMA, ID_PERSONA, ID_FICHA_MEDICA) VALUES
                            (TO_DATE('2020-04-28','YYYY-MM-DD'), 2, '00663', 663);
INSERT INTO EX.SINTOMAS(FECHA_INICIO, ID_SINTOMA, ID_PERSONA, ID_FICHA_MEDICA) VALUES
                            (TO_DATE('2020-02-05','YYYY-MM-DD'), 3, '00663', 663);
INSERT INTO EX.SINTOMAS(FECHA_INICIO, ID_SINTOMA, ID_PERSONA, ID_FICHA_MEDICA) VALUES
                            (TO_DATE('2020-05-27','YYYY-MM-DD'), 4, '00663', 663);
INSERT INTO EX.SINTOMAS(FECHA_INICIO, ID_SINTOMA, ID_PERSONA, ID_FICHA_MEDICA) VALUES
                            (TO_DATE('2020-01-23','YYYY-MM-DD'), 5, '00663', 663);
INSERT INTO EX.SINTOMAS(FECHA_INICIO, ID_SINTOMA, ID_PERSONA, ID_FICHA_MEDICA) VALUES
                            (TO_DATE('2020-03-19','YYYY-MM-DD'), 6, '00663', 663);
INSERT INTO EX.SINTOMAS(FECHA_INICIO, ID_SINTOMA, ID_PERSONA, ID_FICHA_MEDICA) VALUES
                            (TO_DATE('2020-02-20','YYYY-MM-DD'), 7, '00663', 663);
INSERT INTO EX.SINTOMAS(FECHA_INICIO, ID_SINTOMA, ID_PERSONA, ID_FICHA_MEDICA) VALUES
                            (TO_DATE('2020-03-17','YYYY-MM-DD'), 8, '00663', 663);
INSERT INTO EX.SINTOMAS(FECHA_INICIO, ID_SINTOMA, ID_PERSONA, ID_FICHA_MEDICA) VALUES
                            (TO_DATE('2020-04-13','YYYY-MM-DD'), 9, '00663', 663);
INSERT INTO EX.SINTOMAS(FECHA_INICIO, ID_SINTOMA, ID_PERSONA, ID_FICHA_MEDICA) VALUES
                            (TO_DATE('2020-02-13','YYYY-MM-DD'), 10, '00663', 663);
INSERT INTO EX.PERSONA(DOC_IDENTIDAD, NOMBRE, NOMBRE1, APELLIDO, APELLIDO1, FECHA_NAC, GENERO, FOTO) VALUES
                  ('00664', 'Donald', 'John', 'Castillo', 'Browning', TO_DATE('1994-06-12','YYYY-MM-DD'), 'm', NULL);
INSERT INTO EX.HISTORICO_RESIDENCIA(FECHA_INICIO, ID_LUGAR, ID_PERSONA, FECHA_FIN) VALUES
                  (TO_DATE('1998-11-16','YYYY-MM-DD'), 28, '00664', NULL);
INSERT INTO EX.FICHA_MEDICA(ID, ID_PERSONA, ID_CENTRO_SALUD, ID_LUGAR, ESTADO, FECHA_INFECCION, FECHA_RECUPERACION) VALUES
                                             (664, '00664', 13, 28, 'desconido', NULL, NULL);
INSERT INTO EX.PADECIMIENTOS(ID_PATOLOGIA, ID_PERSONA, ID_FICHA_MEDICA) VALUES
                            (1, '00664', 664);
INSERT INTO EX.PADECIMIENTOS(ID_PATOLOGIA, ID_PERSONA, ID_FICHA_MEDICA) VALUES
                            (2, '00664', 664);
INSERT INTO EX.PADECIMIENTOS(ID_PATOLOGIA, ID_PERSONA, ID_FICHA_MEDICA) VALUES
                            (3, '00664', 664);
INSERT INTO EX.PADECIMIENTOS(ID_PATOLOGIA, ID_PERSONA, ID_FICHA_MEDICA) VALUES
                            (4, '00664', 664);
INSERT INTO EX.PADECIMIENTOS(ID_PATOLOGIA, ID_PERSONA, ID_FICHA_MEDICA) VALUES
                            (5, '00664', 664);
INSERT INTO EX.PADECIMIENTOS(ID_PATOLOGIA, ID_PERSONA, ID_FICHA_MEDICA) VALUES
                            (6, '00664', 664);
INSERT INTO EX.PADECIMIENTOS(ID_PATOLOGIA, ID_PERSONA, ID_FICHA_MEDICA) VALUES
                            (7, '00664', 664);
INSERT INTO EX.PADECIMIENTOS(ID_PATOLOGIA, ID_PERSONA, ID_FICHA_MEDICA) VALUES
                            (8, '00664', 664);
INSERT INTO EX.PADECIMIENTOS(ID_PATOLOGIA, ID_PERSONA, ID_FICHA_MEDICA) VALUES
                            (9, '00664', 664);
INSERT INTO EX.PADECIMIENTOS(ID_PATOLOGIA, ID_PERSONA, ID_FICHA_MEDICA) VALUES
                            (10, '00664', 664);
INSERT INTO EX.PADECIMIENTOS(ID_PATOLOGIA, ID_PERSONA, ID_FICHA_MEDICA) VALUES
                            (11, '00664', 664);
INSERT INTO EX.PADECIMIENTOS(ID_PATOLOGIA, ID_PERSONA, ID_FICHA_MEDICA) VALUES
                            (12, '00664', 664);
INSERT INTO EX.SINTOMAS(FECHA_INICIO, ID_SINTOMA, ID_PERSONA, ID_FICHA_MEDICA) VALUES
                            (TO_DATE('2020-01-02','YYYY-MM-DD'), 1, '00664', 664);
INSERT INTO EX.SINTOMAS(FECHA_INICIO, ID_SINTOMA, ID_PERSONA, ID_FICHA_MEDICA) VALUES
                            (TO_DATE('2020-01-09','YYYY-MM-DD'), 2, '00664', 664);
INSERT INTO EX.SINTOMAS(FECHA_INICIO, ID_SINTOMA, ID_PERSONA, ID_FICHA_MEDICA) VALUES
                            (TO_DATE('2020-06-02','YYYY-MM-DD'), 3, '00664', 664);
INSERT INTO EX.SINTOMAS(FECHA_INICIO, ID_SINTOMA, ID_PERSONA, ID_FICHA_MEDICA) VALUES
                            (TO_DATE('2020-01-12','YYYY-MM-DD'), 4, '00664', 664);
INSERT INTO EX.SINTOMAS(FECHA_INICIO, ID_SINTOMA, ID_PERSONA, ID_FICHA_MEDICA) VALUES
                            (TO_DATE('2020-03-03','YYYY-MM-DD'), 5, '00664', 664);
INSERT INTO EX.SINTOMAS(FECHA_INICIO, ID_SINTOMA, ID_PERSONA, ID_FICHA_MEDICA) VALUES
                            (TO_DATE('2020-04-26','YYYY-MM-DD'), 6, '00664', 664);
INSERT INTO EX.SINTOMAS(FECHA_INICIO, ID_SINTOMA, ID_PERSONA, ID_FICHA_MEDICA) VALUES
                            (TO_DATE('2020-06-28','YYYY-MM-DD'), 7, '00664', 664);
INSERT INTO EX.SINTOMAS(FECHA_INICIO, ID_SINTOMA, ID_PERSONA, ID_FICHA_MEDICA) VALUES
                            (TO_DATE('2020-03-24','YYYY-MM-DD'), 8, '00664', 664);
INSERT INTO EX.SINTOMAS(FECHA_INICIO, ID_SINTOMA, ID_PERSONA, ID_FICHA_MEDICA) VALUES
                            (TO_DATE('2020-03-12','YYYY-MM-DD'), 9, '00664', 664);
INSERT INTO EX.SINTOMAS(FECHA_INICIO, ID_SINTOMA, ID_PERSONA, ID_FICHA_MEDICA) VALUES
                            (TO_DATE('2020-05-14','YYYY-MM-DD'), 10, '00664', 664);
INSERT INTO EX.SINTOMAS(FECHA_INICIO, ID_SINTOMA, ID_PERSONA, ID_FICHA_MEDICA) VALUES
                            (TO_DATE('2020-01-22','YYYY-MM-DD'), 11, '00664', 664);
INSERT INTO EX.SINTOMAS(FECHA_INICIO, ID_SINTOMA, ID_PERSONA, ID_FICHA_MEDICA) VALUES
                            (TO_DATE('2020-04-02','YYYY-MM-DD'), 12, '00664', 664);
INSERT INTO EX.SINTOMAS(FECHA_INICIO, ID_SINTOMA, ID_PERSONA, ID_FICHA_MEDICA) VALUES
                            (TO_DATE('2020-04-07','YYYY-MM-DD'), 13, '00664', 664);
INSERT INTO EX.SINTOMAS(FECHA_INICIO, ID_SINTOMA, ID_PERSONA, ID_FICHA_MEDICA) VALUES
                            (TO_DATE('2020-02-10','YYYY-MM-DD'), 14, '00664', 664);
INSERT INTO EX.SINTOMAS(FECHA_INICIO, ID_SINTOMA, ID_PERSONA, ID_FICHA_MEDICA) VALUES
                            (TO_DATE('2020-05-13','YYYY-MM-DD'), 15, '00664', 664);
INSERT INTO EX.SINTOMAS(FECHA_INICIO, ID_SINTOMA, ID_PERSONA, ID_FICHA_MEDICA) VALUES
                            (TO_DATE('2020-05-17','YYYY-MM-DD'), 16, '00664', 664);
INSERT INTO EX.SINTOMAS(FECHA_INICIO, ID_SINTOMA, ID_PERSONA, ID_FICHA_MEDICA) VALUES
                            (TO_DATE('2020-02-27','YYYY-MM-DD'), 17, '00664', 664);
INSERT INTO EX.SINTOMAS(FECHA_INICIO, ID_SINTOMA, ID_PERSONA, ID_FICHA_MEDICA) VALUES
                            (TO_DATE('2020-02-24','YYYY-MM-DD'), 18, '00664', 664);
INSERT INTO EX.SINTOMAS(FECHA_INICIO, ID_SINTOMA, ID_PERSONA, ID_FICHA_MEDICA) VALUES
                            (TO_DATE('2020-04-08','YYYY-MM-DD'), 19, '00664', 664);
INSERT INTO EX.PERSONA(DOC_IDENTIDAD, NOMBRE, NOMBRE1, APELLIDO, APELLIDO1, FECHA_NAC, GENERO, FOTO) VALUES
                  ('00665', 'Adam', 'Kimberly', 'Oliver', 'Howard', TO_DATE('2003-03-28','YYYY-MM-DD'), 'f', NULL);
INSERT INTO EX.HISTORICO_RESIDENCIA(FECHA_INICIO, ID_LUGAR, ID_PERSONA, FECHA_FIN) VALUES
                  (TO_DATE('1996-09-06','YYYY-MM-DD'), 42, '00665', NULL);
INSERT INTO EX.FICHA_MEDICA(ID, ID_PERSONA, ID_CENTRO_SALUD, ID_LUGAR, ESTADO, FECHA_INFECCION, FECHA_RECUPERACION) VALUES
                                             (665, '00665', 27, 42, 'desconido', NULL, NULL);
INSERT INTO EX.PADECIMIENTOS(ID_PATOLOGIA, ID_PERSONA, ID_FICHA_MEDICA) VALUES
                            (1, '00665', 665);
INSERT INTO EX.PADECIMIENTOS(ID_PATOLOGIA, ID_PERSONA, ID_FICHA_MEDICA) VALUES
                            (2, '00665', 665);
INSERT INTO EX.PADECIMIENTOS(ID_PATOLOGIA, ID_PERSONA, ID_FICHA_MEDICA) VALUES
                            (3, '00665', 665);
INSERT INTO EX.PADECIMIENTOS(ID_PATOLOGIA, ID_PERSONA, ID_FICHA_MEDICA) VALUES
                            (4, '00665', 665);
INSERT INTO EX.PADECIMIENTOS(ID_PATOLOGIA, ID_PERSONA, ID_FICHA_MEDICA) VALUES
                            (5, '00665', 665);
INSERT INTO EX.PADECIMIENTOS(ID_PATOLOGIA, ID_PERSONA, ID_FICHA_MEDICA) VALUES
                            (6, '00665', 665);
INSERT INTO EX.PADECIMIENTOS(ID_PATOLOGIA, ID_PERSONA, ID_FICHA_MEDICA) VALUES
                            (7, '00665', 665);
INSERT INTO EX.PADECIMIENTOS(ID_PATOLOGIA, ID_PERSONA, ID_FICHA_MEDICA) VALUES
                            (8, '00665', 665);
INSERT INTO EX.PADECIMIENTOS(ID_PATOLOGIA, ID_PERSONA, ID_FICHA_MEDICA) VALUES
                            (9, '00665', 665);
INSERT INTO EX.PADECIMIENTOS(ID_PATOLOGIA, ID_PERSONA, ID_FICHA_MEDICA) VALUES
                            (10, '00665', 665);
INSERT INTO EX.SINTOMAS(FECHA_INICIO, ID_SINTOMA, ID_PERSONA, ID_FICHA_MEDICA) VALUES
                            (TO_DATE('2020-01-24','YYYY-MM-DD'), 1, '00665', 665);
INSERT INTO EX.SINTOMAS(FECHA_INICIO, ID_SINTOMA, ID_PERSONA, ID_FICHA_MEDICA) VALUES
                            (TO_DATE('2020-02-21','YYYY-MM-DD'), 2, '00665', 665);
INSERT INTO EX.SINTOMAS(FECHA_INICIO, ID_SINTOMA, ID_PERSONA, ID_FICHA_MEDICA) VALUES
                            (TO_DATE('2020-02-09','YYYY-MM-DD'), 3, '00665', 665);
INSERT INTO EX.SINTOMAS(FECHA_INICIO, ID_SINTOMA, ID_PERSONA, ID_FICHA_MEDICA) VALUES
                            (TO_DATE('2020-01-09','YYYY-MM-DD'), 4, '00665', 665);
INSERT INTO EX.SINTOMAS(FECHA_INICIO, ID_SINTOMA, ID_PERSONA, ID_FICHA_MEDICA) VALUES
                            (TO_DATE('2020-01-26','YYYY-MM-DD'), 5, '00665', 665);
INSERT INTO EX.SINTOMAS(FECHA_INICIO, ID_SINTOMA, ID_PERSONA, ID_FICHA_MEDICA) VALUES
                            (TO_DATE('2020-04-11','YYYY-MM-DD'), 6, '00665', 665);
INSERT INTO EX.SINTOMAS(FECHA_INICIO, ID_SINTOMA, ID_PERSONA, ID_FICHA_MEDICA) VALUES
                            (TO_DATE('2020-06-29','YYYY-MM-DD'), 7, '00665', 665);
INSERT INTO EX.SINTOMAS(FECHA_INICIO, ID_SINTOMA, ID_PERSONA, ID_FICHA_MEDICA) VALUES
                            (TO_DATE('2020-05-21','YYYY-MM-DD'), 8, '00665', 665);
INSERT INTO EX.SINTOMAS(FECHA_INICIO, ID_SINTOMA, ID_PERSONA, ID_FICHA_MEDICA) VALUES
                            (TO_DATE('2020-01-19','YYYY-MM-DD'), 9, '00665', 665);
INSERT INTO EX.SINTOMAS(FECHA_INICIO, ID_SINTOMA, ID_PERSONA, ID_FICHA_MEDICA) VALUES
                            (TO_DATE('2020-03-28','YYYY-MM-DD'), 10, '00665', 665);
INSERT INTO EX.SINTOMAS(FECHA_INICIO, ID_SINTOMA, ID_PERSONA, ID_FICHA_MEDICA) VALUES
                            (TO_DATE('2020-06-19','YYYY-MM-DD'), 11, '00665', 665);
INSERT INTO EX.SINTOMAS(FECHA_INICIO, ID_SINTOMA, ID_PERSONA, ID_FICHA_MEDICA) VALUES
                            (TO_DATE('2020-04-12','YYYY-MM-DD'), 12, '00665', 665);
INSERT INTO EX.SINTOMAS(FECHA_INICIO, ID_SINTOMA, ID_PERSONA, ID_FICHA_MEDICA) VALUES
                            (TO_DATE('2020-04-17','YYYY-MM-DD'), 13, '00665', 665);
INSERT INTO EX.SINTOMAS(FECHA_INICIO, ID_SINTOMA, ID_PERSONA, ID_FICHA_MEDICA) VALUES
                            (TO_DATE('2020-05-21','YYYY-MM-DD'), 14, '00665', 665);
INSERT INTO EX.SINTOMAS(FECHA_INICIO, ID_SINTOMA, ID_PERSONA, ID_FICHA_MEDICA) VALUES
                            (TO_DATE('2020-04-29','YYYY-MM-DD'), 15, '00665', 665);
INSERT INTO EX.SINTOMAS(FECHA_INICIO, ID_SINTOMA, ID_PERSONA, ID_FICHA_MEDICA) VALUES
                            (TO_DATE('2020-06-09','YYYY-MM-DD'), 16, '00665', 665);
INSERT INTO EX.SINTOMAS(FECHA_INICIO, ID_SINTOMA, ID_PERSONA, ID_FICHA_MEDICA) VALUES
                            (TO_DATE('2020-04-15','YYYY-MM-DD'), 17, '00665', 665);
INSERT INTO EX.SINTOMAS(FECHA_INICIO, ID_SINTOMA, ID_PERSONA, ID_FICHA_MEDICA) VALUES
                            (TO_DATE('2020-02-20','YYYY-MM-DD'), 18, '00665', 665);
INSERT INTO EX.SINTOMAS(FECHA_INICIO, ID_SINTOMA, ID_PERSONA, ID_FICHA_MEDICA) VALUES
                            (TO_DATE('2020-04-17','YYYY-MM-DD'), 19, '00665', 665);
INSERT INTO EX.PERSONA(DOC_IDENTIDAD, NOMBRE, NOMBRE1, APELLIDO, APELLIDO1, FECHA_NAC, GENERO, FOTO) VALUES
                  ('00666', 'Caitlin', 'Julie', 'Hernandez', 'Williams', TO_DATE('2000-06-16','YYYY-MM-DD'), 'm', NULL);
INSERT INTO EX.HISTORICO_RESIDENCIA(FECHA_INICIO, ID_LUGAR, ID_PERSONA, FECHA_FIN) VALUES
                  (TO_DATE('1986-10-11','YYYY-MM-DD'), 34, '00666', NULL);
INSERT INTO EX.FICHA_MEDICA(ID, ID_PERSONA, ID_CENTRO_SALUD, ID_LUGAR, ESTADO, FECHA_INFECCION, FECHA_RECUPERACION) VALUES
                                             (666, '00666', 19, 34, 'desconido', NULL, NULL);
INSERT INTO EX.PADECIMIENTOS(ID_PATOLOGIA, ID_PERSONA, ID_FICHA_MEDICA) VALUES
                            (1, '00666', 666);
INSERT INTO EX.PADECIMIENTOS(ID_PATOLOGIA, ID_PERSONA, ID_FICHA_MEDICA) VALUES
                            (2, '00666', 666);
INSERT INTO EX.PADECIMIENTOS(ID_PATOLOGIA, ID_PERSONA, ID_FICHA_MEDICA) VALUES
                            (3, '00666', 666);
INSERT INTO EX.SINTOMAS(FECHA_INICIO, ID_SINTOMA, ID_PERSONA, ID_FICHA_MEDICA) VALUES
                            (TO_DATE('2020-02-03','YYYY-MM-DD'), 1, '00666', 666);
INSERT INTO EX.SINTOMAS(FECHA_INICIO, ID_SINTOMA, ID_PERSONA, ID_FICHA_MEDICA) VALUES
                            (TO_DATE('2020-03-29','YYYY-MM-DD'), 2, '00666', 666);
INSERT INTO EX.SINTOMAS(FECHA_INICIO, ID_SINTOMA, ID_PERSONA, ID_FICHA_MEDICA) VALUES
                            (TO_DATE('2020-05-14','YYYY-MM-DD'), 3, '00666', 666);
INSERT INTO EX.SINTOMAS(FECHA_INICIO, ID_SINTOMA, ID_PERSONA, ID_FICHA_MEDICA) VALUES
                            (TO_DATE('2020-05-11','YYYY-MM-DD'), 4, '00666', 666);
INSERT INTO EX.SINTOMAS(FECHA_INICIO, ID_SINTOMA, ID_PERSONA, ID_FICHA_MEDICA) VALUES
                            (TO_DATE('2020-06-24','YYYY-MM-DD'), 5, '00666', 666);
INSERT INTO EX.SINTOMAS(FECHA_INICIO, ID_SINTOMA, ID_PERSONA, ID_FICHA_MEDICA) VALUES
                            (TO_DATE('2020-05-07','YYYY-MM-DD'), 6, '00666', 666);
INSERT INTO EX.SINTOMAS(FECHA_INICIO, ID_SINTOMA, ID_PERSONA, ID_FICHA_MEDICA) VALUES
                            (TO_DATE('2020-05-30','YYYY-MM-DD'), 7, '00666', 666);
INSERT INTO EX.SINTOMAS(FECHA_INICIO, ID_SINTOMA, ID_PERSONA, ID_FICHA_MEDICA) VALUES
                            (TO_DATE('2020-01-14','YYYY-MM-DD'), 8, '00666', 666);
INSERT INTO EX.PERSONA(DOC_IDENTIDAD, NOMBRE, NOMBRE1, APELLIDO, APELLIDO1, FECHA_NAC, GENERO, FOTO) VALUES
                  ('00667', 'Dylan', 'Rick', 'Paul', 'Smith', TO_DATE('1979-08-09','YYYY-MM-DD'), 'f', NULL);
INSERT INTO EX.HISTORICO_RESIDENCIA(FECHA_INICIO, ID_LUGAR, ID_PERSONA, FECHA_FIN) VALUES
                  (TO_DATE('1977-11-08','YYYY-MM-DD'), 34, '00667', NULL);
INSERT INTO EX.FICHA_MEDICA(ID, ID_PERSONA, ID_CENTRO_SALUD, ID_LUGAR, ESTADO, FECHA_INFECCION, FECHA_RECUPERACION) VALUES
                                             (667, '00667', 19, 34, 'desconido', NULL, NULL);
INSERT INTO EX.SINTOMAS(FECHA_INICIO, ID_SINTOMA, ID_PERSONA, ID_FICHA_MEDICA) VALUES
                            (TO_DATE('2020-01-23','YYYY-MM-DD'), 1, '00667', 667);
INSERT INTO EX.SINTOMAS(FECHA_INICIO, ID_SINTOMA, ID_PERSONA, ID_FICHA_MEDICA) VALUES
                            (TO_DATE('2020-03-22','YYYY-MM-DD'), 2, '00667', 667);
INSERT INTO EX.PERSONA(DOC_IDENTIDAD, NOMBRE, NOMBRE1, APELLIDO, APELLIDO1, FECHA_NAC, GENERO, FOTO) VALUES
                  ('00668', 'Paige', 'Kimberly', 'Gray', 'Munoz', TO_DATE('1997-03-17','YYYY-MM-DD'), 'm', NULL);
INSERT INTO EX.HISTORICO_RESIDENCIA(FECHA_INICIO, ID_LUGAR, ID_PERSONA, FECHA_FIN) VALUES
                  (TO_DATE('1992-07-25','YYYY-MM-DD'), 22, '00668', NULL);
INSERT INTO EX.FICHA_MEDICA(ID, ID_PERSONA, ID_CENTRO_SALUD, ID_LUGAR, ESTADO, FECHA_INFECCION, FECHA_RECUPERACION) VALUES
                                             (668, '00668', 7, 22, 'desconido', NULL, NULL);
INSERT INTO EX.PADECIMIENTOS(ID_PATOLOGIA, ID_PERSONA, ID_FICHA_MEDICA) VALUES
                            (1, '00668', 668);
INSERT INTO EX.PADECIMIENTOS(ID_PATOLOGIA, ID_PERSONA, ID_FICHA_MEDICA) VALUES
                            (2, '00668', 668);
INSERT INTO EX.PADECIMIENTOS(ID_PATOLOGIA, ID_PERSONA, ID_FICHA_MEDICA) VALUES
                            (3, '00668', 668);
INSERT INTO EX.PADECIMIENTOS(ID_PATOLOGIA, ID_PERSONA, ID_FICHA_MEDICA) VALUES
                            (4, '00668', 668);
INSERT INTO EX.PADECIMIENTOS(ID_PATOLOGIA, ID_PERSONA, ID_FICHA_MEDICA) VALUES
                            (5, '00668', 668);
INSERT INTO EX.PADECIMIENTOS(ID_PATOLOGIA, ID_PERSONA, ID_FICHA_MEDICA) VALUES
                            (6, '00668', 668);
INSERT INTO EX.PADECIMIENTOS(ID_PATOLOGIA, ID_PERSONA, ID_FICHA_MEDICA) VALUES
                            (7, '00668', 668);
INSERT INTO EX.PADECIMIENTOS(ID_PATOLOGIA, ID_PERSONA, ID_FICHA_MEDICA) VALUES
                            (8, '00668', 668);
INSERT INTO EX.PADECIMIENTOS(ID_PATOLOGIA, ID_PERSONA, ID_FICHA_MEDICA) VALUES
                            (9, '00668', 668);
INSERT INTO EX.SINTOMAS(FECHA_INICIO, ID_SINTOMA, ID_PERSONA, ID_FICHA_MEDICA) VALUES
                            (TO_DATE('2020-06-14','YYYY-MM-DD'), 1, '00668', 668);
INSERT INTO EX.PERSONA(DOC_IDENTIDAD, NOMBRE, NOMBRE1, APELLIDO, APELLIDO1, FECHA_NAC, GENERO, FOTO) VALUES
                  ('00669', 'Austin', 'Jennifer', 'Powell', 'Smith', TO_DATE('1984-04-27','YYYY-MM-DD'), 'f', NULL);
INSERT INTO EX.HISTORICO_RESIDENCIA(FECHA_INICIO, ID_LUGAR, ID_PERSONA, FECHA_FIN) VALUES
                  (TO_DATE('1983-06-11','YYYY-MM-DD'), 31, '00669', NULL);
INSERT INTO EX.FICHA_MEDICA(ID, ID_PERSONA, ID_CENTRO_SALUD, ID_LUGAR, ESTADO, FECHA_INFECCION, FECHA_RECUPERACION) VALUES
                                             (669, '00669', 16, 31, 'desconido', NULL, NULL);
INSERT INTO EX.PADECIMIENTOS(ID_PATOLOGIA, ID_PERSONA, ID_FICHA_MEDICA) VALUES
                            (1, '00669', 669);
INSERT INTO EX.PADECIMIENTOS(ID_PATOLOGIA, ID_PERSONA, ID_FICHA_MEDICA) VALUES
                            (2, '00669', 669);
INSERT INTO EX.PADECIMIENTOS(ID_PATOLOGIA, ID_PERSONA, ID_FICHA_MEDICA) VALUES
                            (3, '00669', 669);
INSERT INTO EX.PADECIMIENTOS(ID_PATOLOGIA, ID_PERSONA, ID_FICHA_MEDICA) VALUES
                            (4, '00669', 669);
INSERT INTO EX.PADECIMIENTOS(ID_PATOLOGIA, ID_PERSONA, ID_FICHA_MEDICA) VALUES
                            (5, '00669', 669);
INSERT INTO EX.PERSONA(DOC_IDENTIDAD, NOMBRE, NOMBRE1, APELLIDO, APELLIDO1, FECHA_NAC, GENERO, FOTO) VALUES
                  ('00670', 'Christopher', 'Ryan', 'Kim', 'Parker', TO_DATE('1995-04-27','YYYY-MM-DD'), 'm', NULL);
INSERT INTO EX.HISTORICO_RESIDENCIA(FECHA_INICIO, ID_LUGAR, ID_PERSONA, FECHA_FIN) VALUES
                  (TO_DATE('2003-06-18','YYYY-MM-DD'), 20, '00670', NULL);
INSERT INTO EX.FICHA_MEDICA(ID, ID_PERSONA, ID_CENTRO_SALUD, ID_LUGAR, ESTADO, FECHA_INFECCION, FECHA_RECUPERACION) VALUES
                                             (670, '00670', 5, 20, 'desconido', NULL, NULL);
INSERT INTO EX.PERSONA(DOC_IDENTIDAD, NOMBRE, NOMBRE1, APELLIDO, APELLIDO1, FECHA_NAC, GENERO, FOTO) VALUES
                  ('00671', 'Sharon', 'Regina', 'Saunders', 'Adams', TO_DATE('1976-02-03','YYYY-MM-DD'), 'f', NULL);
INSERT INTO EX.HISTORICO_RESIDENCIA(FECHA_INICIO, ID_LUGAR, ID_PERSONA, FECHA_FIN) VALUES
                  (TO_DATE('1983-07-12','YYYY-MM-DD'), 28, '00671', NULL);
INSERT INTO EX.FICHA_MEDICA(ID, ID_PERSONA, ID_CENTRO_SALUD, ID_LUGAR, ESTADO, FECHA_INFECCION, FECHA_RECUPERACION) VALUES
                                             (671, '00671', 13, 28, 'desconido', NULL, NULL);
INSERT INTO EX.PADECIMIENTOS(ID_PATOLOGIA, ID_PERSONA, ID_FICHA_MEDICA) VALUES
                            (1, '00671', 671);
INSERT INTO EX.PADECIMIENTOS(ID_PATOLOGIA, ID_PERSONA, ID_FICHA_MEDICA) VALUES
                            (2, '00671', 671);
INSERT INTO EX.PADECIMIENTOS(ID_PATOLOGIA, ID_PERSONA, ID_FICHA_MEDICA) VALUES
                            (3, '00671', 671);
INSERT INTO EX.PADECIMIENTOS(ID_PATOLOGIA, ID_PERSONA, ID_FICHA_MEDICA) VALUES
                            (4, '00671', 671);
INSERT INTO EX.PADECIMIENTOS(ID_PATOLOGIA, ID_PERSONA, ID_FICHA_MEDICA) VALUES
                            (5, '00671', 671);
INSERT INTO EX.PADECIMIENTOS(ID_PATOLOGIA, ID_PERSONA, ID_FICHA_MEDICA) VALUES
                            (6, '00671', 671);
INSERT INTO EX.PADECIMIENTOS(ID_PATOLOGIA, ID_PERSONA, ID_FICHA_MEDICA) VALUES
                            (7, '00671', 671);
INSERT INTO EX.PADECIMIENTOS(ID_PATOLOGIA, ID_PERSONA, ID_FICHA_MEDICA) VALUES
                            (8, '00671', 671);
INSERT INTO EX.PADECIMIENTOS(ID_PATOLOGIA, ID_PERSONA, ID_FICHA_MEDICA) VALUES
                            (9, '00671', 671);
INSERT INTO EX.PADECIMIENTOS(ID_PATOLOGIA, ID_PERSONA, ID_FICHA_MEDICA) VALUES
                            (10, '00671', 671);
INSERT INTO EX.PADECIMIENTOS(ID_PATOLOGIA, ID_PERSONA, ID_FICHA_MEDICA) VALUES
                            (11, '00671', 671);
INSERT INTO EX.PERSONA(DOC_IDENTIDAD, NOMBRE, NOMBRE1, APELLIDO, APELLIDO1, FECHA_NAC, GENERO, FOTO) VALUES
                  ('00672', 'Dakota', 'Yvonne', 'Spencer', 'Schaefer', TO_DATE('1986-10-30','YYYY-MM-DD'), 'm', NULL);
INSERT INTO EX.HISTORICO_RESIDENCIA(FECHA_INICIO, ID_LUGAR, ID_PERSONA, FECHA_FIN) VALUES
                  (TO_DATE('1975-02-13','YYYY-MM-DD'), 30, '00672', NULL);
INSERT INTO EX.FICHA_MEDICA(ID, ID_PERSONA, ID_CENTRO_SALUD, ID_LUGAR, ESTADO, FECHA_INFECCION, FECHA_RECUPERACION) VALUES
                                             (672, '00672', 15, 30, 'desconido', NULL, NULL);
INSERT INTO EX.PADECIMIENTOS(ID_PATOLOGIA, ID_PERSONA, ID_FICHA_MEDICA) VALUES
                            (1, '00672', 672);
INSERT INTO EX.PADECIMIENTOS(ID_PATOLOGIA, ID_PERSONA, ID_FICHA_MEDICA) VALUES
                            (2, '00672', 672);
INSERT INTO EX.PADECIMIENTOS(ID_PATOLOGIA, ID_PERSONA, ID_FICHA_MEDICA) VALUES
                            (3, '00672', 672);
INSERT INTO EX.PADECIMIENTOS(ID_PATOLOGIA, ID_PERSONA, ID_FICHA_MEDICA) VALUES
                            (4, '00672', 672);
INSERT INTO EX.PADECIMIENTOS(ID_PATOLOGIA, ID_PERSONA, ID_FICHA_MEDICA) VALUES
                            (5, '00672', 672);
INSERT INTO EX.PADECIMIENTOS(ID_PATOLOGIA, ID_PERSONA, ID_FICHA_MEDICA) VALUES
                            (6, '00672', 672);
INSERT INTO EX.PADECIMIENTOS(ID_PATOLOGIA, ID_PERSONA, ID_FICHA_MEDICA) VALUES
                            (7, '00672', 672);
INSERT INTO EX.PADECIMIENTOS(ID_PATOLOGIA, ID_PERSONA, ID_FICHA_MEDICA) VALUES
                            (8, '00672', 672);
INSERT INTO EX.PADECIMIENTOS(ID_PATOLOGIA, ID_PERSONA, ID_FICHA_MEDICA) VALUES
                            (9, '00672', 672);
INSERT INTO EX.PADECIMIENTOS(ID_PATOLOGIA, ID_PERSONA, ID_FICHA_MEDICA) VALUES
                            (10, '00672', 672);
INSERT INTO EX.PADECIMIENTOS(ID_PATOLOGIA, ID_PERSONA, ID_FICHA_MEDICA) VALUES
                            (11, '00672', 672);
INSERT INTO EX.PADECIMIENTOS(ID_PATOLOGIA, ID_PERSONA, ID_FICHA_MEDICA) VALUES
                            (12, '00672', 672);
INSERT INTO EX.PADECIMIENTOS(ID_PATOLOGIA, ID_PERSONA, ID_FICHA_MEDICA) VALUES
                            (13, '00672', 672);
INSERT INTO EX.PERSONA(DOC_IDENTIDAD, NOMBRE, NOMBRE1, APELLIDO, APELLIDO1, FECHA_NAC, GENERO, FOTO) VALUES
                  ('00673', 'Jeffrey', 'Benjamin', 'Turner', 'Villa', TO_DATE('2007-10-18','YYYY-MM-DD'), 'f', NULL);
INSERT INTO EX.HISTORICO_RESIDENCIA(FECHA_INICIO, ID_LUGAR, ID_PERSONA, FECHA_FIN) VALUES
                  (TO_DATE('2015-12-27','YYYY-MM-DD'), 27, '00673', NULL);
INSERT INTO EX.FICHA_MEDICA(ID, ID_PERSONA, ID_CENTRO_SALUD, ID_LUGAR, ESTADO, FECHA_INFECCION, FECHA_RECUPERACION) VALUES
                                             (673, '00673', 12, 27, 'desconido', NULL, NULL);
INSERT INTO EX.PADECIMIENTOS(ID_PATOLOGIA, ID_PERSONA, ID_FICHA_MEDICA) VALUES
                            (1, '00673', 673);
INSERT INTO EX.PADECIMIENTOS(ID_PATOLOGIA, ID_PERSONA, ID_FICHA_MEDICA) VALUES
                            (2, '00673', 673);
INSERT INTO EX.PADECIMIENTOS(ID_PATOLOGIA, ID_PERSONA, ID_FICHA_MEDICA) VALUES
                            (3, '00673', 673);
INSERT INTO EX.PADECIMIENTOS(ID_PATOLOGIA, ID_PERSONA, ID_FICHA_MEDICA) VALUES
                            (4, '00673', 673);
INSERT INTO EX.SINTOMAS(FECHA_INICIO, ID_SINTOMA, ID_PERSONA, ID_FICHA_MEDICA) VALUES
                            (TO_DATE('2020-05-22','YYYY-MM-DD'), 1, '00673', 673);
INSERT INTO EX.SINTOMAS(FECHA_INICIO, ID_SINTOMA, ID_PERSONA, ID_FICHA_MEDICA) VALUES
                            (TO_DATE('2020-05-31','YYYY-MM-DD'), 2, '00673', 673);
INSERT INTO EX.SINTOMAS(FECHA_INICIO, ID_SINTOMA, ID_PERSONA, ID_FICHA_MEDICA) VALUES
                            (TO_DATE('2020-05-31','YYYY-MM-DD'), 3, '00673', 673);
INSERT INTO EX.SINTOMAS(FECHA_INICIO, ID_SINTOMA, ID_PERSONA, ID_FICHA_MEDICA) VALUES
                            (TO_DATE('2020-03-06','YYYY-MM-DD'), 4, '00673', 673);
INSERT INTO EX.SINTOMAS(FECHA_INICIO, ID_SINTOMA, ID_PERSONA, ID_FICHA_MEDICA) VALUES
                            (TO_DATE('2020-02-26','YYYY-MM-DD'), 5, '00673', 673);
INSERT INTO EX.SINTOMAS(FECHA_INICIO, ID_SINTOMA, ID_PERSONA, ID_FICHA_MEDICA) VALUES
                            (TO_DATE('2020-03-16','YYYY-MM-DD'), 6, '00673', 673);
INSERT INTO EX.SINTOMAS(FECHA_INICIO, ID_SINTOMA, ID_PERSONA, ID_FICHA_MEDICA) VALUES
                            (TO_DATE('2020-01-10','YYYY-MM-DD'), 7, '00673', 673);
INSERT INTO EX.SINTOMAS(FECHA_INICIO, ID_SINTOMA, ID_PERSONA, ID_FICHA_MEDICA) VALUES
                            (TO_DATE('2020-05-28','YYYY-MM-DD'), 8, '00673', 673);
INSERT INTO EX.SINTOMAS(FECHA_INICIO, ID_SINTOMA, ID_PERSONA, ID_FICHA_MEDICA) VALUES
                            (TO_DATE('2020-03-09','YYYY-MM-DD'), 9, '00673', 673);
INSERT INTO EX.SINTOMAS(FECHA_INICIO, ID_SINTOMA, ID_PERSONA, ID_FICHA_MEDICA) VALUES
                            (TO_DATE('2020-06-23','YYYY-MM-DD'), 10, '00673', 673);
INSERT INTO EX.SINTOMAS(FECHA_INICIO, ID_SINTOMA, ID_PERSONA, ID_FICHA_MEDICA) VALUES
                            (TO_DATE('2020-03-22','YYYY-MM-DD'), 11, '00673', 673);
INSERT INTO EX.SINTOMAS(FECHA_INICIO, ID_SINTOMA, ID_PERSONA, ID_FICHA_MEDICA) VALUES
                            (TO_DATE('2020-05-16','YYYY-MM-DD'), 12, '00673', 673);
INSERT INTO EX.SINTOMAS(FECHA_INICIO, ID_SINTOMA, ID_PERSONA, ID_FICHA_MEDICA) VALUES
                            (TO_DATE('2020-06-06','YYYY-MM-DD'), 13, '00673', 673);
INSERT INTO EX.PERSONA(DOC_IDENTIDAD, NOMBRE, NOMBRE1, APELLIDO, APELLIDO1, FECHA_NAC, GENERO, FOTO) VALUES
                  ('00674', 'Michael', 'Bradley', 'Lewis', 'Hahn', TO_DATE('2006-03-23','YYYY-MM-DD'), 'm', NULL);
INSERT INTO EX.HISTORICO_RESIDENCIA(FECHA_INICIO, ID_LUGAR, ID_PERSONA, FECHA_FIN) VALUES
                  (TO_DATE('1988-02-02','YYYY-MM-DD'), 29, '00674', NULL);
INSERT INTO EX.FICHA_MEDICA(ID, ID_PERSONA, ID_CENTRO_SALUD, ID_LUGAR, ESTADO, FECHA_INFECCION, FECHA_RECUPERACION) VALUES
                                             (674, '00674', 14, 29, 'desconido', NULL, NULL);
INSERT INTO EX.PADECIMIENTOS(ID_PATOLOGIA, ID_PERSONA, ID_FICHA_MEDICA) VALUES
                            (1, '00674', 674);
INSERT INTO EX.PERSONA(DOC_IDENTIDAD, NOMBRE, NOMBRE1, APELLIDO, APELLIDO1, FECHA_NAC, GENERO, FOTO) VALUES
                  ('00675', 'Alexandra', 'Benjamin', 'Evans', 'Monroe', TO_DATE('2004-07-11','YYYY-MM-DD'), 'f', NULL);
INSERT INTO EX.HISTORICO_RESIDENCIA(FECHA_INICIO, ID_LUGAR, ID_PERSONA, FECHA_FIN) VALUES
                  (TO_DATE('1992-08-01','YYYY-MM-DD'), 41, '00675', NULL);
INSERT INTO EX.FICHA_MEDICA(ID, ID_PERSONA, ID_CENTRO_SALUD, ID_LUGAR, ESTADO, FECHA_INFECCION, FECHA_RECUPERACION) VALUES
                                             (675, '00675', 26, 41, 'desconido', NULL, NULL);
INSERT INTO EX.PADECIMIENTOS(ID_PATOLOGIA, ID_PERSONA, ID_FICHA_MEDICA) VALUES
                            (1, '00675', 675);
INSERT INTO EX.PADECIMIENTOS(ID_PATOLOGIA, ID_PERSONA, ID_FICHA_MEDICA) VALUES
                            (2, '00675', 675);
INSERT INTO EX.PADECIMIENTOS(ID_PATOLOGIA, ID_PERSONA, ID_FICHA_MEDICA) VALUES
                            (3, '00675', 675);
INSERT INTO EX.PADECIMIENTOS(ID_PATOLOGIA, ID_PERSONA, ID_FICHA_MEDICA) VALUES
                            (4, '00675', 675);
INSERT INTO EX.PADECIMIENTOS(ID_PATOLOGIA, ID_PERSONA, ID_FICHA_MEDICA) VALUES
                            (5, '00675', 675);
INSERT INTO EX.PADECIMIENTOS(ID_PATOLOGIA, ID_PERSONA, ID_FICHA_MEDICA) VALUES
                            (6, '00675', 675);
INSERT INTO EX.PADECIMIENTOS(ID_PATOLOGIA, ID_PERSONA, ID_FICHA_MEDICA) VALUES
                            (7, '00675', 675);
INSERT INTO EX.PADECIMIENTOS(ID_PATOLOGIA, ID_PERSONA, ID_FICHA_MEDICA) VALUES
                            (8, '00675', 675);
INSERT INTO EX.PADECIMIENTOS(ID_PATOLOGIA, ID_PERSONA, ID_FICHA_MEDICA) VALUES
                            (9, '00675', 675);
INSERT INTO EX.PADECIMIENTOS(ID_PATOLOGIA, ID_PERSONA, ID_FICHA_MEDICA) VALUES
                            (10, '00675', 675);
INSERT INTO EX.PADECIMIENTOS(ID_PATOLOGIA, ID_PERSONA, ID_FICHA_MEDICA) VALUES
                            (11, '00675', 675);
INSERT INTO EX.PADECIMIENTOS(ID_PATOLOGIA, ID_PERSONA, ID_FICHA_MEDICA) VALUES
                            (12, '00675', 675);
INSERT INTO EX.PERSONA(DOC_IDENTIDAD, NOMBRE, NOMBRE1, APELLIDO, APELLIDO1, FECHA_NAC, GENERO, FOTO) VALUES
                  ('00676', 'Judith', 'Diana', 'Bridges', 'Cruz', TO_DATE('2007-05-19','YYYY-MM-DD'), 'm', NULL);
INSERT INTO EX.HISTORICO_RESIDENCIA(FECHA_INICIO, ID_LUGAR, ID_PERSONA, FECHA_FIN) VALUES
                  (TO_DATE('1997-09-12','YYYY-MM-DD'), 36, '00676', NULL);
INSERT INTO EX.FICHA_MEDICA(ID, ID_PERSONA, ID_CENTRO_SALUD, ID_LUGAR, ESTADO, FECHA_INFECCION, FECHA_RECUPERACION) VALUES
                                             (676, '00676', 21, 36, 'desconido', NULL, NULL);
INSERT INTO EX.SINTOMAS(FECHA_INICIO, ID_SINTOMA, ID_PERSONA, ID_FICHA_MEDICA) VALUES
                            (TO_DATE('2020-02-27','YYYY-MM-DD'), 1, '00676', 676);
INSERT INTO EX.SINTOMAS(FECHA_INICIO, ID_SINTOMA, ID_PERSONA, ID_FICHA_MEDICA) VALUES
                            (TO_DATE('2020-03-07','YYYY-MM-DD'), 2, '00676', 676);
INSERT INTO EX.SINTOMAS(FECHA_INICIO, ID_SINTOMA, ID_PERSONA, ID_FICHA_MEDICA) VALUES
                            (TO_DATE('2020-06-25','YYYY-MM-DD'), 3, '00676', 676);
INSERT INTO EX.SINTOMAS(FECHA_INICIO, ID_SINTOMA, ID_PERSONA, ID_FICHA_MEDICA) VALUES
                            (TO_DATE('2020-05-07','YYYY-MM-DD'), 4, '00676', 676);
INSERT INTO EX.SINTOMAS(FECHA_INICIO, ID_SINTOMA, ID_PERSONA, ID_FICHA_MEDICA) VALUES
                            (TO_DATE('2020-05-10','YYYY-MM-DD'), 5, '00676', 676);
INSERT INTO EX.SINTOMAS(FECHA_INICIO, ID_SINTOMA, ID_PERSONA, ID_FICHA_MEDICA) VALUES
                            (TO_DATE('2020-04-24','YYYY-MM-DD'), 6, '00676', 676);
INSERT INTO EX.SINTOMAS(FECHA_INICIO, ID_SINTOMA, ID_PERSONA, ID_FICHA_MEDICA) VALUES
                            (TO_DATE('2020-01-15','YYYY-MM-DD'), 7, '00676', 676);
INSERT INTO EX.SINTOMAS(FECHA_INICIO, ID_SINTOMA, ID_PERSONA, ID_FICHA_MEDICA) VALUES
                            (TO_DATE('2020-03-22','YYYY-MM-DD'), 8, '00676', 676);
INSERT INTO EX.SINTOMAS(FECHA_INICIO, ID_SINTOMA, ID_PERSONA, ID_FICHA_MEDICA) VALUES
                            (TO_DATE('2020-02-24','YYYY-MM-DD'), 9, '00676', 676);
INSERT INTO EX.SINTOMAS(FECHA_INICIO, ID_SINTOMA, ID_PERSONA, ID_FICHA_MEDICA) VALUES
                            (TO_DATE('2020-02-26','YYYY-MM-DD'), 10, '00676', 676);
INSERT INTO EX.SINTOMAS(FECHA_INICIO, ID_SINTOMA, ID_PERSONA, ID_FICHA_MEDICA) VALUES
                            (TO_DATE('2020-02-04','YYYY-MM-DD'), 11, '00676', 676);
INSERT INTO EX.SINTOMAS(FECHA_INICIO, ID_SINTOMA, ID_PERSONA, ID_FICHA_MEDICA) VALUES
                            (TO_DATE('2020-04-16','YYYY-MM-DD'), 12, '00676', 676);
INSERT INTO EX.SINTOMAS(FECHA_INICIO, ID_SINTOMA, ID_PERSONA, ID_FICHA_MEDICA) VALUES
                            (TO_DATE('2020-01-08','YYYY-MM-DD'), 13, '00676', 676);
INSERT INTO EX.SINTOMAS(FECHA_INICIO, ID_SINTOMA, ID_PERSONA, ID_FICHA_MEDICA) VALUES
                            (TO_DATE('2020-01-03','YYYY-MM-DD'), 14, '00676', 676);
INSERT INTO EX.SINTOMAS(FECHA_INICIO, ID_SINTOMA, ID_PERSONA, ID_FICHA_MEDICA) VALUES
                            (TO_DATE('2020-01-27','YYYY-MM-DD'), 15, '00676', 676);
INSERT INTO EX.SINTOMAS(FECHA_INICIO, ID_SINTOMA, ID_PERSONA, ID_FICHA_MEDICA) VALUES
                            (TO_DATE('2020-06-23','YYYY-MM-DD'), 16, '00676', 676);
INSERT INTO EX.SINTOMAS(FECHA_INICIO, ID_SINTOMA, ID_PERSONA, ID_FICHA_MEDICA) VALUES
                            (TO_DATE('2020-06-23','YYYY-MM-DD'), 17, '00676', 676);
INSERT INTO EX.SINTOMAS(FECHA_INICIO, ID_SINTOMA, ID_PERSONA, ID_FICHA_MEDICA) VALUES
                            (TO_DATE('2020-05-15','YYYY-MM-DD'), 18, '00676', 676);
INSERT INTO EX.PERSONA(DOC_IDENTIDAD, NOMBRE, NOMBRE1, APELLIDO, APELLIDO1, FECHA_NAC, GENERO, FOTO) VALUES
                  ('00677', 'Michael', 'Brandon', 'Jarvis', 'Nguyen', TO_DATE('1993-02-28','YYYY-MM-DD'), 'f', NULL);
INSERT INTO EX.HISTORICO_RESIDENCIA(FECHA_INICIO, ID_LUGAR, ID_PERSONA, FECHA_FIN) VALUES
                  (TO_DATE('1974-02-24','YYYY-MM-DD'), 25, '00677', NULL);
INSERT INTO EX.FICHA_MEDICA(ID, ID_PERSONA, ID_CENTRO_SALUD, ID_LUGAR, ESTADO, FECHA_INFECCION, FECHA_RECUPERACION) VALUES
                                             (677, '00677', 10, 25, 'desconido', NULL, NULL);
INSERT INTO EX.PADECIMIENTOS(ID_PATOLOGIA, ID_PERSONA, ID_FICHA_MEDICA) VALUES
                            (1, '00677', 677);
INSERT INTO EX.PADECIMIENTOS(ID_PATOLOGIA, ID_PERSONA, ID_FICHA_MEDICA) VALUES
                            (2, '00677', 677);
INSERT INTO EX.PADECIMIENTOS(ID_PATOLOGIA, ID_PERSONA, ID_FICHA_MEDICA) VALUES
                            (3, '00677', 677);
INSERT INTO EX.PADECIMIENTOS(ID_PATOLOGIA, ID_PERSONA, ID_FICHA_MEDICA) VALUES
                            (4, '00677', 677);
INSERT INTO EX.PADECIMIENTOS(ID_PATOLOGIA, ID_PERSONA, ID_FICHA_MEDICA) VALUES
                            (5, '00677', 677);
INSERT INTO EX.PADECIMIENTOS(ID_PATOLOGIA, ID_PERSONA, ID_FICHA_MEDICA) VALUES
                            (6, '00677', 677);
INSERT INTO EX.PADECIMIENTOS(ID_PATOLOGIA, ID_PERSONA, ID_FICHA_MEDICA) VALUES
                            (7, '00677', 677);
INSERT INTO EX.PADECIMIENTOS(ID_PATOLOGIA, ID_PERSONA, ID_FICHA_MEDICA) VALUES
                            (8, '00677', 677);
INSERT INTO EX.PADECIMIENTOS(ID_PATOLOGIA, ID_PERSONA, ID_FICHA_MEDICA) VALUES
                            (9, '00677', 677);
INSERT INTO EX.PADECIMIENTOS(ID_PATOLOGIA, ID_PERSONA, ID_FICHA_MEDICA) VALUES
                            (10, '00677', 677);
INSERT INTO EX.PADECIMIENTOS(ID_PATOLOGIA, ID_PERSONA, ID_FICHA_MEDICA) VALUES
                            (11, '00677', 677);
INSERT INTO EX.PADECIMIENTOS(ID_PATOLOGIA, ID_PERSONA, ID_FICHA_MEDICA) VALUES
                            (12, '00677', 677);
INSERT INTO EX.PADECIMIENTOS(ID_PATOLOGIA, ID_PERSONA, ID_FICHA_MEDICA) VALUES
                            (13, '00677', 677);
INSERT INTO EX.SINTOMAS(FECHA_INICIO, ID_SINTOMA, ID_PERSONA, ID_FICHA_MEDICA) VALUES
                            (TO_DATE('2020-06-02','YYYY-MM-DD'), 1, '00677', 677);
INSERT INTO EX.SINTOMAS(FECHA_INICIO, ID_SINTOMA, ID_PERSONA, ID_FICHA_MEDICA) VALUES
                            (TO_DATE('2020-02-17','YYYY-MM-DD'), 2, '00677', 677);
INSERT INTO EX.SINTOMAS(FECHA_INICIO, ID_SINTOMA, ID_PERSONA, ID_FICHA_MEDICA) VALUES
                            (TO_DATE('2020-02-27','YYYY-MM-DD'), 3, '00677', 677);
INSERT INTO EX.SINTOMAS(FECHA_INICIO, ID_SINTOMA, ID_PERSONA, ID_FICHA_MEDICA) VALUES
                            (TO_DATE('2020-02-19','YYYY-MM-DD'), 4, '00677', 677);
INSERT INTO EX.SINTOMAS(FECHA_INICIO, ID_SINTOMA, ID_PERSONA, ID_FICHA_MEDICA) VALUES
                            (TO_DATE('2020-02-13','YYYY-MM-DD'), 5, '00677', 677);
INSERT INTO EX.SINTOMAS(FECHA_INICIO, ID_SINTOMA, ID_PERSONA, ID_FICHA_MEDICA) VALUES
                            (TO_DATE('2020-06-10','YYYY-MM-DD'), 6, '00677', 677);
INSERT INTO EX.PERSONA(DOC_IDENTIDAD, NOMBRE, NOMBRE1, APELLIDO, APELLIDO1, FECHA_NAC, GENERO, FOTO) VALUES
                  ('00678', 'Jeffrey', 'James', 'Patterson', 'Mcguire', TO_DATE('2013-12-03','YYYY-MM-DD'), 'm', NULL);
INSERT INTO EX.HISTORICO_RESIDENCIA(FECHA_INICIO, ID_LUGAR, ID_PERSONA, FECHA_FIN) VALUES
                  (TO_DATE('2016-11-08','YYYY-MM-DD'), 35, '00678', NULL);
INSERT INTO EX.FICHA_MEDICA(ID, ID_PERSONA, ID_CENTRO_SALUD, ID_LUGAR, ESTADO, FECHA_INFECCION, FECHA_RECUPERACION) VALUES
                                             (678, '00678', 20, 35, 'desconido', NULL, NULL);
INSERT INTO EX.PADECIMIENTOS(ID_PATOLOGIA, ID_PERSONA, ID_FICHA_MEDICA) VALUES
                            (1, '00678', 678);
INSERT INTO EX.PADECIMIENTOS(ID_PATOLOGIA, ID_PERSONA, ID_FICHA_MEDICA) VALUES
                            (2, '00678', 678);
INSERT INTO EX.PADECIMIENTOS(ID_PATOLOGIA, ID_PERSONA, ID_FICHA_MEDICA) VALUES
                            (3, '00678', 678);
INSERT INTO EX.PADECIMIENTOS(ID_PATOLOGIA, ID_PERSONA, ID_FICHA_MEDICA) VALUES
                            (4, '00678', 678);
INSERT INTO EX.PADECIMIENTOS(ID_PATOLOGIA, ID_PERSONA, ID_FICHA_MEDICA) VALUES
                            (5, '00678', 678);
INSERT INTO EX.PADECIMIENTOS(ID_PATOLOGIA, ID_PERSONA, ID_FICHA_MEDICA) VALUES
                            (6, '00678', 678);
INSERT INTO EX.PADECIMIENTOS(ID_PATOLOGIA, ID_PERSONA, ID_FICHA_MEDICA) VALUES
                            (7, '00678', 678);
INSERT INTO EX.PERSONA(DOC_IDENTIDAD, NOMBRE, NOMBRE1, APELLIDO, APELLIDO1, FECHA_NAC, GENERO, FOTO) VALUES
                  ('00679', 'Jeanette', 'Roger', 'Johnson', 'Miller', TO_DATE('1979-03-25','YYYY-MM-DD'), 'f', NULL);
INSERT INTO EX.HISTORICO_RESIDENCIA(FECHA_INICIO, ID_LUGAR, ID_PERSONA, FECHA_FIN) VALUES
                  (TO_DATE('2009-05-12','YYYY-MM-DD'), 22, '00679', NULL);
INSERT INTO EX.FICHA_MEDICA(ID, ID_PERSONA, ID_CENTRO_SALUD, ID_LUGAR, ESTADO, FECHA_INFECCION, FECHA_RECUPERACION) VALUES
                                             (679, '00679', 7, 22, 'desconido', NULL, NULL);
INSERT INTO EX.PADECIMIENTOS(ID_PATOLOGIA, ID_PERSONA, ID_FICHA_MEDICA) VALUES
                            (1, '00679', 679);
INSERT INTO EX.PADECIMIENTOS(ID_PATOLOGIA, ID_PERSONA, ID_FICHA_MEDICA) VALUES
                            (2, '00679', 679);
INSERT INTO EX.PADECIMIENTOS(ID_PATOLOGIA, ID_PERSONA, ID_FICHA_MEDICA) VALUES
                            (3, '00679', 679);
INSERT INTO EX.PADECIMIENTOS(ID_PATOLOGIA, ID_PERSONA, ID_FICHA_MEDICA) VALUES
                            (4, '00679', 679);
INSERT INTO EX.PADECIMIENTOS(ID_PATOLOGIA, ID_PERSONA, ID_FICHA_MEDICA) VALUES
                            (5, '00679', 679);
INSERT INTO EX.PADECIMIENTOS(ID_PATOLOGIA, ID_PERSONA, ID_FICHA_MEDICA) VALUES
                            (6, '00679', 679);
INSERT INTO EX.PADECIMIENTOS(ID_PATOLOGIA, ID_PERSONA, ID_FICHA_MEDICA) VALUES
                            (7, '00679', 679);
INSERT INTO EX.PADECIMIENTOS(ID_PATOLOGIA, ID_PERSONA, ID_FICHA_MEDICA) VALUES
                            (8, '00679', 679);
INSERT INTO EX.PADECIMIENTOS(ID_PATOLOGIA, ID_PERSONA, ID_FICHA_MEDICA) VALUES
                            (9, '00679', 679);
INSERT INTO EX.PADECIMIENTOS(ID_PATOLOGIA, ID_PERSONA, ID_FICHA_MEDICA) VALUES
                            (10, '00679', 679);
INSERT INTO EX.PADECIMIENTOS(ID_PATOLOGIA, ID_PERSONA, ID_FICHA_MEDICA) VALUES
                            (11, '00679', 679);
INSERT INTO EX.PADECIMIENTOS(ID_PATOLOGIA, ID_PERSONA, ID_FICHA_MEDICA) VALUES
                            (12, '00679', 679);
INSERT INTO EX.PADECIMIENTOS(ID_PATOLOGIA, ID_PERSONA, ID_FICHA_MEDICA) VALUES
                            (13, '00679', 679);
INSERT INTO EX.PADECIMIENTOS(ID_PATOLOGIA, ID_PERSONA, ID_FICHA_MEDICA) VALUES
                            (14, '00679', 679);
INSERT INTO EX.PERSONA(DOC_IDENTIDAD, NOMBRE, NOMBRE1, APELLIDO, APELLIDO1, FECHA_NAC, GENERO, FOTO) VALUES
                  ('00680', 'Chelsea', 'Ryan', 'Acosta', 'Mendoza', TO_DATE('1976-12-27','YYYY-MM-DD'), 'm', NULL);
INSERT INTO EX.HISTORICO_RESIDENCIA(FECHA_INICIO, ID_LUGAR, ID_PERSONA, FECHA_FIN) VALUES
                  (TO_DATE('1993-03-05','YYYY-MM-DD'), 33, '00680', NULL);
INSERT INTO EX.FICHA_MEDICA(ID, ID_PERSONA, ID_CENTRO_SALUD, ID_LUGAR, ESTADO, FECHA_INFECCION, FECHA_RECUPERACION) VALUES
                                             (680, '00680', 18, 33, 'desconido', NULL, NULL);
INSERT INTO EX.PADECIMIENTOS(ID_PATOLOGIA, ID_PERSONA, ID_FICHA_MEDICA) VALUES
                            (1, '00680', 680);
INSERT INTO EX.PADECIMIENTOS(ID_PATOLOGIA, ID_PERSONA, ID_FICHA_MEDICA) VALUES
                            (2, '00680', 680);
INSERT INTO EX.PADECIMIENTOS(ID_PATOLOGIA, ID_PERSONA, ID_FICHA_MEDICA) VALUES
                            (3, '00680', 680);
INSERT INTO EX.PADECIMIENTOS(ID_PATOLOGIA, ID_PERSONA, ID_FICHA_MEDICA) VALUES
                            (4, '00680', 680);
INSERT INTO EX.PERSONA(DOC_IDENTIDAD, NOMBRE, NOMBRE1, APELLIDO, APELLIDO1, FECHA_NAC, GENERO, FOTO) VALUES
                  ('00681', 'Daniel', 'Amy', 'Smith', 'Brown', TO_DATE('2012-10-01','YYYY-MM-DD'), 'f', NULL);
INSERT INTO EX.HISTORICO_RESIDENCIA(FECHA_INICIO, ID_LUGAR, ID_PERSONA, FECHA_FIN) VALUES
                  (TO_DATE('2008-09-22','YYYY-MM-DD'), 40, '00681', NULL);
INSERT INTO EX.FICHA_MEDICA(ID, ID_PERSONA, ID_CENTRO_SALUD, ID_LUGAR, ESTADO, FECHA_INFECCION, FECHA_RECUPERACION) VALUES
                                             (681, '00681', 25, 40, 'desconido', NULL, NULL);
INSERT INTO EX.PADECIMIENTOS(ID_PATOLOGIA, ID_PERSONA, ID_FICHA_MEDICA) VALUES
                            (1, '00681', 681);
INSERT INTO EX.PADECIMIENTOS(ID_PATOLOGIA, ID_PERSONA, ID_FICHA_MEDICA) VALUES
                            (2, '00681', 681);
INSERT INTO EX.PADECIMIENTOS(ID_PATOLOGIA, ID_PERSONA, ID_FICHA_MEDICA) VALUES
                            (3, '00681', 681);
INSERT INTO EX.PADECIMIENTOS(ID_PATOLOGIA, ID_PERSONA, ID_FICHA_MEDICA) VALUES
                            (4, '00681', 681);
INSERT INTO EX.PADECIMIENTOS(ID_PATOLOGIA, ID_PERSONA, ID_FICHA_MEDICA) VALUES
                            (5, '00681', 681);
INSERT INTO EX.PADECIMIENTOS(ID_PATOLOGIA, ID_PERSONA, ID_FICHA_MEDICA) VALUES
                            (6, '00681', 681);
INSERT INTO EX.PADECIMIENTOS(ID_PATOLOGIA, ID_PERSONA, ID_FICHA_MEDICA) VALUES
                            (7, '00681', 681);
INSERT INTO EX.PADECIMIENTOS(ID_PATOLOGIA, ID_PERSONA, ID_FICHA_MEDICA) VALUES
                            (8, '00681', 681);
INSERT INTO EX.PADECIMIENTOS(ID_PATOLOGIA, ID_PERSONA, ID_FICHA_MEDICA) VALUES
                            (9, '00681', 681);
INSERT INTO EX.PERSONA(DOC_IDENTIDAD, NOMBRE, NOMBRE1, APELLIDO, APELLIDO1, FECHA_NAC, GENERO, FOTO) VALUES
                  ('00682', 'Gordon', 'Jason', 'Galloway', 'Davenport', TO_DATE('1981-03-11','YYYY-MM-DD'), 'm', NULL);
INSERT INTO EX.HISTORICO_RESIDENCIA(FECHA_INICIO, ID_LUGAR, ID_PERSONA, FECHA_FIN) VALUES
                  (TO_DATE('1972-03-01','YYYY-MM-DD'), 26, '00682', NULL);
INSERT INTO EX.FICHA_MEDICA(ID, ID_PERSONA, ID_CENTRO_SALUD, ID_LUGAR, ESTADO, FECHA_INFECCION, FECHA_RECUPERACION) VALUES
                                             (682, '00682', 11, 26, 'desconido', NULL, NULL);
INSERT INTO EX.SINTOMAS(FECHA_INICIO, ID_SINTOMA, ID_PERSONA, ID_FICHA_MEDICA) VALUES
                            (TO_DATE('2020-02-08','YYYY-MM-DD'), 1, '00682', 682);
INSERT INTO EX.SINTOMAS(FECHA_INICIO, ID_SINTOMA, ID_PERSONA, ID_FICHA_MEDICA) VALUES
                            (TO_DATE('2020-06-17','YYYY-MM-DD'), 2, '00682', 682);
INSERT INTO EX.SINTOMAS(FECHA_INICIO, ID_SINTOMA, ID_PERSONA, ID_FICHA_MEDICA) VALUES
                            (TO_DATE('2020-06-28','YYYY-MM-DD'), 3, '00682', 682);
INSERT INTO EX.SINTOMAS(FECHA_INICIO, ID_SINTOMA, ID_PERSONA, ID_FICHA_MEDICA) VALUES
                            (TO_DATE('2020-01-15','YYYY-MM-DD'), 4, '00682', 682);
INSERT INTO EX.SINTOMAS(FECHA_INICIO, ID_SINTOMA, ID_PERSONA, ID_FICHA_MEDICA) VALUES
                            (TO_DATE('2020-03-28','YYYY-MM-DD'), 5, '00682', 682);
INSERT INTO EX.SINTOMAS(FECHA_INICIO, ID_SINTOMA, ID_PERSONA, ID_FICHA_MEDICA) VALUES
                            (TO_DATE('2020-05-30','YYYY-MM-DD'), 6, '00682', 682);
INSERT INTO EX.SINTOMAS(FECHA_INICIO, ID_SINTOMA, ID_PERSONA, ID_FICHA_MEDICA) VALUES
                            (TO_DATE('2020-03-22','YYYY-MM-DD'), 7, '00682', 682);
INSERT INTO EX.SINTOMAS(FECHA_INICIO, ID_SINTOMA, ID_PERSONA, ID_FICHA_MEDICA) VALUES
                            (TO_DATE('2020-05-13','YYYY-MM-DD'), 8, '00682', 682);
INSERT INTO EX.SINTOMAS(FECHA_INICIO, ID_SINTOMA, ID_PERSONA, ID_FICHA_MEDICA) VALUES
                            (TO_DATE('2020-03-30','YYYY-MM-DD'), 9, '00682', 682);
INSERT INTO EX.SINTOMAS(FECHA_INICIO, ID_SINTOMA, ID_PERSONA, ID_FICHA_MEDICA) VALUES
                            (TO_DATE('2020-02-27','YYYY-MM-DD'), 10, '00682', 682);
INSERT INTO EX.SINTOMAS(FECHA_INICIO, ID_SINTOMA, ID_PERSONA, ID_FICHA_MEDICA) VALUES
                            (TO_DATE('2020-01-06','YYYY-MM-DD'), 11, '00682', 682);
INSERT INTO EX.SINTOMAS(FECHA_INICIO, ID_SINTOMA, ID_PERSONA, ID_FICHA_MEDICA) VALUES
                            (TO_DATE('2020-04-20','YYYY-MM-DD'), 12, '00682', 682);
INSERT INTO EX.SINTOMAS(FECHA_INICIO, ID_SINTOMA, ID_PERSONA, ID_FICHA_MEDICA) VALUES
                            (TO_DATE('2020-03-20','YYYY-MM-DD'), 13, '00682', 682);
INSERT INTO EX.SINTOMAS(FECHA_INICIO, ID_SINTOMA, ID_PERSONA, ID_FICHA_MEDICA) VALUES
                            (TO_DATE('2020-06-26','YYYY-MM-DD'), 14, '00682', 682);
INSERT INTO EX.SINTOMAS(FECHA_INICIO, ID_SINTOMA, ID_PERSONA, ID_FICHA_MEDICA) VALUES
                            (TO_DATE('2020-06-24','YYYY-MM-DD'), 15, '00682', 682);
INSERT INTO EX.SINTOMAS(FECHA_INICIO, ID_SINTOMA, ID_PERSONA, ID_FICHA_MEDICA) VALUES
                            (TO_DATE('2020-01-15','YYYY-MM-DD'), 16, '00682', 682);
INSERT INTO EX.PERSONA(DOC_IDENTIDAD, NOMBRE, NOMBRE1, APELLIDO, APELLIDO1, FECHA_NAC, GENERO, FOTO) VALUES
                  ('00683', 'Jose', 'Stephanie', 'Rodriguez', 'Lambert', TO_DATE('1976-08-04','YYYY-MM-DD'), 'f', NULL);
INSERT INTO EX.HISTORICO_RESIDENCIA(FECHA_INICIO, ID_LUGAR, ID_PERSONA, FECHA_FIN) VALUES
                  (TO_DATE('2010-05-29','YYYY-MM-DD'), 21, '00683', NULL);
INSERT INTO EX.FICHA_MEDICA(ID, ID_PERSONA, ID_CENTRO_SALUD, ID_LUGAR, ESTADO, FECHA_INFECCION, FECHA_RECUPERACION) VALUES
                                             (683, '00683', 6, 21, 'desconido', NULL, NULL);
INSERT INTO EX.PADECIMIENTOS(ID_PATOLOGIA, ID_PERSONA, ID_FICHA_MEDICA) VALUES
                            (1, '00683', 683);
INSERT INTO EX.PADECIMIENTOS(ID_PATOLOGIA, ID_PERSONA, ID_FICHA_MEDICA) VALUES
                            (2, '00683', 683);
INSERT INTO EX.PADECIMIENTOS(ID_PATOLOGIA, ID_PERSONA, ID_FICHA_MEDICA) VALUES
                            (3, '00683', 683);
INSERT INTO EX.PADECIMIENTOS(ID_PATOLOGIA, ID_PERSONA, ID_FICHA_MEDICA) VALUES
                            (4, '00683', 683);
INSERT INTO EX.PADECIMIENTOS(ID_PATOLOGIA, ID_PERSONA, ID_FICHA_MEDICA) VALUES
                            (5, '00683', 683);
INSERT INTO EX.PADECIMIENTOS(ID_PATOLOGIA, ID_PERSONA, ID_FICHA_MEDICA) VALUES
                            (6, '00683', 683);
INSERT INTO EX.PADECIMIENTOS(ID_PATOLOGIA, ID_PERSONA, ID_FICHA_MEDICA) VALUES
                            (7, '00683', 683);
INSERT INTO EX.PADECIMIENTOS(ID_PATOLOGIA, ID_PERSONA, ID_FICHA_MEDICA) VALUES
                            (8, '00683', 683);
INSERT INTO EX.PADECIMIENTOS(ID_PATOLOGIA, ID_PERSONA, ID_FICHA_MEDICA) VALUES
                            (9, '00683', 683);
INSERT INTO EX.PADECIMIENTOS(ID_PATOLOGIA, ID_PERSONA, ID_FICHA_MEDICA) VALUES
                            (10, '00683', 683);
INSERT INTO EX.PADECIMIENTOS(ID_PATOLOGIA, ID_PERSONA, ID_FICHA_MEDICA) VALUES
                            (11, '00683', 683);
INSERT INTO EX.PADECIMIENTOS(ID_PATOLOGIA, ID_PERSONA, ID_FICHA_MEDICA) VALUES
                            (12, '00683', 683);
INSERT INTO EX.SINTOMAS(FECHA_INICIO, ID_SINTOMA, ID_PERSONA, ID_FICHA_MEDICA) VALUES
                            (TO_DATE('2020-04-20','YYYY-MM-DD'), 1, '00683', 683);
INSERT INTO EX.SINTOMAS(FECHA_INICIO, ID_SINTOMA, ID_PERSONA, ID_FICHA_MEDICA) VALUES
                            (TO_DATE('2020-04-21','YYYY-MM-DD'), 2, '00683', 683);
INSERT INTO EX.SINTOMAS(FECHA_INICIO, ID_SINTOMA, ID_PERSONA, ID_FICHA_MEDICA) VALUES
                            (TO_DATE('2020-03-19','YYYY-MM-DD'), 3, '00683', 683);
INSERT INTO EX.SINTOMAS(FECHA_INICIO, ID_SINTOMA, ID_PERSONA, ID_FICHA_MEDICA) VALUES
                            (TO_DATE('2020-03-09','YYYY-MM-DD'), 4, '00683', 683);
INSERT INTO EX.SINTOMAS(FECHA_INICIO, ID_SINTOMA, ID_PERSONA, ID_FICHA_MEDICA) VALUES
                            (TO_DATE('2020-04-24','YYYY-MM-DD'), 5, '00683', 683);
INSERT INTO EX.SINTOMAS(FECHA_INICIO, ID_SINTOMA, ID_PERSONA, ID_FICHA_MEDICA) VALUES
                            (TO_DATE('2020-06-14','YYYY-MM-DD'), 6, '00683', 683);
INSERT INTO EX.SINTOMAS(FECHA_INICIO, ID_SINTOMA, ID_PERSONA, ID_FICHA_MEDICA) VALUES
                            (TO_DATE('2020-02-15','YYYY-MM-DD'), 7, '00683', 683);
INSERT INTO EX.SINTOMAS(FECHA_INICIO, ID_SINTOMA, ID_PERSONA, ID_FICHA_MEDICA) VALUES
                            (TO_DATE('2020-02-15','YYYY-MM-DD'), 8, '00683', 683);
INSERT INTO EX.SINTOMAS(FECHA_INICIO, ID_SINTOMA, ID_PERSONA, ID_FICHA_MEDICA) VALUES
                            (TO_DATE('2020-05-13','YYYY-MM-DD'), 9, '00683', 683);
INSERT INTO EX.SINTOMAS(FECHA_INICIO, ID_SINTOMA, ID_PERSONA, ID_FICHA_MEDICA) VALUES
                            (TO_DATE('2020-04-18','YYYY-MM-DD'), 10, '00683', 683);
INSERT INTO EX.SINTOMAS(FECHA_INICIO, ID_SINTOMA, ID_PERSONA, ID_FICHA_MEDICA) VALUES
                            (TO_DATE('2020-05-21','YYYY-MM-DD'), 11, '00683', 683);
INSERT INTO EX.SINTOMAS(FECHA_INICIO, ID_SINTOMA, ID_PERSONA, ID_FICHA_MEDICA) VALUES
                            (TO_DATE('2020-01-09','YYYY-MM-DD'), 12, '00683', 683);
INSERT INTO EX.SINTOMAS(FECHA_INICIO, ID_SINTOMA, ID_PERSONA, ID_FICHA_MEDICA) VALUES
                            (TO_DATE('2020-04-11','YYYY-MM-DD'), 13, '00683', 683);
INSERT INTO EX.SINTOMAS(FECHA_INICIO, ID_SINTOMA, ID_PERSONA, ID_FICHA_MEDICA) VALUES
                            (TO_DATE('2020-03-24','YYYY-MM-DD'), 14, '00683', 683);
INSERT INTO EX.SINTOMAS(FECHA_INICIO, ID_SINTOMA, ID_PERSONA, ID_FICHA_MEDICA) VALUES
                            (TO_DATE('2020-06-12','YYYY-MM-DD'), 15, '00683', 683);
INSERT INTO EX.SINTOMAS(FECHA_INICIO, ID_SINTOMA, ID_PERSONA, ID_FICHA_MEDICA) VALUES
                            (TO_DATE('2020-03-29','YYYY-MM-DD'), 16, '00683', 683);
INSERT INTO EX.SINTOMAS(FECHA_INICIO, ID_SINTOMA, ID_PERSONA, ID_FICHA_MEDICA) VALUES
                            (TO_DATE('2020-01-11','YYYY-MM-DD'), 17, '00683', 683);
INSERT INTO EX.PERSONA(DOC_IDENTIDAD, NOMBRE, NOMBRE1, APELLIDO, APELLIDO1, FECHA_NAC, GENERO, FOTO) VALUES
                  ('00684', 'Megan', 'David', 'Keller', 'Gregory', TO_DATE('1970-03-20','YYYY-MM-DD'), 'm', NULL);
INSERT INTO EX.HISTORICO_RESIDENCIA(FECHA_INICIO, ID_LUGAR, ID_PERSONA, FECHA_FIN) VALUES
                  (TO_DATE('1985-09-06','YYYY-MM-DD'), 20, '00684', NULL);
INSERT INTO EX.FICHA_MEDICA(ID, ID_PERSONA, ID_CENTRO_SALUD, ID_LUGAR, ESTADO, FECHA_INFECCION, FECHA_RECUPERACION) VALUES
                                             (684, '00684', 5, 20, 'desconido', NULL, NULL);
INSERT INTO EX.SINTOMAS(FECHA_INICIO, ID_SINTOMA, ID_PERSONA, ID_FICHA_MEDICA) VALUES
                            (TO_DATE('2020-05-25','YYYY-MM-DD'), 1, '00684', 684);
INSERT INTO EX.SINTOMAS(FECHA_INICIO, ID_SINTOMA, ID_PERSONA, ID_FICHA_MEDICA) VALUES
                            (TO_DATE('2020-05-18','YYYY-MM-DD'), 2, '00684', 684);
INSERT INTO EX.SINTOMAS(FECHA_INICIO, ID_SINTOMA, ID_PERSONA, ID_FICHA_MEDICA) VALUES
                            (TO_DATE('2020-06-25','YYYY-MM-DD'), 3, '00684', 684);
INSERT INTO EX.SINTOMAS(FECHA_INICIO, ID_SINTOMA, ID_PERSONA, ID_FICHA_MEDICA) VALUES
                            (TO_DATE('2020-02-02','YYYY-MM-DD'), 4, '00684', 684);
INSERT INTO EX.SINTOMAS(FECHA_INICIO, ID_SINTOMA, ID_PERSONA, ID_FICHA_MEDICA) VALUES
                            (TO_DATE('2020-01-09','YYYY-MM-DD'), 5, '00684', 684);
INSERT INTO EX.SINTOMAS(FECHA_INICIO, ID_SINTOMA, ID_PERSONA, ID_FICHA_MEDICA) VALUES
                            (TO_DATE('2020-03-10','YYYY-MM-DD'), 6, '00684', 684);
INSERT INTO EX.SINTOMAS(FECHA_INICIO, ID_SINTOMA, ID_PERSONA, ID_FICHA_MEDICA) VALUES
                            (TO_DATE('2020-04-25','YYYY-MM-DD'), 7, '00684', 684);
INSERT INTO EX.PERSONA(DOC_IDENTIDAD, NOMBRE, NOMBRE1, APELLIDO, APELLIDO1, FECHA_NAC, GENERO, FOTO) VALUES
                  ('00685', 'Dan', 'Robin', 'Lara', 'Cox', TO_DATE('1979-09-30','YYYY-MM-DD'), 'f', NULL);
INSERT INTO EX.HISTORICO_RESIDENCIA(FECHA_INICIO, ID_LUGAR, ID_PERSONA, FECHA_FIN) VALUES
                  (TO_DATE('2002-05-01','YYYY-MM-DD'), 34, '00685', NULL);
INSERT INTO EX.FICHA_MEDICA(ID, ID_PERSONA, ID_CENTRO_SALUD, ID_LUGAR, ESTADO, FECHA_INFECCION, FECHA_RECUPERACION) VALUES
                                             (685, '00685', 19, 34, 'desconido', NULL, NULL);
INSERT INTO EX.SINTOMAS(FECHA_INICIO, ID_SINTOMA, ID_PERSONA, ID_FICHA_MEDICA) VALUES
                            (TO_DATE('2020-05-17','YYYY-MM-DD'), 1, '00685', 685);
INSERT INTO EX.SINTOMAS(FECHA_INICIO, ID_SINTOMA, ID_PERSONA, ID_FICHA_MEDICA) VALUES
                            (TO_DATE('2020-04-26','YYYY-MM-DD'), 2, '00685', 685);
INSERT INTO EX.PERSONA(DOC_IDENTIDAD, NOMBRE, NOMBRE1, APELLIDO, APELLIDO1, FECHA_NAC, GENERO, FOTO) VALUES
                  ('00686', 'Daniel', 'Valerie', 'Williams', 'Clark', TO_DATE('1970-04-14','YYYY-MM-DD'), 'm', NULL);
INSERT INTO EX.HISTORICO_RESIDENCIA(FECHA_INICIO, ID_LUGAR, ID_PERSONA, FECHA_FIN) VALUES
                  (TO_DATE('1986-04-23','YYYY-MM-DD'), 45, '00686', NULL);
INSERT INTO EX.FICHA_MEDICA(ID, ID_PERSONA, ID_CENTRO_SALUD, ID_LUGAR, ESTADO, FECHA_INFECCION, FECHA_RECUPERACION) VALUES
                                             (686, '00686', 30, 45, 'desconido', NULL, NULL);
INSERT INTO EX.SINTOMAS(FECHA_INICIO, ID_SINTOMA, ID_PERSONA, ID_FICHA_MEDICA) VALUES
                            (TO_DATE('2020-06-26','YYYY-MM-DD'), 1, '00686', 686);
INSERT INTO EX.SINTOMAS(FECHA_INICIO, ID_SINTOMA, ID_PERSONA, ID_FICHA_MEDICA) VALUES
                            (TO_DATE('2020-03-01','YYYY-MM-DD'), 2, '00686', 686);
INSERT INTO EX.SINTOMAS(FECHA_INICIO, ID_SINTOMA, ID_PERSONA, ID_FICHA_MEDICA) VALUES
                            (TO_DATE('2020-02-10','YYYY-MM-DD'), 3, '00686', 686);
INSERT INTO EX.SINTOMAS(FECHA_INICIO, ID_SINTOMA, ID_PERSONA, ID_FICHA_MEDICA) VALUES
                            (TO_DATE('2020-06-09','YYYY-MM-DD'), 4, '00686', 686);
INSERT INTO EX.SINTOMAS(FECHA_INICIO, ID_SINTOMA, ID_PERSONA, ID_FICHA_MEDICA) VALUES
                            (TO_DATE('2020-02-21','YYYY-MM-DD'), 5, '00686', 686);
INSERT INTO EX.SINTOMAS(FECHA_INICIO, ID_SINTOMA, ID_PERSONA, ID_FICHA_MEDICA) VALUES
                            (TO_DATE('2020-01-24','YYYY-MM-DD'), 6, '00686', 686);
INSERT INTO EX.SINTOMAS(FECHA_INICIO, ID_SINTOMA, ID_PERSONA, ID_FICHA_MEDICA) VALUES
                            (TO_DATE('2020-01-19','YYYY-MM-DD'), 7, '00686', 686);
INSERT INTO EX.PERSONA(DOC_IDENTIDAD, NOMBRE, NOMBRE1, APELLIDO, APELLIDO1, FECHA_NAC, GENERO, FOTO) VALUES
                  ('00687', 'Matthew', 'Willie', 'Miller', 'Kelly', TO_DATE('2010-07-03','YYYY-MM-DD'), 'f', NULL);
INSERT INTO EX.HISTORICO_RESIDENCIA(FECHA_INICIO, ID_LUGAR, ID_PERSONA, FECHA_FIN) VALUES
                  (TO_DATE('1997-05-15','YYYY-MM-DD'), 24, '00687', NULL);
INSERT INTO EX.FICHA_MEDICA(ID, ID_PERSONA, ID_CENTRO_SALUD, ID_LUGAR, ESTADO, FECHA_INFECCION, FECHA_RECUPERACION) VALUES
                                             (687, '00687', 9, 24, 'desconido', NULL, NULL);
INSERT INTO EX.PERSONA(DOC_IDENTIDAD, NOMBRE, NOMBRE1, APELLIDO, APELLIDO1, FECHA_NAC, GENERO, FOTO) VALUES
                  ('00688', 'Xavier', 'Danielle', 'Simpson', 'King', TO_DATE('1974-05-14','YYYY-MM-DD'), 'm', NULL);
INSERT INTO EX.HISTORICO_RESIDENCIA(FECHA_INICIO, ID_LUGAR, ID_PERSONA, FECHA_FIN) VALUES
                  (TO_DATE('2012-09-19','YYYY-MM-DD'), 44, '00688', NULL);
INSERT INTO EX.FICHA_MEDICA(ID, ID_PERSONA, ID_CENTRO_SALUD, ID_LUGAR, ESTADO, FECHA_INFECCION, FECHA_RECUPERACION) VALUES
                                             (688, '00688', 29, 44, 'desconido', NULL, NULL);
INSERT INTO EX.PERSONA(DOC_IDENTIDAD, NOMBRE, NOMBRE1, APELLIDO, APELLIDO1, FECHA_NAC, GENERO, FOTO) VALUES
                  ('00689', 'Michael', 'Daniel', 'Gray', 'Green', TO_DATE('2002-12-14','YYYY-MM-DD'), 'f', NULL);
INSERT INTO EX.HISTORICO_RESIDENCIA(FECHA_INICIO, ID_LUGAR, ID_PERSONA, FECHA_FIN) VALUES
                  (TO_DATE('2014-03-13','YYYY-MM-DD'), 24, '00689', NULL);
INSERT INTO EX.FICHA_MEDICA(ID, ID_PERSONA, ID_CENTRO_SALUD, ID_LUGAR, ESTADO, FECHA_INFECCION, FECHA_RECUPERACION) VALUES
                                             (689, '00689', 9, 24, 'desconido', NULL, NULL);
INSERT INTO EX.PADECIMIENTOS(ID_PATOLOGIA, ID_PERSONA, ID_FICHA_MEDICA) VALUES
                            (1, '00689', 689);
INSERT INTO EX.PADECIMIENTOS(ID_PATOLOGIA, ID_PERSONA, ID_FICHA_MEDICA) VALUES
                            (2, '00689', 689);
INSERT INTO EX.PADECIMIENTOS(ID_PATOLOGIA, ID_PERSONA, ID_FICHA_MEDICA) VALUES
                            (3, '00689', 689);
INSERT INTO EX.PADECIMIENTOS(ID_PATOLOGIA, ID_PERSONA, ID_FICHA_MEDICA) VALUES
                            (4, '00689', 689);
INSERT INTO EX.PADECIMIENTOS(ID_PATOLOGIA, ID_PERSONA, ID_FICHA_MEDICA) VALUES
                            (5, '00689', 689);
INSERT INTO EX.PADECIMIENTOS(ID_PATOLOGIA, ID_PERSONA, ID_FICHA_MEDICA) VALUES
                            (6, '00689', 689);
INSERT INTO EX.PADECIMIENTOS(ID_PATOLOGIA, ID_PERSONA, ID_FICHA_MEDICA) VALUES
                            (7, '00689', 689);
INSERT INTO EX.PADECIMIENTOS(ID_PATOLOGIA, ID_PERSONA, ID_FICHA_MEDICA) VALUES
                            (8, '00689', 689);
INSERT INTO EX.PADECIMIENTOS(ID_PATOLOGIA, ID_PERSONA, ID_FICHA_MEDICA) VALUES
                            (9, '00689', 689);
INSERT INTO EX.PADECIMIENTOS(ID_PATOLOGIA, ID_PERSONA, ID_FICHA_MEDICA) VALUES
                            (10, '00689', 689);
INSERT INTO EX.PADECIMIENTOS(ID_PATOLOGIA, ID_PERSONA, ID_FICHA_MEDICA) VALUES
                            (11, '00689', 689);
INSERT INTO EX.PADECIMIENTOS(ID_PATOLOGIA, ID_PERSONA, ID_FICHA_MEDICA) VALUES
                            (12, '00689', 689);
INSERT INTO EX.PADECIMIENTOS(ID_PATOLOGIA, ID_PERSONA, ID_FICHA_MEDICA) VALUES
                            (13, '00689', 689);
INSERT INTO EX.PADECIMIENTOS(ID_PATOLOGIA, ID_PERSONA, ID_FICHA_MEDICA) VALUES
                            (14, '00689', 689);
INSERT INTO EX.PADECIMIENTOS(ID_PATOLOGIA, ID_PERSONA, ID_FICHA_MEDICA) VALUES
                            (15, '00689', 689);
INSERT INTO EX.SINTOMAS(FECHA_INICIO, ID_SINTOMA, ID_PERSONA, ID_FICHA_MEDICA) VALUES
                            (TO_DATE('2020-06-24','YYYY-MM-DD'), 1, '00689', 689);
INSERT INTO EX.SINTOMAS(FECHA_INICIO, ID_SINTOMA, ID_PERSONA, ID_FICHA_MEDICA) VALUES
                            (TO_DATE('2020-04-14','YYYY-MM-DD'), 2, '00689', 689);
INSERT INTO EX.SINTOMAS(FECHA_INICIO, ID_SINTOMA, ID_PERSONA, ID_FICHA_MEDICA) VALUES
                            (TO_DATE('2020-01-20','YYYY-MM-DD'), 3, '00689', 689);
INSERT INTO EX.SINTOMAS(FECHA_INICIO, ID_SINTOMA, ID_PERSONA, ID_FICHA_MEDICA) VALUES
                            (TO_DATE('2020-06-15','YYYY-MM-DD'), 4, '00689', 689);
INSERT INTO EX.SINTOMAS(FECHA_INICIO, ID_SINTOMA, ID_PERSONA, ID_FICHA_MEDICA) VALUES
                            (TO_DATE('2020-02-25','YYYY-MM-DD'), 5, '00689', 689);
INSERT INTO EX.SINTOMAS(FECHA_INICIO, ID_SINTOMA, ID_PERSONA, ID_FICHA_MEDICA) VALUES
                            (TO_DATE('2020-05-31','YYYY-MM-DD'), 6, '00689', 689);
INSERT INTO EX.SINTOMAS(FECHA_INICIO, ID_SINTOMA, ID_PERSONA, ID_FICHA_MEDICA) VALUES
                            (TO_DATE('2020-02-13','YYYY-MM-DD'), 7, '00689', 689);
INSERT INTO EX.SINTOMAS(FECHA_INICIO, ID_SINTOMA, ID_PERSONA, ID_FICHA_MEDICA) VALUES
                            (TO_DATE('2020-02-08','YYYY-MM-DD'), 8, '00689', 689);
INSERT INTO EX.SINTOMAS(FECHA_INICIO, ID_SINTOMA, ID_PERSONA, ID_FICHA_MEDICA) VALUES
                            (TO_DATE('2020-05-04','YYYY-MM-DD'), 9, '00689', 689);
INSERT INTO EX.SINTOMAS(FECHA_INICIO, ID_SINTOMA, ID_PERSONA, ID_FICHA_MEDICA) VALUES
                            (TO_DATE('2020-01-04','YYYY-MM-DD'), 10, '00689', 689);
INSERT INTO EX.SINTOMAS(FECHA_INICIO, ID_SINTOMA, ID_PERSONA, ID_FICHA_MEDICA) VALUES
                            (TO_DATE('2020-02-26','YYYY-MM-DD'), 11, '00689', 689);
INSERT INTO EX.SINTOMAS(FECHA_INICIO, ID_SINTOMA, ID_PERSONA, ID_FICHA_MEDICA) VALUES
                            (TO_DATE('2020-03-09','YYYY-MM-DD'), 12, '00689', 689);
INSERT INTO EX.SINTOMAS(FECHA_INICIO, ID_SINTOMA, ID_PERSONA, ID_FICHA_MEDICA) VALUES
                            (TO_DATE('2020-01-09','YYYY-MM-DD'), 13, '00689', 689);
INSERT INTO EX.SINTOMAS(FECHA_INICIO, ID_SINTOMA, ID_PERSONA, ID_FICHA_MEDICA) VALUES
                            (TO_DATE('2020-02-06','YYYY-MM-DD'), 14, '00689', 689);
INSERT INTO EX.SINTOMAS(FECHA_INICIO, ID_SINTOMA, ID_PERSONA, ID_FICHA_MEDICA) VALUES
                            (TO_DATE('2020-01-30','YYYY-MM-DD'), 15, '00689', 689);
INSERT INTO EX.PERSONA(DOC_IDENTIDAD, NOMBRE, NOMBRE1, APELLIDO, APELLIDO1, FECHA_NAC, GENERO, FOTO) VALUES
                  ('00690', 'Victor', 'Sheila', 'Martin', 'Foster', TO_DATE('2008-07-17','YYYY-MM-DD'), 'm', NULL);
INSERT INTO EX.HISTORICO_RESIDENCIA(FECHA_INICIO, ID_LUGAR, ID_PERSONA, FECHA_FIN) VALUES
                  (TO_DATE('2003-02-11','YYYY-MM-DD'), 31, '00690', NULL);
INSERT INTO EX.FICHA_MEDICA(ID, ID_PERSONA, ID_CENTRO_SALUD, ID_LUGAR, ESTADO, FECHA_INFECCION, FECHA_RECUPERACION) VALUES
                                             (690, '00690', 16, 31, 'desconido', NULL, NULL);
INSERT INTO EX.PADECIMIENTOS(ID_PATOLOGIA, ID_PERSONA, ID_FICHA_MEDICA) VALUES
                            (1, '00690', 690);
INSERT INTO EX.PADECIMIENTOS(ID_PATOLOGIA, ID_PERSONA, ID_FICHA_MEDICA) VALUES
                            (2, '00690', 690);
INSERT INTO EX.PADECIMIENTOS(ID_PATOLOGIA, ID_PERSONA, ID_FICHA_MEDICA) VALUES
                            (3, '00690', 690);
INSERT INTO EX.PADECIMIENTOS(ID_PATOLOGIA, ID_PERSONA, ID_FICHA_MEDICA) VALUES
                            (4, '00690', 690);
INSERT INTO EX.PERSONA(DOC_IDENTIDAD, NOMBRE, NOMBRE1, APELLIDO, APELLIDO1, FECHA_NAC, GENERO, FOTO) VALUES
                  ('00691', 'Sean', 'Desiree', 'Marsh', 'Boone', TO_DATE('2013-10-03','YYYY-MM-DD'), 'f', NULL);
INSERT INTO EX.HISTORICO_RESIDENCIA(FECHA_INICIO, ID_LUGAR, ID_PERSONA, FECHA_FIN) VALUES
                  (TO_DATE('1991-11-14','YYYY-MM-DD'), 19, '00691', NULL);
INSERT INTO EX.FICHA_MEDICA(ID, ID_PERSONA, ID_CENTRO_SALUD, ID_LUGAR, ESTADO, FECHA_INFECCION, FECHA_RECUPERACION) VALUES
                                             (691, '00691', 4, 19, 'desconido', NULL, NULL);
INSERT INTO EX.PADECIMIENTOS(ID_PATOLOGIA, ID_PERSONA, ID_FICHA_MEDICA) VALUES
                            (1, '00691', 691);
INSERT INTO EX.PADECIMIENTOS(ID_PATOLOGIA, ID_PERSONA, ID_FICHA_MEDICA) VALUES
                            (2, '00691', 691);
INSERT INTO EX.PADECIMIENTOS(ID_PATOLOGIA, ID_PERSONA, ID_FICHA_MEDICA) VALUES
                            (3, '00691', 691);
INSERT INTO EX.PADECIMIENTOS(ID_PATOLOGIA, ID_PERSONA, ID_FICHA_MEDICA) VALUES
                            (4, '00691', 691);
INSERT INTO EX.PADECIMIENTOS(ID_PATOLOGIA, ID_PERSONA, ID_FICHA_MEDICA) VALUES
                            (5, '00691', 691);
INSERT INTO EX.PERSONA(DOC_IDENTIDAD, NOMBRE, NOMBRE1, APELLIDO, APELLIDO1, FECHA_NAC, GENERO, FOTO) VALUES
                  ('00692', 'Joshua', 'Elizabeth', 'Carlson', 'Coleman', TO_DATE('2018-02-16','YYYY-MM-DD'), 'm', NULL);
INSERT INTO EX.HISTORICO_RESIDENCIA(FECHA_INICIO, ID_LUGAR, ID_PERSONA, FECHA_FIN) VALUES
                  (TO_DATE('1972-08-27','YYYY-MM-DD'), 33, '00692', NULL);
INSERT INTO EX.FICHA_MEDICA(ID, ID_PERSONA, ID_CENTRO_SALUD, ID_LUGAR, ESTADO, FECHA_INFECCION, FECHA_RECUPERACION) VALUES
                                             (692, '00692', 18, 33, 'desconido', NULL, NULL);
INSERT INTO EX.PADECIMIENTOS(ID_PATOLOGIA, ID_PERSONA, ID_FICHA_MEDICA) VALUES
                            (1, '00692', 692);
INSERT INTO EX.PADECIMIENTOS(ID_PATOLOGIA, ID_PERSONA, ID_FICHA_MEDICA) VALUES
                            (2, '00692', 692);
INSERT INTO EX.PADECIMIENTOS(ID_PATOLOGIA, ID_PERSONA, ID_FICHA_MEDICA) VALUES
                            (3, '00692', 692);
INSERT INTO EX.PADECIMIENTOS(ID_PATOLOGIA, ID_PERSONA, ID_FICHA_MEDICA) VALUES
                            (4, '00692', 692);
INSERT INTO EX.PADECIMIENTOS(ID_PATOLOGIA, ID_PERSONA, ID_FICHA_MEDICA) VALUES
                            (5, '00692', 692);
INSERT INTO EX.PADECIMIENTOS(ID_PATOLOGIA, ID_PERSONA, ID_FICHA_MEDICA) VALUES
                            (6, '00692', 692);
INSERT INTO EX.PADECIMIENTOS(ID_PATOLOGIA, ID_PERSONA, ID_FICHA_MEDICA) VALUES
                            (7, '00692', 692);
INSERT INTO EX.PADECIMIENTOS(ID_PATOLOGIA, ID_PERSONA, ID_FICHA_MEDICA) VALUES
                            (8, '00692', 692);
INSERT INTO EX.PADECIMIENTOS(ID_PATOLOGIA, ID_PERSONA, ID_FICHA_MEDICA) VALUES
                            (9, '00692', 692);
INSERT INTO EX.PADECIMIENTOS(ID_PATOLOGIA, ID_PERSONA, ID_FICHA_MEDICA) VALUES
                            (10, '00692', 692);
INSERT INTO EX.PADECIMIENTOS(ID_PATOLOGIA, ID_PERSONA, ID_FICHA_MEDICA) VALUES
                            (11, '00692', 692);
INSERT INTO EX.PADECIMIENTOS(ID_PATOLOGIA, ID_PERSONA, ID_FICHA_MEDICA) VALUES
                            (12, '00692', 692);
INSERT INTO EX.PADECIMIENTOS(ID_PATOLOGIA, ID_PERSONA, ID_FICHA_MEDICA) VALUES
                            (13, '00692', 692);
INSERT INTO EX.PADECIMIENTOS(ID_PATOLOGIA, ID_PERSONA, ID_FICHA_MEDICA) VALUES
                            (14, '00692', 692);
INSERT INTO EX.PADECIMIENTOS(ID_PATOLOGIA, ID_PERSONA, ID_FICHA_MEDICA) VALUES
                            (15, '00692', 692);
INSERT INTO EX.SINTOMAS(FECHA_INICIO, ID_SINTOMA, ID_PERSONA, ID_FICHA_MEDICA) VALUES
                            (TO_DATE('2020-03-28','YYYY-MM-DD'), 1, '00692', 692);
INSERT INTO EX.SINTOMAS(FECHA_INICIO, ID_SINTOMA, ID_PERSONA, ID_FICHA_MEDICA) VALUES
                            (TO_DATE('2020-03-31','YYYY-MM-DD'), 2, '00692', 692);
INSERT INTO EX.SINTOMAS(FECHA_INICIO, ID_SINTOMA, ID_PERSONA, ID_FICHA_MEDICA) VALUES
                            (TO_DATE('2020-05-17','YYYY-MM-DD'), 3, '00692', 692);
INSERT INTO EX.SINTOMAS(FECHA_INICIO, ID_SINTOMA, ID_PERSONA, ID_FICHA_MEDICA) VALUES
                            (TO_DATE('2020-06-20','YYYY-MM-DD'), 4, '00692', 692);
INSERT INTO EX.SINTOMAS(FECHA_INICIO, ID_SINTOMA, ID_PERSONA, ID_FICHA_MEDICA) VALUES
                            (TO_DATE('2020-06-07','YYYY-MM-DD'), 5, '00692', 692);
INSERT INTO EX.SINTOMAS(FECHA_INICIO, ID_SINTOMA, ID_PERSONA, ID_FICHA_MEDICA) VALUES
                            (TO_DATE('2020-01-03','YYYY-MM-DD'), 6, '00692', 692);
INSERT INTO EX.SINTOMAS(FECHA_INICIO, ID_SINTOMA, ID_PERSONA, ID_FICHA_MEDICA) VALUES
                            (TO_DATE('2020-03-23','YYYY-MM-DD'), 7, '00692', 692);
INSERT INTO EX.SINTOMAS(FECHA_INICIO, ID_SINTOMA, ID_PERSONA, ID_FICHA_MEDICA) VALUES
                            (TO_DATE('2020-03-02','YYYY-MM-DD'), 8, '00692', 692);
INSERT INTO EX.SINTOMAS(FECHA_INICIO, ID_SINTOMA, ID_PERSONA, ID_FICHA_MEDICA) VALUES
                            (TO_DATE('2020-06-01','YYYY-MM-DD'), 9, '00692', 692);
INSERT INTO EX.SINTOMAS(FECHA_INICIO, ID_SINTOMA, ID_PERSONA, ID_FICHA_MEDICA) VALUES
                            (TO_DATE('2020-01-16','YYYY-MM-DD'), 10, '00692', 692);
INSERT INTO EX.SINTOMAS(FECHA_INICIO, ID_SINTOMA, ID_PERSONA, ID_FICHA_MEDICA) VALUES
                            (TO_DATE('2020-06-10','YYYY-MM-DD'), 11, '00692', 692);
INSERT INTO EX.SINTOMAS(FECHA_INICIO, ID_SINTOMA, ID_PERSONA, ID_FICHA_MEDICA) VALUES
                            (TO_DATE('2020-01-30','YYYY-MM-DD'), 12, '00692', 692);
INSERT INTO EX.SINTOMAS(FECHA_INICIO, ID_SINTOMA, ID_PERSONA, ID_FICHA_MEDICA) VALUES
                            (TO_DATE('2020-02-13','YYYY-MM-DD'), 13, '00692', 692);
INSERT INTO EX.SINTOMAS(FECHA_INICIO, ID_SINTOMA, ID_PERSONA, ID_FICHA_MEDICA) VALUES
                            (TO_DATE('2020-03-05','YYYY-MM-DD'), 14, '00692', 692);
INSERT INTO EX.SINTOMAS(FECHA_INICIO, ID_SINTOMA, ID_PERSONA, ID_FICHA_MEDICA) VALUES
                            (TO_DATE('2020-03-04','YYYY-MM-DD'), 15, '00692', 692);
INSERT INTO EX.SINTOMAS(FECHA_INICIO, ID_SINTOMA, ID_PERSONA, ID_FICHA_MEDICA) VALUES
                            (TO_DATE('2020-06-27','YYYY-MM-DD'), 16, '00692', 692);
INSERT INTO EX.SINTOMAS(FECHA_INICIO, ID_SINTOMA, ID_PERSONA, ID_FICHA_MEDICA) VALUES
                            (TO_DATE('2020-05-19','YYYY-MM-DD'), 17, '00692', 692);
INSERT INTO EX.SINTOMAS(FECHA_INICIO, ID_SINTOMA, ID_PERSONA, ID_FICHA_MEDICA) VALUES
                            (TO_DATE('2020-06-17','YYYY-MM-DD'), 18, '00692', 692);
INSERT INTO EX.SINTOMAS(FECHA_INICIO, ID_SINTOMA, ID_PERSONA, ID_FICHA_MEDICA) VALUES
                            (TO_DATE('2020-05-28','YYYY-MM-DD'), 19, '00692', 692);
INSERT INTO EX.PERSONA(DOC_IDENTIDAD, NOMBRE, NOMBRE1, APELLIDO, APELLIDO1, FECHA_NAC, GENERO, FOTO) VALUES
                  ('00693', 'Corey', 'Christina', 'Turner', 'Pham', TO_DATE('1996-09-07','YYYY-MM-DD'), 'f', NULL);
INSERT INTO EX.HISTORICO_RESIDENCIA(FECHA_INICIO, ID_LUGAR, ID_PERSONA, FECHA_FIN) VALUES
                  (TO_DATE('1989-01-08','YYYY-MM-DD'), 35, '00693', NULL);
INSERT INTO EX.FICHA_MEDICA(ID, ID_PERSONA, ID_CENTRO_SALUD, ID_LUGAR, ESTADO, FECHA_INFECCION, FECHA_RECUPERACION) VALUES
                                             (693, '00693', 20, 35, 'desconido', NULL, NULL);
INSERT INTO EX.PADECIMIENTOS(ID_PATOLOGIA, ID_PERSONA, ID_FICHA_MEDICA) VALUES
                            (1, '00693', 693);
INSERT INTO EX.PADECIMIENTOS(ID_PATOLOGIA, ID_PERSONA, ID_FICHA_MEDICA) VALUES
                            (2, '00693', 693);
INSERT INTO EX.PADECIMIENTOS(ID_PATOLOGIA, ID_PERSONA, ID_FICHA_MEDICA) VALUES
                            (3, '00693', 693);
INSERT INTO EX.PADECIMIENTOS(ID_PATOLOGIA, ID_PERSONA, ID_FICHA_MEDICA) VALUES
                            (4, '00693', 693);
INSERT INTO EX.PADECIMIENTOS(ID_PATOLOGIA, ID_PERSONA, ID_FICHA_MEDICA) VALUES
                            (5, '00693', 693);
INSERT INTO EX.PADECIMIENTOS(ID_PATOLOGIA, ID_PERSONA, ID_FICHA_MEDICA) VALUES
                            (6, '00693', 693);
INSERT INTO EX.PADECIMIENTOS(ID_PATOLOGIA, ID_PERSONA, ID_FICHA_MEDICA) VALUES
                            (7, '00693', 693);
INSERT INTO EX.PADECIMIENTOS(ID_PATOLOGIA, ID_PERSONA, ID_FICHA_MEDICA) VALUES
                            (8, '00693', 693);
INSERT INTO EX.PADECIMIENTOS(ID_PATOLOGIA, ID_PERSONA, ID_FICHA_MEDICA) VALUES
                            (9, '00693', 693);
INSERT INTO EX.PADECIMIENTOS(ID_PATOLOGIA, ID_PERSONA, ID_FICHA_MEDICA) VALUES
                            (10, '00693', 693);
INSERT INTO EX.PADECIMIENTOS(ID_PATOLOGIA, ID_PERSONA, ID_FICHA_MEDICA) VALUES
                            (11, '00693', 693);
INSERT INTO EX.PADECIMIENTOS(ID_PATOLOGIA, ID_PERSONA, ID_FICHA_MEDICA) VALUES
                            (12, '00693', 693);
INSERT INTO EX.PADECIMIENTOS(ID_PATOLOGIA, ID_PERSONA, ID_FICHA_MEDICA) VALUES
                            (13, '00693', 693);
INSERT INTO EX.PADECIMIENTOS(ID_PATOLOGIA, ID_PERSONA, ID_FICHA_MEDICA) VALUES
                            (14, '00693', 693);
INSERT INTO EX.PADECIMIENTOS(ID_PATOLOGIA, ID_PERSONA, ID_FICHA_MEDICA) VALUES
                            (15, '00693', 693);
INSERT INTO EX.SINTOMAS(FECHA_INICIO, ID_SINTOMA, ID_PERSONA, ID_FICHA_MEDICA) VALUES
                            (TO_DATE('2020-06-04','YYYY-MM-DD'), 1, '00693', 693);
INSERT INTO EX.SINTOMAS(FECHA_INICIO, ID_SINTOMA, ID_PERSONA, ID_FICHA_MEDICA) VALUES
                            (TO_DATE('2020-01-09','YYYY-MM-DD'), 2, '00693', 693);
INSERT INTO EX.SINTOMAS(FECHA_INICIO, ID_SINTOMA, ID_PERSONA, ID_FICHA_MEDICA) VALUES
                            (TO_DATE('2020-05-22','YYYY-MM-DD'), 3, '00693', 693);
INSERT INTO EX.SINTOMAS(FECHA_INICIO, ID_SINTOMA, ID_PERSONA, ID_FICHA_MEDICA) VALUES
                            (TO_DATE('2020-02-21','YYYY-MM-DD'), 4, '00693', 693);
INSERT INTO EX.SINTOMAS(FECHA_INICIO, ID_SINTOMA, ID_PERSONA, ID_FICHA_MEDICA) VALUES
                            (TO_DATE('2020-04-25','YYYY-MM-DD'), 5, '00693', 693);
INSERT INTO EX.SINTOMAS(FECHA_INICIO, ID_SINTOMA, ID_PERSONA, ID_FICHA_MEDICA) VALUES
                            (TO_DATE('2020-06-01','YYYY-MM-DD'), 6, '00693', 693);
INSERT INTO EX.SINTOMAS(FECHA_INICIO, ID_SINTOMA, ID_PERSONA, ID_FICHA_MEDICA) VALUES
                            (TO_DATE('2020-06-03','YYYY-MM-DD'), 7, '00693', 693);
INSERT INTO EX.SINTOMAS(FECHA_INICIO, ID_SINTOMA, ID_PERSONA, ID_FICHA_MEDICA) VALUES
                            (TO_DATE('2020-04-15','YYYY-MM-DD'), 8, '00693', 693);
INSERT INTO EX.SINTOMAS(FECHA_INICIO, ID_SINTOMA, ID_PERSONA, ID_FICHA_MEDICA) VALUES
                            (TO_DATE('2020-04-08','YYYY-MM-DD'), 9, '00693', 693);
INSERT INTO EX.PERSONA(DOC_IDENTIDAD, NOMBRE, NOMBRE1, APELLIDO, APELLIDO1, FECHA_NAC, GENERO, FOTO) VALUES
                  ('00694', 'Gabriel', 'Michelle', 'Ritter', 'Salas', TO_DATE('1993-03-06','YYYY-MM-DD'), 'm', NULL);
INSERT INTO EX.HISTORICO_RESIDENCIA(FECHA_INICIO, ID_LUGAR, ID_PERSONA, FECHA_FIN) VALUES
                  (TO_DATE('1973-08-04','YYYY-MM-DD'), 25, '00694', NULL);
INSERT INTO EX.FICHA_MEDICA(ID, ID_PERSONA, ID_CENTRO_SALUD, ID_LUGAR, ESTADO, FECHA_INFECCION, FECHA_RECUPERACION) VALUES
                                             (694, '00694', 10, 25, 'desconido', NULL, NULL);
INSERT INTO EX.PADECIMIENTOS(ID_PATOLOGIA, ID_PERSONA, ID_FICHA_MEDICA) VALUES
                            (1, '00694', 694);
INSERT INTO EX.PADECIMIENTOS(ID_PATOLOGIA, ID_PERSONA, ID_FICHA_MEDICA) VALUES
                            (2, '00694', 694);
INSERT INTO EX.PADECIMIENTOS(ID_PATOLOGIA, ID_PERSONA, ID_FICHA_MEDICA) VALUES
                            (3, '00694', 694);
INSERT INTO EX.PADECIMIENTOS(ID_PATOLOGIA, ID_PERSONA, ID_FICHA_MEDICA) VALUES
                            (4, '00694', 694);
INSERT INTO EX.PADECIMIENTOS(ID_PATOLOGIA, ID_PERSONA, ID_FICHA_MEDICA) VALUES
                            (5, '00694', 694);
INSERT INTO EX.PADECIMIENTOS(ID_PATOLOGIA, ID_PERSONA, ID_FICHA_MEDICA) VALUES
                            (6, '00694', 694);
INSERT INTO EX.PADECIMIENTOS(ID_PATOLOGIA, ID_PERSONA, ID_FICHA_MEDICA) VALUES
                            (7, '00694', 694);
INSERT INTO EX.PADECIMIENTOS(ID_PATOLOGIA, ID_PERSONA, ID_FICHA_MEDICA) VALUES
                            (8, '00694', 694);
INSERT INTO EX.PADECIMIENTOS(ID_PATOLOGIA, ID_PERSONA, ID_FICHA_MEDICA) VALUES
                            (9, '00694', 694);
INSERT INTO EX.PADECIMIENTOS(ID_PATOLOGIA, ID_PERSONA, ID_FICHA_MEDICA) VALUES
                            (10, '00694', 694);
INSERT INTO EX.PADECIMIENTOS(ID_PATOLOGIA, ID_PERSONA, ID_FICHA_MEDICA) VALUES
                            (11, '00694', 694);
INSERT INTO EX.PADECIMIENTOS(ID_PATOLOGIA, ID_PERSONA, ID_FICHA_MEDICA) VALUES
                            (12, '00694', 694);
INSERT INTO EX.SINTOMAS(FECHA_INICIO, ID_SINTOMA, ID_PERSONA, ID_FICHA_MEDICA) VALUES
                            (TO_DATE('2020-01-01','YYYY-MM-DD'), 1, '00694', 694);
INSERT INTO EX.SINTOMAS(FECHA_INICIO, ID_SINTOMA, ID_PERSONA, ID_FICHA_MEDICA) VALUES
                            (TO_DATE('2020-06-10','YYYY-MM-DD'), 2, '00694', 694);
INSERT INTO EX.SINTOMAS(FECHA_INICIO, ID_SINTOMA, ID_PERSONA, ID_FICHA_MEDICA) VALUES
                            (TO_DATE('2020-03-20','YYYY-MM-DD'), 3, '00694', 694);
INSERT INTO EX.SINTOMAS(FECHA_INICIO, ID_SINTOMA, ID_PERSONA, ID_FICHA_MEDICA) VALUES
                            (TO_DATE('2020-03-05','YYYY-MM-DD'), 4, '00694', 694);
INSERT INTO EX.SINTOMAS(FECHA_INICIO, ID_SINTOMA, ID_PERSONA, ID_FICHA_MEDICA) VALUES
                            (TO_DATE('2020-04-02','YYYY-MM-DD'), 5, '00694', 694);
INSERT INTO EX.SINTOMAS(FECHA_INICIO, ID_SINTOMA, ID_PERSONA, ID_FICHA_MEDICA) VALUES
                            (TO_DATE('2020-01-20','YYYY-MM-DD'), 6, '00694', 694);
INSERT INTO EX.SINTOMAS(FECHA_INICIO, ID_SINTOMA, ID_PERSONA, ID_FICHA_MEDICA) VALUES
                            (TO_DATE('2020-03-14','YYYY-MM-DD'), 7, '00694', 694);
INSERT INTO EX.SINTOMAS(FECHA_INICIO, ID_SINTOMA, ID_PERSONA, ID_FICHA_MEDICA) VALUES
                            (TO_DATE('2020-03-06','YYYY-MM-DD'), 8, '00694', 694);
INSERT INTO EX.SINTOMAS(FECHA_INICIO, ID_SINTOMA, ID_PERSONA, ID_FICHA_MEDICA) VALUES
                            (TO_DATE('2020-02-27','YYYY-MM-DD'), 9, '00694', 694);
INSERT INTO EX.SINTOMAS(FECHA_INICIO, ID_SINTOMA, ID_PERSONA, ID_FICHA_MEDICA) VALUES
                            (TO_DATE('2020-02-16','YYYY-MM-DD'), 10, '00694', 694);
INSERT INTO EX.SINTOMAS(FECHA_INICIO, ID_SINTOMA, ID_PERSONA, ID_FICHA_MEDICA) VALUES
                            (TO_DATE('2020-04-17','YYYY-MM-DD'), 11, '00694', 694);
INSERT INTO EX.SINTOMAS(FECHA_INICIO, ID_SINTOMA, ID_PERSONA, ID_FICHA_MEDICA) VALUES
                            (TO_DATE('2020-01-19','YYYY-MM-DD'), 12, '00694', 694);
INSERT INTO EX.PERSONA(DOC_IDENTIDAD, NOMBRE, NOMBRE1, APELLIDO, APELLIDO1, FECHA_NAC, GENERO, FOTO) VALUES
                  ('00695', 'David', 'Michael', 'Robinson', 'Banks', TO_DATE('1975-02-23','YYYY-MM-DD'), 'f', NULL);
INSERT INTO EX.HISTORICO_RESIDENCIA(FECHA_INICIO, ID_LUGAR, ID_PERSONA, FECHA_FIN) VALUES
                  (TO_DATE('2013-12-07','YYYY-MM-DD'), 41, '00695', NULL);
INSERT INTO EX.FICHA_MEDICA(ID, ID_PERSONA, ID_CENTRO_SALUD, ID_LUGAR, ESTADO, FECHA_INFECCION, FECHA_RECUPERACION) VALUES
                                             (695, '00695', 26, 41, 'desconido', NULL, NULL);
INSERT INTO EX.PERSONA(DOC_IDENTIDAD, NOMBRE, NOMBRE1, APELLIDO, APELLIDO1, FECHA_NAC, GENERO, FOTO) VALUES
                  ('00696', 'Laura', 'Edward', 'Henson', 'Boyer', TO_DATE('2007-06-24','YYYY-MM-DD'), 'm', NULL);
INSERT INTO EX.HISTORICO_RESIDENCIA(FECHA_INICIO, ID_LUGAR, ID_PERSONA, FECHA_FIN) VALUES
                  (TO_DATE('2003-12-10','YYYY-MM-DD'), 43, '00696', NULL);
INSERT INTO EX.FICHA_MEDICA(ID, ID_PERSONA, ID_CENTRO_SALUD, ID_LUGAR, ESTADO, FECHA_INFECCION, FECHA_RECUPERACION) VALUES
                                             (696, '00696', 28, 43, 'desconido', NULL, NULL);
INSERT INTO EX.PADECIMIENTOS(ID_PATOLOGIA, ID_PERSONA, ID_FICHA_MEDICA) VALUES
                            (1, '00696', 696);
INSERT INTO EX.PADECIMIENTOS(ID_PATOLOGIA, ID_PERSONA, ID_FICHA_MEDICA) VALUES
                            (2, '00696', 696);
INSERT INTO EX.PADECIMIENTOS(ID_PATOLOGIA, ID_PERSONA, ID_FICHA_MEDICA) VALUES
                            (3, '00696', 696);
INSERT INTO EX.PADECIMIENTOS(ID_PATOLOGIA, ID_PERSONA, ID_FICHA_MEDICA) VALUES
                            (4, '00696', 696);
INSERT INTO EX.PADECIMIENTOS(ID_PATOLOGIA, ID_PERSONA, ID_FICHA_MEDICA) VALUES
                            (5, '00696', 696);
INSERT INTO EX.PERSONA(DOC_IDENTIDAD, NOMBRE, NOMBRE1, APELLIDO, APELLIDO1, FECHA_NAC, GENERO, FOTO) VALUES
                  ('00697', 'Christina', 'Jason', 'Hensley', 'Evans', TO_DATE('2001-10-09','YYYY-MM-DD'), 'f', NULL);
INSERT INTO EX.HISTORICO_RESIDENCIA(FECHA_INICIO, ID_LUGAR, ID_PERSONA, FECHA_FIN) VALUES
                  (TO_DATE('1989-10-01','YYYY-MM-DD'), 44, '00697', NULL);
INSERT INTO EX.FICHA_MEDICA(ID, ID_PERSONA, ID_CENTRO_SALUD, ID_LUGAR, ESTADO, FECHA_INFECCION, FECHA_RECUPERACION) VALUES
                                             (697, '00697', 29, 44, 'desconido', NULL, NULL);
INSERT INTO EX.PADECIMIENTOS(ID_PATOLOGIA, ID_PERSONA, ID_FICHA_MEDICA) VALUES
                            (1, '00697', 697);
INSERT INTO EX.PADECIMIENTOS(ID_PATOLOGIA, ID_PERSONA, ID_FICHA_MEDICA) VALUES
                            (2, '00697', 697);
INSERT INTO EX.PADECIMIENTOS(ID_PATOLOGIA, ID_PERSONA, ID_FICHA_MEDICA) VALUES
                            (3, '00697', 697);
INSERT INTO EX.SINTOMAS(FECHA_INICIO, ID_SINTOMA, ID_PERSONA, ID_FICHA_MEDICA) VALUES
                            (TO_DATE('2020-04-21','YYYY-MM-DD'), 1, '00697', 697);
INSERT INTO EX.SINTOMAS(FECHA_INICIO, ID_SINTOMA, ID_PERSONA, ID_FICHA_MEDICA) VALUES
                            (TO_DATE('2020-02-08','YYYY-MM-DD'), 2, '00697', 697);
INSERT INTO EX.SINTOMAS(FECHA_INICIO, ID_SINTOMA, ID_PERSONA, ID_FICHA_MEDICA) VALUES
                            (TO_DATE('2020-03-26','YYYY-MM-DD'), 3, '00697', 697);
INSERT INTO EX.SINTOMAS(FECHA_INICIO, ID_SINTOMA, ID_PERSONA, ID_FICHA_MEDICA) VALUES
                            (TO_DATE('2020-02-09','YYYY-MM-DD'), 4, '00697', 697);
INSERT INTO EX.SINTOMAS(FECHA_INICIO, ID_SINTOMA, ID_PERSONA, ID_FICHA_MEDICA) VALUES
                            (TO_DATE('2020-06-02','YYYY-MM-DD'), 5, '00697', 697);
INSERT INTO EX.SINTOMAS(FECHA_INICIO, ID_SINTOMA, ID_PERSONA, ID_FICHA_MEDICA) VALUES
                            (TO_DATE('2020-01-14','YYYY-MM-DD'), 6, '00697', 697);
INSERT INTO EX.PERSONA(DOC_IDENTIDAD, NOMBRE, NOMBRE1, APELLIDO, APELLIDO1, FECHA_NAC, GENERO, FOTO) VALUES
                  ('00698', 'Justin', 'Teresa', 'Kim', 'Allen', TO_DATE('1992-10-04','YYYY-MM-DD'), 'm', NULL);
INSERT INTO EX.HISTORICO_RESIDENCIA(FECHA_INICIO, ID_LUGAR, ID_PERSONA, FECHA_FIN) VALUES
                  (TO_DATE('2014-09-13','YYYY-MM-DD'), 26, '00698', NULL);
INSERT INTO EX.FICHA_MEDICA(ID, ID_PERSONA, ID_CENTRO_SALUD, ID_LUGAR, ESTADO, FECHA_INFECCION, FECHA_RECUPERACION) VALUES
                                             (698, '00698', 11, 26, 'desconido', NULL, NULL);
INSERT INTO EX.SINTOMAS(FECHA_INICIO, ID_SINTOMA, ID_PERSONA, ID_FICHA_MEDICA) VALUES
                            (TO_DATE('2020-05-20','YYYY-MM-DD'), 1, '00698', 698);
INSERT INTO EX.SINTOMAS(FECHA_INICIO, ID_SINTOMA, ID_PERSONA, ID_FICHA_MEDICA) VALUES
                            (TO_DATE('2020-01-24','YYYY-MM-DD'), 2, '00698', 698);
INSERT INTO EX.SINTOMAS(FECHA_INICIO, ID_SINTOMA, ID_PERSONA, ID_FICHA_MEDICA) VALUES
                            (TO_DATE('2020-04-06','YYYY-MM-DD'), 3, '00698', 698);
INSERT INTO EX.SINTOMAS(FECHA_INICIO, ID_SINTOMA, ID_PERSONA, ID_FICHA_MEDICA) VALUES
                            (TO_DATE('2020-01-24','YYYY-MM-DD'), 4, '00698', 698);
INSERT INTO EX.SINTOMAS(FECHA_INICIO, ID_SINTOMA, ID_PERSONA, ID_FICHA_MEDICA) VALUES
                            (TO_DATE('2020-01-25','YYYY-MM-DD'), 5, '00698', 698);
INSERT INTO EX.SINTOMAS(FECHA_INICIO, ID_SINTOMA, ID_PERSONA, ID_FICHA_MEDICA) VALUES
                            (TO_DATE('2020-06-21','YYYY-MM-DD'), 6, '00698', 698);
INSERT INTO EX.SINTOMAS(FECHA_INICIO, ID_SINTOMA, ID_PERSONA, ID_FICHA_MEDICA) VALUES
                            (TO_DATE('2020-01-29','YYYY-MM-DD'), 7, '00698', 698);
INSERT INTO EX.SINTOMAS(FECHA_INICIO, ID_SINTOMA, ID_PERSONA, ID_FICHA_MEDICA) VALUES
                            (TO_DATE('2020-03-06','YYYY-MM-DD'), 8, '00698', 698);
INSERT INTO EX.SINTOMAS(FECHA_INICIO, ID_SINTOMA, ID_PERSONA, ID_FICHA_MEDICA) VALUES
                            (TO_DATE('2020-03-23','YYYY-MM-DD'), 9, '00698', 698);
INSERT INTO EX.SINTOMAS(FECHA_INICIO, ID_SINTOMA, ID_PERSONA, ID_FICHA_MEDICA) VALUES
                            (TO_DATE('2020-04-22','YYYY-MM-DD'), 10, '00698', 698);
INSERT INTO EX.SINTOMAS(FECHA_INICIO, ID_SINTOMA, ID_PERSONA, ID_FICHA_MEDICA) VALUES
                            (TO_DATE('2020-03-20','YYYY-MM-DD'), 11, '00698', 698);
INSERT INTO EX.SINTOMAS(FECHA_INICIO, ID_SINTOMA, ID_PERSONA, ID_FICHA_MEDICA) VALUES
                            (TO_DATE('2020-02-01','YYYY-MM-DD'), 12, '00698', 698);
INSERT INTO EX.SINTOMAS(FECHA_INICIO, ID_SINTOMA, ID_PERSONA, ID_FICHA_MEDICA) VALUES
                            (TO_DATE('2020-02-20','YYYY-MM-DD'), 13, '00698', 698);
INSERT INTO EX.SINTOMAS(FECHA_INICIO, ID_SINTOMA, ID_PERSONA, ID_FICHA_MEDICA) VALUES
                            (TO_DATE('2020-03-09','YYYY-MM-DD'), 14, '00698', 698);
INSERT INTO EX.SINTOMAS(FECHA_INICIO, ID_SINTOMA, ID_PERSONA, ID_FICHA_MEDICA) VALUES
                            (TO_DATE('2020-03-04','YYYY-MM-DD'), 15, '00698', 698);
INSERT INTO EX.SINTOMAS(FECHA_INICIO, ID_SINTOMA, ID_PERSONA, ID_FICHA_MEDICA) VALUES
                            (TO_DATE('2020-04-22','YYYY-MM-DD'), 16, '00698', 698);
INSERT INTO EX.SINTOMAS(FECHA_INICIO, ID_SINTOMA, ID_PERSONA, ID_FICHA_MEDICA) VALUES
                            (TO_DATE('2020-02-08','YYYY-MM-DD'), 17, '00698', 698);
INSERT INTO EX.SINTOMAS(FECHA_INICIO, ID_SINTOMA, ID_PERSONA, ID_FICHA_MEDICA) VALUES
                            (TO_DATE('2020-06-03','YYYY-MM-DD'), 18, '00698', 698);
INSERT INTO EX.SINTOMAS(FECHA_INICIO, ID_SINTOMA, ID_PERSONA, ID_FICHA_MEDICA) VALUES
                            (TO_DATE('2020-01-22','YYYY-MM-DD'), 19, '00698', 698);
INSERT INTO EX.PERSONA(DOC_IDENTIDAD, NOMBRE, NOMBRE1, APELLIDO, APELLIDO1, FECHA_NAC, GENERO, FOTO) VALUES
                  ('00699', 'Tiffany', 'Kelly', 'Page', 'Newman', TO_DATE('2011-08-17','YYYY-MM-DD'), 'f', NULL);
INSERT INTO EX.HISTORICO_RESIDENCIA(FECHA_INICIO, ID_LUGAR, ID_PERSONA, FECHA_FIN) VALUES
                  (TO_DATE('2016-03-02','YYYY-MM-DD'), 19, '00699', NULL);
INSERT INTO EX.FICHA_MEDICA(ID, ID_PERSONA, ID_CENTRO_SALUD, ID_LUGAR, ESTADO, FECHA_INFECCION, FECHA_RECUPERACION) VALUES
                                             (699, '00699', 4, 19, 'desconido', NULL, NULL);
INSERT INTO EX.PERSONA(DOC_IDENTIDAD, NOMBRE, NOMBRE1, APELLIDO, APELLIDO1, FECHA_NAC, GENERO, FOTO) VALUES
                  ('00700', 'Cassandra', 'Rebecca', 'Hancock', 'Jordan', TO_DATE('1991-09-26','YYYY-MM-DD'), 'm', NULL);
INSERT INTO EX.HISTORICO_RESIDENCIA(FECHA_INICIO, ID_LUGAR, ID_PERSONA, FECHA_FIN) VALUES
                  (TO_DATE('2019-01-29','YYYY-MM-DD'), 34, '00700', NULL);
INSERT INTO EX.FICHA_MEDICA(ID, ID_PERSONA, ID_CENTRO_SALUD, ID_LUGAR, ESTADO, FECHA_INFECCION, FECHA_RECUPERACION) VALUES
                                             (700, '00700', 19, 34, 'desconido', NULL, NULL);
INSERT INTO EX.PADECIMIENTOS(ID_PATOLOGIA, ID_PERSONA, ID_FICHA_MEDICA) VALUES
                            (1, '00700', 700);
INSERT INTO EX.PADECIMIENTOS(ID_PATOLOGIA, ID_PERSONA, ID_FICHA_MEDICA) VALUES
                            (2, '00700', 700);
INSERT INTO EX.PADECIMIENTOS(ID_PATOLOGIA, ID_PERSONA, ID_FICHA_MEDICA) VALUES
                            (3, '00700', 700);
INSERT INTO EX.PADECIMIENTOS(ID_PATOLOGIA, ID_PERSONA, ID_FICHA_MEDICA) VALUES
                            (4, '00700', 700);
INSERT INTO EX.PADECIMIENTOS(ID_PATOLOGIA, ID_PERSONA, ID_FICHA_MEDICA) VALUES
                            (5, '00700', 700);
INSERT INTO EX.PADECIMIENTOS(ID_PATOLOGIA, ID_PERSONA, ID_FICHA_MEDICA) VALUES
                            (6, '00700', 700);
INSERT INTO EX.PERSONA(DOC_IDENTIDAD, NOMBRE, NOMBRE1, APELLIDO, APELLIDO1, FECHA_NAC, GENERO, FOTO) VALUES
                  ('00701', 'Christopher', 'Mary', 'Jimenez', 'Johnson', TO_DATE('2000-03-05','YYYY-MM-DD'), 'f', NULL);
INSERT INTO EX.HISTORICO_RESIDENCIA(FECHA_INICIO, ID_LUGAR, ID_PERSONA, FECHA_FIN) VALUES
                  (TO_DATE('1975-06-15','YYYY-MM-DD'), 24, '00701', NULL);
INSERT INTO EX.FICHA_MEDICA(ID, ID_PERSONA, ID_CENTRO_SALUD, ID_LUGAR, ESTADO, FECHA_INFECCION, FECHA_RECUPERACION) VALUES
                                             (701, '00701', 9, 24, 'desconido', NULL, NULL);
INSERT INTO EX.PADECIMIENTOS(ID_PATOLOGIA, ID_PERSONA, ID_FICHA_MEDICA) VALUES
                            (1, '00701', 701);
INSERT INTO EX.PADECIMIENTOS(ID_PATOLOGIA, ID_PERSONA, ID_FICHA_MEDICA) VALUES
                            (2, '00701', 701);
INSERT INTO EX.PADECIMIENTOS(ID_PATOLOGIA, ID_PERSONA, ID_FICHA_MEDICA) VALUES
                            (3, '00701', 701);
INSERT INTO EX.PADECIMIENTOS(ID_PATOLOGIA, ID_PERSONA, ID_FICHA_MEDICA) VALUES
                            (4, '00701', 701);
INSERT INTO EX.PADECIMIENTOS(ID_PATOLOGIA, ID_PERSONA, ID_FICHA_MEDICA) VALUES
                            (5, '00701', 701);
INSERT INTO EX.PADECIMIENTOS(ID_PATOLOGIA, ID_PERSONA, ID_FICHA_MEDICA) VALUES
                            (6, '00701', 701);
INSERT INTO EX.PADECIMIENTOS(ID_PATOLOGIA, ID_PERSONA, ID_FICHA_MEDICA) VALUES
                            (7, '00701', 701);
INSERT INTO EX.PADECIMIENTOS(ID_PATOLOGIA, ID_PERSONA, ID_FICHA_MEDICA) VALUES
                            (8, '00701', 701);
INSERT INTO EX.SINTOMAS(FECHA_INICIO, ID_SINTOMA, ID_PERSONA, ID_FICHA_MEDICA) VALUES
                            (TO_DATE('2020-05-18','YYYY-MM-DD'), 1, '00701', 701);
INSERT INTO EX.SINTOMAS(FECHA_INICIO, ID_SINTOMA, ID_PERSONA, ID_FICHA_MEDICA) VALUES
                            (TO_DATE('2020-01-08','YYYY-MM-DD'), 2, '00701', 701);
INSERT INTO EX.SINTOMAS(FECHA_INICIO, ID_SINTOMA, ID_PERSONA, ID_FICHA_MEDICA) VALUES
                            (TO_DATE('2020-02-16','YYYY-MM-DD'), 3, '00701', 701);
INSERT INTO EX.SINTOMAS(FECHA_INICIO, ID_SINTOMA, ID_PERSONA, ID_FICHA_MEDICA) VALUES
                            (TO_DATE('2020-02-21','YYYY-MM-DD'), 4, '00701', 701);
INSERT INTO EX.SINTOMAS(FECHA_INICIO, ID_SINTOMA, ID_PERSONA, ID_FICHA_MEDICA) VALUES
                            (TO_DATE('2020-01-21','YYYY-MM-DD'), 5, '00701', 701);
INSERT INTO EX.SINTOMAS(FECHA_INICIO, ID_SINTOMA, ID_PERSONA, ID_FICHA_MEDICA) VALUES
                            (TO_DATE('2020-03-16','YYYY-MM-DD'), 6, '00701', 701);
INSERT INTO EX.SINTOMAS(FECHA_INICIO, ID_SINTOMA, ID_PERSONA, ID_FICHA_MEDICA) VALUES
                            (TO_DATE('2020-06-02','YYYY-MM-DD'), 7, '00701', 701);
INSERT INTO EX.SINTOMAS(FECHA_INICIO, ID_SINTOMA, ID_PERSONA, ID_FICHA_MEDICA) VALUES
                            (TO_DATE('2020-01-11','YYYY-MM-DD'), 8, '00701', 701);
INSERT INTO EX.SINTOMAS(FECHA_INICIO, ID_SINTOMA, ID_PERSONA, ID_FICHA_MEDICA) VALUES
                            (TO_DATE('2020-03-12','YYYY-MM-DD'), 9, '00701', 701);
INSERT INTO EX.SINTOMAS(FECHA_INICIO, ID_SINTOMA, ID_PERSONA, ID_FICHA_MEDICA) VALUES
                            (TO_DATE('2020-01-21','YYYY-MM-DD'), 10, '00701', 701);
INSERT INTO EX.SINTOMAS(FECHA_INICIO, ID_SINTOMA, ID_PERSONA, ID_FICHA_MEDICA) VALUES
                            (TO_DATE('2020-03-23','YYYY-MM-DD'), 11, '00701', 701);
INSERT INTO EX.SINTOMAS(FECHA_INICIO, ID_SINTOMA, ID_PERSONA, ID_FICHA_MEDICA) VALUES
                            (TO_DATE('2020-03-21','YYYY-MM-DD'), 12, '00701', 701);
INSERT INTO EX.SINTOMAS(FECHA_INICIO, ID_SINTOMA, ID_PERSONA, ID_FICHA_MEDICA) VALUES
                            (TO_DATE('2020-06-05','YYYY-MM-DD'), 13, '00701', 701);
INSERT INTO EX.SINTOMAS(FECHA_INICIO, ID_SINTOMA, ID_PERSONA, ID_FICHA_MEDICA) VALUES
                            (TO_DATE('2020-05-17','YYYY-MM-DD'), 14, '00701', 701);
INSERT INTO EX.SINTOMAS(FECHA_INICIO, ID_SINTOMA, ID_PERSONA, ID_FICHA_MEDICA) VALUES
                            (TO_DATE('2020-01-09','YYYY-MM-DD'), 15, '00701', 701);
INSERT INTO EX.SINTOMAS(FECHA_INICIO, ID_SINTOMA, ID_PERSONA, ID_FICHA_MEDICA) VALUES
                            (TO_DATE('2020-01-22','YYYY-MM-DD'), 16, '00701', 701);
INSERT INTO EX.SINTOMAS(FECHA_INICIO, ID_SINTOMA, ID_PERSONA, ID_FICHA_MEDICA) VALUES
                            (TO_DATE('2020-05-03','YYYY-MM-DD'), 17, '00701', 701);
INSERT INTO EX.PERSONA(DOC_IDENTIDAD, NOMBRE, NOMBRE1, APELLIDO, APELLIDO1, FECHA_NAC, GENERO, FOTO) VALUES
                  ('00702', 'Kathleen', 'Aaron', 'Taylor', 'Hopkins', TO_DATE('2017-12-13','YYYY-MM-DD'), 'm', NULL);
INSERT INTO EX.HISTORICO_RESIDENCIA(FECHA_INICIO, ID_LUGAR, ID_PERSONA, FECHA_FIN) VALUES
                  (TO_DATE('1979-12-24','YYYY-MM-DD'), 28, '00702', NULL);
INSERT INTO EX.FICHA_MEDICA(ID, ID_PERSONA, ID_CENTRO_SALUD, ID_LUGAR, ESTADO, FECHA_INFECCION, FECHA_RECUPERACION) VALUES
                                             (702, '00702', 13, 28, 'desconido', NULL, NULL);
INSERT INTO EX.PERSONA(DOC_IDENTIDAD, NOMBRE, NOMBRE1, APELLIDO, APELLIDO1, FECHA_NAC, GENERO, FOTO) VALUES
                  ('00703', 'Walter', 'Ross', 'Nguyen', 'Daniels', TO_DATE('1983-08-03','YYYY-MM-DD'), 'f', NULL);
INSERT INTO EX.HISTORICO_RESIDENCIA(FECHA_INICIO, ID_LUGAR, ID_PERSONA, FECHA_FIN) VALUES
                  (TO_DATE('1979-08-17','YYYY-MM-DD'), 26, '00703', NULL);
INSERT INTO EX.FICHA_MEDICA(ID, ID_PERSONA, ID_CENTRO_SALUD, ID_LUGAR, ESTADO, FECHA_INFECCION, FECHA_RECUPERACION) VALUES
                                             (703, '00703', 11, 26, 'desconido', NULL, NULL);
INSERT INTO EX.SINTOMAS(FECHA_INICIO, ID_SINTOMA, ID_PERSONA, ID_FICHA_MEDICA) VALUES
                            (TO_DATE('2020-01-09','YYYY-MM-DD'), 1, '00703', 703);
INSERT INTO EX.SINTOMAS(FECHA_INICIO, ID_SINTOMA, ID_PERSONA, ID_FICHA_MEDICA) VALUES
                            (TO_DATE('2020-04-25','YYYY-MM-DD'), 2, '00703', 703);
INSERT INTO EX.SINTOMAS(FECHA_INICIO, ID_SINTOMA, ID_PERSONA, ID_FICHA_MEDICA) VALUES
                            (TO_DATE('2020-02-24','YYYY-MM-DD'), 3, '00703', 703);
INSERT INTO EX.SINTOMAS(FECHA_INICIO, ID_SINTOMA, ID_PERSONA, ID_FICHA_MEDICA) VALUES
                            (TO_DATE('2020-02-07','YYYY-MM-DD'), 4, '00703', 703);
INSERT INTO EX.SINTOMAS(FECHA_INICIO, ID_SINTOMA, ID_PERSONA, ID_FICHA_MEDICA) VALUES
                            (TO_DATE('2020-01-07','YYYY-MM-DD'), 5, '00703', 703);
INSERT INTO EX.SINTOMAS(FECHA_INICIO, ID_SINTOMA, ID_PERSONA, ID_FICHA_MEDICA) VALUES
                            (TO_DATE('2020-05-22','YYYY-MM-DD'), 6, '00703', 703);
INSERT INTO EX.SINTOMAS(FECHA_INICIO, ID_SINTOMA, ID_PERSONA, ID_FICHA_MEDICA) VALUES
                            (TO_DATE('2020-01-26','YYYY-MM-DD'), 7, '00703', 703);
INSERT INTO EX.SINTOMAS(FECHA_INICIO, ID_SINTOMA, ID_PERSONA, ID_FICHA_MEDICA) VALUES
                            (TO_DATE('2020-06-11','YYYY-MM-DD'), 8, '00703', 703);
INSERT INTO EX.SINTOMAS(FECHA_INICIO, ID_SINTOMA, ID_PERSONA, ID_FICHA_MEDICA) VALUES
                            (TO_DATE('2020-06-12','YYYY-MM-DD'), 9, '00703', 703);
INSERT INTO EX.SINTOMAS(FECHA_INICIO, ID_SINTOMA, ID_PERSONA, ID_FICHA_MEDICA) VALUES
                            (TO_DATE('2020-04-18','YYYY-MM-DD'), 10, '00703', 703);
INSERT INTO EX.PERSONA(DOC_IDENTIDAD, NOMBRE, NOMBRE1, APELLIDO, APELLIDO1, FECHA_NAC, GENERO, FOTO) VALUES
                  ('00704', 'Melissa', 'Loretta', 'Cowan', 'Manning', TO_DATE('2001-12-20','YYYY-MM-DD'), 'm', NULL);
INSERT INTO EX.HISTORICO_RESIDENCIA(FECHA_INICIO, ID_LUGAR, ID_PERSONA, FECHA_FIN) VALUES
                  (TO_DATE('2006-09-03','YYYY-MM-DD'), 29, '00704', NULL);
INSERT INTO EX.FICHA_MEDICA(ID, ID_PERSONA, ID_CENTRO_SALUD, ID_LUGAR, ESTADO, FECHA_INFECCION, FECHA_RECUPERACION) VALUES
                                             (704, '00704', 14, 29, 'desconido', NULL, NULL);
INSERT INTO EX.PERSONA(DOC_IDENTIDAD, NOMBRE, NOMBRE1, APELLIDO, APELLIDO1, FECHA_NAC, GENERO, FOTO) VALUES
                  ('00705', 'Jamie', 'Rachel', 'Castillo', 'Davidson', TO_DATE('1990-08-19','YYYY-MM-DD'), 'f', NULL);
INSERT INTO EX.HISTORICO_RESIDENCIA(FECHA_INICIO, ID_LUGAR, ID_PERSONA, FECHA_FIN) VALUES
                  (TO_DATE('2015-11-13','YYYY-MM-DD'), 39, '00705', NULL);
INSERT INTO EX.FICHA_MEDICA(ID, ID_PERSONA, ID_CENTRO_SALUD, ID_LUGAR, ESTADO, FECHA_INFECCION, FECHA_RECUPERACION) VALUES
                                             (705, '00705', 24, 39, 'desconido', NULL, NULL);
INSERT INTO EX.SINTOMAS(FECHA_INICIO, ID_SINTOMA, ID_PERSONA, ID_FICHA_MEDICA) VALUES
                            (TO_DATE('2020-01-14','YYYY-MM-DD'), 1, '00705', 705);
INSERT INTO EX.PERSONA(DOC_IDENTIDAD, NOMBRE, NOMBRE1, APELLIDO, APELLIDO1, FECHA_NAC, GENERO, FOTO) VALUES
                  ('00706', 'Andrea', 'Rachel', 'Freeman', 'Todd', TO_DATE('1991-09-16','YYYY-MM-DD'), 'm', NULL);
INSERT INTO EX.HISTORICO_RESIDENCIA(FECHA_INICIO, ID_LUGAR, ID_PERSONA, FECHA_FIN) VALUES
                  (TO_DATE('2003-02-01','YYYY-MM-DD'), 41, '00706', NULL);
INSERT INTO EX.FICHA_MEDICA(ID, ID_PERSONA, ID_CENTRO_SALUD, ID_LUGAR, ESTADO, FECHA_INFECCION, FECHA_RECUPERACION) VALUES
                                             (706, '00706', 26, 41, 'desconido', NULL, NULL);
INSERT INTO EX.PADECIMIENTOS(ID_PATOLOGIA, ID_PERSONA, ID_FICHA_MEDICA) VALUES
                            (1, '00706', 706);
INSERT INTO EX.PADECIMIENTOS(ID_PATOLOGIA, ID_PERSONA, ID_FICHA_MEDICA) VALUES
                            (2, '00706', 706);
INSERT INTO EX.PADECIMIENTOS(ID_PATOLOGIA, ID_PERSONA, ID_FICHA_MEDICA) VALUES
                            (3, '00706', 706);
INSERT INTO EX.PADECIMIENTOS(ID_PATOLOGIA, ID_PERSONA, ID_FICHA_MEDICA) VALUES
                            (4, '00706', 706);
INSERT INTO EX.PADECIMIENTOS(ID_PATOLOGIA, ID_PERSONA, ID_FICHA_MEDICA) VALUES
                            (5, '00706', 706);
INSERT INTO EX.PADECIMIENTOS(ID_PATOLOGIA, ID_PERSONA, ID_FICHA_MEDICA) VALUES
                            (6, '00706', 706);
INSERT INTO EX.PADECIMIENTOS(ID_PATOLOGIA, ID_PERSONA, ID_FICHA_MEDICA) VALUES
                            (7, '00706', 706);
INSERT INTO EX.SINTOMAS(FECHA_INICIO, ID_SINTOMA, ID_PERSONA, ID_FICHA_MEDICA) VALUES
                            (TO_DATE('2020-06-16','YYYY-MM-DD'), 1, '00706', 706);
INSERT INTO EX.SINTOMAS(FECHA_INICIO, ID_SINTOMA, ID_PERSONA, ID_FICHA_MEDICA) VALUES
                            (TO_DATE('2020-02-25','YYYY-MM-DD'), 2, '00706', 706);
INSERT INTO EX.SINTOMAS(FECHA_INICIO, ID_SINTOMA, ID_PERSONA, ID_FICHA_MEDICA) VALUES
                            (TO_DATE('2020-01-31','YYYY-MM-DD'), 3, '00706', 706);
INSERT INTO EX.SINTOMAS(FECHA_INICIO, ID_SINTOMA, ID_PERSONA, ID_FICHA_MEDICA) VALUES
                            (TO_DATE('2020-05-27','YYYY-MM-DD'), 4, '00706', 706);
INSERT INTO EX.SINTOMAS(FECHA_INICIO, ID_SINTOMA, ID_PERSONA, ID_FICHA_MEDICA) VALUES
                            (TO_DATE('2020-01-26','YYYY-MM-DD'), 5, '00706', 706);
INSERT INTO EX.SINTOMAS(FECHA_INICIO, ID_SINTOMA, ID_PERSONA, ID_FICHA_MEDICA) VALUES
                            (TO_DATE('2020-05-22','YYYY-MM-DD'), 6, '00706', 706);
INSERT INTO EX.SINTOMAS(FECHA_INICIO, ID_SINTOMA, ID_PERSONA, ID_FICHA_MEDICA) VALUES
                            (TO_DATE('2020-01-11','YYYY-MM-DD'), 7, '00706', 706);
INSERT INTO EX.SINTOMAS(FECHA_INICIO, ID_SINTOMA, ID_PERSONA, ID_FICHA_MEDICA) VALUES
                            (TO_DATE('2020-02-29','YYYY-MM-DD'), 8, '00706', 706);
INSERT INTO EX.SINTOMAS(FECHA_INICIO, ID_SINTOMA, ID_PERSONA, ID_FICHA_MEDICA) VALUES
                            (TO_DATE('2020-01-29','YYYY-MM-DD'), 9, '00706', 706);
INSERT INTO EX.SINTOMAS(FECHA_INICIO, ID_SINTOMA, ID_PERSONA, ID_FICHA_MEDICA) VALUES
                            (TO_DATE('2020-04-13','YYYY-MM-DD'), 10, '00706', 706);
INSERT INTO EX.SINTOMAS(FECHA_INICIO, ID_SINTOMA, ID_PERSONA, ID_FICHA_MEDICA) VALUES
                            (TO_DATE('2020-01-16','YYYY-MM-DD'), 11, '00706', 706);
INSERT INTO EX.SINTOMAS(FECHA_INICIO, ID_SINTOMA, ID_PERSONA, ID_FICHA_MEDICA) VALUES
                            (TO_DATE('2020-01-25','YYYY-MM-DD'), 12, '00706', 706);
INSERT INTO EX.SINTOMAS(FECHA_INICIO, ID_SINTOMA, ID_PERSONA, ID_FICHA_MEDICA) VALUES
                            (TO_DATE('2020-06-19','YYYY-MM-DD'), 13, '00706', 706);
INSERT INTO EX.SINTOMAS(FECHA_INICIO, ID_SINTOMA, ID_PERSONA, ID_FICHA_MEDICA) VALUES
                            (TO_DATE('2020-04-15','YYYY-MM-DD'), 14, '00706', 706);
INSERT INTO EX.SINTOMAS(FECHA_INICIO, ID_SINTOMA, ID_PERSONA, ID_FICHA_MEDICA) VALUES
                            (TO_DATE('2020-01-17','YYYY-MM-DD'), 15, '00706', 706);
INSERT INTO EX.PERSONA(DOC_IDENTIDAD, NOMBRE, NOMBRE1, APELLIDO, APELLIDO1, FECHA_NAC, GENERO, FOTO) VALUES
                  ('00707', 'Richard', 'Steven', 'Brock', 'Curtis', TO_DATE('1971-10-09','YYYY-MM-DD'), 'f', NULL);
INSERT INTO EX.HISTORICO_RESIDENCIA(FECHA_INICIO, ID_LUGAR, ID_PERSONA, FECHA_FIN) VALUES
                  (TO_DATE('2004-02-11','YYYY-MM-DD'), 44, '00707', NULL);
INSERT INTO EX.FICHA_MEDICA(ID, ID_PERSONA, ID_CENTRO_SALUD, ID_LUGAR, ESTADO, FECHA_INFECCION, FECHA_RECUPERACION) VALUES
                                             (707, '00707', 29, 44, 'desconido', NULL, NULL);
INSERT INTO EX.PADECIMIENTOS(ID_PATOLOGIA, ID_PERSONA, ID_FICHA_MEDICA) VALUES
                            (1, '00707', 707);
INSERT INTO EX.PADECIMIENTOS(ID_PATOLOGIA, ID_PERSONA, ID_FICHA_MEDICA) VALUES
                            (2, '00707', 707);
INSERT INTO EX.PADECIMIENTOS(ID_PATOLOGIA, ID_PERSONA, ID_FICHA_MEDICA) VALUES
                            (3, '00707', 707);
INSERT INTO EX.PADECIMIENTOS(ID_PATOLOGIA, ID_PERSONA, ID_FICHA_MEDICA) VALUES
                            (4, '00707', 707);
INSERT INTO EX.PADECIMIENTOS(ID_PATOLOGIA, ID_PERSONA, ID_FICHA_MEDICA) VALUES
                            (5, '00707', 707);
INSERT INTO EX.PADECIMIENTOS(ID_PATOLOGIA, ID_PERSONA, ID_FICHA_MEDICA) VALUES
                            (6, '00707', 707);
INSERT INTO EX.PADECIMIENTOS(ID_PATOLOGIA, ID_PERSONA, ID_FICHA_MEDICA) VALUES
                            (7, '00707', 707);
INSERT INTO EX.PADECIMIENTOS(ID_PATOLOGIA, ID_PERSONA, ID_FICHA_MEDICA) VALUES
                            (8, '00707', 707);
INSERT INTO EX.PADECIMIENTOS(ID_PATOLOGIA, ID_PERSONA, ID_FICHA_MEDICA) VALUES
                            (9, '00707', 707);
INSERT INTO EX.PADECIMIENTOS(ID_PATOLOGIA, ID_PERSONA, ID_FICHA_MEDICA) VALUES
                            (10, '00707', 707);
INSERT INTO EX.SINTOMAS(FECHA_INICIO, ID_SINTOMA, ID_PERSONA, ID_FICHA_MEDICA) VALUES
                            (TO_DATE('2020-02-15','YYYY-MM-DD'), 1, '00707', 707);
INSERT INTO EX.SINTOMAS(FECHA_INICIO, ID_SINTOMA, ID_PERSONA, ID_FICHA_MEDICA) VALUES
                            (TO_DATE('2020-06-18','YYYY-MM-DD'), 2, '00707', 707);
INSERT INTO EX.SINTOMAS(FECHA_INICIO, ID_SINTOMA, ID_PERSONA, ID_FICHA_MEDICA) VALUES
                            (TO_DATE('2020-06-02','YYYY-MM-DD'), 3, '00707', 707);
INSERT INTO EX.SINTOMAS(FECHA_INICIO, ID_SINTOMA, ID_PERSONA, ID_FICHA_MEDICA) VALUES
                            (TO_DATE('2020-03-23','YYYY-MM-DD'), 4, '00707', 707);
INSERT INTO EX.SINTOMAS(FECHA_INICIO, ID_SINTOMA, ID_PERSONA, ID_FICHA_MEDICA) VALUES
                            (TO_DATE('2020-05-09','YYYY-MM-DD'), 5, '00707', 707);
INSERT INTO EX.SINTOMAS(FECHA_INICIO, ID_SINTOMA, ID_PERSONA, ID_FICHA_MEDICA) VALUES
                            (TO_DATE('2020-01-13','YYYY-MM-DD'), 6, '00707', 707);
INSERT INTO EX.SINTOMAS(FECHA_INICIO, ID_SINTOMA, ID_PERSONA, ID_FICHA_MEDICA) VALUES
                            (TO_DATE('2020-01-16','YYYY-MM-DD'), 7, '00707', 707);
INSERT INTO EX.SINTOMAS(FECHA_INICIO, ID_SINTOMA, ID_PERSONA, ID_FICHA_MEDICA) VALUES
                            (TO_DATE('2020-03-15','YYYY-MM-DD'), 8, '00707', 707);
INSERT INTO EX.SINTOMAS(FECHA_INICIO, ID_SINTOMA, ID_PERSONA, ID_FICHA_MEDICA) VALUES
                            (TO_DATE('2020-05-15','YYYY-MM-DD'), 9, '00707', 707);
INSERT INTO EX.SINTOMAS(FECHA_INICIO, ID_SINTOMA, ID_PERSONA, ID_FICHA_MEDICA) VALUES
                            (TO_DATE('2020-04-24','YYYY-MM-DD'), 10, '00707', 707);
INSERT INTO EX.SINTOMAS(FECHA_INICIO, ID_SINTOMA, ID_PERSONA, ID_FICHA_MEDICA) VALUES
                            (TO_DATE('2020-05-25','YYYY-MM-DD'), 11, '00707', 707);
INSERT INTO EX.SINTOMAS(FECHA_INICIO, ID_SINTOMA, ID_PERSONA, ID_FICHA_MEDICA) VALUES
                            (TO_DATE('2020-01-26','YYYY-MM-DD'), 12, '00707', 707);
INSERT INTO EX.SINTOMAS(FECHA_INICIO, ID_SINTOMA, ID_PERSONA, ID_FICHA_MEDICA) VALUES
                            (TO_DATE('2020-06-03','YYYY-MM-DD'), 13, '00707', 707);
INSERT INTO EX.SINTOMAS(FECHA_INICIO, ID_SINTOMA, ID_PERSONA, ID_FICHA_MEDICA) VALUES
                            (TO_DATE('2020-01-07','YYYY-MM-DD'), 14, '00707', 707);
INSERT INTO EX.PERSONA(DOC_IDENTIDAD, NOMBRE, NOMBRE1, APELLIDO, APELLIDO1, FECHA_NAC, GENERO, FOTO) VALUES
                  ('00708', 'Amanda', 'Steven', 'Booth', 'Stone', TO_DATE('2007-02-09','YYYY-MM-DD'), 'm', NULL);
INSERT INTO EX.HISTORICO_RESIDENCIA(FECHA_INICIO, ID_LUGAR, ID_PERSONA, FECHA_FIN) VALUES
                  (TO_DATE('1985-05-08','YYYY-MM-DD'), 41, '00708', NULL);
INSERT INTO EX.FICHA_MEDICA(ID, ID_PERSONA, ID_CENTRO_SALUD, ID_LUGAR, ESTADO, FECHA_INFECCION, FECHA_RECUPERACION) VALUES
                                             (708, '00708', 26, 41, 'desconido', NULL, NULL);
INSERT INTO EX.PERSONA(DOC_IDENTIDAD, NOMBRE, NOMBRE1, APELLIDO, APELLIDO1, FECHA_NAC, GENERO, FOTO) VALUES
                  ('00709', 'Christopher', 'Dennis', 'Wong', 'Mullins', TO_DATE('1985-11-27','YYYY-MM-DD'), 'f', NULL);
INSERT INTO EX.HISTORICO_RESIDENCIA(FECHA_INICIO, ID_LUGAR, ID_PERSONA, FECHA_FIN) VALUES
                  (TO_DATE('2018-02-09','YYYY-MM-DD'), 29, '00709', NULL);
INSERT INTO EX.FICHA_MEDICA(ID, ID_PERSONA, ID_CENTRO_SALUD, ID_LUGAR, ESTADO, FECHA_INFECCION, FECHA_RECUPERACION) VALUES
                                             (709, '00709', 14, 29, 'desconido', NULL, NULL);
INSERT INTO EX.PADECIMIENTOS(ID_PATOLOGIA, ID_PERSONA, ID_FICHA_MEDICA) VALUES
                            (1, '00709', 709);
INSERT INTO EX.PADECIMIENTOS(ID_PATOLOGIA, ID_PERSONA, ID_FICHA_MEDICA) VALUES
                            (2, '00709', 709);
INSERT INTO EX.PADECIMIENTOS(ID_PATOLOGIA, ID_PERSONA, ID_FICHA_MEDICA) VALUES
                            (3, '00709', 709);
INSERT INTO EX.PADECIMIENTOS(ID_PATOLOGIA, ID_PERSONA, ID_FICHA_MEDICA) VALUES
                            (4, '00709', 709);
INSERT INTO EX.PADECIMIENTOS(ID_PATOLOGIA, ID_PERSONA, ID_FICHA_MEDICA) VALUES
                            (5, '00709', 709);
INSERT INTO EX.SINTOMAS(FECHA_INICIO, ID_SINTOMA, ID_PERSONA, ID_FICHA_MEDICA) VALUES
                            (TO_DATE('2020-02-03','YYYY-MM-DD'), 1, '00709', 709);
INSERT INTO EX.SINTOMAS(FECHA_INICIO, ID_SINTOMA, ID_PERSONA, ID_FICHA_MEDICA) VALUES
                            (TO_DATE('2020-04-01','YYYY-MM-DD'), 2, '00709', 709);
INSERT INTO EX.PERSONA(DOC_IDENTIDAD, NOMBRE, NOMBRE1, APELLIDO, APELLIDO1, FECHA_NAC, GENERO, FOTO) VALUES
                  ('00710', 'Jonathon', 'Vanessa', 'Travis', 'Mullen', TO_DATE('2005-01-05','YYYY-MM-DD'), 'm', NULL);
INSERT INTO EX.HISTORICO_RESIDENCIA(FECHA_INICIO, ID_LUGAR, ID_PERSONA, FECHA_FIN) VALUES
                  (TO_DATE('1975-06-24','YYYY-MM-DD'), 30, '00710', NULL);
INSERT INTO EX.FICHA_MEDICA(ID, ID_PERSONA, ID_CENTRO_SALUD, ID_LUGAR, ESTADO, FECHA_INFECCION, FECHA_RECUPERACION) VALUES
                                             (710, '00710', 15, 30, 'desconido', NULL, NULL);
INSERT INTO EX.SINTOMAS(FECHA_INICIO, ID_SINTOMA, ID_PERSONA, ID_FICHA_MEDICA) VALUES
                            (TO_DATE('2020-02-05','YYYY-MM-DD'), 1, '00710', 710);
INSERT INTO EX.SINTOMAS(FECHA_INICIO, ID_SINTOMA, ID_PERSONA, ID_FICHA_MEDICA) VALUES
                            (TO_DATE('2020-01-02','YYYY-MM-DD'), 2, '00710', 710);
INSERT INTO EX.SINTOMAS(FECHA_INICIO, ID_SINTOMA, ID_PERSONA, ID_FICHA_MEDICA) VALUES
                            (TO_DATE('2020-05-24','YYYY-MM-DD'), 3, '00710', 710);
INSERT INTO EX.SINTOMAS(FECHA_INICIO, ID_SINTOMA, ID_PERSONA, ID_FICHA_MEDICA) VALUES
                            (TO_DATE('2020-03-21','YYYY-MM-DD'), 4, '00710', 710);
INSERT INTO EX.SINTOMAS(FECHA_INICIO, ID_SINTOMA, ID_PERSONA, ID_FICHA_MEDICA) VALUES
                            (TO_DATE('2020-03-29','YYYY-MM-DD'), 5, '00710', 710);
INSERT INTO EX.SINTOMAS(FECHA_INICIO, ID_SINTOMA, ID_PERSONA, ID_FICHA_MEDICA) VALUES
                            (TO_DATE('2020-06-11','YYYY-MM-DD'), 6, '00710', 710);
INSERT INTO EX.SINTOMAS(FECHA_INICIO, ID_SINTOMA, ID_PERSONA, ID_FICHA_MEDICA) VALUES
                            (TO_DATE('2020-02-24','YYYY-MM-DD'), 7, '00710', 710);
INSERT INTO EX.SINTOMAS(FECHA_INICIO, ID_SINTOMA, ID_PERSONA, ID_FICHA_MEDICA) VALUES
                            (TO_DATE('2020-01-06','YYYY-MM-DD'), 8, '00710', 710);
INSERT INTO EX.SINTOMAS(FECHA_INICIO, ID_SINTOMA, ID_PERSONA, ID_FICHA_MEDICA) VALUES
                            (TO_DATE('2020-04-03','YYYY-MM-DD'), 9, '00710', 710);
INSERT INTO EX.SINTOMAS(FECHA_INICIO, ID_SINTOMA, ID_PERSONA, ID_FICHA_MEDICA) VALUES
                            (TO_DATE('2020-01-09','YYYY-MM-DD'), 10, '00710', 710);
INSERT INTO EX.SINTOMAS(FECHA_INICIO, ID_SINTOMA, ID_PERSONA, ID_FICHA_MEDICA) VALUES
                            (TO_DATE('2020-04-14','YYYY-MM-DD'), 11, '00710', 710);
INSERT INTO EX.SINTOMAS(FECHA_INICIO, ID_SINTOMA, ID_PERSONA, ID_FICHA_MEDICA) VALUES
                            (TO_DATE('2020-03-02','YYYY-MM-DD'), 12, '00710', 710);
INSERT INTO EX.SINTOMAS(FECHA_INICIO, ID_SINTOMA, ID_PERSONA, ID_FICHA_MEDICA) VALUES
                            (TO_DATE('2020-01-17','YYYY-MM-DD'), 13, '00710', 710);
INSERT INTO EX.SINTOMAS(FECHA_INICIO, ID_SINTOMA, ID_PERSONA, ID_FICHA_MEDICA) VALUES
                            (TO_DATE('2020-01-01','YYYY-MM-DD'), 14, '00710', 710);
INSERT INTO EX.PERSONA(DOC_IDENTIDAD, NOMBRE, NOMBRE1, APELLIDO, APELLIDO1, FECHA_NAC, GENERO, FOTO) VALUES
                  ('00711', 'Jennifer', 'Roberto', 'Duncan', 'Mccarty', TO_DATE('2005-12-24','YYYY-MM-DD'), 'f', NULL);
INSERT INTO EX.HISTORICO_RESIDENCIA(FECHA_INICIO, ID_LUGAR, ID_PERSONA, FECHA_FIN) VALUES
                  (TO_DATE('2017-07-02','YYYY-MM-DD'), 39, '00711', NULL);
INSERT INTO EX.FICHA_MEDICA(ID, ID_PERSONA, ID_CENTRO_SALUD, ID_LUGAR, ESTADO, FECHA_INFECCION, FECHA_RECUPERACION) VALUES
                                             (711, '00711', 24, 39, 'desconido', NULL, NULL);
INSERT INTO EX.PADECIMIENTOS(ID_PATOLOGIA, ID_PERSONA, ID_FICHA_MEDICA) VALUES
                            (1, '00711', 711);
INSERT INTO EX.PADECIMIENTOS(ID_PATOLOGIA, ID_PERSONA, ID_FICHA_MEDICA) VALUES
                            (2, '00711', 711);
INSERT INTO EX.PERSONA(DOC_IDENTIDAD, NOMBRE, NOMBRE1, APELLIDO, APELLIDO1, FECHA_NAC, GENERO, FOTO) VALUES
                  ('00712', 'Thomas', 'Dana', 'Pennington', 'Murphy', TO_DATE('1977-07-08','YYYY-MM-DD'), 'm', NULL);
INSERT INTO EX.HISTORICO_RESIDENCIA(FECHA_INICIO, ID_LUGAR, ID_PERSONA, FECHA_FIN) VALUES
                  (TO_DATE('2017-04-12','YYYY-MM-DD'), 42, '00712', NULL);
INSERT INTO EX.FICHA_MEDICA(ID, ID_PERSONA, ID_CENTRO_SALUD, ID_LUGAR, ESTADO, FECHA_INFECCION, FECHA_RECUPERACION) VALUES
                                             (712, '00712', 27, 42, 'desconido', NULL, NULL);
INSERT INTO EX.PADECIMIENTOS(ID_PATOLOGIA, ID_PERSONA, ID_FICHA_MEDICA) VALUES
                            (1, '00712', 712);
INSERT INTO EX.PADECIMIENTOS(ID_PATOLOGIA, ID_PERSONA, ID_FICHA_MEDICA) VALUES
                            (2, '00712', 712);
INSERT INTO EX.PADECIMIENTOS(ID_PATOLOGIA, ID_PERSONA, ID_FICHA_MEDICA) VALUES
                            (3, '00712', 712);
INSERT INTO EX.PADECIMIENTOS(ID_PATOLOGIA, ID_PERSONA, ID_FICHA_MEDICA) VALUES
                            (4, '00712', 712);
INSERT INTO EX.PADECIMIENTOS(ID_PATOLOGIA, ID_PERSONA, ID_FICHA_MEDICA) VALUES
                            (5, '00712', 712);
INSERT INTO EX.PADECIMIENTOS(ID_PATOLOGIA, ID_PERSONA, ID_FICHA_MEDICA) VALUES
                            (6, '00712', 712);
INSERT INTO EX.PADECIMIENTOS(ID_PATOLOGIA, ID_PERSONA, ID_FICHA_MEDICA) VALUES
                            (7, '00712', 712);
INSERT INTO EX.PERSONA(DOC_IDENTIDAD, NOMBRE, NOMBRE1, APELLIDO, APELLIDO1, FECHA_NAC, GENERO, FOTO) VALUES
                  ('00713', 'Jeffery', 'Robert', 'Smith', 'Wright', TO_DATE('2017-08-27','YYYY-MM-DD'), 'f', NULL);
INSERT INTO EX.HISTORICO_RESIDENCIA(FECHA_INICIO, ID_LUGAR, ID_PERSONA, FECHA_FIN) VALUES
                  (TO_DATE('1980-01-21','YYYY-MM-DD'), 43, '00713', NULL);
INSERT INTO EX.FICHA_MEDICA(ID, ID_PERSONA, ID_CENTRO_SALUD, ID_LUGAR, ESTADO, FECHA_INFECCION, FECHA_RECUPERACION) VALUES
                                             (713, '00713', 28, 43, 'desconido', NULL, NULL);
INSERT INTO EX.PADECIMIENTOS(ID_PATOLOGIA, ID_PERSONA, ID_FICHA_MEDICA) VALUES
                            (1, '00713', 713);
INSERT INTO EX.PADECIMIENTOS(ID_PATOLOGIA, ID_PERSONA, ID_FICHA_MEDICA) VALUES
                            (2, '00713', 713);
INSERT INTO EX.PADECIMIENTOS(ID_PATOLOGIA, ID_PERSONA, ID_FICHA_MEDICA) VALUES
                            (3, '00713', 713);
INSERT INTO EX.SINTOMAS(FECHA_INICIO, ID_SINTOMA, ID_PERSONA, ID_FICHA_MEDICA) VALUES
                            (TO_DATE('2020-02-25','YYYY-MM-DD'), 1, '00713', 713);
INSERT INTO EX.SINTOMAS(FECHA_INICIO, ID_SINTOMA, ID_PERSONA, ID_FICHA_MEDICA) VALUES
                            (TO_DATE('2020-01-19','YYYY-MM-DD'), 2, '00713', 713);
INSERT INTO EX.SINTOMAS(FECHA_INICIO, ID_SINTOMA, ID_PERSONA, ID_FICHA_MEDICA) VALUES
                            (TO_DATE('2020-02-14','YYYY-MM-DD'), 3, '00713', 713);
INSERT INTO EX.SINTOMAS(FECHA_INICIO, ID_SINTOMA, ID_PERSONA, ID_FICHA_MEDICA) VALUES
                            (TO_DATE('2020-04-01','YYYY-MM-DD'), 4, '00713', 713);
INSERT INTO EX.SINTOMAS(FECHA_INICIO, ID_SINTOMA, ID_PERSONA, ID_FICHA_MEDICA) VALUES
                            (TO_DATE('2020-01-11','YYYY-MM-DD'), 5, '00713', 713);
INSERT INTO EX.SINTOMAS(FECHA_INICIO, ID_SINTOMA, ID_PERSONA, ID_FICHA_MEDICA) VALUES
                            (TO_DATE('2020-03-14','YYYY-MM-DD'), 6, '00713', 713);
INSERT INTO EX.SINTOMAS(FECHA_INICIO, ID_SINTOMA, ID_PERSONA, ID_FICHA_MEDICA) VALUES
                            (TO_DATE('2020-03-17','YYYY-MM-DD'), 7, '00713', 713);
INSERT INTO EX.SINTOMAS(FECHA_INICIO, ID_SINTOMA, ID_PERSONA, ID_FICHA_MEDICA) VALUES
                            (TO_DATE('2020-05-07','YYYY-MM-DD'), 8, '00713', 713);
INSERT INTO EX.SINTOMAS(FECHA_INICIO, ID_SINTOMA, ID_PERSONA, ID_FICHA_MEDICA) VALUES
                            (TO_DATE('2020-02-03','YYYY-MM-DD'), 9, '00713', 713);
INSERT INTO EX.PERSONA(DOC_IDENTIDAD, NOMBRE, NOMBRE1, APELLIDO, APELLIDO1, FECHA_NAC, GENERO, FOTO) VALUES
                  ('00714', 'Jessica', 'Brandon', 'Brown', 'Hill', TO_DATE('2010-03-02','YYYY-MM-DD'), 'm', NULL);
INSERT INTO EX.HISTORICO_RESIDENCIA(FECHA_INICIO, ID_LUGAR, ID_PERSONA, FECHA_FIN) VALUES
                  (TO_DATE('2019-05-27','YYYY-MM-DD'), 31, '00714', NULL);
INSERT INTO EX.FICHA_MEDICA(ID, ID_PERSONA, ID_CENTRO_SALUD, ID_LUGAR, ESTADO, FECHA_INFECCION, FECHA_RECUPERACION) VALUES
                                             (714, '00714', 16, 31, 'desconido', NULL, NULL);
INSERT INTO EX.PADECIMIENTOS(ID_PATOLOGIA, ID_PERSONA, ID_FICHA_MEDICA) VALUES
                            (1, '00714', 714);
INSERT INTO EX.PADECIMIENTOS(ID_PATOLOGIA, ID_PERSONA, ID_FICHA_MEDICA) VALUES
                            (2, '00714', 714);
INSERT INTO EX.PADECIMIENTOS(ID_PATOLOGIA, ID_PERSONA, ID_FICHA_MEDICA) VALUES
                            (3, '00714', 714);
INSERT INTO EX.PADECIMIENTOS(ID_PATOLOGIA, ID_PERSONA, ID_FICHA_MEDICA) VALUES
                            (4, '00714', 714);
INSERT INTO EX.PADECIMIENTOS(ID_PATOLOGIA, ID_PERSONA, ID_FICHA_MEDICA) VALUES
                            (5, '00714', 714);
INSERT INTO EX.SINTOMAS(FECHA_INICIO, ID_SINTOMA, ID_PERSONA, ID_FICHA_MEDICA) VALUES
                            (TO_DATE('2020-02-09','YYYY-MM-DD'), 1, '00714', 714);
INSERT INTO EX.SINTOMAS(FECHA_INICIO, ID_SINTOMA, ID_PERSONA, ID_FICHA_MEDICA) VALUES
                            (TO_DATE('2020-02-01','YYYY-MM-DD'), 2, '00714', 714);
INSERT INTO EX.SINTOMAS(FECHA_INICIO, ID_SINTOMA, ID_PERSONA, ID_FICHA_MEDICA) VALUES
                            (TO_DATE('2020-06-14','YYYY-MM-DD'), 3, '00714', 714);
INSERT INTO EX.SINTOMAS(FECHA_INICIO, ID_SINTOMA, ID_PERSONA, ID_FICHA_MEDICA) VALUES
                            (TO_DATE('2020-05-24','YYYY-MM-DD'), 4, '00714', 714);
INSERT INTO EX.SINTOMAS(FECHA_INICIO, ID_SINTOMA, ID_PERSONA, ID_FICHA_MEDICA) VALUES
                            (TO_DATE('2020-02-13','YYYY-MM-DD'), 5, '00714', 714);
INSERT INTO EX.SINTOMAS(FECHA_INICIO, ID_SINTOMA, ID_PERSONA, ID_FICHA_MEDICA) VALUES
                            (TO_DATE('2020-05-25','YYYY-MM-DD'), 6, '00714', 714);
INSERT INTO EX.PERSONA(DOC_IDENTIDAD, NOMBRE, NOMBRE1, APELLIDO, APELLIDO1, FECHA_NAC, GENERO, FOTO) VALUES
                  ('00715', 'Anne', 'Elizabeth', 'Garcia', 'Malone', TO_DATE('2013-10-31','YYYY-MM-DD'), 'f', NULL);
INSERT INTO EX.HISTORICO_RESIDENCIA(FECHA_INICIO, ID_LUGAR, ID_PERSONA, FECHA_FIN) VALUES
                  (TO_DATE('2011-05-06','YYYY-MM-DD'), 18, '00715', NULL);
INSERT INTO EX.FICHA_MEDICA(ID, ID_PERSONA, ID_CENTRO_SALUD, ID_LUGAR, ESTADO, FECHA_INFECCION, FECHA_RECUPERACION) VALUES
                                             (715, '00715', 3, 18, 'desconido', NULL, NULL);
INSERT INTO EX.PADECIMIENTOS(ID_PATOLOGIA, ID_PERSONA, ID_FICHA_MEDICA) VALUES
                            (1, '00715', 715);
INSERT INTO EX.PADECIMIENTOS(ID_PATOLOGIA, ID_PERSONA, ID_FICHA_MEDICA) VALUES
                            (2, '00715', 715);
INSERT INTO EX.SINTOMAS(FECHA_INICIO, ID_SINTOMA, ID_PERSONA, ID_FICHA_MEDICA) VALUES
                            (TO_DATE('2020-03-06','YYYY-MM-DD'), 1, '00715', 715);
INSERT INTO EX.SINTOMAS(FECHA_INICIO, ID_SINTOMA, ID_PERSONA, ID_FICHA_MEDICA) VALUES
                            (TO_DATE('2020-01-30','YYYY-MM-DD'), 2, '00715', 715);
INSERT INTO EX.SINTOMAS(FECHA_INICIO, ID_SINTOMA, ID_PERSONA, ID_FICHA_MEDICA) VALUES
                            (TO_DATE('2020-05-02','YYYY-MM-DD'), 3, '00715', 715);
INSERT INTO EX.SINTOMAS(FECHA_INICIO, ID_SINTOMA, ID_PERSONA, ID_FICHA_MEDICA) VALUES
                            (TO_DATE('2020-06-13','YYYY-MM-DD'), 4, '00715', 715);
INSERT INTO EX.SINTOMAS(FECHA_INICIO, ID_SINTOMA, ID_PERSONA, ID_FICHA_MEDICA) VALUES
                            (TO_DATE('2020-02-26','YYYY-MM-DD'), 5, '00715', 715);
INSERT INTO EX.SINTOMAS(FECHA_INICIO, ID_SINTOMA, ID_PERSONA, ID_FICHA_MEDICA) VALUES
                            (TO_DATE('2020-04-02','YYYY-MM-DD'), 6, '00715', 715);
INSERT INTO EX.SINTOMAS(FECHA_INICIO, ID_SINTOMA, ID_PERSONA, ID_FICHA_MEDICA) VALUES
                            (TO_DATE('2020-01-27','YYYY-MM-DD'), 7, '00715', 715);
INSERT INTO EX.PERSONA(DOC_IDENTIDAD, NOMBRE, NOMBRE1, APELLIDO, APELLIDO1, FECHA_NAC, GENERO, FOTO) VALUES
                  ('00716', 'Steven', 'Samantha', 'Santos', 'Bartlett', TO_DATE('1996-02-07','YYYY-MM-DD'), 'm', NULL);
INSERT INTO EX.HISTORICO_RESIDENCIA(FECHA_INICIO, ID_LUGAR, ID_PERSONA, FECHA_FIN) VALUES
                  (TO_DATE('2020-01-26','YYYY-MM-DD'), 18, '00716', NULL);
INSERT INTO EX.FICHA_MEDICA(ID, ID_PERSONA, ID_CENTRO_SALUD, ID_LUGAR, ESTADO, FECHA_INFECCION, FECHA_RECUPERACION) VALUES
                                             (716, '00716', 3, 18, 'desconido', NULL, NULL);
INSERT INTO EX.SINTOMAS(FECHA_INICIO, ID_SINTOMA, ID_PERSONA, ID_FICHA_MEDICA) VALUES
                            (TO_DATE('2020-03-01','YYYY-MM-DD'), 1, '00716', 716);
INSERT INTO EX.SINTOMAS(FECHA_INICIO, ID_SINTOMA, ID_PERSONA, ID_FICHA_MEDICA) VALUES
                            (TO_DATE('2020-04-03','YYYY-MM-DD'), 2, '00716', 716);
INSERT INTO EX.SINTOMAS(FECHA_INICIO, ID_SINTOMA, ID_PERSONA, ID_FICHA_MEDICA) VALUES
                            (TO_DATE('2020-01-14','YYYY-MM-DD'), 3, '00716', 716);
INSERT INTO EX.SINTOMAS(FECHA_INICIO, ID_SINTOMA, ID_PERSONA, ID_FICHA_MEDICA) VALUES
                            (TO_DATE('2020-06-08','YYYY-MM-DD'), 4, '00716', 716);
INSERT INTO EX.SINTOMAS(FECHA_INICIO, ID_SINTOMA, ID_PERSONA, ID_FICHA_MEDICA) VALUES
                            (TO_DATE('2020-01-08','YYYY-MM-DD'), 5, '00716', 716);
INSERT INTO EX.PERSONA(DOC_IDENTIDAD, NOMBRE, NOMBRE1, APELLIDO, APELLIDO1, FECHA_NAC, GENERO, FOTO) VALUES
                  ('00717', 'Beth', 'Robert', 'Anderson', 'Brown', TO_DATE('1993-01-04','YYYY-MM-DD'), 'f', NULL);
INSERT INTO EX.HISTORICO_RESIDENCIA(FECHA_INICIO, ID_LUGAR, ID_PERSONA, FECHA_FIN) VALUES
                  (TO_DATE('1994-08-20','YYYY-MM-DD'), 37, '00717', NULL);
INSERT INTO EX.FICHA_MEDICA(ID, ID_PERSONA, ID_CENTRO_SALUD, ID_LUGAR, ESTADO, FECHA_INFECCION, FECHA_RECUPERACION) VALUES
                                             (717, '00717', 22, 37, 'desconido', NULL, NULL);
INSERT INTO EX.PADECIMIENTOS(ID_PATOLOGIA, ID_PERSONA, ID_FICHA_MEDICA) VALUES
                            (1, '00717', 717);
INSERT INTO EX.PADECIMIENTOS(ID_PATOLOGIA, ID_PERSONA, ID_FICHA_MEDICA) VALUES
                            (2, '00717', 717);
INSERT INTO EX.PADECIMIENTOS(ID_PATOLOGIA, ID_PERSONA, ID_FICHA_MEDICA) VALUES
                            (3, '00717', 717);
INSERT INTO EX.PADECIMIENTOS(ID_PATOLOGIA, ID_PERSONA, ID_FICHA_MEDICA) VALUES
                            (4, '00717', 717);
INSERT INTO EX.PADECIMIENTOS(ID_PATOLOGIA, ID_PERSONA, ID_FICHA_MEDICA) VALUES
                            (5, '00717', 717);
INSERT INTO EX.PADECIMIENTOS(ID_PATOLOGIA, ID_PERSONA, ID_FICHA_MEDICA) VALUES
                            (6, '00717', 717);
INSERT INTO EX.SINTOMAS(FECHA_INICIO, ID_SINTOMA, ID_PERSONA, ID_FICHA_MEDICA) VALUES
                            (TO_DATE('2020-03-06','YYYY-MM-DD'), 1, '00717', 717);
INSERT INTO EX.SINTOMAS(FECHA_INICIO, ID_SINTOMA, ID_PERSONA, ID_FICHA_MEDICA) VALUES
                            (TO_DATE('2020-02-21','YYYY-MM-DD'), 2, '00717', 717);
INSERT INTO EX.SINTOMAS(FECHA_INICIO, ID_SINTOMA, ID_PERSONA, ID_FICHA_MEDICA) VALUES
                            (TO_DATE('2020-03-27','YYYY-MM-DD'), 3, '00717', 717);
INSERT INTO EX.SINTOMAS(FECHA_INICIO, ID_SINTOMA, ID_PERSONA, ID_FICHA_MEDICA) VALUES
                            (TO_DATE('2020-02-07','YYYY-MM-DD'), 4, '00717', 717);
INSERT INTO EX.SINTOMAS(FECHA_INICIO, ID_SINTOMA, ID_PERSONA, ID_FICHA_MEDICA) VALUES
                            (TO_DATE('2020-01-13','YYYY-MM-DD'), 5, '00717', 717);
INSERT INTO EX.SINTOMAS(FECHA_INICIO, ID_SINTOMA, ID_PERSONA, ID_FICHA_MEDICA) VALUES
                            (TO_DATE('2020-06-07','YYYY-MM-DD'), 6, '00717', 717);
INSERT INTO EX.SINTOMAS(FECHA_INICIO, ID_SINTOMA, ID_PERSONA, ID_FICHA_MEDICA) VALUES
                            (TO_DATE('2020-02-21','YYYY-MM-DD'), 7, '00717', 717);
INSERT INTO EX.SINTOMAS(FECHA_INICIO, ID_SINTOMA, ID_PERSONA, ID_FICHA_MEDICA) VALUES
                            (TO_DATE('2020-02-06','YYYY-MM-DD'), 8, '00717', 717);
INSERT INTO EX.SINTOMAS(FECHA_INICIO, ID_SINTOMA, ID_PERSONA, ID_FICHA_MEDICA) VALUES
                            (TO_DATE('2020-05-04','YYYY-MM-DD'), 9, '00717', 717);
INSERT INTO EX.PERSONA(DOC_IDENTIDAD, NOMBRE, NOMBRE1, APELLIDO, APELLIDO1, FECHA_NAC, GENERO, FOTO) VALUES
                  ('00718', 'Michael', 'Lindsay', 'Mathews', 'Vasquez', TO_DATE('2016-09-02','YYYY-MM-DD'), 'm', NULL);
INSERT INTO EX.HISTORICO_RESIDENCIA(FECHA_INICIO, ID_LUGAR, ID_PERSONA, FECHA_FIN) VALUES
                  (TO_DATE('1998-01-04','YYYY-MM-DD'), 29, '00718', NULL);
INSERT INTO EX.FICHA_MEDICA(ID, ID_PERSONA, ID_CENTRO_SALUD, ID_LUGAR, ESTADO, FECHA_INFECCION, FECHA_RECUPERACION) VALUES
                                             (718, '00718', 14, 29, 'desconido', NULL, NULL);
INSERT INTO EX.PADECIMIENTOS(ID_PATOLOGIA, ID_PERSONA, ID_FICHA_MEDICA) VALUES
                            (1, '00718', 718);
INSERT INTO EX.PADECIMIENTOS(ID_PATOLOGIA, ID_PERSONA, ID_FICHA_MEDICA) VALUES
                            (2, '00718', 718);
INSERT INTO EX.PADECIMIENTOS(ID_PATOLOGIA, ID_PERSONA, ID_FICHA_MEDICA) VALUES
                            (3, '00718', 718);
INSERT INTO EX.PADECIMIENTOS(ID_PATOLOGIA, ID_PERSONA, ID_FICHA_MEDICA) VALUES
                            (4, '00718', 718);
INSERT INTO EX.PADECIMIENTOS(ID_PATOLOGIA, ID_PERSONA, ID_FICHA_MEDICA) VALUES
                            (5, '00718', 718);
INSERT INTO EX.PADECIMIENTOS(ID_PATOLOGIA, ID_PERSONA, ID_FICHA_MEDICA) VALUES
                            (6, '00718', 718);
INSERT INTO EX.PADECIMIENTOS(ID_PATOLOGIA, ID_PERSONA, ID_FICHA_MEDICA) VALUES
                            (7, '00718', 718);
INSERT INTO EX.PADECIMIENTOS(ID_PATOLOGIA, ID_PERSONA, ID_FICHA_MEDICA) VALUES
                            (8, '00718', 718);
INSERT INTO EX.PADECIMIENTOS(ID_PATOLOGIA, ID_PERSONA, ID_FICHA_MEDICA) VALUES
                            (9, '00718', 718);
INSERT INTO EX.PADECIMIENTOS(ID_PATOLOGIA, ID_PERSONA, ID_FICHA_MEDICA) VALUES
                            (10, '00718', 718);
INSERT INTO EX.SINTOMAS(FECHA_INICIO, ID_SINTOMA, ID_PERSONA, ID_FICHA_MEDICA) VALUES
                            (TO_DATE('2020-01-20','YYYY-MM-DD'), 1, '00718', 718);
INSERT INTO EX.SINTOMAS(FECHA_INICIO, ID_SINTOMA, ID_PERSONA, ID_FICHA_MEDICA) VALUES
                            (TO_DATE('2020-05-23','YYYY-MM-DD'), 2, '00718', 718);
INSERT INTO EX.SINTOMAS(FECHA_INICIO, ID_SINTOMA, ID_PERSONA, ID_FICHA_MEDICA) VALUES
                            (TO_DATE('2020-06-27','YYYY-MM-DD'), 3, '00718', 718);
INSERT INTO EX.SINTOMAS(FECHA_INICIO, ID_SINTOMA, ID_PERSONA, ID_FICHA_MEDICA) VALUES
                            (TO_DATE('2020-02-03','YYYY-MM-DD'), 4, '00718', 718);
INSERT INTO EX.SINTOMAS(FECHA_INICIO, ID_SINTOMA, ID_PERSONA, ID_FICHA_MEDICA) VALUES
                            (TO_DATE('2020-01-18','YYYY-MM-DD'), 5, '00718', 718);
INSERT INTO EX.SINTOMAS(FECHA_INICIO, ID_SINTOMA, ID_PERSONA, ID_FICHA_MEDICA) VALUES
                            (TO_DATE('2020-06-27','YYYY-MM-DD'), 6, '00718', 718);
INSERT INTO EX.SINTOMAS(FECHA_INICIO, ID_SINTOMA, ID_PERSONA, ID_FICHA_MEDICA) VALUES
                            (TO_DATE('2020-04-22','YYYY-MM-DD'), 7, '00718', 718);
INSERT INTO EX.SINTOMAS(FECHA_INICIO, ID_SINTOMA, ID_PERSONA, ID_FICHA_MEDICA) VALUES
                            (TO_DATE('2020-04-20','YYYY-MM-DD'), 8, '00718', 718);
INSERT INTO EX.SINTOMAS(FECHA_INICIO, ID_SINTOMA, ID_PERSONA, ID_FICHA_MEDICA) VALUES
                            (TO_DATE('2020-02-19','YYYY-MM-DD'), 9, '00718', 718);
INSERT INTO EX.SINTOMAS(FECHA_INICIO, ID_SINTOMA, ID_PERSONA, ID_FICHA_MEDICA) VALUES
                            (TO_DATE('2020-06-27','YYYY-MM-DD'), 10, '00718', 718);
INSERT INTO EX.SINTOMAS(FECHA_INICIO, ID_SINTOMA, ID_PERSONA, ID_FICHA_MEDICA) VALUES
                            (TO_DATE('2020-02-28','YYYY-MM-DD'), 11, '00718', 718);
INSERT INTO EX.SINTOMAS(FECHA_INICIO, ID_SINTOMA, ID_PERSONA, ID_FICHA_MEDICA) VALUES
                            (TO_DATE('2020-03-25','YYYY-MM-DD'), 12, '00718', 718);
INSERT INTO EX.PERSONA(DOC_IDENTIDAD, NOMBRE, NOMBRE1, APELLIDO, APELLIDO1, FECHA_NAC, GENERO, FOTO) VALUES
                  ('00719', 'Wesley', 'Taylor', 'Green', 'Peterson', TO_DATE('1988-08-23','YYYY-MM-DD'), 'f', NULL);
INSERT INTO EX.HISTORICO_RESIDENCIA(FECHA_INICIO, ID_LUGAR, ID_PERSONA, FECHA_FIN) VALUES
                  (TO_DATE('1997-07-21','YYYY-MM-DD'), 38, '00719', NULL);
INSERT INTO EX.FICHA_MEDICA(ID, ID_PERSONA, ID_CENTRO_SALUD, ID_LUGAR, ESTADO, FECHA_INFECCION, FECHA_RECUPERACION) VALUES
                                             (719, '00719', 23, 38, 'desconido', NULL, NULL);
INSERT INTO EX.PERSONA(DOC_IDENTIDAD, NOMBRE, NOMBRE1, APELLIDO, APELLIDO1, FECHA_NAC, GENERO, FOTO) VALUES
                  ('00720', 'Adam', 'Tyler', 'Beard', 'Taylor', TO_DATE('1981-03-21','YYYY-MM-DD'), 'm', NULL);
INSERT INTO EX.HISTORICO_RESIDENCIA(FECHA_INICIO, ID_LUGAR, ID_PERSONA, FECHA_FIN) VALUES
                  (TO_DATE('1974-04-10','YYYY-MM-DD'), 27, '00720', NULL);
INSERT INTO EX.FICHA_MEDICA(ID, ID_PERSONA, ID_CENTRO_SALUD, ID_LUGAR, ESTADO, FECHA_INFECCION, FECHA_RECUPERACION) VALUES
                                             (720, '00720', 12, 27, 'desconido', NULL, NULL);
INSERT INTO EX.PADECIMIENTOS(ID_PATOLOGIA, ID_PERSONA, ID_FICHA_MEDICA) VALUES
                            (1, '00720', 720);
INSERT INTO EX.PADECIMIENTOS(ID_PATOLOGIA, ID_PERSONA, ID_FICHA_MEDICA) VALUES
                            (2, '00720', 720);
INSERT INTO EX.PADECIMIENTOS(ID_PATOLOGIA, ID_PERSONA, ID_FICHA_MEDICA) VALUES
                            (3, '00720', 720);
INSERT INTO EX.PADECIMIENTOS(ID_PATOLOGIA, ID_PERSONA, ID_FICHA_MEDICA) VALUES
                            (4, '00720', 720);
INSERT INTO EX.PADECIMIENTOS(ID_PATOLOGIA, ID_PERSONA, ID_FICHA_MEDICA) VALUES
                            (5, '00720', 720);
INSERT INTO EX.PADECIMIENTOS(ID_PATOLOGIA, ID_PERSONA, ID_FICHA_MEDICA) VALUES
                            (6, '00720', 720);
INSERT INTO EX.PADECIMIENTOS(ID_PATOLOGIA, ID_PERSONA, ID_FICHA_MEDICA) VALUES
                            (7, '00720', 720);
INSERT INTO EX.PADECIMIENTOS(ID_PATOLOGIA, ID_PERSONA, ID_FICHA_MEDICA) VALUES
                            (8, '00720', 720);
INSERT INTO EX.PADECIMIENTOS(ID_PATOLOGIA, ID_PERSONA, ID_FICHA_MEDICA) VALUES
                            (9, '00720', 720);
INSERT INTO EX.PERSONA(DOC_IDENTIDAD, NOMBRE, NOMBRE1, APELLIDO, APELLIDO1, FECHA_NAC, GENERO, FOTO) VALUES
                  ('00721', 'David', 'Bryan', 'Beasley', 'Phillips', TO_DATE('1981-06-22','YYYY-MM-DD'), 'f', NULL);
INSERT INTO EX.HISTORICO_RESIDENCIA(FECHA_INICIO, ID_LUGAR, ID_PERSONA, FECHA_FIN) VALUES
                  (TO_DATE('1987-11-30','YYYY-MM-DD'), 29, '00721', NULL);
INSERT INTO EX.FICHA_MEDICA(ID, ID_PERSONA, ID_CENTRO_SALUD, ID_LUGAR, ESTADO, FECHA_INFECCION, FECHA_RECUPERACION) VALUES
                                             (721, '00721', 14, 29, 'desconido', NULL, NULL);
INSERT INTO EX.PADECIMIENTOS(ID_PATOLOGIA, ID_PERSONA, ID_FICHA_MEDICA) VALUES
                            (1, '00721', 721);
INSERT INTO EX.PERSONA(DOC_IDENTIDAD, NOMBRE, NOMBRE1, APELLIDO, APELLIDO1, FECHA_NAC, GENERO, FOTO) VALUES
                  ('00722', 'Kenneth', 'Monica', 'Jones', 'Sherman', TO_DATE('2002-05-10','YYYY-MM-DD'), 'm', NULL);
INSERT INTO EX.HISTORICO_RESIDENCIA(FECHA_INICIO, ID_LUGAR, ID_PERSONA, FECHA_FIN) VALUES
                  (TO_DATE('2000-01-20','YYYY-MM-DD'), 26, '00722', NULL);
INSERT INTO EX.FICHA_MEDICA(ID, ID_PERSONA, ID_CENTRO_SALUD, ID_LUGAR, ESTADO, FECHA_INFECCION, FECHA_RECUPERACION) VALUES
                                             (722, '00722', 11, 26, 'desconido', NULL, NULL);
INSERT INTO EX.PADECIMIENTOS(ID_PATOLOGIA, ID_PERSONA, ID_FICHA_MEDICA) VALUES
                            (1, '00722', 722);
INSERT INTO EX.PADECIMIENTOS(ID_PATOLOGIA, ID_PERSONA, ID_FICHA_MEDICA) VALUES
                            (2, '00722', 722);
INSERT INTO EX.PADECIMIENTOS(ID_PATOLOGIA, ID_PERSONA, ID_FICHA_MEDICA) VALUES
                            (3, '00722', 722);
INSERT INTO EX.PADECIMIENTOS(ID_PATOLOGIA, ID_PERSONA, ID_FICHA_MEDICA) VALUES
                            (4, '00722', 722);
INSERT INTO EX.SINTOMAS(FECHA_INICIO, ID_SINTOMA, ID_PERSONA, ID_FICHA_MEDICA) VALUES
                            (TO_DATE('2020-06-02','YYYY-MM-DD'), 1, '00722', 722);
INSERT INTO EX.SINTOMAS(FECHA_INICIO, ID_SINTOMA, ID_PERSONA, ID_FICHA_MEDICA) VALUES
                            (TO_DATE('2020-03-16','YYYY-MM-DD'), 2, '00722', 722);
INSERT INTO EX.SINTOMAS(FECHA_INICIO, ID_SINTOMA, ID_PERSONA, ID_FICHA_MEDICA) VALUES
                            (TO_DATE('2020-01-09','YYYY-MM-DD'), 3, '00722', 722);
INSERT INTO EX.SINTOMAS(FECHA_INICIO, ID_SINTOMA, ID_PERSONA, ID_FICHA_MEDICA) VALUES
                            (TO_DATE('2020-04-29','YYYY-MM-DD'), 4, '00722', 722);
INSERT INTO EX.SINTOMAS(FECHA_INICIO, ID_SINTOMA, ID_PERSONA, ID_FICHA_MEDICA) VALUES
                            (TO_DATE('2020-03-15','YYYY-MM-DD'), 5, '00722', 722);
INSERT INTO EX.SINTOMAS(FECHA_INICIO, ID_SINTOMA, ID_PERSONA, ID_FICHA_MEDICA) VALUES
                            (TO_DATE('2020-02-05','YYYY-MM-DD'), 6, '00722', 722);
INSERT INTO EX.SINTOMAS(FECHA_INICIO, ID_SINTOMA, ID_PERSONA, ID_FICHA_MEDICA) VALUES
                            (TO_DATE('2020-02-01','YYYY-MM-DD'), 7, '00722', 722);
INSERT INTO EX.SINTOMAS(FECHA_INICIO, ID_SINTOMA, ID_PERSONA, ID_FICHA_MEDICA) VALUES
                            (TO_DATE('2020-02-02','YYYY-MM-DD'), 8, '00722', 722);
INSERT INTO EX.SINTOMAS(FECHA_INICIO, ID_SINTOMA, ID_PERSONA, ID_FICHA_MEDICA) VALUES
                            (TO_DATE('2020-03-14','YYYY-MM-DD'), 9, '00722', 722);
INSERT INTO EX.SINTOMAS(FECHA_INICIO, ID_SINTOMA, ID_PERSONA, ID_FICHA_MEDICA) VALUES
                            (TO_DATE('2020-06-30','YYYY-MM-DD'), 10, '00722', 722);
INSERT INTO EX.SINTOMAS(FECHA_INICIO, ID_SINTOMA, ID_PERSONA, ID_FICHA_MEDICA) VALUES
                            (TO_DATE('2020-02-08','YYYY-MM-DD'), 11, '00722', 722);
INSERT INTO EX.SINTOMAS(FECHA_INICIO, ID_SINTOMA, ID_PERSONA, ID_FICHA_MEDICA) VALUES
                            (TO_DATE('2020-03-28','YYYY-MM-DD'), 12, '00722', 722);
INSERT INTO EX.SINTOMAS(FECHA_INICIO, ID_SINTOMA, ID_PERSONA, ID_FICHA_MEDICA) VALUES
                            (TO_DATE('2020-01-28','YYYY-MM-DD'), 13, '00722', 722);
INSERT INTO EX.SINTOMAS(FECHA_INICIO, ID_SINTOMA, ID_PERSONA, ID_FICHA_MEDICA) VALUES
                            (TO_DATE('2020-03-03','YYYY-MM-DD'), 14, '00722', 722);
INSERT INTO EX.SINTOMAS(FECHA_INICIO, ID_SINTOMA, ID_PERSONA, ID_FICHA_MEDICA) VALUES
                            (TO_DATE('2020-06-21','YYYY-MM-DD'), 15, '00722', 722);
INSERT INTO EX.PERSONA(DOC_IDENTIDAD, NOMBRE, NOMBRE1, APELLIDO, APELLIDO1, FECHA_NAC, GENERO, FOTO) VALUES
                  ('00723', 'David', 'Dennis', 'Wallace', 'Hernandez', TO_DATE('2017-03-17','YYYY-MM-DD'), 'f', NULL);
INSERT INTO EX.HISTORICO_RESIDENCIA(FECHA_INICIO, ID_LUGAR, ID_PERSONA, FECHA_FIN) VALUES
                  (TO_DATE('2019-02-07','YYYY-MM-DD'), 26, '00723', NULL);
INSERT INTO EX.FICHA_MEDICA(ID, ID_PERSONA, ID_CENTRO_SALUD, ID_LUGAR, ESTADO, FECHA_INFECCION, FECHA_RECUPERACION) VALUES
                                             (723, '00723', 11, 26, 'desconido', NULL, NULL);
INSERT INTO EX.SINTOMAS(FECHA_INICIO, ID_SINTOMA, ID_PERSONA, ID_FICHA_MEDICA) VALUES
                            (TO_DATE('2020-04-23','YYYY-MM-DD'), 1, '00723', 723);
INSERT INTO EX.SINTOMAS(FECHA_INICIO, ID_SINTOMA, ID_PERSONA, ID_FICHA_MEDICA) VALUES
                            (TO_DATE('2020-02-28','YYYY-MM-DD'), 2, '00723', 723);
INSERT INTO EX.SINTOMAS(FECHA_INICIO, ID_SINTOMA, ID_PERSONA, ID_FICHA_MEDICA) VALUES
                            (TO_DATE('2020-06-18','YYYY-MM-DD'), 3, '00723', 723);
INSERT INTO EX.SINTOMAS(FECHA_INICIO, ID_SINTOMA, ID_PERSONA, ID_FICHA_MEDICA) VALUES
                            (TO_DATE('2020-02-11','YYYY-MM-DD'), 4, '00723', 723);
INSERT INTO EX.SINTOMAS(FECHA_INICIO, ID_SINTOMA, ID_PERSONA, ID_FICHA_MEDICA) VALUES
                            (TO_DATE('2020-05-16','YYYY-MM-DD'), 5, '00723', 723);
INSERT INTO EX.SINTOMAS(FECHA_INICIO, ID_SINTOMA, ID_PERSONA, ID_FICHA_MEDICA) VALUES
                            (TO_DATE('2020-04-04','YYYY-MM-DD'), 6, '00723', 723);
INSERT INTO EX.SINTOMAS(FECHA_INICIO, ID_SINTOMA, ID_PERSONA, ID_FICHA_MEDICA) VALUES
                            (TO_DATE('2020-02-13','YYYY-MM-DD'), 7, '00723', 723);
INSERT INTO EX.SINTOMAS(FECHA_INICIO, ID_SINTOMA, ID_PERSONA, ID_FICHA_MEDICA) VALUES
                            (TO_DATE('2020-01-06','YYYY-MM-DD'), 8, '00723', 723);
INSERT INTO EX.SINTOMAS(FECHA_INICIO, ID_SINTOMA, ID_PERSONA, ID_FICHA_MEDICA) VALUES
                            (TO_DATE('2020-03-14','YYYY-MM-DD'), 9, '00723', 723);
INSERT INTO EX.SINTOMAS(FECHA_INICIO, ID_SINTOMA, ID_PERSONA, ID_FICHA_MEDICA) VALUES
                            (TO_DATE('2020-03-06','YYYY-MM-DD'), 10, '00723', 723);
INSERT INTO EX.SINTOMAS(FECHA_INICIO, ID_SINTOMA, ID_PERSONA, ID_FICHA_MEDICA) VALUES
                            (TO_DATE('2020-06-13','YYYY-MM-DD'), 11, '00723', 723);
INSERT INTO EX.SINTOMAS(FECHA_INICIO, ID_SINTOMA, ID_PERSONA, ID_FICHA_MEDICA) VALUES
                            (TO_DATE('2020-03-12','YYYY-MM-DD'), 12, '00723', 723);
INSERT INTO EX.PERSONA(DOC_IDENTIDAD, NOMBRE, NOMBRE1, APELLIDO, APELLIDO1, FECHA_NAC, GENERO, FOTO) VALUES
                  ('00724', 'Bryan', 'Duane', 'Dixon', 'Meyers', TO_DATE('1973-11-24','YYYY-MM-DD'), 'm', NULL);
INSERT INTO EX.HISTORICO_RESIDENCIA(FECHA_INICIO, ID_LUGAR, ID_PERSONA, FECHA_FIN) VALUES
                  (TO_DATE('1974-02-13','YYYY-MM-DD'), 37, '00724', NULL);
INSERT INTO EX.FICHA_MEDICA(ID, ID_PERSONA, ID_CENTRO_SALUD, ID_LUGAR, ESTADO, FECHA_INFECCION, FECHA_RECUPERACION) VALUES
                                             (724, '00724', 22, 37, 'desconido', NULL, NULL);
INSERT INTO EX.PADECIMIENTOS(ID_PATOLOGIA, ID_PERSONA, ID_FICHA_MEDICA) VALUES
                            (1, '00724', 724);
INSERT INTO EX.PADECIMIENTOS(ID_PATOLOGIA, ID_PERSONA, ID_FICHA_MEDICA) VALUES
                            (2, '00724', 724);
INSERT INTO EX.PADECIMIENTOS(ID_PATOLOGIA, ID_PERSONA, ID_FICHA_MEDICA) VALUES
                            (3, '00724', 724);
INSERT INTO EX.PADECIMIENTOS(ID_PATOLOGIA, ID_PERSONA, ID_FICHA_MEDICA) VALUES
                            (4, '00724', 724);
INSERT INTO EX.PADECIMIENTOS(ID_PATOLOGIA, ID_PERSONA, ID_FICHA_MEDICA) VALUES
                            (5, '00724', 724);
INSERT INTO EX.PERSONA(DOC_IDENTIDAD, NOMBRE, NOMBRE1, APELLIDO, APELLIDO1, FECHA_NAC, GENERO, FOTO) VALUES
                  ('00725', 'Timothy', 'Heather', 'Hughes', 'Campos', TO_DATE('1980-12-05','YYYY-MM-DD'), 'f', NULL);
INSERT INTO EX.HISTORICO_RESIDENCIA(FECHA_INICIO, ID_LUGAR, ID_PERSONA, FECHA_FIN) VALUES
                  (TO_DATE('1981-03-07','YYYY-MM-DD'), 39, '00725', NULL);
INSERT INTO EX.FICHA_MEDICA(ID, ID_PERSONA, ID_CENTRO_SALUD, ID_LUGAR, ESTADO, FECHA_INFECCION, FECHA_RECUPERACION) VALUES
                                             (725, '00725', 24, 39, 'desconido', NULL, NULL);
INSERT INTO EX.PADECIMIENTOS(ID_PATOLOGIA, ID_PERSONA, ID_FICHA_MEDICA) VALUES
                            (1, '00725', 725);
INSERT INTO EX.PADECIMIENTOS(ID_PATOLOGIA, ID_PERSONA, ID_FICHA_MEDICA) VALUES
                            (2, '00725', 725);
INSERT INTO EX.PADECIMIENTOS(ID_PATOLOGIA, ID_PERSONA, ID_FICHA_MEDICA) VALUES
                            (3, '00725', 725);
INSERT INTO EX.PADECIMIENTOS(ID_PATOLOGIA, ID_PERSONA, ID_FICHA_MEDICA) VALUES
                            (4, '00725', 725);
INSERT INTO EX.PADECIMIENTOS(ID_PATOLOGIA, ID_PERSONA, ID_FICHA_MEDICA) VALUES
                            (5, '00725', 725);
INSERT INTO EX.PADECIMIENTOS(ID_PATOLOGIA, ID_PERSONA, ID_FICHA_MEDICA) VALUES
                            (6, '00725', 725);
INSERT INTO EX.PADECIMIENTOS(ID_PATOLOGIA, ID_PERSONA, ID_FICHA_MEDICA) VALUES
                            (7, '00725', 725);
INSERT INTO EX.SINTOMAS(FECHA_INICIO, ID_SINTOMA, ID_PERSONA, ID_FICHA_MEDICA) VALUES
                            (TO_DATE('2020-01-14','YYYY-MM-DD'), 1, '00725', 725);
INSERT INTO EX.SINTOMAS(FECHA_INICIO, ID_SINTOMA, ID_PERSONA, ID_FICHA_MEDICA) VALUES
                            (TO_DATE('2020-06-19','YYYY-MM-DD'), 2, '00725', 725);
INSERT INTO EX.SINTOMAS(FECHA_INICIO, ID_SINTOMA, ID_PERSONA, ID_FICHA_MEDICA) VALUES
                            (TO_DATE('2020-04-05','YYYY-MM-DD'), 3, '00725', 725);
INSERT INTO EX.SINTOMAS(FECHA_INICIO, ID_SINTOMA, ID_PERSONA, ID_FICHA_MEDICA) VALUES
                            (TO_DATE('2020-03-27','YYYY-MM-DD'), 4, '00725', 725);
INSERT INTO EX.SINTOMAS(FECHA_INICIO, ID_SINTOMA, ID_PERSONA, ID_FICHA_MEDICA) VALUES
                            (TO_DATE('2020-06-09','YYYY-MM-DD'), 5, '00725', 725);
INSERT INTO EX.SINTOMAS(FECHA_INICIO, ID_SINTOMA, ID_PERSONA, ID_FICHA_MEDICA) VALUES
                            (TO_DATE('2020-06-17','YYYY-MM-DD'), 6, '00725', 725);
INSERT INTO EX.SINTOMAS(FECHA_INICIO, ID_SINTOMA, ID_PERSONA, ID_FICHA_MEDICA) VALUES
                            (TO_DATE('2020-02-05','YYYY-MM-DD'), 7, '00725', 725);
INSERT INTO EX.SINTOMAS(FECHA_INICIO, ID_SINTOMA, ID_PERSONA, ID_FICHA_MEDICA) VALUES
                            (TO_DATE('2020-06-28','YYYY-MM-DD'), 8, '00725', 725);
INSERT INTO EX.SINTOMAS(FECHA_INICIO, ID_SINTOMA, ID_PERSONA, ID_FICHA_MEDICA) VALUES
                            (TO_DATE('2020-03-18','YYYY-MM-DD'), 9, '00725', 725);
INSERT INTO EX.SINTOMAS(FECHA_INICIO, ID_SINTOMA, ID_PERSONA, ID_FICHA_MEDICA) VALUES
                            (TO_DATE('2020-06-15','YYYY-MM-DD'), 10, '00725', 725);
INSERT INTO EX.PERSONA(DOC_IDENTIDAD, NOMBRE, NOMBRE1, APELLIDO, APELLIDO1, FECHA_NAC, GENERO, FOTO) VALUES
                  ('00726', 'Michael', 'Marcus', 'Jordan', 'Haynes', TO_DATE('1979-08-21','YYYY-MM-DD'), 'm', NULL);
INSERT INTO EX.HISTORICO_RESIDENCIA(FECHA_INICIO, ID_LUGAR, ID_PERSONA, FECHA_FIN) VALUES
                  (TO_DATE('2006-07-01','YYYY-MM-DD'), 27, '00726', NULL);
INSERT INTO EX.FICHA_MEDICA(ID, ID_PERSONA, ID_CENTRO_SALUD, ID_LUGAR, ESTADO, FECHA_INFECCION, FECHA_RECUPERACION) VALUES
                                             (726, '00726', 12, 27, 'desconido', NULL, NULL);
INSERT INTO EX.PADECIMIENTOS(ID_PATOLOGIA, ID_PERSONA, ID_FICHA_MEDICA) VALUES
                            (1, '00726', 726);
INSERT INTO EX.PADECIMIENTOS(ID_PATOLOGIA, ID_PERSONA, ID_FICHA_MEDICA) VALUES
                            (2, '00726', 726);
INSERT INTO EX.PADECIMIENTOS(ID_PATOLOGIA, ID_PERSONA, ID_FICHA_MEDICA) VALUES
                            (3, '00726', 726);
INSERT INTO EX.PADECIMIENTOS(ID_PATOLOGIA, ID_PERSONA, ID_FICHA_MEDICA) VALUES
                            (4, '00726', 726);
INSERT INTO EX.PADECIMIENTOS(ID_PATOLOGIA, ID_PERSONA, ID_FICHA_MEDICA) VALUES
                            (5, '00726', 726);
INSERT INTO EX.PADECIMIENTOS(ID_PATOLOGIA, ID_PERSONA, ID_FICHA_MEDICA) VALUES
                            (6, '00726', 726);
INSERT INTO EX.PADECIMIENTOS(ID_PATOLOGIA, ID_PERSONA, ID_FICHA_MEDICA) VALUES
                            (7, '00726', 726);
INSERT INTO EX.SINTOMAS(FECHA_INICIO, ID_SINTOMA, ID_PERSONA, ID_FICHA_MEDICA) VALUES
                            (TO_DATE('2020-04-05','YYYY-MM-DD'), 1, '00726', 726);
INSERT INTO EX.SINTOMAS(FECHA_INICIO, ID_SINTOMA, ID_PERSONA, ID_FICHA_MEDICA) VALUES
                            (TO_DATE('2020-02-27','YYYY-MM-DD'), 2, '00726', 726);
INSERT INTO EX.SINTOMAS(FECHA_INICIO, ID_SINTOMA, ID_PERSONA, ID_FICHA_MEDICA) VALUES
                            (TO_DATE('2020-01-22','YYYY-MM-DD'), 3, '00726', 726);
INSERT INTO EX.SINTOMAS(FECHA_INICIO, ID_SINTOMA, ID_PERSONA, ID_FICHA_MEDICA) VALUES
                            (TO_DATE('2020-04-13','YYYY-MM-DD'), 4, '00726', 726);
INSERT INTO EX.SINTOMAS(FECHA_INICIO, ID_SINTOMA, ID_PERSONA, ID_FICHA_MEDICA) VALUES
                            (TO_DATE('2020-04-21','YYYY-MM-DD'), 5, '00726', 726);
INSERT INTO EX.SINTOMAS(FECHA_INICIO, ID_SINTOMA, ID_PERSONA, ID_FICHA_MEDICA) VALUES
                            (TO_DATE('2020-02-27','YYYY-MM-DD'), 6, '00726', 726);
INSERT INTO EX.SINTOMAS(FECHA_INICIO, ID_SINTOMA, ID_PERSONA, ID_FICHA_MEDICA) VALUES
                            (TO_DATE('2020-05-27','YYYY-MM-DD'), 7, '00726', 726);
INSERT INTO EX.SINTOMAS(FECHA_INICIO, ID_SINTOMA, ID_PERSONA, ID_FICHA_MEDICA) VALUES
                            (TO_DATE('2020-03-24','YYYY-MM-DD'), 8, '00726', 726);
INSERT INTO EX.SINTOMAS(FECHA_INICIO, ID_SINTOMA, ID_PERSONA, ID_FICHA_MEDICA) VALUES
                            (TO_DATE('2020-02-01','YYYY-MM-DD'), 9, '00726', 726);
INSERT INTO EX.SINTOMAS(FECHA_INICIO, ID_SINTOMA, ID_PERSONA, ID_FICHA_MEDICA) VALUES
                            (TO_DATE('2020-04-27','YYYY-MM-DD'), 10, '00726', 726);
INSERT INTO EX.SINTOMAS(FECHA_INICIO, ID_SINTOMA, ID_PERSONA, ID_FICHA_MEDICA) VALUES
                            (TO_DATE('2020-02-05','YYYY-MM-DD'), 11, '00726', 726);
INSERT INTO EX.SINTOMAS(FECHA_INICIO, ID_SINTOMA, ID_PERSONA, ID_FICHA_MEDICA) VALUES
                            (TO_DATE('2020-04-18','YYYY-MM-DD'), 12, '00726', 726);
INSERT INTO EX.SINTOMAS(FECHA_INICIO, ID_SINTOMA, ID_PERSONA, ID_FICHA_MEDICA) VALUES
                            (TO_DATE('2020-02-28','YYYY-MM-DD'), 13, '00726', 726);
INSERT INTO EX.SINTOMAS(FECHA_INICIO, ID_SINTOMA, ID_PERSONA, ID_FICHA_MEDICA) VALUES
                            (TO_DATE('2020-02-15','YYYY-MM-DD'), 14, '00726', 726);
INSERT INTO EX.PERSONA(DOC_IDENTIDAD, NOMBRE, NOMBRE1, APELLIDO, APELLIDO1, FECHA_NAC, GENERO, FOTO) VALUES
                  ('00727', 'Amber', 'Brian', 'Mcclain', 'Cabrera', TO_DATE('1973-11-22','YYYY-MM-DD'), 'f', NULL);
INSERT INTO EX.HISTORICO_RESIDENCIA(FECHA_INICIO, ID_LUGAR, ID_PERSONA, FECHA_FIN) VALUES
                  (TO_DATE('1985-05-10','YYYY-MM-DD'), 20, '00727', NULL);
INSERT INTO EX.FICHA_MEDICA(ID, ID_PERSONA, ID_CENTRO_SALUD, ID_LUGAR, ESTADO, FECHA_INFECCION, FECHA_RECUPERACION) VALUES
                                             (727, '00727', 5, 20, 'desconido', NULL, NULL);
INSERT INTO EX.PERSONA(DOC_IDENTIDAD, NOMBRE, NOMBRE1, APELLIDO, APELLIDO1, FECHA_NAC, GENERO, FOTO) VALUES
                  ('00728', 'Samantha', 'Alyssa', 'Chapman', 'Thompson', TO_DATE('1975-05-31','YYYY-MM-DD'), 'm', NULL);
INSERT INTO EX.HISTORICO_RESIDENCIA(FECHA_INICIO, ID_LUGAR, ID_PERSONA, FECHA_FIN) VALUES
                  (TO_DATE('1980-07-22','YYYY-MM-DD'), 28, '00728', NULL);
INSERT INTO EX.FICHA_MEDICA(ID, ID_PERSONA, ID_CENTRO_SALUD, ID_LUGAR, ESTADO, FECHA_INFECCION, FECHA_RECUPERACION) VALUES
                                             (728, '00728', 13, 28, 'desconido', NULL, NULL);
INSERT INTO EX.PERSONA(DOC_IDENTIDAD, NOMBRE, NOMBRE1, APELLIDO, APELLIDO1, FECHA_NAC, GENERO, FOTO) VALUES
                  ('00729', 'Lisa', 'Kara', 'Lewis', 'Perkins', TO_DATE('1981-09-26','YYYY-MM-DD'), 'f', NULL);
INSERT INTO EX.HISTORICO_RESIDENCIA(FECHA_INICIO, ID_LUGAR, ID_PERSONA, FECHA_FIN) VALUES
                  (TO_DATE('2012-09-11','YYYY-MM-DD'), 43, '00729', NULL);
INSERT INTO EX.FICHA_MEDICA(ID, ID_PERSONA, ID_CENTRO_SALUD, ID_LUGAR, ESTADO, FECHA_INFECCION, FECHA_RECUPERACION) VALUES
                                             (729, '00729', 28, 43, 'desconido', NULL, NULL);
INSERT INTO EX.SINTOMAS(FECHA_INICIO, ID_SINTOMA, ID_PERSONA, ID_FICHA_MEDICA) VALUES
                            (TO_DATE('2020-01-13','YYYY-MM-DD'), 1, '00729', 729);
INSERT INTO EX.SINTOMAS(FECHA_INICIO, ID_SINTOMA, ID_PERSONA, ID_FICHA_MEDICA) VALUES
                            (TO_DATE('2020-03-02','YYYY-MM-DD'), 2, '00729', 729);
INSERT INTO EX.SINTOMAS(FECHA_INICIO, ID_SINTOMA, ID_PERSONA, ID_FICHA_MEDICA) VALUES
                            (TO_DATE('2020-05-15','YYYY-MM-DD'), 3, '00729', 729);
INSERT INTO EX.SINTOMAS(FECHA_INICIO, ID_SINTOMA, ID_PERSONA, ID_FICHA_MEDICA) VALUES
                            (TO_DATE('2020-04-15','YYYY-MM-DD'), 4, '00729', 729);
INSERT INTO EX.SINTOMAS(FECHA_INICIO, ID_SINTOMA, ID_PERSONA, ID_FICHA_MEDICA) VALUES
                            (TO_DATE('2020-02-22','YYYY-MM-DD'), 5, '00729', 729);
INSERT INTO EX.SINTOMAS(FECHA_INICIO, ID_SINTOMA, ID_PERSONA, ID_FICHA_MEDICA) VALUES
                            (TO_DATE('2020-05-18','YYYY-MM-DD'), 6, '00729', 729);
INSERT INTO EX.SINTOMAS(FECHA_INICIO, ID_SINTOMA, ID_PERSONA, ID_FICHA_MEDICA) VALUES
                            (TO_DATE('2020-02-04','YYYY-MM-DD'), 7, '00729', 729);
INSERT INTO EX.PERSONA(DOC_IDENTIDAD, NOMBRE, NOMBRE1, APELLIDO, APELLIDO1, FECHA_NAC, GENERO, FOTO) VALUES
                  ('00730', 'Pamela', 'Andrew', 'Robinson', 'Warren', TO_DATE('2018-05-30','YYYY-MM-DD'), 'm', NULL);
INSERT INTO EX.HISTORICO_RESIDENCIA(FECHA_INICIO, ID_LUGAR, ID_PERSONA, FECHA_FIN) VALUES
                  (TO_DATE('1971-07-03','YYYY-MM-DD'), 31, '00730', NULL);
INSERT INTO EX.FICHA_MEDICA(ID, ID_PERSONA, ID_CENTRO_SALUD, ID_LUGAR, ESTADO, FECHA_INFECCION, FECHA_RECUPERACION) VALUES
                                             (730, '00730', 16, 31, 'desconido', NULL, NULL);
INSERT INTO EX.PADECIMIENTOS(ID_PATOLOGIA, ID_PERSONA, ID_FICHA_MEDICA) VALUES
                            (1, '00730', 730);
INSERT INTO EX.PADECIMIENTOS(ID_PATOLOGIA, ID_PERSONA, ID_FICHA_MEDICA) VALUES
                            (2, '00730', 730);
INSERT INTO EX.PADECIMIENTOS(ID_PATOLOGIA, ID_PERSONA, ID_FICHA_MEDICA) VALUES
                            (3, '00730', 730);
INSERT INTO EX.PADECIMIENTOS(ID_PATOLOGIA, ID_PERSONA, ID_FICHA_MEDICA) VALUES
                            (4, '00730', 730);
INSERT INTO EX.SINTOMAS(FECHA_INICIO, ID_SINTOMA, ID_PERSONA, ID_FICHA_MEDICA) VALUES
                            (TO_DATE('2020-06-10','YYYY-MM-DD'), 1, '00730', 730);
INSERT INTO EX.SINTOMAS(FECHA_INICIO, ID_SINTOMA, ID_PERSONA, ID_FICHA_MEDICA) VALUES
                            (TO_DATE('2020-02-12','YYYY-MM-DD'), 2, '00730', 730);
INSERT INTO EX.SINTOMAS(FECHA_INICIO, ID_SINTOMA, ID_PERSONA, ID_FICHA_MEDICA) VALUES
                            (TO_DATE('2020-01-05','YYYY-MM-DD'), 3, '00730', 730);
INSERT INTO EX.SINTOMAS(FECHA_INICIO, ID_SINTOMA, ID_PERSONA, ID_FICHA_MEDICA) VALUES
                            (TO_DATE('2020-03-13','YYYY-MM-DD'), 4, '00730', 730);
INSERT INTO EX.SINTOMAS(FECHA_INICIO, ID_SINTOMA, ID_PERSONA, ID_FICHA_MEDICA) VALUES
                            (TO_DATE('2020-06-04','YYYY-MM-DD'), 5, '00730', 730);
INSERT INTO EX.SINTOMAS(FECHA_INICIO, ID_SINTOMA, ID_PERSONA, ID_FICHA_MEDICA) VALUES
                            (TO_DATE('2020-02-04','YYYY-MM-DD'), 6, '00730', 730);
INSERT INTO EX.SINTOMAS(FECHA_INICIO, ID_SINTOMA, ID_PERSONA, ID_FICHA_MEDICA) VALUES
                            (TO_DATE('2020-02-04','YYYY-MM-DD'), 7, '00730', 730);
INSERT INTO EX.SINTOMAS(FECHA_INICIO, ID_SINTOMA, ID_PERSONA, ID_FICHA_MEDICA) VALUES
                            (TO_DATE('2020-03-15','YYYY-MM-DD'), 8, '00730', 730);
INSERT INTO EX.SINTOMAS(FECHA_INICIO, ID_SINTOMA, ID_PERSONA, ID_FICHA_MEDICA) VALUES
                            (TO_DATE('2020-03-25','YYYY-MM-DD'), 9, '00730', 730);
INSERT INTO EX.SINTOMAS(FECHA_INICIO, ID_SINTOMA, ID_PERSONA, ID_FICHA_MEDICA) VALUES
                            (TO_DATE('2020-06-04','YYYY-MM-DD'), 10, '00730', 730);
INSERT INTO EX.SINTOMAS(FECHA_INICIO, ID_SINTOMA, ID_PERSONA, ID_FICHA_MEDICA) VALUES
                            (TO_DATE('2020-06-22','YYYY-MM-DD'), 11, '00730', 730);
INSERT INTO EX.SINTOMAS(FECHA_INICIO, ID_SINTOMA, ID_PERSONA, ID_FICHA_MEDICA) VALUES
                            (TO_DATE('2020-04-22','YYYY-MM-DD'), 12, '00730', 730);
INSERT INTO EX.SINTOMAS(FECHA_INICIO, ID_SINTOMA, ID_PERSONA, ID_FICHA_MEDICA) VALUES
                            (TO_DATE('2020-04-24','YYYY-MM-DD'), 13, '00730', 730);
INSERT INTO EX.SINTOMAS(FECHA_INICIO, ID_SINTOMA, ID_PERSONA, ID_FICHA_MEDICA) VALUES
                            (TO_DATE('2020-01-15','YYYY-MM-DD'), 14, '00730', 730);
INSERT INTO EX.SINTOMAS(FECHA_INICIO, ID_SINTOMA, ID_PERSONA, ID_FICHA_MEDICA) VALUES
                            (TO_DATE('2020-05-01','YYYY-MM-DD'), 15, '00730', 730);
INSERT INTO EX.SINTOMAS(FECHA_INICIO, ID_SINTOMA, ID_PERSONA, ID_FICHA_MEDICA) VALUES
                            (TO_DATE('2020-06-06','YYYY-MM-DD'), 16, '00730', 730);
INSERT INTO EX.SINTOMAS(FECHA_INICIO, ID_SINTOMA, ID_PERSONA, ID_FICHA_MEDICA) VALUES
                            (TO_DATE('2020-04-13','YYYY-MM-DD'), 17, '00730', 730);
INSERT INTO EX.SINTOMAS(FECHA_INICIO, ID_SINTOMA, ID_PERSONA, ID_FICHA_MEDICA) VALUES
                            (TO_DATE('2020-05-03','YYYY-MM-DD'), 18, '00730', 730);
INSERT INTO EX.PERSONA(DOC_IDENTIDAD, NOMBRE, NOMBRE1, APELLIDO, APELLIDO1, FECHA_NAC, GENERO, FOTO) VALUES
                  ('00731', 'Dustin', 'Nicholas', 'Lucas', 'Daniel', TO_DATE('1973-12-05','YYYY-MM-DD'), 'f', NULL);
INSERT INTO EX.HISTORICO_RESIDENCIA(FECHA_INICIO, ID_LUGAR, ID_PERSONA, FECHA_FIN) VALUES
                  (TO_DATE('1970-12-22','YYYY-MM-DD'), 39, '00731', NULL);
INSERT INTO EX.FICHA_MEDICA(ID, ID_PERSONA, ID_CENTRO_SALUD, ID_LUGAR, ESTADO, FECHA_INFECCION, FECHA_RECUPERACION) VALUES
                                             (731, '00731', 24, 39, 'desconido', NULL, NULL);
INSERT INTO EX.PADECIMIENTOS(ID_PATOLOGIA, ID_PERSONA, ID_FICHA_MEDICA) VALUES
                            (1, '00731', 731);
INSERT INTO EX.PADECIMIENTOS(ID_PATOLOGIA, ID_PERSONA, ID_FICHA_MEDICA) VALUES
                            (2, '00731', 731);
INSERT INTO EX.PADECIMIENTOS(ID_PATOLOGIA, ID_PERSONA, ID_FICHA_MEDICA) VALUES
                            (3, '00731', 731);
INSERT INTO EX.PADECIMIENTOS(ID_PATOLOGIA, ID_PERSONA, ID_FICHA_MEDICA) VALUES
                            (4, '00731', 731);
INSERT INTO EX.PADECIMIENTOS(ID_PATOLOGIA, ID_PERSONA, ID_FICHA_MEDICA) VALUES
                            (5, '00731', 731);
INSERT INTO EX.PADECIMIENTOS(ID_PATOLOGIA, ID_PERSONA, ID_FICHA_MEDICA) VALUES
                            (6, '00731', 731);
INSERT INTO EX.PADECIMIENTOS(ID_PATOLOGIA, ID_PERSONA, ID_FICHA_MEDICA) VALUES
                            (7, '00731', 731);
INSERT INTO EX.PADECIMIENTOS(ID_PATOLOGIA, ID_PERSONA, ID_FICHA_MEDICA) VALUES
                            (8, '00731', 731);
INSERT INTO EX.SINTOMAS(FECHA_INICIO, ID_SINTOMA, ID_PERSONA, ID_FICHA_MEDICA) VALUES
                            (TO_DATE('2020-01-03','YYYY-MM-DD'), 1, '00731', 731);
INSERT INTO EX.SINTOMAS(FECHA_INICIO, ID_SINTOMA, ID_PERSONA, ID_FICHA_MEDICA) VALUES
                            (TO_DATE('2020-03-10','YYYY-MM-DD'), 2, '00731', 731);
INSERT INTO EX.SINTOMAS(FECHA_INICIO, ID_SINTOMA, ID_PERSONA, ID_FICHA_MEDICA) VALUES
                            (TO_DATE('2020-04-03','YYYY-MM-DD'), 3, '00731', 731);
INSERT INTO EX.SINTOMAS(FECHA_INICIO, ID_SINTOMA, ID_PERSONA, ID_FICHA_MEDICA) VALUES
                            (TO_DATE('2020-04-20','YYYY-MM-DD'), 4, '00731', 731);
INSERT INTO EX.SINTOMAS(FECHA_INICIO, ID_SINTOMA, ID_PERSONA, ID_FICHA_MEDICA) VALUES
                            (TO_DATE('2020-02-01','YYYY-MM-DD'), 5, '00731', 731);
INSERT INTO EX.SINTOMAS(FECHA_INICIO, ID_SINTOMA, ID_PERSONA, ID_FICHA_MEDICA) VALUES
                            (TO_DATE('2020-05-06','YYYY-MM-DD'), 6, '00731', 731);
INSERT INTO EX.SINTOMAS(FECHA_INICIO, ID_SINTOMA, ID_PERSONA, ID_FICHA_MEDICA) VALUES
                            (TO_DATE('2020-01-27','YYYY-MM-DD'), 7, '00731', 731);
INSERT INTO EX.SINTOMAS(FECHA_INICIO, ID_SINTOMA, ID_PERSONA, ID_FICHA_MEDICA) VALUES
                            (TO_DATE('2020-03-14','YYYY-MM-DD'), 8, '00731', 731);
INSERT INTO EX.SINTOMAS(FECHA_INICIO, ID_SINTOMA, ID_PERSONA, ID_FICHA_MEDICA) VALUES
                            (TO_DATE('2020-03-18','YYYY-MM-DD'), 9, '00731', 731);
INSERT INTO EX.SINTOMAS(FECHA_INICIO, ID_SINTOMA, ID_PERSONA, ID_FICHA_MEDICA) VALUES
                            (TO_DATE('2020-03-01','YYYY-MM-DD'), 10, '00731', 731);
INSERT INTO EX.SINTOMAS(FECHA_INICIO, ID_SINTOMA, ID_PERSONA, ID_FICHA_MEDICA) VALUES
                            (TO_DATE('2020-05-26','YYYY-MM-DD'), 11, '00731', 731);
INSERT INTO EX.SINTOMAS(FECHA_INICIO, ID_SINTOMA, ID_PERSONA, ID_FICHA_MEDICA) VALUES
                            (TO_DATE('2020-03-24','YYYY-MM-DD'), 12, '00731', 731);
INSERT INTO EX.SINTOMAS(FECHA_INICIO, ID_SINTOMA, ID_PERSONA, ID_FICHA_MEDICA) VALUES
                            (TO_DATE('2020-02-17','YYYY-MM-DD'), 13, '00731', 731);
INSERT INTO EX.SINTOMAS(FECHA_INICIO, ID_SINTOMA, ID_PERSONA, ID_FICHA_MEDICA) VALUES
                            (TO_DATE('2020-02-07','YYYY-MM-DD'), 14, '00731', 731);
INSERT INTO EX.SINTOMAS(FECHA_INICIO, ID_SINTOMA, ID_PERSONA, ID_FICHA_MEDICA) VALUES
                            (TO_DATE('2020-06-16','YYYY-MM-DD'), 15, '00731', 731);
INSERT INTO EX.SINTOMAS(FECHA_INICIO, ID_SINTOMA, ID_PERSONA, ID_FICHA_MEDICA) VALUES
                            (TO_DATE('2020-03-23','YYYY-MM-DD'), 16, '00731', 731);
INSERT INTO EX.SINTOMAS(FECHA_INICIO, ID_SINTOMA, ID_PERSONA, ID_FICHA_MEDICA) VALUES
                            (TO_DATE('2020-02-20','YYYY-MM-DD'), 17, '00731', 731);
INSERT INTO EX.PERSONA(DOC_IDENTIDAD, NOMBRE, NOMBRE1, APELLIDO, APELLIDO1, FECHA_NAC, GENERO, FOTO) VALUES
                  ('00732', 'Chloe', 'Lance', 'Thompson', 'Burgess', TO_DATE('1976-07-13','YYYY-MM-DD'), 'm', NULL);
INSERT INTO EX.HISTORICO_RESIDENCIA(FECHA_INICIO, ID_LUGAR, ID_PERSONA, FECHA_FIN) VALUES
                  (TO_DATE('1994-12-07','YYYY-MM-DD'), 32, '00732', NULL);
INSERT INTO EX.FICHA_MEDICA(ID, ID_PERSONA, ID_CENTRO_SALUD, ID_LUGAR, ESTADO, FECHA_INFECCION, FECHA_RECUPERACION) VALUES
                                             (732, '00732', 17, 32, 'desconido', NULL, NULL);
INSERT INTO EX.PADECIMIENTOS(ID_PATOLOGIA, ID_PERSONA, ID_FICHA_MEDICA) VALUES
                            (1, '00732', 732);
INSERT INTO EX.PADECIMIENTOS(ID_PATOLOGIA, ID_PERSONA, ID_FICHA_MEDICA) VALUES
                            (2, '00732', 732);
INSERT INTO EX.PADECIMIENTOS(ID_PATOLOGIA, ID_PERSONA, ID_FICHA_MEDICA) VALUES
                            (3, '00732', 732);
INSERT INTO EX.SINTOMAS(FECHA_INICIO, ID_SINTOMA, ID_PERSONA, ID_FICHA_MEDICA) VALUES
                            (TO_DATE('2020-02-16','YYYY-MM-DD'), 1, '00732', 732);
INSERT INTO EX.SINTOMAS(FECHA_INICIO, ID_SINTOMA, ID_PERSONA, ID_FICHA_MEDICA) VALUES
                            (TO_DATE('2020-04-27','YYYY-MM-DD'), 2, '00732', 732);
INSERT INTO EX.SINTOMAS(FECHA_INICIO, ID_SINTOMA, ID_PERSONA, ID_FICHA_MEDICA) VALUES
                            (TO_DATE('2020-04-22','YYYY-MM-DD'), 3, '00732', 732);
INSERT INTO EX.SINTOMAS(FECHA_INICIO, ID_SINTOMA, ID_PERSONA, ID_FICHA_MEDICA) VALUES
                            (TO_DATE('2020-02-24','YYYY-MM-DD'), 4, '00732', 732);
INSERT INTO EX.SINTOMAS(FECHA_INICIO, ID_SINTOMA, ID_PERSONA, ID_FICHA_MEDICA) VALUES
                            (TO_DATE('2020-02-02','YYYY-MM-DD'), 5, '00732', 732);
INSERT INTO EX.SINTOMAS(FECHA_INICIO, ID_SINTOMA, ID_PERSONA, ID_FICHA_MEDICA) VALUES
                            (TO_DATE('2020-04-02','YYYY-MM-DD'), 6, '00732', 732);
INSERT INTO EX.SINTOMAS(FECHA_INICIO, ID_SINTOMA, ID_PERSONA, ID_FICHA_MEDICA) VALUES
                            (TO_DATE('2020-04-22','YYYY-MM-DD'), 7, '00732', 732);
INSERT INTO EX.SINTOMAS(FECHA_INICIO, ID_SINTOMA, ID_PERSONA, ID_FICHA_MEDICA) VALUES
                            (TO_DATE('2020-03-13','YYYY-MM-DD'), 8, '00732', 732);
INSERT INTO EX.SINTOMAS(FECHA_INICIO, ID_SINTOMA, ID_PERSONA, ID_FICHA_MEDICA) VALUES
                            (TO_DATE('2020-05-22','YYYY-MM-DD'), 9, '00732', 732);
INSERT INTO EX.SINTOMAS(FECHA_INICIO, ID_SINTOMA, ID_PERSONA, ID_FICHA_MEDICA) VALUES
                            (TO_DATE('2020-03-28','YYYY-MM-DD'), 10, '00732', 732);
INSERT INTO EX.SINTOMAS(FECHA_INICIO, ID_SINTOMA, ID_PERSONA, ID_FICHA_MEDICA) VALUES
                            (TO_DATE('2020-03-11','YYYY-MM-DD'), 11, '00732', 732);
INSERT INTO EX.SINTOMAS(FECHA_INICIO, ID_SINTOMA, ID_PERSONA, ID_FICHA_MEDICA) VALUES
                            (TO_DATE('2020-06-10','YYYY-MM-DD'), 12, '00732', 732);
INSERT INTO EX.SINTOMAS(FECHA_INICIO, ID_SINTOMA, ID_PERSONA, ID_FICHA_MEDICA) VALUES
                            (TO_DATE('2020-06-16','YYYY-MM-DD'), 13, '00732', 732);
INSERT INTO EX.SINTOMAS(FECHA_INICIO, ID_SINTOMA, ID_PERSONA, ID_FICHA_MEDICA) VALUES
                            (TO_DATE('2020-02-24','YYYY-MM-DD'), 14, '00732', 732);
INSERT INTO EX.SINTOMAS(FECHA_INICIO, ID_SINTOMA, ID_PERSONA, ID_FICHA_MEDICA) VALUES
                            (TO_DATE('2020-06-21','YYYY-MM-DD'), 15, '00732', 732);
INSERT INTO EX.SINTOMAS(FECHA_INICIO, ID_SINTOMA, ID_PERSONA, ID_FICHA_MEDICA) VALUES
                            (TO_DATE('2020-06-19','YYYY-MM-DD'), 16, '00732', 732);
INSERT INTO EX.PERSONA(DOC_IDENTIDAD, NOMBRE, NOMBRE1, APELLIDO, APELLIDO1, FECHA_NAC, GENERO, FOTO) VALUES
                  ('00733', 'Suzanne', 'Barry', 'Rogers', 'Roth', TO_DATE('1971-05-25','YYYY-MM-DD'), 'f', NULL);
INSERT INTO EX.HISTORICO_RESIDENCIA(FECHA_INICIO, ID_LUGAR, ID_PERSONA, FECHA_FIN) VALUES
                  (TO_DATE('2006-02-04','YYYY-MM-DD'), 30, '00733', NULL);
INSERT INTO EX.FICHA_MEDICA(ID, ID_PERSONA, ID_CENTRO_SALUD, ID_LUGAR, ESTADO, FECHA_INFECCION, FECHA_RECUPERACION) VALUES
                                             (733, '00733', 15, 30, 'desconido', NULL, NULL);
INSERT INTO EX.PERSONA(DOC_IDENTIDAD, NOMBRE, NOMBRE1, APELLIDO, APELLIDO1, FECHA_NAC, GENERO, FOTO) VALUES
                  ('00734', 'Cassidy', 'Morgan', 'Griffith', 'Harper', TO_DATE('1987-04-26','YYYY-MM-DD'), 'm', NULL);
INSERT INTO EX.HISTORICO_RESIDENCIA(FECHA_INICIO, ID_LUGAR, ID_PERSONA, FECHA_FIN) VALUES
                  (TO_DATE('2002-05-16','YYYY-MM-DD'), 43, '00734', NULL);
INSERT INTO EX.FICHA_MEDICA(ID, ID_PERSONA, ID_CENTRO_SALUD, ID_LUGAR, ESTADO, FECHA_INFECCION, FECHA_RECUPERACION) VALUES
                                             (734, '00734', 28, 43, 'desconido', NULL, NULL);
INSERT INTO EX.PADECIMIENTOS(ID_PATOLOGIA, ID_PERSONA, ID_FICHA_MEDICA) VALUES
                            (1, '00734', 734);
INSERT INTO EX.PADECIMIENTOS(ID_PATOLOGIA, ID_PERSONA, ID_FICHA_MEDICA) VALUES
                            (2, '00734', 734);
INSERT INTO EX.PADECIMIENTOS(ID_PATOLOGIA, ID_PERSONA, ID_FICHA_MEDICA) VALUES
                            (3, '00734', 734);
INSERT INTO EX.PADECIMIENTOS(ID_PATOLOGIA, ID_PERSONA, ID_FICHA_MEDICA) VALUES
                            (4, '00734', 734);
INSERT INTO EX.SINTOMAS(FECHA_INICIO, ID_SINTOMA, ID_PERSONA, ID_FICHA_MEDICA) VALUES
                            (TO_DATE('2020-02-14','YYYY-MM-DD'), 1, '00734', 734);
INSERT INTO EX.SINTOMAS(FECHA_INICIO, ID_SINTOMA, ID_PERSONA, ID_FICHA_MEDICA) VALUES
                            (TO_DATE('2020-01-06','YYYY-MM-DD'), 2, '00734', 734);
INSERT INTO EX.SINTOMAS(FECHA_INICIO, ID_SINTOMA, ID_PERSONA, ID_FICHA_MEDICA) VALUES
                            (TO_DATE('2020-01-03','YYYY-MM-DD'), 3, '00734', 734);
INSERT INTO EX.SINTOMAS(FECHA_INICIO, ID_SINTOMA, ID_PERSONA, ID_FICHA_MEDICA) VALUES
                            (TO_DATE('2020-02-11','YYYY-MM-DD'), 4, '00734', 734);
INSERT INTO EX.SINTOMAS(FECHA_INICIO, ID_SINTOMA, ID_PERSONA, ID_FICHA_MEDICA) VALUES
                            (TO_DATE('2020-05-14','YYYY-MM-DD'), 5, '00734', 734);
INSERT INTO EX.SINTOMAS(FECHA_INICIO, ID_SINTOMA, ID_PERSONA, ID_FICHA_MEDICA) VALUES
                            (TO_DATE('2020-06-13','YYYY-MM-DD'), 6, '00734', 734);
INSERT INTO EX.SINTOMAS(FECHA_INICIO, ID_SINTOMA, ID_PERSONA, ID_FICHA_MEDICA) VALUES
                            (TO_DATE('2020-01-22','YYYY-MM-DD'), 7, '00734', 734);
INSERT INTO EX.PERSONA(DOC_IDENTIDAD, NOMBRE, NOMBRE1, APELLIDO, APELLIDO1, FECHA_NAC, GENERO, FOTO) VALUES
                  ('00735', 'Oscar', 'Scott', 'Ware', 'Jones', TO_DATE('1985-06-07','YYYY-MM-DD'), 'f', NULL);
INSERT INTO EX.HISTORICO_RESIDENCIA(FECHA_INICIO, ID_LUGAR, ID_PERSONA, FECHA_FIN) VALUES
                  (TO_DATE('2007-06-16','YYYY-MM-DD'), 24, '00735', NULL);
INSERT INTO EX.FICHA_MEDICA(ID, ID_PERSONA, ID_CENTRO_SALUD, ID_LUGAR, ESTADO, FECHA_INFECCION, FECHA_RECUPERACION) VALUES
                                             (735, '00735', 9, 24, 'desconido', NULL, NULL);
INSERT INTO EX.PERSONA(DOC_IDENTIDAD, NOMBRE, NOMBRE1, APELLIDO, APELLIDO1, FECHA_NAC, GENERO, FOTO) VALUES
                  ('00736', 'Erica', 'Claudia', 'Martinez', 'Davis', TO_DATE('1977-04-09','YYYY-MM-DD'), 'm', NULL);
INSERT INTO EX.HISTORICO_RESIDENCIA(FECHA_INICIO, ID_LUGAR, ID_PERSONA, FECHA_FIN) VALUES
                  (TO_DATE('2004-04-30','YYYY-MM-DD'), 42, '00736', NULL);
INSERT INTO EX.FICHA_MEDICA(ID, ID_PERSONA, ID_CENTRO_SALUD, ID_LUGAR, ESTADO, FECHA_INFECCION, FECHA_RECUPERACION) VALUES
                                             (736, '00736', 27, 42, 'desconido', NULL, NULL);
INSERT INTO EX.SINTOMAS(FECHA_INICIO, ID_SINTOMA, ID_PERSONA, ID_FICHA_MEDICA) VALUES
                            (TO_DATE('2020-05-28','YYYY-MM-DD'), 1, '00736', 736);
INSERT INTO EX.SINTOMAS(FECHA_INICIO, ID_SINTOMA, ID_PERSONA, ID_FICHA_MEDICA) VALUES
                            (TO_DATE('2020-01-20','YYYY-MM-DD'), 2, '00736', 736);
INSERT INTO EX.SINTOMAS(FECHA_INICIO, ID_SINTOMA, ID_PERSONA, ID_FICHA_MEDICA) VALUES
                            (TO_DATE('2020-06-12','YYYY-MM-DD'), 3, '00736', 736);
INSERT INTO EX.SINTOMAS(FECHA_INICIO, ID_SINTOMA, ID_PERSONA, ID_FICHA_MEDICA) VALUES
                            (TO_DATE('2020-06-06','YYYY-MM-DD'), 4, '00736', 736);
INSERT INTO EX.SINTOMAS(FECHA_INICIO, ID_SINTOMA, ID_PERSONA, ID_FICHA_MEDICA) VALUES
                            (TO_DATE('2020-06-20','YYYY-MM-DD'), 5, '00736', 736);
INSERT INTO EX.SINTOMAS(FECHA_INICIO, ID_SINTOMA, ID_PERSONA, ID_FICHA_MEDICA) VALUES
                            (TO_DATE('2020-04-23','YYYY-MM-DD'), 6, '00736', 736);
INSERT INTO EX.SINTOMAS(FECHA_INICIO, ID_SINTOMA, ID_PERSONA, ID_FICHA_MEDICA) VALUES
                            (TO_DATE('2020-06-27','YYYY-MM-DD'), 7, '00736', 736);
INSERT INTO EX.SINTOMAS(FECHA_INICIO, ID_SINTOMA, ID_PERSONA, ID_FICHA_MEDICA) VALUES
                            (TO_DATE('2020-03-31','YYYY-MM-DD'), 8, '00736', 736);
INSERT INTO EX.SINTOMAS(FECHA_INICIO, ID_SINTOMA, ID_PERSONA, ID_FICHA_MEDICA) VALUES
                            (TO_DATE('2020-03-15','YYYY-MM-DD'), 9, '00736', 736);
INSERT INTO EX.SINTOMAS(FECHA_INICIO, ID_SINTOMA, ID_PERSONA, ID_FICHA_MEDICA) VALUES
                            (TO_DATE('2020-03-03','YYYY-MM-DD'), 10, '00736', 736);
INSERT INTO EX.SINTOMAS(FECHA_INICIO, ID_SINTOMA, ID_PERSONA, ID_FICHA_MEDICA) VALUES
                            (TO_DATE('2020-05-16','YYYY-MM-DD'), 11, '00736', 736);
INSERT INTO EX.SINTOMAS(FECHA_INICIO, ID_SINTOMA, ID_PERSONA, ID_FICHA_MEDICA) VALUES
                            (TO_DATE('2020-02-28','YYYY-MM-DD'), 12, '00736', 736);
INSERT INTO EX.SINTOMAS(FECHA_INICIO, ID_SINTOMA, ID_PERSONA, ID_FICHA_MEDICA) VALUES
                            (TO_DATE('2020-06-03','YYYY-MM-DD'), 13, '00736', 736);
INSERT INTO EX.SINTOMAS(FECHA_INICIO, ID_SINTOMA, ID_PERSONA, ID_FICHA_MEDICA) VALUES
                            (TO_DATE('2020-02-15','YYYY-MM-DD'), 14, '00736', 736);
INSERT INTO EX.SINTOMAS(FECHA_INICIO, ID_SINTOMA, ID_PERSONA, ID_FICHA_MEDICA) VALUES
                            (TO_DATE('2020-03-06','YYYY-MM-DD'), 15, '00736', 736);
INSERT INTO EX.PERSONA(DOC_IDENTIDAD, NOMBRE, NOMBRE1, APELLIDO, APELLIDO1, FECHA_NAC, GENERO, FOTO) VALUES
                  ('00737', 'Maria', 'Ronald', 'Nichols', 'Stevenson', TO_DATE('1981-03-16','YYYY-MM-DD'), 'f', NULL);
INSERT INTO EX.HISTORICO_RESIDENCIA(FECHA_INICIO, ID_LUGAR, ID_PERSONA, FECHA_FIN) VALUES
                  (TO_DATE('1987-01-13','YYYY-MM-DD'), 25, '00737', NULL);
INSERT INTO EX.FICHA_MEDICA(ID, ID_PERSONA, ID_CENTRO_SALUD, ID_LUGAR, ESTADO, FECHA_INFECCION, FECHA_RECUPERACION) VALUES
                                             (737, '00737', 10, 25, 'desconido', NULL, NULL);
INSERT INTO EX.PADECIMIENTOS(ID_PATOLOGIA, ID_PERSONA, ID_FICHA_MEDICA) VALUES
                            (1, '00737', 737);
INSERT INTO EX.PADECIMIENTOS(ID_PATOLOGIA, ID_PERSONA, ID_FICHA_MEDICA) VALUES
                            (2, '00737', 737);
INSERT INTO EX.PADECIMIENTOS(ID_PATOLOGIA, ID_PERSONA, ID_FICHA_MEDICA) VALUES
                            (3, '00737', 737);
INSERT INTO EX.PADECIMIENTOS(ID_PATOLOGIA, ID_PERSONA, ID_FICHA_MEDICA) VALUES
                            (4, '00737', 737);
INSERT INTO EX.PADECIMIENTOS(ID_PATOLOGIA, ID_PERSONA, ID_FICHA_MEDICA) VALUES
                            (5, '00737', 737);
INSERT INTO EX.PADECIMIENTOS(ID_PATOLOGIA, ID_PERSONA, ID_FICHA_MEDICA) VALUES
                            (6, '00737', 737);
INSERT INTO EX.PADECIMIENTOS(ID_PATOLOGIA, ID_PERSONA, ID_FICHA_MEDICA) VALUES
                            (7, '00737', 737);
INSERT INTO EX.PADECIMIENTOS(ID_PATOLOGIA, ID_PERSONA, ID_FICHA_MEDICA) VALUES
                            (8, '00737', 737);
INSERT INTO EX.PADECIMIENTOS(ID_PATOLOGIA, ID_PERSONA, ID_FICHA_MEDICA) VALUES
                            (9, '00737', 737);
INSERT INTO EX.PADECIMIENTOS(ID_PATOLOGIA, ID_PERSONA, ID_FICHA_MEDICA) VALUES
                            (10, '00737', 737);
INSERT INTO EX.PADECIMIENTOS(ID_PATOLOGIA, ID_PERSONA, ID_FICHA_MEDICA) VALUES
                            (11, '00737', 737);
INSERT INTO EX.PADECIMIENTOS(ID_PATOLOGIA, ID_PERSONA, ID_FICHA_MEDICA) VALUES
                            (12, '00737', 737);
INSERT INTO EX.PADECIMIENTOS(ID_PATOLOGIA, ID_PERSONA, ID_FICHA_MEDICA) VALUES
                            (13, '00737', 737);
INSERT INTO EX.PADECIMIENTOS(ID_PATOLOGIA, ID_PERSONA, ID_FICHA_MEDICA) VALUES
                            (14, '00737', 737);
INSERT INTO EX.PADECIMIENTOS(ID_PATOLOGIA, ID_PERSONA, ID_FICHA_MEDICA) VALUES
                            (15, '00737', 737);
INSERT INTO EX.SINTOMAS(FECHA_INICIO, ID_SINTOMA, ID_PERSONA, ID_FICHA_MEDICA) VALUES
                            (TO_DATE('2020-04-03','YYYY-MM-DD'), 1, '00737', 737);
INSERT INTO EX.SINTOMAS(FECHA_INICIO, ID_SINTOMA, ID_PERSONA, ID_FICHA_MEDICA) VALUES
                            (TO_DATE('2020-01-10','YYYY-MM-DD'), 2, '00737', 737);
INSERT INTO EX.SINTOMAS(FECHA_INICIO, ID_SINTOMA, ID_PERSONA, ID_FICHA_MEDICA) VALUES
                            (TO_DATE('2020-05-29','YYYY-MM-DD'), 3, '00737', 737);
INSERT INTO EX.SINTOMAS(FECHA_INICIO, ID_SINTOMA, ID_PERSONA, ID_FICHA_MEDICA) VALUES
                            (TO_DATE('2020-02-09','YYYY-MM-DD'), 4, '00737', 737);
INSERT INTO EX.SINTOMAS(FECHA_INICIO, ID_SINTOMA, ID_PERSONA, ID_FICHA_MEDICA) VALUES
                            (TO_DATE('2020-02-05','YYYY-MM-DD'), 5, '00737', 737);
INSERT INTO EX.SINTOMAS(FECHA_INICIO, ID_SINTOMA, ID_PERSONA, ID_FICHA_MEDICA) VALUES
                            (TO_DATE('2020-03-29','YYYY-MM-DD'), 6, '00737', 737);
INSERT INTO EX.SINTOMAS(FECHA_INICIO, ID_SINTOMA, ID_PERSONA, ID_FICHA_MEDICA) VALUES
                            (TO_DATE('2020-05-22','YYYY-MM-DD'), 7, '00737', 737);
INSERT INTO EX.SINTOMAS(FECHA_INICIO, ID_SINTOMA, ID_PERSONA, ID_FICHA_MEDICA) VALUES
                            (TO_DATE('2020-03-27','YYYY-MM-DD'), 8, '00737', 737);
INSERT INTO EX.SINTOMAS(FECHA_INICIO, ID_SINTOMA, ID_PERSONA, ID_FICHA_MEDICA) VALUES
                            (TO_DATE('2020-01-03','YYYY-MM-DD'), 9, '00737', 737);
INSERT INTO EX.SINTOMAS(FECHA_INICIO, ID_SINTOMA, ID_PERSONA, ID_FICHA_MEDICA) VALUES
                            (TO_DATE('2020-01-28','YYYY-MM-DD'), 10, '00737', 737);
INSERT INTO EX.PERSONA(DOC_IDENTIDAD, NOMBRE, NOMBRE1, APELLIDO, APELLIDO1, FECHA_NAC, GENERO, FOTO) VALUES
                  ('00738', 'Rachel', 'Nicholas', 'Williams', 'Henry', TO_DATE('2017-06-09','YYYY-MM-DD'), 'm', NULL);
INSERT INTO EX.HISTORICO_RESIDENCIA(FECHA_INICIO, ID_LUGAR, ID_PERSONA, FECHA_FIN) VALUES
                  (TO_DATE('1972-01-19','YYYY-MM-DD'), 43, '00738', NULL);
INSERT INTO EX.FICHA_MEDICA(ID, ID_PERSONA, ID_CENTRO_SALUD, ID_LUGAR, ESTADO, FECHA_INFECCION, FECHA_RECUPERACION) VALUES
                                             (738, '00738', 28, 43, 'desconido', NULL, NULL);
INSERT INTO EX.SINTOMAS(FECHA_INICIO, ID_SINTOMA, ID_PERSONA, ID_FICHA_MEDICA) VALUES
                            (TO_DATE('2020-01-19','YYYY-MM-DD'), 1, '00738', 738);
INSERT INTO EX.SINTOMAS(FECHA_INICIO, ID_SINTOMA, ID_PERSONA, ID_FICHA_MEDICA) VALUES
                            (TO_DATE('2020-03-23','YYYY-MM-DD'), 2, '00738', 738);
INSERT INTO EX.SINTOMAS(FECHA_INICIO, ID_SINTOMA, ID_PERSONA, ID_FICHA_MEDICA) VALUES
                            (TO_DATE('2020-02-22','YYYY-MM-DD'), 3, '00738', 738);
INSERT INTO EX.SINTOMAS(FECHA_INICIO, ID_SINTOMA, ID_PERSONA, ID_FICHA_MEDICA) VALUES
                            (TO_DATE('2020-02-10','YYYY-MM-DD'), 4, '00738', 738);
INSERT INTO EX.SINTOMAS(FECHA_INICIO, ID_SINTOMA, ID_PERSONA, ID_FICHA_MEDICA) VALUES
                            (TO_DATE('2020-01-31','YYYY-MM-DD'), 5, '00738', 738);
INSERT INTO EX.SINTOMAS(FECHA_INICIO, ID_SINTOMA, ID_PERSONA, ID_FICHA_MEDICA) VALUES
                            (TO_DATE('2020-03-06','YYYY-MM-DD'), 6, '00738', 738);
INSERT INTO EX.SINTOMAS(FECHA_INICIO, ID_SINTOMA, ID_PERSONA, ID_FICHA_MEDICA) VALUES
                            (TO_DATE('2020-03-04','YYYY-MM-DD'), 7, '00738', 738);
INSERT INTO EX.SINTOMAS(FECHA_INICIO, ID_SINTOMA, ID_PERSONA, ID_FICHA_MEDICA) VALUES
                            (TO_DATE('2020-04-09','YYYY-MM-DD'), 8, '00738', 738);
INSERT INTO EX.SINTOMAS(FECHA_INICIO, ID_SINTOMA, ID_PERSONA, ID_FICHA_MEDICA) VALUES
                            (TO_DATE('2020-02-14','YYYY-MM-DD'), 9, '00738', 738);
INSERT INTO EX.SINTOMAS(FECHA_INICIO, ID_SINTOMA, ID_PERSONA, ID_FICHA_MEDICA) VALUES
                            (TO_DATE('2020-02-05','YYYY-MM-DD'), 10, '00738', 738);
INSERT INTO EX.SINTOMAS(FECHA_INICIO, ID_SINTOMA, ID_PERSONA, ID_FICHA_MEDICA) VALUES
                            (TO_DATE('2020-02-17','YYYY-MM-DD'), 11, '00738', 738);
INSERT INTO EX.SINTOMAS(FECHA_INICIO, ID_SINTOMA, ID_PERSONA, ID_FICHA_MEDICA) VALUES
                            (TO_DATE('2020-01-03','YYYY-MM-DD'), 12, '00738', 738);
INSERT INTO EX.PERSONA(DOC_IDENTIDAD, NOMBRE, NOMBRE1, APELLIDO, APELLIDO1, FECHA_NAC, GENERO, FOTO) VALUES
                  ('00739', 'Amber', 'Scott', 'Wells', 'Cantrell', TO_DATE('1977-02-24','YYYY-MM-DD'), 'f', NULL);
INSERT INTO EX.HISTORICO_RESIDENCIA(FECHA_INICIO, ID_LUGAR, ID_PERSONA, FECHA_FIN) VALUES
                  (TO_DATE('1970-11-13','YYYY-MM-DD'), 24, '00739', NULL);
INSERT INTO EX.FICHA_MEDICA(ID, ID_PERSONA, ID_CENTRO_SALUD, ID_LUGAR, ESTADO, FECHA_INFECCION, FECHA_RECUPERACION) VALUES
                                             (739, '00739', 9, 24, 'desconido', NULL, NULL);
INSERT INTO EX.PADECIMIENTOS(ID_PATOLOGIA, ID_PERSONA, ID_FICHA_MEDICA) VALUES
                            (1, '00739', 739);
INSERT INTO EX.PADECIMIENTOS(ID_PATOLOGIA, ID_PERSONA, ID_FICHA_MEDICA) VALUES
                            (2, '00739', 739);
INSERT INTO EX.PADECIMIENTOS(ID_PATOLOGIA, ID_PERSONA, ID_FICHA_MEDICA) VALUES
                            (3, '00739', 739);
INSERT INTO EX.PERSONA(DOC_IDENTIDAD, NOMBRE, NOMBRE1, APELLIDO, APELLIDO1, FECHA_NAC, GENERO, FOTO) VALUES
                  ('00740', 'James', 'Rhonda', 'Gray', 'Bell', TO_DATE('1988-08-22','YYYY-MM-DD'), 'm', NULL);
INSERT INTO EX.HISTORICO_RESIDENCIA(FECHA_INICIO, ID_LUGAR, ID_PERSONA, FECHA_FIN) VALUES
                  (TO_DATE('1979-09-08','YYYY-MM-DD'), 45, '00740', NULL);
INSERT INTO EX.FICHA_MEDICA(ID, ID_PERSONA, ID_CENTRO_SALUD, ID_LUGAR, ESTADO, FECHA_INFECCION, FECHA_RECUPERACION) VALUES
                                             (740, '00740', 30, 45, 'desconido', NULL, NULL);
INSERT INTO EX.PADECIMIENTOS(ID_PATOLOGIA, ID_PERSONA, ID_FICHA_MEDICA) VALUES
                            (1, '00740', 740);
INSERT INTO EX.PADECIMIENTOS(ID_PATOLOGIA, ID_PERSONA, ID_FICHA_MEDICA) VALUES
                            (2, '00740', 740);
INSERT INTO EX.PADECIMIENTOS(ID_PATOLOGIA, ID_PERSONA, ID_FICHA_MEDICA) VALUES
                            (3, '00740', 740);
INSERT INTO EX.PERSONA(DOC_IDENTIDAD, NOMBRE, NOMBRE1, APELLIDO, APELLIDO1, FECHA_NAC, GENERO, FOTO) VALUES
                  ('00741', 'Alyssa', 'Barry', 'Chapman', 'Monroe', TO_DATE('1998-04-21','YYYY-MM-DD'), 'f', NULL);
INSERT INTO EX.HISTORICO_RESIDENCIA(FECHA_INICIO, ID_LUGAR, ID_PERSONA, FECHA_FIN) VALUES
                  (TO_DATE('2009-08-23','YYYY-MM-DD'), 43, '00741', NULL);
INSERT INTO EX.FICHA_MEDICA(ID, ID_PERSONA, ID_CENTRO_SALUD, ID_LUGAR, ESTADO, FECHA_INFECCION, FECHA_RECUPERACION) VALUES
                                             (741, '00741', 28, 43, 'desconido', NULL, NULL);
INSERT INTO EX.PERSONA(DOC_IDENTIDAD, NOMBRE, NOMBRE1, APELLIDO, APELLIDO1, FECHA_NAC, GENERO, FOTO) VALUES
                  ('00742', 'Emily', 'Robert', 'Knight', 'Roberson', TO_DATE('1999-02-11','YYYY-MM-DD'), 'm', NULL);
INSERT INTO EX.HISTORICO_RESIDENCIA(FECHA_INICIO, ID_LUGAR, ID_PERSONA, FECHA_FIN) VALUES
                  (TO_DATE('1973-01-31','YYYY-MM-DD'), 38, '00742', NULL);
INSERT INTO EX.FICHA_MEDICA(ID, ID_PERSONA, ID_CENTRO_SALUD, ID_LUGAR, ESTADO, FECHA_INFECCION, FECHA_RECUPERACION) VALUES
                                             (742, '00742', 23, 38, 'desconido', NULL, NULL);
INSERT INTO EX.PERSONA(DOC_IDENTIDAD, NOMBRE, NOMBRE1, APELLIDO, APELLIDO1, FECHA_NAC, GENERO, FOTO) VALUES
                  ('00743', 'Jennifer', 'Alfred', 'Bailey', 'Whitehead', TO_DATE('2007-02-03','YYYY-MM-DD'), 'f', NULL);
INSERT INTO EX.HISTORICO_RESIDENCIA(FECHA_INICIO, ID_LUGAR, ID_PERSONA, FECHA_FIN) VALUES
                  (TO_DATE('2014-11-18','YYYY-MM-DD'), 27, '00743', NULL);
INSERT INTO EX.FICHA_MEDICA(ID, ID_PERSONA, ID_CENTRO_SALUD, ID_LUGAR, ESTADO, FECHA_INFECCION, FECHA_RECUPERACION) VALUES
                                             (743, '00743', 12, 27, 'desconido', NULL, NULL);
INSERT INTO EX.SINTOMAS(FECHA_INICIO, ID_SINTOMA, ID_PERSONA, ID_FICHA_MEDICA) VALUES
                            (TO_DATE('2020-05-18','YYYY-MM-DD'), 1, '00743', 743);
INSERT INTO EX.SINTOMAS(FECHA_INICIO, ID_SINTOMA, ID_PERSONA, ID_FICHA_MEDICA) VALUES
                            (TO_DATE('2020-05-11','YYYY-MM-DD'), 2, '00743', 743);
INSERT INTO EX.SINTOMAS(FECHA_INICIO, ID_SINTOMA, ID_PERSONA, ID_FICHA_MEDICA) VALUES
                            (TO_DATE('2020-05-16','YYYY-MM-DD'), 3, '00743', 743);
INSERT INTO EX.SINTOMAS(FECHA_INICIO, ID_SINTOMA, ID_PERSONA, ID_FICHA_MEDICA) VALUES
                            (TO_DATE('2020-03-02','YYYY-MM-DD'), 4, '00743', 743);
INSERT INTO EX.SINTOMAS(FECHA_INICIO, ID_SINTOMA, ID_PERSONA, ID_FICHA_MEDICA) VALUES
                            (TO_DATE('2020-04-30','YYYY-MM-DD'), 5, '00743', 743);
INSERT INTO EX.SINTOMAS(FECHA_INICIO, ID_SINTOMA, ID_PERSONA, ID_FICHA_MEDICA) VALUES
                            (TO_DATE('2020-02-12','YYYY-MM-DD'), 6, '00743', 743);
INSERT INTO EX.SINTOMAS(FECHA_INICIO, ID_SINTOMA, ID_PERSONA, ID_FICHA_MEDICA) VALUES
                            (TO_DATE('2020-01-22','YYYY-MM-DD'), 7, '00743', 743);
INSERT INTO EX.PERSONA(DOC_IDENTIDAD, NOMBRE, NOMBRE1, APELLIDO, APELLIDO1, FECHA_NAC, GENERO, FOTO) VALUES
                  ('00744', 'Charles', 'Denise', 'Garcia', 'Nolan', TO_DATE('1998-10-12','YYYY-MM-DD'), 'm', NULL);
INSERT INTO EX.HISTORICO_RESIDENCIA(FECHA_INICIO, ID_LUGAR, ID_PERSONA, FECHA_FIN) VALUES
                  (TO_DATE('1978-04-08','YYYY-MM-DD'), 19, '00744', NULL);
INSERT INTO EX.FICHA_MEDICA(ID, ID_PERSONA, ID_CENTRO_SALUD, ID_LUGAR, ESTADO, FECHA_INFECCION, FECHA_RECUPERACION) VALUES
                                             (744, '00744', 4, 19, 'desconido', NULL, NULL);
INSERT INTO EX.SINTOMAS(FECHA_INICIO, ID_SINTOMA, ID_PERSONA, ID_FICHA_MEDICA) VALUES
                            (TO_DATE('2020-06-13','YYYY-MM-DD'), 1, '00744', 744);
INSERT INTO EX.SINTOMAS(FECHA_INICIO, ID_SINTOMA, ID_PERSONA, ID_FICHA_MEDICA) VALUES
                            (TO_DATE('2020-04-23','YYYY-MM-DD'), 2, '00744', 744);
INSERT INTO EX.SINTOMAS(FECHA_INICIO, ID_SINTOMA, ID_PERSONA, ID_FICHA_MEDICA) VALUES
                            (TO_DATE('2020-04-06','YYYY-MM-DD'), 3, '00744', 744);
INSERT INTO EX.SINTOMAS(FECHA_INICIO, ID_SINTOMA, ID_PERSONA, ID_FICHA_MEDICA) VALUES
                            (TO_DATE('2020-04-11','YYYY-MM-DD'), 4, '00744', 744);
INSERT INTO EX.SINTOMAS(FECHA_INICIO, ID_SINTOMA, ID_PERSONA, ID_FICHA_MEDICA) VALUES
                            (TO_DATE('2020-05-19','YYYY-MM-DD'), 5, '00744', 744);
INSERT INTO EX.SINTOMAS(FECHA_INICIO, ID_SINTOMA, ID_PERSONA, ID_FICHA_MEDICA) VALUES
                            (TO_DATE('2020-03-25','YYYY-MM-DD'), 6, '00744', 744);
INSERT INTO EX.PERSONA(DOC_IDENTIDAD, NOMBRE, NOMBRE1, APELLIDO, APELLIDO1, FECHA_NAC, GENERO, FOTO) VALUES
                  ('00745', 'William', 'Samantha', 'Hicks', 'Griffith', TO_DATE('2012-05-21','YYYY-MM-DD'), 'f', NULL);
INSERT INTO EX.HISTORICO_RESIDENCIA(FECHA_INICIO, ID_LUGAR, ID_PERSONA, FECHA_FIN) VALUES
                  (TO_DATE('2012-02-08','YYYY-MM-DD'), 29, '00745', NULL);
INSERT INTO EX.FICHA_MEDICA(ID, ID_PERSONA, ID_CENTRO_SALUD, ID_LUGAR, ESTADO, FECHA_INFECCION, FECHA_RECUPERACION) VALUES
                                             (745, '00745', 14, 29, 'desconido', NULL, NULL);
INSERT INTO EX.PADECIMIENTOS(ID_PATOLOGIA, ID_PERSONA, ID_FICHA_MEDICA) VALUES
                            (1, '00745', 745);
INSERT INTO EX.PADECIMIENTOS(ID_PATOLOGIA, ID_PERSONA, ID_FICHA_MEDICA) VALUES
                            (2, '00745', 745);
INSERT INTO EX.PADECIMIENTOS(ID_PATOLOGIA, ID_PERSONA, ID_FICHA_MEDICA) VALUES
                            (3, '00745', 745);
INSERT INTO EX.PADECIMIENTOS(ID_PATOLOGIA, ID_PERSONA, ID_FICHA_MEDICA) VALUES
                            (4, '00745', 745);
INSERT INTO EX.PADECIMIENTOS(ID_PATOLOGIA, ID_PERSONA, ID_FICHA_MEDICA) VALUES
                            (5, '00745', 745);
INSERT INTO EX.PADECIMIENTOS(ID_PATOLOGIA, ID_PERSONA, ID_FICHA_MEDICA) VALUES
                            (6, '00745', 745);
INSERT INTO EX.PADECIMIENTOS(ID_PATOLOGIA, ID_PERSONA, ID_FICHA_MEDICA) VALUES
                            (7, '00745', 745);
INSERT INTO EX.PADECIMIENTOS(ID_PATOLOGIA, ID_PERSONA, ID_FICHA_MEDICA) VALUES
                            (8, '00745', 745);
INSERT INTO EX.PADECIMIENTOS(ID_PATOLOGIA, ID_PERSONA, ID_FICHA_MEDICA) VALUES
                            (9, '00745', 745);
INSERT INTO EX.PADECIMIENTOS(ID_PATOLOGIA, ID_PERSONA, ID_FICHA_MEDICA) VALUES
                            (10, '00745', 745);
INSERT INTO EX.PADECIMIENTOS(ID_PATOLOGIA, ID_PERSONA, ID_FICHA_MEDICA) VALUES
                            (11, '00745', 745);
INSERT INTO EX.PADECIMIENTOS(ID_PATOLOGIA, ID_PERSONA, ID_FICHA_MEDICA) VALUES
                            (12, '00745', 745);
INSERT INTO EX.PADECIMIENTOS(ID_PATOLOGIA, ID_PERSONA, ID_FICHA_MEDICA) VALUES
                            (13, '00745', 745);
INSERT INTO EX.PADECIMIENTOS(ID_PATOLOGIA, ID_PERSONA, ID_FICHA_MEDICA) VALUES
                            (14, '00745', 745);
INSERT INTO EX.PERSONA(DOC_IDENTIDAD, NOMBRE, NOMBRE1, APELLIDO, APELLIDO1, FECHA_NAC, GENERO, FOTO) VALUES
                  ('00746', 'Bryan', 'Michael', 'Barnes', 'Nguyen', TO_DATE('1996-10-18','YYYY-MM-DD'), 'm', NULL);
INSERT INTO EX.HISTORICO_RESIDENCIA(FECHA_INICIO, ID_LUGAR, ID_PERSONA, FECHA_FIN) VALUES
                  (TO_DATE('1971-07-29','YYYY-MM-DD'), 24, '00746', NULL);
INSERT INTO EX.FICHA_MEDICA(ID, ID_PERSONA, ID_CENTRO_SALUD, ID_LUGAR, ESTADO, FECHA_INFECCION, FECHA_RECUPERACION) VALUES
                                             (746, '00746', 9, 24, 'desconido', NULL, NULL);
INSERT INTO EX.PADECIMIENTOS(ID_PATOLOGIA, ID_PERSONA, ID_FICHA_MEDICA) VALUES
                            (1, '00746', 746);
INSERT INTO EX.PADECIMIENTOS(ID_PATOLOGIA, ID_PERSONA, ID_FICHA_MEDICA) VALUES
                            (2, '00746', 746);
INSERT INTO EX.PADECIMIENTOS(ID_PATOLOGIA, ID_PERSONA, ID_FICHA_MEDICA) VALUES
                            (3, '00746', 746);
INSERT INTO EX.PADECIMIENTOS(ID_PATOLOGIA, ID_PERSONA, ID_FICHA_MEDICA) VALUES
                            (4, '00746', 746);
INSERT INTO EX.PADECIMIENTOS(ID_PATOLOGIA, ID_PERSONA, ID_FICHA_MEDICA) VALUES
                            (5, '00746', 746);
INSERT INTO EX.PADECIMIENTOS(ID_PATOLOGIA, ID_PERSONA, ID_FICHA_MEDICA) VALUES
                            (6, '00746', 746);
INSERT INTO EX.PADECIMIENTOS(ID_PATOLOGIA, ID_PERSONA, ID_FICHA_MEDICA) VALUES
                            (7, '00746', 746);
INSERT INTO EX.PADECIMIENTOS(ID_PATOLOGIA, ID_PERSONA, ID_FICHA_MEDICA) VALUES
                            (8, '00746', 746);
INSERT INTO EX.PADECIMIENTOS(ID_PATOLOGIA, ID_PERSONA, ID_FICHA_MEDICA) VALUES
                            (9, '00746', 746);
INSERT INTO EX.PADECIMIENTOS(ID_PATOLOGIA, ID_PERSONA, ID_FICHA_MEDICA) VALUES
                            (10, '00746', 746);
INSERT INTO EX.PADECIMIENTOS(ID_PATOLOGIA, ID_PERSONA, ID_FICHA_MEDICA) VALUES
                            (11, '00746', 746);
INSERT INTO EX.PADECIMIENTOS(ID_PATOLOGIA, ID_PERSONA, ID_FICHA_MEDICA) VALUES
                            (12, '00746', 746);
INSERT INTO EX.PADECIMIENTOS(ID_PATOLOGIA, ID_PERSONA, ID_FICHA_MEDICA) VALUES
                            (13, '00746', 746);
INSERT INTO EX.PADECIMIENTOS(ID_PATOLOGIA, ID_PERSONA, ID_FICHA_MEDICA) VALUES
                            (14, '00746', 746);
INSERT INTO EX.SINTOMAS(FECHA_INICIO, ID_SINTOMA, ID_PERSONA, ID_FICHA_MEDICA) VALUES
                            (TO_DATE('2020-04-18','YYYY-MM-DD'), 1, '00746', 746);
INSERT INTO EX.SINTOMAS(FECHA_INICIO, ID_SINTOMA, ID_PERSONA, ID_FICHA_MEDICA) VALUES
                            (TO_DATE('2020-03-06','YYYY-MM-DD'), 2, '00746', 746);
INSERT INTO EX.SINTOMAS(FECHA_INICIO, ID_SINTOMA, ID_PERSONA, ID_FICHA_MEDICA) VALUES
                            (TO_DATE('2020-03-05','YYYY-MM-DD'), 3, '00746', 746);
INSERT INTO EX.SINTOMAS(FECHA_INICIO, ID_SINTOMA, ID_PERSONA, ID_FICHA_MEDICA) VALUES
                            (TO_DATE('2020-02-03','YYYY-MM-DD'), 4, '00746', 746);
INSERT INTO EX.SINTOMAS(FECHA_INICIO, ID_SINTOMA, ID_PERSONA, ID_FICHA_MEDICA) VALUES
                            (TO_DATE('2020-01-20','YYYY-MM-DD'), 5, '00746', 746);
INSERT INTO EX.SINTOMAS(FECHA_INICIO, ID_SINTOMA, ID_PERSONA, ID_FICHA_MEDICA) VALUES
                            (TO_DATE('2020-04-26','YYYY-MM-DD'), 6, '00746', 746);
INSERT INTO EX.SINTOMAS(FECHA_INICIO, ID_SINTOMA, ID_PERSONA, ID_FICHA_MEDICA) VALUES
                            (TO_DATE('2020-01-09','YYYY-MM-DD'), 7, '00746', 746);
INSERT INTO EX.SINTOMAS(FECHA_INICIO, ID_SINTOMA, ID_PERSONA, ID_FICHA_MEDICA) VALUES
                            (TO_DATE('2020-01-05','YYYY-MM-DD'), 8, '00746', 746);
INSERT INTO EX.SINTOMAS(FECHA_INICIO, ID_SINTOMA, ID_PERSONA, ID_FICHA_MEDICA) VALUES
                            (TO_DATE('2020-03-09','YYYY-MM-DD'), 9, '00746', 746);
INSERT INTO EX.SINTOMAS(FECHA_INICIO, ID_SINTOMA, ID_PERSONA, ID_FICHA_MEDICA) VALUES
                            (TO_DATE('2020-06-24','YYYY-MM-DD'), 10, '00746', 746);
INSERT INTO EX.PERSONA(DOC_IDENTIDAD, NOMBRE, NOMBRE1, APELLIDO, APELLIDO1, FECHA_NAC, GENERO, FOTO) VALUES
                  ('00747', 'Christian', 'Eric', 'Warren', 'Lane', TO_DATE('1970-04-13','YYYY-MM-DD'), 'f', NULL);
INSERT INTO EX.HISTORICO_RESIDENCIA(FECHA_INICIO, ID_LUGAR, ID_PERSONA, FECHA_FIN) VALUES
                  (TO_DATE('1985-12-16','YYYY-MM-DD'), 27, '00747', NULL);
INSERT INTO EX.FICHA_MEDICA(ID, ID_PERSONA, ID_CENTRO_SALUD, ID_LUGAR, ESTADO, FECHA_INFECCION, FECHA_RECUPERACION) VALUES
                                             (747, '00747', 12, 27, 'desconido', NULL, NULL);
INSERT INTO EX.PADECIMIENTOS(ID_PATOLOGIA, ID_PERSONA, ID_FICHA_MEDICA) VALUES
                            (1, '00747', 747);
INSERT INTO EX.PADECIMIENTOS(ID_PATOLOGIA, ID_PERSONA, ID_FICHA_MEDICA) VALUES
                            (2, '00747', 747);
INSERT INTO EX.PADECIMIENTOS(ID_PATOLOGIA, ID_PERSONA, ID_FICHA_MEDICA) VALUES
                            (3, '00747', 747);
INSERT INTO EX.PADECIMIENTOS(ID_PATOLOGIA, ID_PERSONA, ID_FICHA_MEDICA) VALUES
                            (4, '00747', 747);
INSERT INTO EX.PADECIMIENTOS(ID_PATOLOGIA, ID_PERSONA, ID_FICHA_MEDICA) VALUES
                            (5, '00747', 747);
INSERT INTO EX.PADECIMIENTOS(ID_PATOLOGIA, ID_PERSONA, ID_FICHA_MEDICA) VALUES
                            (6, '00747', 747);
INSERT INTO EX.PADECIMIENTOS(ID_PATOLOGIA, ID_PERSONA, ID_FICHA_MEDICA) VALUES
                            (7, '00747', 747);
INSERT INTO EX.PADECIMIENTOS(ID_PATOLOGIA, ID_PERSONA, ID_FICHA_MEDICA) VALUES
                            (8, '00747', 747);
INSERT INTO EX.PADECIMIENTOS(ID_PATOLOGIA, ID_PERSONA, ID_FICHA_MEDICA) VALUES
                            (9, '00747', 747);
INSERT INTO EX.PADECIMIENTOS(ID_PATOLOGIA, ID_PERSONA, ID_FICHA_MEDICA) VALUES
                            (10, '00747', 747);
INSERT INTO EX.PADECIMIENTOS(ID_PATOLOGIA, ID_PERSONA, ID_FICHA_MEDICA) VALUES
                            (11, '00747', 747);
INSERT INTO EX.SINTOMAS(FECHA_INICIO, ID_SINTOMA, ID_PERSONA, ID_FICHA_MEDICA) VALUES
                            (TO_DATE('2020-01-17','YYYY-MM-DD'), 1, '00747', 747);
INSERT INTO EX.SINTOMAS(FECHA_INICIO, ID_SINTOMA, ID_PERSONA, ID_FICHA_MEDICA) VALUES
                            (TO_DATE('2020-01-05','YYYY-MM-DD'), 2, '00747', 747);
INSERT INTO EX.SINTOMAS(FECHA_INICIO, ID_SINTOMA, ID_PERSONA, ID_FICHA_MEDICA) VALUES
                            (TO_DATE('2020-01-12','YYYY-MM-DD'), 3, '00747', 747);
INSERT INTO EX.SINTOMAS(FECHA_INICIO, ID_SINTOMA, ID_PERSONA, ID_FICHA_MEDICA) VALUES
                            (TO_DATE('2020-02-09','YYYY-MM-DD'), 4, '00747', 747);
INSERT INTO EX.SINTOMAS(FECHA_INICIO, ID_SINTOMA, ID_PERSONA, ID_FICHA_MEDICA) VALUES
                            (TO_DATE('2020-03-14','YYYY-MM-DD'), 5, '00747', 747);
INSERT INTO EX.SINTOMAS(FECHA_INICIO, ID_SINTOMA, ID_PERSONA, ID_FICHA_MEDICA) VALUES
                            (TO_DATE('2020-03-26','YYYY-MM-DD'), 6, '00747', 747);
INSERT INTO EX.SINTOMAS(FECHA_INICIO, ID_SINTOMA, ID_PERSONA, ID_FICHA_MEDICA) VALUES
                            (TO_DATE('2020-06-02','YYYY-MM-DD'), 7, '00747', 747);
INSERT INTO EX.SINTOMAS(FECHA_INICIO, ID_SINTOMA, ID_PERSONA, ID_FICHA_MEDICA) VALUES
                            (TO_DATE('2020-04-16','YYYY-MM-DD'), 8, '00747', 747);
INSERT INTO EX.SINTOMAS(FECHA_INICIO, ID_SINTOMA, ID_PERSONA, ID_FICHA_MEDICA) VALUES
                            (TO_DATE('2020-03-22','YYYY-MM-DD'), 9, '00747', 747);
INSERT INTO EX.SINTOMAS(FECHA_INICIO, ID_SINTOMA, ID_PERSONA, ID_FICHA_MEDICA) VALUES
                            (TO_DATE('2020-06-20','YYYY-MM-DD'), 10, '00747', 747);
INSERT INTO EX.PERSONA(DOC_IDENTIDAD, NOMBRE, NOMBRE1, APELLIDO, APELLIDO1, FECHA_NAC, GENERO, FOTO) VALUES
                  ('00748', 'Ashley', 'Michael', 'Graves', 'Hill', TO_DATE('2010-09-28','YYYY-MM-DD'), 'm', NULL);
INSERT INTO EX.HISTORICO_RESIDENCIA(FECHA_INICIO, ID_LUGAR, ID_PERSONA, FECHA_FIN) VALUES
                  (TO_DATE('1993-06-28','YYYY-MM-DD'), 34, '00748', NULL);
INSERT INTO EX.FICHA_MEDICA(ID, ID_PERSONA, ID_CENTRO_SALUD, ID_LUGAR, ESTADO, FECHA_INFECCION, FECHA_RECUPERACION) VALUES
                                             (748, '00748', 19, 34, 'desconido', NULL, NULL);
INSERT INTO EX.SINTOMAS(FECHA_INICIO, ID_SINTOMA, ID_PERSONA, ID_FICHA_MEDICA) VALUES
                            (TO_DATE('2020-05-27','YYYY-MM-DD'), 1, '00748', 748);
INSERT INTO EX.SINTOMAS(FECHA_INICIO, ID_SINTOMA, ID_PERSONA, ID_FICHA_MEDICA) VALUES
                            (TO_DATE('2020-05-03','YYYY-MM-DD'), 2, '00748', 748);
INSERT INTO EX.SINTOMAS(FECHA_INICIO, ID_SINTOMA, ID_PERSONA, ID_FICHA_MEDICA) VALUES
                            (TO_DATE('2020-04-17','YYYY-MM-DD'), 3, '00748', 748);
INSERT INTO EX.SINTOMAS(FECHA_INICIO, ID_SINTOMA, ID_PERSONA, ID_FICHA_MEDICA) VALUES
                            (TO_DATE('2020-06-04','YYYY-MM-DD'), 4, '00748', 748);
INSERT INTO EX.SINTOMAS(FECHA_INICIO, ID_SINTOMA, ID_PERSONA, ID_FICHA_MEDICA) VALUES
                            (TO_DATE('2020-04-02','YYYY-MM-DD'), 5, '00748', 748);
INSERT INTO EX.SINTOMAS(FECHA_INICIO, ID_SINTOMA, ID_PERSONA, ID_FICHA_MEDICA) VALUES
                            (TO_DATE('2020-06-18','YYYY-MM-DD'), 6, '00748', 748);
INSERT INTO EX.PERSONA(DOC_IDENTIDAD, NOMBRE, NOMBRE1, APELLIDO, APELLIDO1, FECHA_NAC, GENERO, FOTO) VALUES
                  ('00749', 'Ashley', 'Tommy', 'Wilson', 'Banks', TO_DATE('1982-03-17','YYYY-MM-DD'), 'f', NULL);
INSERT INTO EX.HISTORICO_RESIDENCIA(FECHA_INICIO, ID_LUGAR, ID_PERSONA, FECHA_FIN) VALUES
                  (TO_DATE('2020-04-06','YYYY-MM-DD'), 37, '00749', NULL);
INSERT INTO EX.FICHA_MEDICA(ID, ID_PERSONA, ID_CENTRO_SALUD, ID_LUGAR, ESTADO, FECHA_INFECCION, FECHA_RECUPERACION) VALUES
                                             (749, '00749', 22, 37, 'desconido', NULL, NULL);
INSERT INTO EX.PADECIMIENTOS(ID_PATOLOGIA, ID_PERSONA, ID_FICHA_MEDICA) VALUES
                            (1, '00749', 749);
INSERT INTO EX.PADECIMIENTOS(ID_PATOLOGIA, ID_PERSONA, ID_FICHA_MEDICA) VALUES
                            (2, '00749', 749);
INSERT INTO EX.PADECIMIENTOS(ID_PATOLOGIA, ID_PERSONA, ID_FICHA_MEDICA) VALUES
                            (3, '00749', 749);
INSERT INTO EX.PADECIMIENTOS(ID_PATOLOGIA, ID_PERSONA, ID_FICHA_MEDICA) VALUES
                            (4, '00749', 749);
INSERT INTO EX.PADECIMIENTOS(ID_PATOLOGIA, ID_PERSONA, ID_FICHA_MEDICA) VALUES
                            (5, '00749', 749);
INSERT INTO EX.PADECIMIENTOS(ID_PATOLOGIA, ID_PERSONA, ID_FICHA_MEDICA) VALUES
                            (6, '00749', 749);
INSERT INTO EX.PADECIMIENTOS(ID_PATOLOGIA, ID_PERSONA, ID_FICHA_MEDICA) VALUES
                            (7, '00749', 749);
INSERT INTO EX.PADECIMIENTOS(ID_PATOLOGIA, ID_PERSONA, ID_FICHA_MEDICA) VALUES
                            (8, '00749', 749);
INSERT INTO EX.PADECIMIENTOS(ID_PATOLOGIA, ID_PERSONA, ID_FICHA_MEDICA) VALUES
                            (9, '00749', 749);
INSERT INTO EX.PADECIMIENTOS(ID_PATOLOGIA, ID_PERSONA, ID_FICHA_MEDICA) VALUES
                            (10, '00749', 749);
INSERT INTO EX.PADECIMIENTOS(ID_PATOLOGIA, ID_PERSONA, ID_FICHA_MEDICA) VALUES
                            (11, '00749', 749);
INSERT INTO EX.PADECIMIENTOS(ID_PATOLOGIA, ID_PERSONA, ID_FICHA_MEDICA) VALUES
                            (12, '00749', 749);
INSERT INTO EX.PADECIMIENTOS(ID_PATOLOGIA, ID_PERSONA, ID_FICHA_MEDICA) VALUES
                            (13, '00749', 749);
INSERT INTO EX.SINTOMAS(FECHA_INICIO, ID_SINTOMA, ID_PERSONA, ID_FICHA_MEDICA) VALUES
                            (TO_DATE('2020-01-23','YYYY-MM-DD'), 1, '00749', 749);
INSERT INTO EX.PERSONA(DOC_IDENTIDAD, NOMBRE, NOMBRE1, APELLIDO, APELLIDO1, FECHA_NAC, GENERO, FOTO) VALUES
                  ('00750', 'Norma', 'James', 'Daniels', 'Schneider', TO_DATE('1989-05-08','YYYY-MM-DD'), 'm', NULL);
INSERT INTO EX.HISTORICO_RESIDENCIA(FECHA_INICIO, ID_LUGAR, ID_PERSONA, FECHA_FIN) VALUES
                  (TO_DATE('2014-07-28','YYYY-MM-DD'), 44, '00750', NULL);
INSERT INTO EX.FICHA_MEDICA(ID, ID_PERSONA, ID_CENTRO_SALUD, ID_LUGAR, ESTADO, FECHA_INFECCION, FECHA_RECUPERACION) VALUES
                                             (750, '00750', 29, 44, 'desconido', NULL, NULL);
INSERT INTO EX.PADECIMIENTOS(ID_PATOLOGIA, ID_PERSONA, ID_FICHA_MEDICA) VALUES
                            (1, '00750', 750);
INSERT INTO EX.PADECIMIENTOS(ID_PATOLOGIA, ID_PERSONA, ID_FICHA_MEDICA) VALUES
                            (2, '00750', 750);
INSERT INTO EX.PADECIMIENTOS(ID_PATOLOGIA, ID_PERSONA, ID_FICHA_MEDICA) VALUES
                            (3, '00750', 750);
INSERT INTO EX.PADECIMIENTOS(ID_PATOLOGIA, ID_PERSONA, ID_FICHA_MEDICA) VALUES
                            (4, '00750', 750);
INSERT INTO EX.PADECIMIENTOS(ID_PATOLOGIA, ID_PERSONA, ID_FICHA_MEDICA) VALUES
                            (5, '00750', 750);
INSERT INTO EX.PADECIMIENTOS(ID_PATOLOGIA, ID_PERSONA, ID_FICHA_MEDICA) VALUES
                            (6, '00750', 750);
INSERT INTO EX.SINTOMAS(FECHA_INICIO, ID_SINTOMA, ID_PERSONA, ID_FICHA_MEDICA) VALUES
                            (TO_DATE('2020-03-12','YYYY-MM-DD'), 1, '00750', 750);
INSERT INTO EX.SINTOMAS(FECHA_INICIO, ID_SINTOMA, ID_PERSONA, ID_FICHA_MEDICA) VALUES
                            (TO_DATE('2020-06-20','YYYY-MM-DD'), 2, '00750', 750);
INSERT INTO EX.SINTOMAS(FECHA_INICIO, ID_SINTOMA, ID_PERSONA, ID_FICHA_MEDICA) VALUES
                            (TO_DATE('2020-06-02','YYYY-MM-DD'), 3, '00750', 750);
INSERT INTO EX.SINTOMAS(FECHA_INICIO, ID_SINTOMA, ID_PERSONA, ID_FICHA_MEDICA) VALUES
                            (TO_DATE('2020-02-20','YYYY-MM-DD'), 4, '00750', 750);
INSERT INTO EX.SINTOMAS(FECHA_INICIO, ID_SINTOMA, ID_PERSONA, ID_FICHA_MEDICA) VALUES
                            (TO_DATE('2020-02-24','YYYY-MM-DD'), 5, '00750', 750);
INSERT INTO EX.SINTOMAS(FECHA_INICIO, ID_SINTOMA, ID_PERSONA, ID_FICHA_MEDICA) VALUES
                            (TO_DATE('2020-01-10','YYYY-MM-DD'), 6, '00750', 750);
INSERT INTO EX.PERSONA(DOC_IDENTIDAD, NOMBRE, NOMBRE1, APELLIDO, APELLIDO1, FECHA_NAC, GENERO, FOTO) VALUES
                  ('00751', 'David', 'Jessica', 'Rodriguez', 'Cruz', TO_DATE('2012-01-10','YYYY-MM-DD'), 'f', NULL);
INSERT INTO EX.HISTORICO_RESIDENCIA(FECHA_INICIO, ID_LUGAR, ID_PERSONA, FECHA_FIN) VALUES
                  (TO_DATE('1971-02-11','YYYY-MM-DD'), 28, '00751', NULL);
INSERT INTO EX.FICHA_MEDICA(ID, ID_PERSONA, ID_CENTRO_SALUD, ID_LUGAR, ESTADO, FECHA_INFECCION, FECHA_RECUPERACION) VALUES
                                             (751, '00751', 13, 28, 'desconido', NULL, NULL);
INSERT INTO EX.PADECIMIENTOS(ID_PATOLOGIA, ID_PERSONA, ID_FICHA_MEDICA) VALUES
                            (1, '00751', 751);
INSERT INTO EX.PADECIMIENTOS(ID_PATOLOGIA, ID_PERSONA, ID_FICHA_MEDICA) VALUES
                            (2, '00751', 751);
INSERT INTO EX.PADECIMIENTOS(ID_PATOLOGIA, ID_PERSONA, ID_FICHA_MEDICA) VALUES
                            (3, '00751', 751);
INSERT INTO EX.PADECIMIENTOS(ID_PATOLOGIA, ID_PERSONA, ID_FICHA_MEDICA) VALUES
                            (4, '00751', 751);
INSERT INTO EX.PADECIMIENTOS(ID_PATOLOGIA, ID_PERSONA, ID_FICHA_MEDICA) VALUES
                            (5, '00751', 751);
INSERT INTO EX.PADECIMIENTOS(ID_PATOLOGIA, ID_PERSONA, ID_FICHA_MEDICA) VALUES
                            (6, '00751', 751);
INSERT INTO EX.PADECIMIENTOS(ID_PATOLOGIA, ID_PERSONA, ID_FICHA_MEDICA) VALUES
                            (7, '00751', 751);
INSERT INTO EX.PADECIMIENTOS(ID_PATOLOGIA, ID_PERSONA, ID_FICHA_MEDICA) VALUES
                            (8, '00751', 751);
INSERT INTO EX.PADECIMIENTOS(ID_PATOLOGIA, ID_PERSONA, ID_FICHA_MEDICA) VALUES
                            (9, '00751', 751);
INSERT INTO EX.PADECIMIENTOS(ID_PATOLOGIA, ID_PERSONA, ID_FICHA_MEDICA) VALUES
                            (10, '00751', 751);
INSERT INTO EX.PADECIMIENTOS(ID_PATOLOGIA, ID_PERSONA, ID_FICHA_MEDICA) VALUES
                            (11, '00751', 751);
INSERT INTO EX.PERSONA(DOC_IDENTIDAD, NOMBRE, NOMBRE1, APELLIDO, APELLIDO1, FECHA_NAC, GENERO, FOTO) VALUES
                  ('00752', 'Phyllis', 'Lauren', 'Thompson', 'Warren', TO_DATE('1984-01-31','YYYY-MM-DD'), 'm', NULL);
INSERT INTO EX.HISTORICO_RESIDENCIA(FECHA_INICIO, ID_LUGAR, ID_PERSONA, FECHA_FIN) VALUES
                  (TO_DATE('2018-02-16','YYYY-MM-DD'), 44, '00752', NULL);
INSERT INTO EX.FICHA_MEDICA(ID, ID_PERSONA, ID_CENTRO_SALUD, ID_LUGAR, ESTADO, FECHA_INFECCION, FECHA_RECUPERACION) VALUES
                                             (752, '00752', 29, 44, 'desconido', NULL, NULL);
INSERT INTO EX.PERSONA(DOC_IDENTIDAD, NOMBRE, NOMBRE1, APELLIDO, APELLIDO1, FECHA_NAC, GENERO, FOTO) VALUES
                  ('00753', 'Monique', 'Bruce', 'Lyons', 'Jones', TO_DATE('1982-01-28','YYYY-MM-DD'), 'f', NULL);
INSERT INTO EX.HISTORICO_RESIDENCIA(FECHA_INICIO, ID_LUGAR, ID_PERSONA, FECHA_FIN) VALUES
                  (TO_DATE('1990-09-02','YYYY-MM-DD'), 36, '00753', NULL);
INSERT INTO EX.FICHA_MEDICA(ID, ID_PERSONA, ID_CENTRO_SALUD, ID_LUGAR, ESTADO, FECHA_INFECCION, FECHA_RECUPERACION) VALUES
                                             (753, '00753', 21, 36, 'desconido', NULL, NULL);
INSERT INTO EX.PERSONA(DOC_IDENTIDAD, NOMBRE, NOMBRE1, APELLIDO, APELLIDO1, FECHA_NAC, GENERO, FOTO) VALUES
                  ('00754', 'Larry', 'James', 'Villanueva', 'Roberts', TO_DATE('2006-02-09','YYYY-MM-DD'), 'm', NULL);
INSERT INTO EX.HISTORICO_RESIDENCIA(FECHA_INICIO, ID_LUGAR, ID_PERSONA, FECHA_FIN) VALUES
                  (TO_DATE('1997-05-09','YYYY-MM-DD'), 33, '00754', NULL);
INSERT INTO EX.FICHA_MEDICA(ID, ID_PERSONA, ID_CENTRO_SALUD, ID_LUGAR, ESTADO, FECHA_INFECCION, FECHA_RECUPERACION) VALUES
                                             (754, '00754', 18, 33, 'desconido', NULL, NULL);
INSERT INTO EX.PADECIMIENTOS(ID_PATOLOGIA, ID_PERSONA, ID_FICHA_MEDICA) VALUES
                            (1, '00754', 754);
INSERT INTO EX.PADECIMIENTOS(ID_PATOLOGIA, ID_PERSONA, ID_FICHA_MEDICA) VALUES
                            (2, '00754', 754);
INSERT INTO EX.PADECIMIENTOS(ID_PATOLOGIA, ID_PERSONA, ID_FICHA_MEDICA) VALUES
                            (3, '00754', 754);
INSERT INTO EX.PADECIMIENTOS(ID_PATOLOGIA, ID_PERSONA, ID_FICHA_MEDICA) VALUES
                            (4, '00754', 754);
INSERT INTO EX.PADECIMIENTOS(ID_PATOLOGIA, ID_PERSONA, ID_FICHA_MEDICA) VALUES
                            (5, '00754', 754);
INSERT INTO EX.PADECIMIENTOS(ID_PATOLOGIA, ID_PERSONA, ID_FICHA_MEDICA) VALUES
                            (6, '00754', 754);
INSERT INTO EX.PADECIMIENTOS(ID_PATOLOGIA, ID_PERSONA, ID_FICHA_MEDICA) VALUES
                            (7, '00754', 754);
INSERT INTO EX.PADECIMIENTOS(ID_PATOLOGIA, ID_PERSONA, ID_FICHA_MEDICA) VALUES
                            (8, '00754', 754);
INSERT INTO EX.PADECIMIENTOS(ID_PATOLOGIA, ID_PERSONA, ID_FICHA_MEDICA) VALUES
                            (9, '00754', 754);
INSERT INTO EX.SINTOMAS(FECHA_INICIO, ID_SINTOMA, ID_PERSONA, ID_FICHA_MEDICA) VALUES
                            (TO_DATE('2020-06-15','YYYY-MM-DD'), 1, '00754', 754);
INSERT INTO EX.SINTOMAS(FECHA_INICIO, ID_SINTOMA, ID_PERSONA, ID_FICHA_MEDICA) VALUES
                            (TO_DATE('2020-02-09','YYYY-MM-DD'), 2, '00754', 754);
INSERT INTO EX.SINTOMAS(FECHA_INICIO, ID_SINTOMA, ID_PERSONA, ID_FICHA_MEDICA) VALUES
                            (TO_DATE('2020-05-20','YYYY-MM-DD'), 3, '00754', 754);
INSERT INTO EX.SINTOMAS(FECHA_INICIO, ID_SINTOMA, ID_PERSONA, ID_FICHA_MEDICA) VALUES
                            (TO_DATE('2020-05-26','YYYY-MM-DD'), 4, '00754', 754);
INSERT INTO EX.SINTOMAS(FECHA_INICIO, ID_SINTOMA, ID_PERSONA, ID_FICHA_MEDICA) VALUES
                            (TO_DATE('2020-03-04','YYYY-MM-DD'), 5, '00754', 754);
INSERT INTO EX.SINTOMAS(FECHA_INICIO, ID_SINTOMA, ID_PERSONA, ID_FICHA_MEDICA) VALUES
                            (TO_DATE('2020-06-10','YYYY-MM-DD'), 6, '00754', 754);
INSERT INTO EX.SINTOMAS(FECHA_INICIO, ID_SINTOMA, ID_PERSONA, ID_FICHA_MEDICA) VALUES
                            (TO_DATE('2020-04-23','YYYY-MM-DD'), 7, '00754', 754);
INSERT INTO EX.SINTOMAS(FECHA_INICIO, ID_SINTOMA, ID_PERSONA, ID_FICHA_MEDICA) VALUES
                            (TO_DATE('2020-01-21','YYYY-MM-DD'), 8, '00754', 754);
INSERT INTO EX.SINTOMAS(FECHA_INICIO, ID_SINTOMA, ID_PERSONA, ID_FICHA_MEDICA) VALUES
                            (TO_DATE('2020-06-13','YYYY-MM-DD'), 9, '00754', 754);
INSERT INTO EX.SINTOMAS(FECHA_INICIO, ID_SINTOMA, ID_PERSONA, ID_FICHA_MEDICA) VALUES
                            (TO_DATE('2020-06-10','YYYY-MM-DD'), 10, '00754', 754);
INSERT INTO EX.SINTOMAS(FECHA_INICIO, ID_SINTOMA, ID_PERSONA, ID_FICHA_MEDICA) VALUES
                            (TO_DATE('2020-05-15','YYYY-MM-DD'), 11, '00754', 754);
INSERT INTO EX.PERSONA(DOC_IDENTIDAD, NOMBRE, NOMBRE1, APELLIDO, APELLIDO1, FECHA_NAC, GENERO, FOTO) VALUES
                  ('00755', 'Eric', 'Amanda', 'Cruz', 'Davis', TO_DATE('1970-05-12','YYYY-MM-DD'), 'f', NULL);
INSERT INTO EX.HISTORICO_RESIDENCIA(FECHA_INICIO, ID_LUGAR, ID_PERSONA, FECHA_FIN) VALUES
                  (TO_DATE('1999-11-07','YYYY-MM-DD'), 25, '00755', NULL);
INSERT INTO EX.FICHA_MEDICA(ID, ID_PERSONA, ID_CENTRO_SALUD, ID_LUGAR, ESTADO, FECHA_INFECCION, FECHA_RECUPERACION) VALUES
                                             (755, '00755', 10, 25, 'desconido', NULL, NULL);
INSERT INTO EX.PADECIMIENTOS(ID_PATOLOGIA, ID_PERSONA, ID_FICHA_MEDICA) VALUES
                            (1, '00755', 755);
INSERT INTO EX.PADECIMIENTOS(ID_PATOLOGIA, ID_PERSONA, ID_FICHA_MEDICA) VALUES
                            (2, '00755', 755);
INSERT INTO EX.PADECIMIENTOS(ID_PATOLOGIA, ID_PERSONA, ID_FICHA_MEDICA) VALUES
                            (3, '00755', 755);
INSERT INTO EX.PADECIMIENTOS(ID_PATOLOGIA, ID_PERSONA, ID_FICHA_MEDICA) VALUES
                            (4, '00755', 755);
INSERT INTO EX.PERSONA(DOC_IDENTIDAD, NOMBRE, NOMBRE1, APELLIDO, APELLIDO1, FECHA_NAC, GENERO, FOTO) VALUES
                  ('00756', 'Michael', 'Jennifer', 'Lee', 'Norman', TO_DATE('2009-05-11','YYYY-MM-DD'), 'm', NULL);
INSERT INTO EX.HISTORICO_RESIDENCIA(FECHA_INICIO, ID_LUGAR, ID_PERSONA, FECHA_FIN) VALUES
                  (TO_DATE('1997-09-24','YYYY-MM-DD'), 33, '00756', NULL);
INSERT INTO EX.FICHA_MEDICA(ID, ID_PERSONA, ID_CENTRO_SALUD, ID_LUGAR, ESTADO, FECHA_INFECCION, FECHA_RECUPERACION) VALUES
                                             (756, '00756', 18, 33, 'desconido', NULL, NULL);
INSERT INTO EX.PADECIMIENTOS(ID_PATOLOGIA, ID_PERSONA, ID_FICHA_MEDICA) VALUES
                            (1, '00756', 756);
INSERT INTO EX.PADECIMIENTOS(ID_PATOLOGIA, ID_PERSONA, ID_FICHA_MEDICA) VALUES
                            (2, '00756', 756);
INSERT INTO EX.PADECIMIENTOS(ID_PATOLOGIA, ID_PERSONA, ID_FICHA_MEDICA) VALUES
                            (3, '00756', 756);
INSERT INTO EX.PADECIMIENTOS(ID_PATOLOGIA, ID_PERSONA, ID_FICHA_MEDICA) VALUES
                            (4, '00756', 756);
INSERT INTO EX.PADECIMIENTOS(ID_PATOLOGIA, ID_PERSONA, ID_FICHA_MEDICA) VALUES
                            (5, '00756', 756);
INSERT INTO EX.PADECIMIENTOS(ID_PATOLOGIA, ID_PERSONA, ID_FICHA_MEDICA) VALUES
                            (6, '00756', 756);
INSERT INTO EX.PADECIMIENTOS(ID_PATOLOGIA, ID_PERSONA, ID_FICHA_MEDICA) VALUES
                            (7, '00756', 756);
INSERT INTO EX.PADECIMIENTOS(ID_PATOLOGIA, ID_PERSONA, ID_FICHA_MEDICA) VALUES
                            (8, '00756', 756);
INSERT INTO EX.PADECIMIENTOS(ID_PATOLOGIA, ID_PERSONA, ID_FICHA_MEDICA) VALUES
                            (9, '00756', 756);
INSERT INTO EX.PADECIMIENTOS(ID_PATOLOGIA, ID_PERSONA, ID_FICHA_MEDICA) VALUES
                            (10, '00756', 756);
INSERT INTO EX.PADECIMIENTOS(ID_PATOLOGIA, ID_PERSONA, ID_FICHA_MEDICA) VALUES
                            (11, '00756', 756);
INSERT INTO EX.PADECIMIENTOS(ID_PATOLOGIA, ID_PERSONA, ID_FICHA_MEDICA) VALUES
                            (12, '00756', 756);
INSERT INTO EX.PADECIMIENTOS(ID_PATOLOGIA, ID_PERSONA, ID_FICHA_MEDICA) VALUES
                            (13, '00756', 756);
INSERT INTO EX.PADECIMIENTOS(ID_PATOLOGIA, ID_PERSONA, ID_FICHA_MEDICA) VALUES
                            (14, '00756', 756);
INSERT INTO EX.PADECIMIENTOS(ID_PATOLOGIA, ID_PERSONA, ID_FICHA_MEDICA) VALUES
                            (15, '00756', 756);
INSERT INTO EX.SINTOMAS(FECHA_INICIO, ID_SINTOMA, ID_PERSONA, ID_FICHA_MEDICA) VALUES
                            (TO_DATE('2020-03-04','YYYY-MM-DD'), 1, '00756', 756);
INSERT INTO EX.SINTOMAS(FECHA_INICIO, ID_SINTOMA, ID_PERSONA, ID_FICHA_MEDICA) VALUES
                            (TO_DATE('2020-04-24','YYYY-MM-DD'), 2, '00756', 756);
INSERT INTO EX.SINTOMAS(FECHA_INICIO, ID_SINTOMA, ID_PERSONA, ID_FICHA_MEDICA) VALUES
                            (TO_DATE('2020-03-21','YYYY-MM-DD'), 3, '00756', 756);
INSERT INTO EX.SINTOMAS(FECHA_INICIO, ID_SINTOMA, ID_PERSONA, ID_FICHA_MEDICA) VALUES
                            (TO_DATE('2020-04-08','YYYY-MM-DD'), 4, '00756', 756);
INSERT INTO EX.SINTOMAS(FECHA_INICIO, ID_SINTOMA, ID_PERSONA, ID_FICHA_MEDICA) VALUES
                            (TO_DATE('2020-03-04','YYYY-MM-DD'), 5, '00756', 756);
INSERT INTO EX.SINTOMAS(FECHA_INICIO, ID_SINTOMA, ID_PERSONA, ID_FICHA_MEDICA) VALUES
                            (TO_DATE('2020-01-21','YYYY-MM-DD'), 6, '00756', 756);
INSERT INTO EX.SINTOMAS(FECHA_INICIO, ID_SINTOMA, ID_PERSONA, ID_FICHA_MEDICA) VALUES
                            (TO_DATE('2020-05-29','YYYY-MM-DD'), 7, '00756', 756);
INSERT INTO EX.PERSONA(DOC_IDENTIDAD, NOMBRE, NOMBRE1, APELLIDO, APELLIDO1, FECHA_NAC, GENERO, FOTO) VALUES
                  ('00757', 'Candace', 'Theresa', 'Mercado', 'Black', TO_DATE('2006-09-27','YYYY-MM-DD'), 'f', NULL);
INSERT INTO EX.HISTORICO_RESIDENCIA(FECHA_INICIO, ID_LUGAR, ID_PERSONA, FECHA_FIN) VALUES
                  (TO_DATE('2017-01-06','YYYY-MM-DD'), 18, '00757', NULL);
INSERT INTO EX.FICHA_MEDICA(ID, ID_PERSONA, ID_CENTRO_SALUD, ID_LUGAR, ESTADO, FECHA_INFECCION, FECHA_RECUPERACION) VALUES
                                             (757, '00757', 3, 18, 'desconido', NULL, NULL);
INSERT INTO EX.SINTOMAS(FECHA_INICIO, ID_SINTOMA, ID_PERSONA, ID_FICHA_MEDICA) VALUES
                            (TO_DATE('2020-06-13','YYYY-MM-DD'), 1, '00757', 757);
INSERT INTO EX.SINTOMAS(FECHA_INICIO, ID_SINTOMA, ID_PERSONA, ID_FICHA_MEDICA) VALUES
                            (TO_DATE('2020-05-01','YYYY-MM-DD'), 2, '00757', 757);
INSERT INTO EX.SINTOMAS(FECHA_INICIO, ID_SINTOMA, ID_PERSONA, ID_FICHA_MEDICA) VALUES
                            (TO_DATE('2020-01-12','YYYY-MM-DD'), 3, '00757', 757);
INSERT INTO EX.SINTOMAS(FECHA_INICIO, ID_SINTOMA, ID_PERSONA, ID_FICHA_MEDICA) VALUES
                            (TO_DATE('2020-03-06','YYYY-MM-DD'), 4, '00757', 757);
INSERT INTO EX.SINTOMAS(FECHA_INICIO, ID_SINTOMA, ID_PERSONA, ID_FICHA_MEDICA) VALUES
                            (TO_DATE('2020-04-22','YYYY-MM-DD'), 5, '00757', 757);
INSERT INTO EX.SINTOMAS(FECHA_INICIO, ID_SINTOMA, ID_PERSONA, ID_FICHA_MEDICA) VALUES
                            (TO_DATE('2020-06-05','YYYY-MM-DD'), 6, '00757', 757);
INSERT INTO EX.SINTOMAS(FECHA_INICIO, ID_SINTOMA, ID_PERSONA, ID_FICHA_MEDICA) VALUES
                            (TO_DATE('2020-02-22','YYYY-MM-DD'), 7, '00757', 757);
INSERT INTO EX.SINTOMAS(FECHA_INICIO, ID_SINTOMA, ID_PERSONA, ID_FICHA_MEDICA) VALUES
                            (TO_DATE('2020-04-29','YYYY-MM-DD'), 8, '00757', 757);
INSERT INTO EX.SINTOMAS(FECHA_INICIO, ID_SINTOMA, ID_PERSONA, ID_FICHA_MEDICA) VALUES
                            (TO_DATE('2020-05-07','YYYY-MM-DD'), 9, '00757', 757);
INSERT INTO EX.SINTOMAS(FECHA_INICIO, ID_SINTOMA, ID_PERSONA, ID_FICHA_MEDICA) VALUES
                            (TO_DATE('2020-05-26','YYYY-MM-DD'), 10, '00757', 757);
INSERT INTO EX.SINTOMAS(FECHA_INICIO, ID_SINTOMA, ID_PERSONA, ID_FICHA_MEDICA) VALUES
                            (TO_DATE('2020-05-01','YYYY-MM-DD'), 11, '00757', 757);
INSERT INTO EX.SINTOMAS(FECHA_INICIO, ID_SINTOMA, ID_PERSONA, ID_FICHA_MEDICA) VALUES
                            (TO_DATE('2020-04-03','YYYY-MM-DD'), 12, '00757', 757);
INSERT INTO EX.SINTOMAS(FECHA_INICIO, ID_SINTOMA, ID_PERSONA, ID_FICHA_MEDICA) VALUES
                            (TO_DATE('2020-06-05','YYYY-MM-DD'), 13, '00757', 757);
INSERT INTO EX.SINTOMAS(FECHA_INICIO, ID_SINTOMA, ID_PERSONA, ID_FICHA_MEDICA) VALUES
                            (TO_DATE('2020-05-17','YYYY-MM-DD'), 14, '00757', 757);
INSERT INTO EX.SINTOMAS(FECHA_INICIO, ID_SINTOMA, ID_PERSONA, ID_FICHA_MEDICA) VALUES
                            (TO_DATE('2020-02-01','YYYY-MM-DD'), 15, '00757', 757);
INSERT INTO EX.SINTOMAS(FECHA_INICIO, ID_SINTOMA, ID_PERSONA, ID_FICHA_MEDICA) VALUES
                            (TO_DATE('2020-01-15','YYYY-MM-DD'), 16, '00757', 757);
INSERT INTO EX.PERSONA(DOC_IDENTIDAD, NOMBRE, NOMBRE1, APELLIDO, APELLIDO1, FECHA_NAC, GENERO, FOTO) VALUES
                  ('00758', 'Diane', 'Thomas', 'Garza', 'Hill', TO_DATE('2003-05-20','YYYY-MM-DD'), 'm', NULL);
INSERT INTO EX.HISTORICO_RESIDENCIA(FECHA_INICIO, ID_LUGAR, ID_PERSONA, FECHA_FIN) VALUES
                  (TO_DATE('2010-01-13','YYYY-MM-DD'), 39, '00758', NULL);
INSERT INTO EX.FICHA_MEDICA(ID, ID_PERSONA, ID_CENTRO_SALUD, ID_LUGAR, ESTADO, FECHA_INFECCION, FECHA_RECUPERACION) VALUES
                                             (758, '00758', 24, 39, 'desconido', NULL, NULL);
INSERT INTO EX.SINTOMAS(FECHA_INICIO, ID_SINTOMA, ID_PERSONA, ID_FICHA_MEDICA) VALUES
                            (TO_DATE('2020-06-14','YYYY-MM-DD'), 1, '00758', 758);
INSERT INTO EX.SINTOMAS(FECHA_INICIO, ID_SINTOMA, ID_PERSONA, ID_FICHA_MEDICA) VALUES
                            (TO_DATE('2020-01-16','YYYY-MM-DD'), 2, '00758', 758);
INSERT INTO EX.SINTOMAS(FECHA_INICIO, ID_SINTOMA, ID_PERSONA, ID_FICHA_MEDICA) VALUES
                            (TO_DATE('2020-06-04','YYYY-MM-DD'), 3, '00758', 758);
INSERT INTO EX.SINTOMAS(FECHA_INICIO, ID_SINTOMA, ID_PERSONA, ID_FICHA_MEDICA) VALUES
                            (TO_DATE('2020-03-11','YYYY-MM-DD'), 4, '00758', 758);
INSERT INTO EX.SINTOMAS(FECHA_INICIO, ID_SINTOMA, ID_PERSONA, ID_FICHA_MEDICA) VALUES
                            (TO_DATE('2020-06-23','YYYY-MM-DD'), 5, '00758', 758);
INSERT INTO EX.SINTOMAS(FECHA_INICIO, ID_SINTOMA, ID_PERSONA, ID_FICHA_MEDICA) VALUES
                            (TO_DATE('2020-02-22','YYYY-MM-DD'), 6, '00758', 758);
INSERT INTO EX.SINTOMAS(FECHA_INICIO, ID_SINTOMA, ID_PERSONA, ID_FICHA_MEDICA) VALUES
                            (TO_DATE('2020-03-15','YYYY-MM-DD'), 7, '00758', 758);
INSERT INTO EX.SINTOMAS(FECHA_INICIO, ID_SINTOMA, ID_PERSONA, ID_FICHA_MEDICA) VALUES
                            (TO_DATE('2020-06-04','YYYY-MM-DD'), 8, '00758', 758);
INSERT INTO EX.SINTOMAS(FECHA_INICIO, ID_SINTOMA, ID_PERSONA, ID_FICHA_MEDICA) VALUES
                            (TO_DATE('2020-04-18','YYYY-MM-DD'), 9, '00758', 758);
INSERT INTO EX.SINTOMAS(FECHA_INICIO, ID_SINTOMA, ID_PERSONA, ID_FICHA_MEDICA) VALUES
                            (TO_DATE('2020-01-05','YYYY-MM-DD'), 10, '00758', 758);
INSERT INTO EX.PERSONA(DOC_IDENTIDAD, NOMBRE, NOMBRE1, APELLIDO, APELLIDO1, FECHA_NAC, GENERO, FOTO) VALUES
                  ('00759', 'Vincent', 'James', 'Ryan', 'Villegas', TO_DATE('2011-02-04','YYYY-MM-DD'), 'f', NULL);
INSERT INTO EX.HISTORICO_RESIDENCIA(FECHA_INICIO, ID_LUGAR, ID_PERSONA, FECHA_FIN) VALUES
                  (TO_DATE('1977-02-08','YYYY-MM-DD'), 18, '00759', NULL);
INSERT INTO EX.FICHA_MEDICA(ID, ID_PERSONA, ID_CENTRO_SALUD, ID_LUGAR, ESTADO, FECHA_INFECCION, FECHA_RECUPERACION) VALUES
                                             (759, '00759', 3, 18, 'desconido', NULL, NULL);
INSERT INTO EX.PADECIMIENTOS(ID_PATOLOGIA, ID_PERSONA, ID_FICHA_MEDICA) VALUES
                            (1, '00759', 759);
INSERT INTO EX.PADECIMIENTOS(ID_PATOLOGIA, ID_PERSONA, ID_FICHA_MEDICA) VALUES
                            (2, '00759', 759);
INSERT INTO EX.PADECIMIENTOS(ID_PATOLOGIA, ID_PERSONA, ID_FICHA_MEDICA) VALUES
                            (3, '00759', 759);
INSERT INTO EX.PADECIMIENTOS(ID_PATOLOGIA, ID_PERSONA, ID_FICHA_MEDICA) VALUES
                            (4, '00759', 759);
INSERT INTO EX.PADECIMIENTOS(ID_PATOLOGIA, ID_PERSONA, ID_FICHA_MEDICA) VALUES
                            (5, '00759', 759);
INSERT INTO EX.PADECIMIENTOS(ID_PATOLOGIA, ID_PERSONA, ID_FICHA_MEDICA) VALUES
                            (6, '00759', 759);
INSERT INTO EX.PADECIMIENTOS(ID_PATOLOGIA, ID_PERSONA, ID_FICHA_MEDICA) VALUES
                            (7, '00759', 759);
INSERT INTO EX.PADECIMIENTOS(ID_PATOLOGIA, ID_PERSONA, ID_FICHA_MEDICA) VALUES
                            (8, '00759', 759);
INSERT INTO EX.PADECIMIENTOS(ID_PATOLOGIA, ID_PERSONA, ID_FICHA_MEDICA) VALUES
                            (9, '00759', 759);
INSERT INTO EX.PADECIMIENTOS(ID_PATOLOGIA, ID_PERSONA, ID_FICHA_MEDICA) VALUES
                            (10, '00759', 759);
INSERT INTO EX.PADECIMIENTOS(ID_PATOLOGIA, ID_PERSONA, ID_FICHA_MEDICA) VALUES
                            (11, '00759', 759);
INSERT INTO EX.PADECIMIENTOS(ID_PATOLOGIA, ID_PERSONA, ID_FICHA_MEDICA) VALUES
                            (12, '00759', 759);
INSERT INTO EX.PADECIMIENTOS(ID_PATOLOGIA, ID_PERSONA, ID_FICHA_MEDICA) VALUES
                            (13, '00759', 759);
INSERT INTO EX.PADECIMIENTOS(ID_PATOLOGIA, ID_PERSONA, ID_FICHA_MEDICA) VALUES
                            (14, '00759', 759);
INSERT INTO EX.PADECIMIENTOS(ID_PATOLOGIA, ID_PERSONA, ID_FICHA_MEDICA) VALUES
                            (15, '00759', 759);
INSERT INTO EX.SINTOMAS(FECHA_INICIO, ID_SINTOMA, ID_PERSONA, ID_FICHA_MEDICA) VALUES
                            (TO_DATE('2020-05-08','YYYY-MM-DD'), 1, '00759', 759);
INSERT INTO EX.SINTOMAS(FECHA_INICIO, ID_SINTOMA, ID_PERSONA, ID_FICHA_MEDICA) VALUES
                            (TO_DATE('2020-03-07','YYYY-MM-DD'), 2, '00759', 759);
INSERT INTO EX.SINTOMAS(FECHA_INICIO, ID_SINTOMA, ID_PERSONA, ID_FICHA_MEDICA) VALUES
                            (TO_DATE('2020-01-11','YYYY-MM-DD'), 3, '00759', 759);
INSERT INTO EX.SINTOMAS(FECHA_INICIO, ID_SINTOMA, ID_PERSONA, ID_FICHA_MEDICA) VALUES
                            (TO_DATE('2020-04-09','YYYY-MM-DD'), 4, '00759', 759);
INSERT INTO EX.SINTOMAS(FECHA_INICIO, ID_SINTOMA, ID_PERSONA, ID_FICHA_MEDICA) VALUES
                            (TO_DATE('2020-02-25','YYYY-MM-DD'), 5, '00759', 759);
INSERT INTO EX.SINTOMAS(FECHA_INICIO, ID_SINTOMA, ID_PERSONA, ID_FICHA_MEDICA) VALUES
                            (TO_DATE('2020-02-22','YYYY-MM-DD'), 6, '00759', 759);
INSERT INTO EX.SINTOMAS(FECHA_INICIO, ID_SINTOMA, ID_PERSONA, ID_FICHA_MEDICA) VALUES
                            (TO_DATE('2020-06-02','YYYY-MM-DD'), 7, '00759', 759);
INSERT INTO EX.SINTOMAS(FECHA_INICIO, ID_SINTOMA, ID_PERSONA, ID_FICHA_MEDICA) VALUES
                            (TO_DATE('2020-05-25','YYYY-MM-DD'), 8, '00759', 759);
INSERT INTO EX.SINTOMAS(FECHA_INICIO, ID_SINTOMA, ID_PERSONA, ID_FICHA_MEDICA) VALUES
                            (TO_DATE('2020-01-09','YYYY-MM-DD'), 9, '00759', 759);
INSERT INTO EX.SINTOMAS(FECHA_INICIO, ID_SINTOMA, ID_PERSONA, ID_FICHA_MEDICA) VALUES
                            (TO_DATE('2020-03-30','YYYY-MM-DD'), 10, '00759', 759);
INSERT INTO EX.SINTOMAS(FECHA_INICIO, ID_SINTOMA, ID_PERSONA, ID_FICHA_MEDICA) VALUES
                            (TO_DATE('2020-05-15','YYYY-MM-DD'), 11, '00759', 759);
INSERT INTO EX.SINTOMAS(FECHA_INICIO, ID_SINTOMA, ID_PERSONA, ID_FICHA_MEDICA) VALUES
                            (TO_DATE('2020-03-14','YYYY-MM-DD'), 12, '00759', 759);
INSERT INTO EX.SINTOMAS(FECHA_INICIO, ID_SINTOMA, ID_PERSONA, ID_FICHA_MEDICA) VALUES
                            (TO_DATE('2020-05-14','YYYY-MM-DD'), 13, '00759', 759);
INSERT INTO EX.PERSONA(DOC_IDENTIDAD, NOMBRE, NOMBRE1, APELLIDO, APELLIDO1, FECHA_NAC, GENERO, FOTO) VALUES
                  ('00760', 'James', 'James', 'Floyd', 'Cervantes', TO_DATE('2007-11-12','YYYY-MM-DD'), 'm', NULL);
INSERT INTO EX.HISTORICO_RESIDENCIA(FECHA_INICIO, ID_LUGAR, ID_PERSONA, FECHA_FIN) VALUES
                  (TO_DATE('2008-08-06','YYYY-MM-DD'), 33, '00760', NULL);
INSERT INTO EX.FICHA_MEDICA(ID, ID_PERSONA, ID_CENTRO_SALUD, ID_LUGAR, ESTADO, FECHA_INFECCION, FECHA_RECUPERACION) VALUES
                                             (760, '00760', 18, 33, 'desconido', NULL, NULL);
INSERT INTO EX.PADECIMIENTOS(ID_PATOLOGIA, ID_PERSONA, ID_FICHA_MEDICA) VALUES
                            (1, '00760', 760);
INSERT INTO EX.PADECIMIENTOS(ID_PATOLOGIA, ID_PERSONA, ID_FICHA_MEDICA) VALUES
                            (2, '00760', 760);
INSERT INTO EX.PADECIMIENTOS(ID_PATOLOGIA, ID_PERSONA, ID_FICHA_MEDICA) VALUES
                            (3, '00760', 760);
INSERT INTO EX.PADECIMIENTOS(ID_PATOLOGIA, ID_PERSONA, ID_FICHA_MEDICA) VALUES
                            (4, '00760', 760);
INSERT INTO EX.PADECIMIENTOS(ID_PATOLOGIA, ID_PERSONA, ID_FICHA_MEDICA) VALUES
                            (5, '00760', 760);
INSERT INTO EX.PADECIMIENTOS(ID_PATOLOGIA, ID_PERSONA, ID_FICHA_MEDICA) VALUES
                            (6, '00760', 760);
INSERT INTO EX.PADECIMIENTOS(ID_PATOLOGIA, ID_PERSONA, ID_FICHA_MEDICA) VALUES
                            (7, '00760', 760);
INSERT INTO EX.PADECIMIENTOS(ID_PATOLOGIA, ID_PERSONA, ID_FICHA_MEDICA) VALUES
                            (8, '00760', 760);
INSERT INTO EX.PADECIMIENTOS(ID_PATOLOGIA, ID_PERSONA, ID_FICHA_MEDICA) VALUES
                            (9, '00760', 760);
INSERT INTO EX.PADECIMIENTOS(ID_PATOLOGIA, ID_PERSONA, ID_FICHA_MEDICA) VALUES
                            (10, '00760', 760);
INSERT INTO EX.PADECIMIENTOS(ID_PATOLOGIA, ID_PERSONA, ID_FICHA_MEDICA) VALUES
                            (11, '00760', 760);
INSERT INTO EX.PADECIMIENTOS(ID_PATOLOGIA, ID_PERSONA, ID_FICHA_MEDICA) VALUES
                            (12, '00760', 760);
INSERT INTO EX.PADECIMIENTOS(ID_PATOLOGIA, ID_PERSONA, ID_FICHA_MEDICA) VALUES
                            (13, '00760', 760);
INSERT INTO EX.SINTOMAS(FECHA_INICIO, ID_SINTOMA, ID_PERSONA, ID_FICHA_MEDICA) VALUES
                            (TO_DATE('2020-03-22','YYYY-MM-DD'), 1, '00760', 760);
INSERT INTO EX.SINTOMAS(FECHA_INICIO, ID_SINTOMA, ID_PERSONA, ID_FICHA_MEDICA) VALUES
                            (TO_DATE('2020-01-12','YYYY-MM-DD'), 2, '00760', 760);
INSERT INTO EX.SINTOMAS(FECHA_INICIO, ID_SINTOMA, ID_PERSONA, ID_FICHA_MEDICA) VALUES
                            (TO_DATE('2020-03-04','YYYY-MM-DD'), 3, '00760', 760);
INSERT INTO EX.SINTOMAS(FECHA_INICIO, ID_SINTOMA, ID_PERSONA, ID_FICHA_MEDICA) VALUES
                            (TO_DATE('2020-05-27','YYYY-MM-DD'), 4, '00760', 760);
INSERT INTO EX.PERSONA(DOC_IDENTIDAD, NOMBRE, NOMBRE1, APELLIDO, APELLIDO1, FECHA_NAC, GENERO, FOTO) VALUES
                  ('00761', 'John', 'Paula', 'Davis', 'Yang', TO_DATE('2017-01-14','YYYY-MM-DD'), 'f', NULL);
INSERT INTO EX.HISTORICO_RESIDENCIA(FECHA_INICIO, ID_LUGAR, ID_PERSONA, FECHA_FIN) VALUES
                  (TO_DATE('1980-01-31','YYYY-MM-DD'), 38, '00761', NULL);
INSERT INTO EX.FICHA_MEDICA(ID, ID_PERSONA, ID_CENTRO_SALUD, ID_LUGAR, ESTADO, FECHA_INFECCION, FECHA_RECUPERACION) VALUES
                                             (761, '00761', 23, 38, 'desconido', NULL, NULL);
INSERT INTO EX.SINTOMAS(FECHA_INICIO, ID_SINTOMA, ID_PERSONA, ID_FICHA_MEDICA) VALUES
                            (TO_DATE('2020-06-04','YYYY-MM-DD'), 1, '00761', 761);
INSERT INTO EX.SINTOMAS(FECHA_INICIO, ID_SINTOMA, ID_PERSONA, ID_FICHA_MEDICA) VALUES
                            (TO_DATE('2020-04-07','YYYY-MM-DD'), 2, '00761', 761);
INSERT INTO EX.SINTOMAS(FECHA_INICIO, ID_SINTOMA, ID_PERSONA, ID_FICHA_MEDICA) VALUES
                            (TO_DATE('2020-01-15','YYYY-MM-DD'), 3, '00761', 761);
INSERT INTO EX.SINTOMAS(FECHA_INICIO, ID_SINTOMA, ID_PERSONA, ID_FICHA_MEDICA) VALUES
                            (TO_DATE('2020-03-21','YYYY-MM-DD'), 4, '00761', 761);
INSERT INTO EX.SINTOMAS(FECHA_INICIO, ID_SINTOMA, ID_PERSONA, ID_FICHA_MEDICA) VALUES
                            (TO_DATE('2020-05-02','YYYY-MM-DD'), 5, '00761', 761);
INSERT INTO EX.SINTOMAS(FECHA_INICIO, ID_SINTOMA, ID_PERSONA, ID_FICHA_MEDICA) VALUES
                            (TO_DATE('2020-01-04','YYYY-MM-DD'), 6, '00761', 761);
INSERT INTO EX.PERSONA(DOC_IDENTIDAD, NOMBRE, NOMBRE1, APELLIDO, APELLIDO1, FECHA_NAC, GENERO, FOTO) VALUES
                  ('00762', 'Martin', 'William', 'Rodriguez', 'Sheppard', TO_DATE('1987-10-13','YYYY-MM-DD'), 'm', NULL);
INSERT INTO EX.HISTORICO_RESIDENCIA(FECHA_INICIO, ID_LUGAR, ID_PERSONA, FECHA_FIN) VALUES
                  (TO_DATE('1999-07-02','YYYY-MM-DD'), 30, '00762', NULL);
INSERT INTO EX.FICHA_MEDICA(ID, ID_PERSONA, ID_CENTRO_SALUD, ID_LUGAR, ESTADO, FECHA_INFECCION, FECHA_RECUPERACION) VALUES
                                             (762, '00762', 15, 30, 'desconido', NULL, NULL);
INSERT INTO EX.PERSONA(DOC_IDENTIDAD, NOMBRE, NOMBRE1, APELLIDO, APELLIDO1, FECHA_NAC, GENERO, FOTO) VALUES
                  ('00763', 'Dustin', 'Glenn', 'Wright', 'Jackson', TO_DATE('1970-11-19','YYYY-MM-DD'), 'f', NULL);
INSERT INTO EX.HISTORICO_RESIDENCIA(FECHA_INICIO, ID_LUGAR, ID_PERSONA, FECHA_FIN) VALUES
                  (TO_DATE('2020-02-26','YYYY-MM-DD'), 32, '00763', NULL);
INSERT INTO EX.FICHA_MEDICA(ID, ID_PERSONA, ID_CENTRO_SALUD, ID_LUGAR, ESTADO, FECHA_INFECCION, FECHA_RECUPERACION) VALUES
                                             (763, '00763', 17, 32, 'desconido', NULL, NULL);
INSERT INTO EX.SINTOMAS(FECHA_INICIO, ID_SINTOMA, ID_PERSONA, ID_FICHA_MEDICA) VALUES
                            (TO_DATE('2020-02-09','YYYY-MM-DD'), 1, '00763', 763);
INSERT INTO EX.SINTOMAS(FECHA_INICIO, ID_SINTOMA, ID_PERSONA, ID_FICHA_MEDICA) VALUES
                            (TO_DATE('2020-06-20','YYYY-MM-DD'), 2, '00763', 763);
INSERT INTO EX.SINTOMAS(FECHA_INICIO, ID_SINTOMA, ID_PERSONA, ID_FICHA_MEDICA) VALUES
                            (TO_DATE('2020-02-07','YYYY-MM-DD'), 3, '00763', 763);
INSERT INTO EX.SINTOMAS(FECHA_INICIO, ID_SINTOMA, ID_PERSONA, ID_FICHA_MEDICA) VALUES
                            (TO_DATE('2020-04-19','YYYY-MM-DD'), 4, '00763', 763);
INSERT INTO EX.SINTOMAS(FECHA_INICIO, ID_SINTOMA, ID_PERSONA, ID_FICHA_MEDICA) VALUES
                            (TO_DATE('2020-06-22','YYYY-MM-DD'), 5, '00763', 763);
INSERT INTO EX.SINTOMAS(FECHA_INICIO, ID_SINTOMA, ID_PERSONA, ID_FICHA_MEDICA) VALUES
                            (TO_DATE('2020-02-28','YYYY-MM-DD'), 6, '00763', 763);
INSERT INTO EX.SINTOMAS(FECHA_INICIO, ID_SINTOMA, ID_PERSONA, ID_FICHA_MEDICA) VALUES
                            (TO_DATE('2020-03-22','YYYY-MM-DD'), 7, '00763', 763);
INSERT INTO EX.SINTOMAS(FECHA_INICIO, ID_SINTOMA, ID_PERSONA, ID_FICHA_MEDICA) VALUES
                            (TO_DATE('2020-06-18','YYYY-MM-DD'), 8, '00763', 763);
INSERT INTO EX.SINTOMAS(FECHA_INICIO, ID_SINTOMA, ID_PERSONA, ID_FICHA_MEDICA) VALUES
                            (TO_DATE('2020-04-07','YYYY-MM-DD'), 9, '00763', 763);
INSERT INTO EX.SINTOMAS(FECHA_INICIO, ID_SINTOMA, ID_PERSONA, ID_FICHA_MEDICA) VALUES
                            (TO_DATE('2020-04-29','YYYY-MM-DD'), 10, '00763', 763);
INSERT INTO EX.SINTOMAS(FECHA_INICIO, ID_SINTOMA, ID_PERSONA, ID_FICHA_MEDICA) VALUES
                            (TO_DATE('2020-04-26','YYYY-MM-DD'), 11, '00763', 763);
INSERT INTO EX.SINTOMAS(FECHA_INICIO, ID_SINTOMA, ID_PERSONA, ID_FICHA_MEDICA) VALUES
                            (TO_DATE('2020-05-12','YYYY-MM-DD'), 12, '00763', 763);
INSERT INTO EX.SINTOMAS(FECHA_INICIO, ID_SINTOMA, ID_PERSONA, ID_FICHA_MEDICA) VALUES
                            (TO_DATE('2020-02-20','YYYY-MM-DD'), 13, '00763', 763);
INSERT INTO EX.SINTOMAS(FECHA_INICIO, ID_SINTOMA, ID_PERSONA, ID_FICHA_MEDICA) VALUES
                            (TO_DATE('2020-03-09','YYYY-MM-DD'), 14, '00763', 763);
INSERT INTO EX.SINTOMAS(FECHA_INICIO, ID_SINTOMA, ID_PERSONA, ID_FICHA_MEDICA) VALUES
                            (TO_DATE('2020-02-21','YYYY-MM-DD'), 15, '00763', 763);
INSERT INTO EX.SINTOMAS(FECHA_INICIO, ID_SINTOMA, ID_PERSONA, ID_FICHA_MEDICA) VALUES
                            (TO_DATE('2020-01-13','YYYY-MM-DD'), 16, '00763', 763);
INSERT INTO EX.SINTOMAS(FECHA_INICIO, ID_SINTOMA, ID_PERSONA, ID_FICHA_MEDICA) VALUES
                            (TO_DATE('2020-03-13','YYYY-MM-DD'), 17, '00763', 763);
INSERT INTO EX.SINTOMAS(FECHA_INICIO, ID_SINTOMA, ID_PERSONA, ID_FICHA_MEDICA) VALUES
                            (TO_DATE('2020-02-08','YYYY-MM-DD'), 18, '00763', 763);
INSERT INTO EX.SINTOMAS(FECHA_INICIO, ID_SINTOMA, ID_PERSONA, ID_FICHA_MEDICA) VALUES
                            (TO_DATE('2020-05-07','YYYY-MM-DD'), 19, '00763', 763);
INSERT INTO EX.PERSONA(DOC_IDENTIDAD, NOMBRE, NOMBRE1, APELLIDO, APELLIDO1, FECHA_NAC, GENERO, FOTO) VALUES
                  ('00764', 'Alicia', 'Jessica', 'Martinez', 'Miller', TO_DATE('2004-09-18','YYYY-MM-DD'), 'm', NULL);
INSERT INTO EX.HISTORICO_RESIDENCIA(FECHA_INICIO, ID_LUGAR, ID_PERSONA, FECHA_FIN) VALUES
                  (TO_DATE('2001-08-18','YYYY-MM-DD'), 37, '00764', NULL);
INSERT INTO EX.FICHA_MEDICA(ID, ID_PERSONA, ID_CENTRO_SALUD, ID_LUGAR, ESTADO, FECHA_INFECCION, FECHA_RECUPERACION) VALUES
                                             (764, '00764', 22, 37, 'desconido', NULL, NULL);
INSERT INTO EX.PADECIMIENTOS(ID_PATOLOGIA, ID_PERSONA, ID_FICHA_MEDICA) VALUES
                            (1, '00764', 764);
INSERT INTO EX.PADECIMIENTOS(ID_PATOLOGIA, ID_PERSONA, ID_FICHA_MEDICA) VALUES
                            (2, '00764', 764);
INSERT INTO EX.PADECIMIENTOS(ID_PATOLOGIA, ID_PERSONA, ID_FICHA_MEDICA) VALUES
                            (3, '00764', 764);
INSERT INTO EX.PADECIMIENTOS(ID_PATOLOGIA, ID_PERSONA, ID_FICHA_MEDICA) VALUES
                            (4, '00764', 764);
INSERT INTO EX.PERSONA(DOC_IDENTIDAD, NOMBRE, NOMBRE1, APELLIDO, APELLIDO1, FECHA_NAC, GENERO, FOTO) VALUES
                  ('00765', 'April', 'Sean', 'Garcia', 'Duran', TO_DATE('1975-10-30','YYYY-MM-DD'), 'f', NULL);
INSERT INTO EX.HISTORICO_RESIDENCIA(FECHA_INICIO, ID_LUGAR, ID_PERSONA, FECHA_FIN) VALUES
                  (TO_DATE('1993-02-20','YYYY-MM-DD'), 21, '00765', NULL);
INSERT INTO EX.FICHA_MEDICA(ID, ID_PERSONA, ID_CENTRO_SALUD, ID_LUGAR, ESTADO, FECHA_INFECCION, FECHA_RECUPERACION) VALUES
                                             (765, '00765', 6, 21, 'desconido', NULL, NULL);
INSERT INTO EX.PADECIMIENTOS(ID_PATOLOGIA, ID_PERSONA, ID_FICHA_MEDICA) VALUES
                            (1, '00765', 765);
INSERT INTO EX.PADECIMIENTOS(ID_PATOLOGIA, ID_PERSONA, ID_FICHA_MEDICA) VALUES
                            (2, '00765', 765);
INSERT INTO EX.PADECIMIENTOS(ID_PATOLOGIA, ID_PERSONA, ID_FICHA_MEDICA) VALUES
                            (3, '00765', 765);
INSERT INTO EX.PADECIMIENTOS(ID_PATOLOGIA, ID_PERSONA, ID_FICHA_MEDICA) VALUES
                            (4, '00765', 765);
INSERT INTO EX.PADECIMIENTOS(ID_PATOLOGIA, ID_PERSONA, ID_FICHA_MEDICA) VALUES
                            (5, '00765', 765);
INSERT INTO EX.PADECIMIENTOS(ID_PATOLOGIA, ID_PERSONA, ID_FICHA_MEDICA) VALUES
                            (6, '00765', 765);
INSERT INTO EX.PADECIMIENTOS(ID_PATOLOGIA, ID_PERSONA, ID_FICHA_MEDICA) VALUES
                            (7, '00765', 765);
INSERT INTO EX.SINTOMAS(FECHA_INICIO, ID_SINTOMA, ID_PERSONA, ID_FICHA_MEDICA) VALUES
                            (TO_DATE('2020-02-17','YYYY-MM-DD'), 1, '00765', 765);
INSERT INTO EX.SINTOMAS(FECHA_INICIO, ID_SINTOMA, ID_PERSONA, ID_FICHA_MEDICA) VALUES
                            (TO_DATE('2020-01-01','YYYY-MM-DD'), 2, '00765', 765);
INSERT INTO EX.PERSONA(DOC_IDENTIDAD, NOMBRE, NOMBRE1, APELLIDO, APELLIDO1, FECHA_NAC, GENERO, FOTO) VALUES
                  ('00766', 'Shawn', 'Kenneth', 'Wood', 'Ayala', TO_DATE('1977-09-01','YYYY-MM-DD'), 'm', NULL);
INSERT INTO EX.HISTORICO_RESIDENCIA(FECHA_INICIO, ID_LUGAR, ID_PERSONA, FECHA_FIN) VALUES
                  (TO_DATE('2004-01-09','YYYY-MM-DD'), 22, '00766', NULL);
INSERT INTO EX.FICHA_MEDICA(ID, ID_PERSONA, ID_CENTRO_SALUD, ID_LUGAR, ESTADO, FECHA_INFECCION, FECHA_RECUPERACION) VALUES
                                             (766, '00766', 7, 22, 'desconido', NULL, NULL);
INSERT INTO EX.PADECIMIENTOS(ID_PATOLOGIA, ID_PERSONA, ID_FICHA_MEDICA) VALUES
                            (1, '00766', 766);
INSERT INTO EX.PADECIMIENTOS(ID_PATOLOGIA, ID_PERSONA, ID_FICHA_MEDICA) VALUES
                            (2, '00766', 766);
INSERT INTO EX.PERSONA(DOC_IDENTIDAD, NOMBRE, NOMBRE1, APELLIDO, APELLIDO1, FECHA_NAC, GENERO, FOTO) VALUES
                  ('00767', 'Nancy', 'Jessica', 'Baird', 'Santos', TO_DATE('2014-03-24','YYYY-MM-DD'), 'f', NULL);
INSERT INTO EX.HISTORICO_RESIDENCIA(FECHA_INICIO, ID_LUGAR, ID_PERSONA, FECHA_FIN) VALUES
                  (TO_DATE('2014-04-07','YYYY-MM-DD'), 38, '00767', NULL);
INSERT INTO EX.FICHA_MEDICA(ID, ID_PERSONA, ID_CENTRO_SALUD, ID_LUGAR, ESTADO, FECHA_INFECCION, FECHA_RECUPERACION) VALUES
                                             (767, '00767', 23, 38, 'desconido', NULL, NULL);
INSERT INTO EX.PERSONA(DOC_IDENTIDAD, NOMBRE, NOMBRE1, APELLIDO, APELLIDO1, FECHA_NAC, GENERO, FOTO) VALUES
                  ('00768', 'Paul', 'Cory', 'Santana', 'Stevens', TO_DATE('2016-05-15','YYYY-MM-DD'), 'm', NULL);
INSERT INTO EX.HISTORICO_RESIDENCIA(FECHA_INICIO, ID_LUGAR, ID_PERSONA, FECHA_FIN) VALUES
                  (TO_DATE('2015-01-26','YYYY-MM-DD'), 32, '00768', NULL);
INSERT INTO EX.FICHA_MEDICA(ID, ID_PERSONA, ID_CENTRO_SALUD, ID_LUGAR, ESTADO, FECHA_INFECCION, FECHA_RECUPERACION) VALUES
                                             (768, '00768', 17, 32, 'desconido', NULL, NULL);
INSERT INTO EX.PADECIMIENTOS(ID_PATOLOGIA, ID_PERSONA, ID_FICHA_MEDICA) VALUES
                            (1, '00768', 768);
INSERT INTO EX.PERSONA(DOC_IDENTIDAD, NOMBRE, NOMBRE1, APELLIDO, APELLIDO1, FECHA_NAC, GENERO, FOTO) VALUES
                  ('00769', 'Frederick', 'Felicia', 'Phillips', 'Johnson', TO_DATE('1976-12-24','YYYY-MM-DD'), 'f', NULL);
INSERT INTO EX.HISTORICO_RESIDENCIA(FECHA_INICIO, ID_LUGAR, ID_PERSONA, FECHA_FIN) VALUES
                  (TO_DATE('1986-01-06','YYYY-MM-DD'), 22, '00769', NULL);
INSERT INTO EX.FICHA_MEDICA(ID, ID_PERSONA, ID_CENTRO_SALUD, ID_LUGAR, ESTADO, FECHA_INFECCION, FECHA_RECUPERACION) VALUES
                                             (769, '00769', 7, 22, 'desconido', NULL, NULL);
INSERT INTO EX.PADECIMIENTOS(ID_PATOLOGIA, ID_PERSONA, ID_FICHA_MEDICA) VALUES
                            (1, '00769', 769);
INSERT INTO EX.PADECIMIENTOS(ID_PATOLOGIA, ID_PERSONA, ID_FICHA_MEDICA) VALUES
                            (2, '00769', 769);
INSERT INTO EX.PADECIMIENTOS(ID_PATOLOGIA, ID_PERSONA, ID_FICHA_MEDICA) VALUES
                            (3, '00769', 769);
INSERT INTO EX.PADECIMIENTOS(ID_PATOLOGIA, ID_PERSONA, ID_FICHA_MEDICA) VALUES
                            (4, '00769', 769);
INSERT INTO EX.PADECIMIENTOS(ID_PATOLOGIA, ID_PERSONA, ID_FICHA_MEDICA) VALUES
                            (5, '00769', 769);
INSERT INTO EX.PADECIMIENTOS(ID_PATOLOGIA, ID_PERSONA, ID_FICHA_MEDICA) VALUES
                            (6, '00769', 769);
INSERT INTO EX.PADECIMIENTOS(ID_PATOLOGIA, ID_PERSONA, ID_FICHA_MEDICA) VALUES
                            (7, '00769', 769);
INSERT INTO EX.PADECIMIENTOS(ID_PATOLOGIA, ID_PERSONA, ID_FICHA_MEDICA) VALUES
                            (8, '00769', 769);
INSERT INTO EX.PADECIMIENTOS(ID_PATOLOGIA, ID_PERSONA, ID_FICHA_MEDICA) VALUES
                            (9, '00769', 769);
INSERT INTO EX.PADECIMIENTOS(ID_PATOLOGIA, ID_PERSONA, ID_FICHA_MEDICA) VALUES
                            (10, '00769', 769);
INSERT INTO EX.PADECIMIENTOS(ID_PATOLOGIA, ID_PERSONA, ID_FICHA_MEDICA) VALUES
                            (11, '00769', 769);
INSERT INTO EX.PADECIMIENTOS(ID_PATOLOGIA, ID_PERSONA, ID_FICHA_MEDICA) VALUES
                            (12, '00769', 769);
INSERT INTO EX.PERSONA(DOC_IDENTIDAD, NOMBRE, NOMBRE1, APELLIDO, APELLIDO1, FECHA_NAC, GENERO, FOTO) VALUES
                  ('00770', 'Joshua', 'Dustin', 'Sullivan', 'Hayes', TO_DATE('1978-06-23','YYYY-MM-DD'), 'm', NULL);
INSERT INTO EX.HISTORICO_RESIDENCIA(FECHA_INICIO, ID_LUGAR, ID_PERSONA, FECHA_FIN) VALUES
                  (TO_DATE('1974-01-30','YYYY-MM-DD'), 31, '00770', NULL);
INSERT INTO EX.FICHA_MEDICA(ID, ID_PERSONA, ID_CENTRO_SALUD, ID_LUGAR, ESTADO, FECHA_INFECCION, FECHA_RECUPERACION) VALUES
                                             (770, '00770', 16, 31, 'desconido', NULL, NULL);
INSERT INTO EX.PERSONA(DOC_IDENTIDAD, NOMBRE, NOMBRE1, APELLIDO, APELLIDO1, FECHA_NAC, GENERO, FOTO) VALUES
                  ('00771', 'Sarah', 'Aaron', 'Mooney', 'Hines', TO_DATE('1973-10-30','YYYY-MM-DD'), 'f', NULL);
INSERT INTO EX.HISTORICO_RESIDENCIA(FECHA_INICIO, ID_LUGAR, ID_PERSONA, FECHA_FIN) VALUES
                  (TO_DATE('2006-02-12','YYYY-MM-DD'), 27, '00771', NULL);
INSERT INTO EX.FICHA_MEDICA(ID, ID_PERSONA, ID_CENTRO_SALUD, ID_LUGAR, ESTADO, FECHA_INFECCION, FECHA_RECUPERACION) VALUES
                                             (771, '00771', 12, 27, 'desconido', NULL, NULL);
INSERT INTO EX.PADECIMIENTOS(ID_PATOLOGIA, ID_PERSONA, ID_FICHA_MEDICA) VALUES
                            (1, '00771', 771);
INSERT INTO EX.PADECIMIENTOS(ID_PATOLOGIA, ID_PERSONA, ID_FICHA_MEDICA) VALUES
                            (2, '00771', 771);
INSERT INTO EX.PADECIMIENTOS(ID_PATOLOGIA, ID_PERSONA, ID_FICHA_MEDICA) VALUES
                            (3, '00771', 771);
INSERT INTO EX.PADECIMIENTOS(ID_PATOLOGIA, ID_PERSONA, ID_FICHA_MEDICA) VALUES
                            (4, '00771', 771);
INSERT INTO EX.PADECIMIENTOS(ID_PATOLOGIA, ID_PERSONA, ID_FICHA_MEDICA) VALUES
                            (5, '00771', 771);
INSERT INTO EX.PADECIMIENTOS(ID_PATOLOGIA, ID_PERSONA, ID_FICHA_MEDICA) VALUES
                            (6, '00771', 771);
INSERT INTO EX.PADECIMIENTOS(ID_PATOLOGIA, ID_PERSONA, ID_FICHA_MEDICA) VALUES
                            (7, '00771', 771);
INSERT INTO EX.PADECIMIENTOS(ID_PATOLOGIA, ID_PERSONA, ID_FICHA_MEDICA) VALUES
                            (8, '00771', 771);
INSERT INTO EX.PADECIMIENTOS(ID_PATOLOGIA, ID_PERSONA, ID_FICHA_MEDICA) VALUES
                            (9, '00771', 771);
INSERT INTO EX.PADECIMIENTOS(ID_PATOLOGIA, ID_PERSONA, ID_FICHA_MEDICA) VALUES
                            (10, '00771', 771);
INSERT INTO EX.PADECIMIENTOS(ID_PATOLOGIA, ID_PERSONA, ID_FICHA_MEDICA) VALUES
                            (11, '00771', 771);
INSERT INTO EX.PADECIMIENTOS(ID_PATOLOGIA, ID_PERSONA, ID_FICHA_MEDICA) VALUES
                            (12, '00771', 771);
INSERT INTO EX.PADECIMIENTOS(ID_PATOLOGIA, ID_PERSONA, ID_FICHA_MEDICA) VALUES
                            (13, '00771', 771);
INSERT INTO EX.PADECIMIENTOS(ID_PATOLOGIA, ID_PERSONA, ID_FICHA_MEDICA) VALUES
                            (14, '00771', 771);
INSERT INTO EX.PADECIMIENTOS(ID_PATOLOGIA, ID_PERSONA, ID_FICHA_MEDICA) VALUES
                            (15, '00771', 771);
INSERT INTO EX.PERSONA(DOC_IDENTIDAD, NOMBRE, NOMBRE1, APELLIDO, APELLIDO1, FECHA_NAC, GENERO, FOTO) VALUES
                  ('00772', 'Kevin', 'Lonnie', 'Schneider', 'Thornton', TO_DATE('1971-11-02','YYYY-MM-DD'), 'm', NULL);
INSERT INTO EX.HISTORICO_RESIDENCIA(FECHA_INICIO, ID_LUGAR, ID_PERSONA, FECHA_FIN) VALUES
                  (TO_DATE('1980-11-18','YYYY-MM-DD'), 21, '00772', NULL);
INSERT INTO EX.FICHA_MEDICA(ID, ID_PERSONA, ID_CENTRO_SALUD, ID_LUGAR, ESTADO, FECHA_INFECCION, FECHA_RECUPERACION) VALUES
                                             (772, '00772', 6, 21, 'desconido', NULL, NULL);
INSERT INTO EX.PADECIMIENTOS(ID_PATOLOGIA, ID_PERSONA, ID_FICHA_MEDICA) VALUES
                            (1, '00772', 772);
INSERT INTO EX.PADECIMIENTOS(ID_PATOLOGIA, ID_PERSONA, ID_FICHA_MEDICA) VALUES
                            (2, '00772', 772);
INSERT INTO EX.PADECIMIENTOS(ID_PATOLOGIA, ID_PERSONA, ID_FICHA_MEDICA) VALUES
                            (3, '00772', 772);
INSERT INTO EX.PADECIMIENTOS(ID_PATOLOGIA, ID_PERSONA, ID_FICHA_MEDICA) VALUES
                            (4, '00772', 772);
INSERT INTO EX.PADECIMIENTOS(ID_PATOLOGIA, ID_PERSONA, ID_FICHA_MEDICA) VALUES
                            (5, '00772', 772);
INSERT INTO EX.PADECIMIENTOS(ID_PATOLOGIA, ID_PERSONA, ID_FICHA_MEDICA) VALUES
                            (6, '00772', 772);
INSERT INTO EX.PERSONA(DOC_IDENTIDAD, NOMBRE, NOMBRE1, APELLIDO, APELLIDO1, FECHA_NAC, GENERO, FOTO) VALUES
                  ('00773', 'Richard', 'Paula', 'Thomas', 'Jordan', TO_DATE('2000-01-13','YYYY-MM-DD'), 'f', NULL);
INSERT INTO EX.HISTORICO_RESIDENCIA(FECHA_INICIO, ID_LUGAR, ID_PERSONA, FECHA_FIN) VALUES
                  (TO_DATE('2017-05-29','YYYY-MM-DD'), 42, '00773', NULL);
INSERT INTO EX.FICHA_MEDICA(ID, ID_PERSONA, ID_CENTRO_SALUD, ID_LUGAR, ESTADO, FECHA_INFECCION, FECHA_RECUPERACION) VALUES
                                             (773, '00773', 27, 42, 'desconido', NULL, NULL);
INSERT INTO EX.PADECIMIENTOS(ID_PATOLOGIA, ID_PERSONA, ID_FICHA_MEDICA) VALUES
                            (1, '00773', 773);
INSERT INTO EX.PADECIMIENTOS(ID_PATOLOGIA, ID_PERSONA, ID_FICHA_MEDICA) VALUES
                            (2, '00773', 773);
INSERT INTO EX.PADECIMIENTOS(ID_PATOLOGIA, ID_PERSONA, ID_FICHA_MEDICA) VALUES
                            (3, '00773', 773);
INSERT INTO EX.PADECIMIENTOS(ID_PATOLOGIA, ID_PERSONA, ID_FICHA_MEDICA) VALUES
                            (4, '00773', 773);
INSERT INTO EX.PADECIMIENTOS(ID_PATOLOGIA, ID_PERSONA, ID_FICHA_MEDICA) VALUES
                            (5, '00773', 773);
INSERT INTO EX.PADECIMIENTOS(ID_PATOLOGIA, ID_PERSONA, ID_FICHA_MEDICA) VALUES
                            (6, '00773', 773);
INSERT INTO EX.PADECIMIENTOS(ID_PATOLOGIA, ID_PERSONA, ID_FICHA_MEDICA) VALUES
                            (7, '00773', 773);
INSERT INTO EX.PADECIMIENTOS(ID_PATOLOGIA, ID_PERSONA, ID_FICHA_MEDICA) VALUES
                            (8, '00773', 773);
INSERT INTO EX.PADECIMIENTOS(ID_PATOLOGIA, ID_PERSONA, ID_FICHA_MEDICA) VALUES
                            (9, '00773', 773);
INSERT INTO EX.SINTOMAS(FECHA_INICIO, ID_SINTOMA, ID_PERSONA, ID_FICHA_MEDICA) VALUES
                            (TO_DATE('2020-05-01','YYYY-MM-DD'), 1, '00773', 773);
INSERT INTO EX.SINTOMAS(FECHA_INICIO, ID_SINTOMA, ID_PERSONA, ID_FICHA_MEDICA) VALUES
                            (TO_DATE('2020-05-17','YYYY-MM-DD'), 2, '00773', 773);
INSERT INTO EX.SINTOMAS(FECHA_INICIO, ID_SINTOMA, ID_PERSONA, ID_FICHA_MEDICA) VALUES
                            (TO_DATE('2020-03-17','YYYY-MM-DD'), 3, '00773', 773);
INSERT INTO EX.SINTOMAS(FECHA_INICIO, ID_SINTOMA, ID_PERSONA, ID_FICHA_MEDICA) VALUES
                            (TO_DATE('2020-03-27','YYYY-MM-DD'), 4, '00773', 773);
INSERT INTO EX.SINTOMAS(FECHA_INICIO, ID_SINTOMA, ID_PERSONA, ID_FICHA_MEDICA) VALUES
                            (TO_DATE('2020-05-07','YYYY-MM-DD'), 5, '00773', 773);
INSERT INTO EX.SINTOMAS(FECHA_INICIO, ID_SINTOMA, ID_PERSONA, ID_FICHA_MEDICA) VALUES
                            (TO_DATE('2020-03-28','YYYY-MM-DD'), 6, '00773', 773);
INSERT INTO EX.SINTOMAS(FECHA_INICIO, ID_SINTOMA, ID_PERSONA, ID_FICHA_MEDICA) VALUES
                            (TO_DATE('2020-01-19','YYYY-MM-DD'), 7, '00773', 773);
INSERT INTO EX.SINTOMAS(FECHA_INICIO, ID_SINTOMA, ID_PERSONA, ID_FICHA_MEDICA) VALUES
                            (TO_DATE('2020-05-15','YYYY-MM-DD'), 8, '00773', 773);
INSERT INTO EX.SINTOMAS(FECHA_INICIO, ID_SINTOMA, ID_PERSONA, ID_FICHA_MEDICA) VALUES
                            (TO_DATE('2020-04-21','YYYY-MM-DD'), 9, '00773', 773);
INSERT INTO EX.SINTOMAS(FECHA_INICIO, ID_SINTOMA, ID_PERSONA, ID_FICHA_MEDICA) VALUES
                            (TO_DATE('2020-03-09','YYYY-MM-DD'), 10, '00773', 773);
INSERT INTO EX.SINTOMAS(FECHA_INICIO, ID_SINTOMA, ID_PERSONA, ID_FICHA_MEDICA) VALUES
                            (TO_DATE('2020-06-04','YYYY-MM-DD'), 11, '00773', 773);
INSERT INTO EX.SINTOMAS(FECHA_INICIO, ID_SINTOMA, ID_PERSONA, ID_FICHA_MEDICA) VALUES
                            (TO_DATE('2020-01-19','YYYY-MM-DD'), 12, '00773', 773);
INSERT INTO EX.SINTOMAS(FECHA_INICIO, ID_SINTOMA, ID_PERSONA, ID_FICHA_MEDICA) VALUES
                            (TO_DATE('2020-05-06','YYYY-MM-DD'), 13, '00773', 773);
INSERT INTO EX.SINTOMAS(FECHA_INICIO, ID_SINTOMA, ID_PERSONA, ID_FICHA_MEDICA) VALUES
                            (TO_DATE('2020-04-16','YYYY-MM-DD'), 14, '00773', 773);
INSERT INTO EX.SINTOMAS(FECHA_INICIO, ID_SINTOMA, ID_PERSONA, ID_FICHA_MEDICA) VALUES
                            (TO_DATE('2020-05-19','YYYY-MM-DD'), 15, '00773', 773);
INSERT INTO EX.SINTOMAS(FECHA_INICIO, ID_SINTOMA, ID_PERSONA, ID_FICHA_MEDICA) VALUES
                            (TO_DATE('2020-02-12','YYYY-MM-DD'), 16, '00773', 773);
INSERT INTO EX.SINTOMAS(FECHA_INICIO, ID_SINTOMA, ID_PERSONA, ID_FICHA_MEDICA) VALUES
                            (TO_DATE('2020-06-14','YYYY-MM-DD'), 17, '00773', 773);
INSERT INTO EX.PERSONA(DOC_IDENTIDAD, NOMBRE, NOMBRE1, APELLIDO, APELLIDO1, FECHA_NAC, GENERO, FOTO) VALUES
                  ('00774', 'Jason', 'Jordan', 'Jones', 'Smith', TO_DATE('1991-08-16','YYYY-MM-DD'), 'm', NULL);
INSERT INTO EX.HISTORICO_RESIDENCIA(FECHA_INICIO, ID_LUGAR, ID_PERSONA, FECHA_FIN) VALUES
                  (TO_DATE('1971-11-22','YYYY-MM-DD'), 20, '00774', NULL);
INSERT INTO EX.FICHA_MEDICA(ID, ID_PERSONA, ID_CENTRO_SALUD, ID_LUGAR, ESTADO, FECHA_INFECCION, FECHA_RECUPERACION) VALUES
                                             (774, '00774', 5, 20, 'desconido', NULL, NULL);
INSERT INTO EX.PADECIMIENTOS(ID_PATOLOGIA, ID_PERSONA, ID_FICHA_MEDICA) VALUES
                            (1, '00774', 774);
INSERT INTO EX.PADECIMIENTOS(ID_PATOLOGIA, ID_PERSONA, ID_FICHA_MEDICA) VALUES
                            (2, '00774', 774);
INSERT INTO EX.PADECIMIENTOS(ID_PATOLOGIA, ID_PERSONA, ID_FICHA_MEDICA) VALUES
                            (3, '00774', 774);
INSERT INTO EX.PADECIMIENTOS(ID_PATOLOGIA, ID_PERSONA, ID_FICHA_MEDICA) VALUES
                            (4, '00774', 774);
INSERT INTO EX.PADECIMIENTOS(ID_PATOLOGIA, ID_PERSONA, ID_FICHA_MEDICA) VALUES
                            (5, '00774', 774);
INSERT INTO EX.PADECIMIENTOS(ID_PATOLOGIA, ID_PERSONA, ID_FICHA_MEDICA) VALUES
                            (6, '00774', 774);
INSERT INTO EX.PADECIMIENTOS(ID_PATOLOGIA, ID_PERSONA, ID_FICHA_MEDICA) VALUES
                            (7, '00774', 774);
INSERT INTO EX.PADECIMIENTOS(ID_PATOLOGIA, ID_PERSONA, ID_FICHA_MEDICA) VALUES
                            (8, '00774', 774);
INSERT INTO EX.PADECIMIENTOS(ID_PATOLOGIA, ID_PERSONA, ID_FICHA_MEDICA) VALUES
                            (9, '00774', 774);
INSERT INTO EX.PADECIMIENTOS(ID_PATOLOGIA, ID_PERSONA, ID_FICHA_MEDICA) VALUES
                            (10, '00774', 774);
INSERT INTO EX.PADECIMIENTOS(ID_PATOLOGIA, ID_PERSONA, ID_FICHA_MEDICA) VALUES
                            (11, '00774', 774);
INSERT INTO EX.PADECIMIENTOS(ID_PATOLOGIA, ID_PERSONA, ID_FICHA_MEDICA) VALUES
                            (12, '00774', 774);
INSERT INTO EX.PERSONA(DOC_IDENTIDAD, NOMBRE, NOMBRE1, APELLIDO, APELLIDO1, FECHA_NAC, GENERO, FOTO) VALUES
                  ('00775', 'Tyler', 'Antonio', 'Dorsey', 'Clay', TO_DATE('1978-11-02','YYYY-MM-DD'), 'f', NULL);
INSERT INTO EX.HISTORICO_RESIDENCIA(FECHA_INICIO, ID_LUGAR, ID_PERSONA, FECHA_FIN) VALUES
                  (TO_DATE('1987-10-10','YYYY-MM-DD'), 18, '00775', NULL);
INSERT INTO EX.FICHA_MEDICA(ID, ID_PERSONA, ID_CENTRO_SALUD, ID_LUGAR, ESTADO, FECHA_INFECCION, FECHA_RECUPERACION) VALUES
                                             (775, '00775', 3, 18, 'desconido', NULL, NULL);
INSERT INTO EX.PADECIMIENTOS(ID_PATOLOGIA, ID_PERSONA, ID_FICHA_MEDICA) VALUES
                            (1, '00775', 775);
INSERT INTO EX.PADECIMIENTOS(ID_PATOLOGIA, ID_PERSONA, ID_FICHA_MEDICA) VALUES
                            (2, '00775', 775);
INSERT INTO EX.PADECIMIENTOS(ID_PATOLOGIA, ID_PERSONA, ID_FICHA_MEDICA) VALUES
                            (3, '00775', 775);
INSERT INTO EX.PADECIMIENTOS(ID_PATOLOGIA, ID_PERSONA, ID_FICHA_MEDICA) VALUES
                            (4, '00775', 775);
INSERT INTO EX.PADECIMIENTOS(ID_PATOLOGIA, ID_PERSONA, ID_FICHA_MEDICA) VALUES
                            (5, '00775', 775);
INSERT INTO EX.PADECIMIENTOS(ID_PATOLOGIA, ID_PERSONA, ID_FICHA_MEDICA) VALUES
                            (6, '00775', 775);
INSERT INTO EX.PADECIMIENTOS(ID_PATOLOGIA, ID_PERSONA, ID_FICHA_MEDICA) VALUES
                            (7, '00775', 775);
INSERT INTO EX.PADECIMIENTOS(ID_PATOLOGIA, ID_PERSONA, ID_FICHA_MEDICA) VALUES
                            (8, '00775', 775);
INSERT INTO EX.PADECIMIENTOS(ID_PATOLOGIA, ID_PERSONA, ID_FICHA_MEDICA) VALUES
                            (9, '00775', 775);
INSERT INTO EX.PADECIMIENTOS(ID_PATOLOGIA, ID_PERSONA, ID_FICHA_MEDICA) VALUES
                            (10, '00775', 775);
INSERT INTO EX.PADECIMIENTOS(ID_PATOLOGIA, ID_PERSONA, ID_FICHA_MEDICA) VALUES
                            (11, '00775', 775);
INSERT INTO EX.PADECIMIENTOS(ID_PATOLOGIA, ID_PERSONA, ID_FICHA_MEDICA) VALUES
                            (12, '00775', 775);
INSERT INTO EX.PADECIMIENTOS(ID_PATOLOGIA, ID_PERSONA, ID_FICHA_MEDICA) VALUES
                            (13, '00775', 775);
INSERT INTO EX.PERSONA(DOC_IDENTIDAD, NOMBRE, NOMBRE1, APELLIDO, APELLIDO1, FECHA_NAC, GENERO, FOTO) VALUES
                  ('00776', 'Travis', 'Adrian', 'Luna', 'George', TO_DATE('1980-07-13','YYYY-MM-DD'), 'm', NULL);
INSERT INTO EX.HISTORICO_RESIDENCIA(FECHA_INICIO, ID_LUGAR, ID_PERSONA, FECHA_FIN) VALUES
                  (TO_DATE('2014-01-05','YYYY-MM-DD'), 19, '00776', NULL);
INSERT INTO EX.FICHA_MEDICA(ID, ID_PERSONA, ID_CENTRO_SALUD, ID_LUGAR, ESTADO, FECHA_INFECCION, FECHA_RECUPERACION) VALUES
                                             (776, '00776', 4, 19, 'desconido', NULL, NULL);
INSERT INTO EX.PADECIMIENTOS(ID_PATOLOGIA, ID_PERSONA, ID_FICHA_MEDICA) VALUES
                            (1, '00776', 776);
INSERT INTO EX.PADECIMIENTOS(ID_PATOLOGIA, ID_PERSONA, ID_FICHA_MEDICA) VALUES
                            (2, '00776', 776);
INSERT INTO EX.PADECIMIENTOS(ID_PATOLOGIA, ID_PERSONA, ID_FICHA_MEDICA) VALUES
                            (3, '00776', 776);
INSERT INTO EX.PADECIMIENTOS(ID_PATOLOGIA, ID_PERSONA, ID_FICHA_MEDICA) VALUES
                            (4, '00776', 776);
INSERT INTO EX.PADECIMIENTOS(ID_PATOLOGIA, ID_PERSONA, ID_FICHA_MEDICA) VALUES
                            (5, '00776', 776);
INSERT INTO EX.PADECIMIENTOS(ID_PATOLOGIA, ID_PERSONA, ID_FICHA_MEDICA) VALUES
                            (6, '00776', 776);
INSERT INTO EX.PADECIMIENTOS(ID_PATOLOGIA, ID_PERSONA, ID_FICHA_MEDICA) VALUES
                            (7, '00776', 776);
INSERT INTO EX.PADECIMIENTOS(ID_PATOLOGIA, ID_PERSONA, ID_FICHA_MEDICA) VALUES
                            (8, '00776', 776);
INSERT INTO EX.PADECIMIENTOS(ID_PATOLOGIA, ID_PERSONA, ID_FICHA_MEDICA) VALUES
                            (9, '00776', 776);
INSERT INTO EX.PADECIMIENTOS(ID_PATOLOGIA, ID_PERSONA, ID_FICHA_MEDICA) VALUES
                            (10, '00776', 776);
INSERT INTO EX.SINTOMAS(FECHA_INICIO, ID_SINTOMA, ID_PERSONA, ID_FICHA_MEDICA) VALUES
                            (TO_DATE('2020-02-16','YYYY-MM-DD'), 1, '00776', 776);
INSERT INTO EX.SINTOMAS(FECHA_INICIO, ID_SINTOMA, ID_PERSONA, ID_FICHA_MEDICA) VALUES
                            (TO_DATE('2020-01-29','YYYY-MM-DD'), 2, '00776', 776);
INSERT INTO EX.SINTOMAS(FECHA_INICIO, ID_SINTOMA, ID_PERSONA, ID_FICHA_MEDICA) VALUES
                            (TO_DATE('2020-03-17','YYYY-MM-DD'), 3, '00776', 776);
INSERT INTO EX.SINTOMAS(FECHA_INICIO, ID_SINTOMA, ID_PERSONA, ID_FICHA_MEDICA) VALUES
                            (TO_DATE('2020-05-02','YYYY-MM-DD'), 4, '00776', 776);
INSERT INTO EX.SINTOMAS(FECHA_INICIO, ID_SINTOMA, ID_PERSONA, ID_FICHA_MEDICA) VALUES
                            (TO_DATE('2020-04-11','YYYY-MM-DD'), 5, '00776', 776);
INSERT INTO EX.SINTOMAS(FECHA_INICIO, ID_SINTOMA, ID_PERSONA, ID_FICHA_MEDICA) VALUES
                            (TO_DATE('2020-02-07','YYYY-MM-DD'), 6, '00776', 776);
INSERT INTO EX.SINTOMAS(FECHA_INICIO, ID_SINTOMA, ID_PERSONA, ID_FICHA_MEDICA) VALUES
                            (TO_DATE('2020-01-04','YYYY-MM-DD'), 7, '00776', 776);
INSERT INTO EX.SINTOMAS(FECHA_INICIO, ID_SINTOMA, ID_PERSONA, ID_FICHA_MEDICA) VALUES
                            (TO_DATE('2020-04-09','YYYY-MM-DD'), 8, '00776', 776);
INSERT INTO EX.SINTOMAS(FECHA_INICIO, ID_SINTOMA, ID_PERSONA, ID_FICHA_MEDICA) VALUES
                            (TO_DATE('2020-06-05','YYYY-MM-DD'), 9, '00776', 776);
INSERT INTO EX.SINTOMAS(FECHA_INICIO, ID_SINTOMA, ID_PERSONA, ID_FICHA_MEDICA) VALUES
                            (TO_DATE('2020-01-10','YYYY-MM-DD'), 10, '00776', 776);
INSERT INTO EX.SINTOMAS(FECHA_INICIO, ID_SINTOMA, ID_PERSONA, ID_FICHA_MEDICA) VALUES
                            (TO_DATE('2020-02-08','YYYY-MM-DD'), 11, '00776', 776);
INSERT INTO EX.SINTOMAS(FECHA_INICIO, ID_SINTOMA, ID_PERSONA, ID_FICHA_MEDICA) VALUES
                            (TO_DATE('2020-03-03','YYYY-MM-DD'), 12, '00776', 776);
INSERT INTO EX.SINTOMAS(FECHA_INICIO, ID_SINTOMA, ID_PERSONA, ID_FICHA_MEDICA) VALUES
                            (TO_DATE('2020-06-14','YYYY-MM-DD'), 13, '00776', 776);
INSERT INTO EX.SINTOMAS(FECHA_INICIO, ID_SINTOMA, ID_PERSONA, ID_FICHA_MEDICA) VALUES
                            (TO_DATE('2020-01-25','YYYY-MM-DD'), 14, '00776', 776);
INSERT INTO EX.SINTOMAS(FECHA_INICIO, ID_SINTOMA, ID_PERSONA, ID_FICHA_MEDICA) VALUES
                            (TO_DATE('2020-02-19','YYYY-MM-DD'), 15, '00776', 776);
INSERT INTO EX.SINTOMAS(FECHA_INICIO, ID_SINTOMA, ID_PERSONA, ID_FICHA_MEDICA) VALUES
                            (TO_DATE('2020-05-30','YYYY-MM-DD'), 16, '00776', 776);
INSERT INTO EX.SINTOMAS(FECHA_INICIO, ID_SINTOMA, ID_PERSONA, ID_FICHA_MEDICA) VALUES
                            (TO_DATE('2020-06-09','YYYY-MM-DD'), 17, '00776', 776);
INSERT INTO EX.SINTOMAS(FECHA_INICIO, ID_SINTOMA, ID_PERSONA, ID_FICHA_MEDICA) VALUES
                            (TO_DATE('2020-04-26','YYYY-MM-DD'), 18, '00776', 776);
INSERT INTO EX.SINTOMAS(FECHA_INICIO, ID_SINTOMA, ID_PERSONA, ID_FICHA_MEDICA) VALUES
                            (TO_DATE('2020-01-18','YYYY-MM-DD'), 19, '00776', 776);
INSERT INTO EX.PERSONA(DOC_IDENTIDAD, NOMBRE, NOMBRE1, APELLIDO, APELLIDO1, FECHA_NAC, GENERO, FOTO) VALUES
                  ('00777', 'Nathan', 'Ryan', 'Davis', 'Castro', TO_DATE('1995-12-04','YYYY-MM-DD'), 'f', NULL);
INSERT INTO EX.HISTORICO_RESIDENCIA(FECHA_INICIO, ID_LUGAR, ID_PERSONA, FECHA_FIN) VALUES
                  (TO_DATE('1990-05-29','YYYY-MM-DD'), 45, '00777', NULL);
INSERT INTO EX.FICHA_MEDICA(ID, ID_PERSONA, ID_CENTRO_SALUD, ID_LUGAR, ESTADO, FECHA_INFECCION, FECHA_RECUPERACION) VALUES
                                             (777, '00777', 30, 45, 'desconido', NULL, NULL);
INSERT INTO EX.PADECIMIENTOS(ID_PATOLOGIA, ID_PERSONA, ID_FICHA_MEDICA) VALUES
                            (1, '00777', 777);
INSERT INTO EX.PERSONA(DOC_IDENTIDAD, NOMBRE, NOMBRE1, APELLIDO, APELLIDO1, FECHA_NAC, GENERO, FOTO) VALUES
                  ('00778', 'Kenneth', 'Zachary', 'Hawkins', 'Young', TO_DATE('2015-09-05','YYYY-MM-DD'), 'm', NULL);
INSERT INTO EX.HISTORICO_RESIDENCIA(FECHA_INICIO, ID_LUGAR, ID_PERSONA, FECHA_FIN) VALUES
                  (TO_DATE('1984-01-02','YYYY-MM-DD'), 18, '00778', NULL);
INSERT INTO EX.FICHA_MEDICA(ID, ID_PERSONA, ID_CENTRO_SALUD, ID_LUGAR, ESTADO, FECHA_INFECCION, FECHA_RECUPERACION) VALUES
                                             (778, '00778', 3, 18, 'desconido', NULL, NULL);
INSERT INTO EX.PERSONA(DOC_IDENTIDAD, NOMBRE, NOMBRE1, APELLIDO, APELLIDO1, FECHA_NAC, GENERO, FOTO) VALUES
                  ('00779', 'Brett', 'Hannah', 'Ward', 'Sherman', TO_DATE('1983-12-18','YYYY-MM-DD'), 'f', NULL);
INSERT INTO EX.HISTORICO_RESIDENCIA(FECHA_INICIO, ID_LUGAR, ID_PERSONA, FECHA_FIN) VALUES
                  (TO_DATE('2008-06-05','YYYY-MM-DD'), 21, '00779', NULL);
INSERT INTO EX.FICHA_MEDICA(ID, ID_PERSONA, ID_CENTRO_SALUD, ID_LUGAR, ESTADO, FECHA_INFECCION, FECHA_RECUPERACION) VALUES
                                             (779, '00779', 6, 21, 'desconido', NULL, NULL);
INSERT INTO EX.PADECIMIENTOS(ID_PATOLOGIA, ID_PERSONA, ID_FICHA_MEDICA) VALUES
                            (1, '00779', 779);
INSERT INTO EX.PADECIMIENTOS(ID_PATOLOGIA, ID_PERSONA, ID_FICHA_MEDICA) VALUES
                            (2, '00779', 779);
INSERT INTO EX.SINTOMAS(FECHA_INICIO, ID_SINTOMA, ID_PERSONA, ID_FICHA_MEDICA) VALUES
                            (TO_DATE('2020-05-09','YYYY-MM-DD'), 1, '00779', 779);
INSERT INTO EX.SINTOMAS(FECHA_INICIO, ID_SINTOMA, ID_PERSONA, ID_FICHA_MEDICA) VALUES
                            (TO_DATE('2020-02-01','YYYY-MM-DD'), 2, '00779', 779);
INSERT INTO EX.SINTOMAS(FECHA_INICIO, ID_SINTOMA, ID_PERSONA, ID_FICHA_MEDICA) VALUES
                            (TO_DATE('2020-06-17','YYYY-MM-DD'), 3, '00779', 779);
INSERT INTO EX.SINTOMAS(FECHA_INICIO, ID_SINTOMA, ID_PERSONA, ID_FICHA_MEDICA) VALUES
                            (TO_DATE('2020-02-09','YYYY-MM-DD'), 4, '00779', 779);
INSERT INTO EX.SINTOMAS(FECHA_INICIO, ID_SINTOMA, ID_PERSONA, ID_FICHA_MEDICA) VALUES
                            (TO_DATE('2020-03-14','YYYY-MM-DD'), 5, '00779', 779);
INSERT INTO EX.SINTOMAS(FECHA_INICIO, ID_SINTOMA, ID_PERSONA, ID_FICHA_MEDICA) VALUES
                            (TO_DATE('2020-01-13','YYYY-MM-DD'), 6, '00779', 779);
INSERT INTO EX.SINTOMAS(FECHA_INICIO, ID_SINTOMA, ID_PERSONA, ID_FICHA_MEDICA) VALUES
                            (TO_DATE('2020-06-20','YYYY-MM-DD'), 7, '00779', 779);
INSERT INTO EX.SINTOMAS(FECHA_INICIO, ID_SINTOMA, ID_PERSONA, ID_FICHA_MEDICA) VALUES
                            (TO_DATE('2020-02-05','YYYY-MM-DD'), 8, '00779', 779);
INSERT INTO EX.SINTOMAS(FECHA_INICIO, ID_SINTOMA, ID_PERSONA, ID_FICHA_MEDICA) VALUES
                            (TO_DATE('2020-02-03','YYYY-MM-DD'), 9, '00779', 779);
INSERT INTO EX.SINTOMAS(FECHA_INICIO, ID_SINTOMA, ID_PERSONA, ID_FICHA_MEDICA) VALUES
                            (TO_DATE('2020-02-12','YYYY-MM-DD'), 10, '00779', 779);
INSERT INTO EX.SINTOMAS(FECHA_INICIO, ID_SINTOMA, ID_PERSONA, ID_FICHA_MEDICA) VALUES
                            (TO_DATE('2020-03-27','YYYY-MM-DD'), 11, '00779', 779);
INSERT INTO EX.PERSONA(DOC_IDENTIDAD, NOMBRE, NOMBRE1, APELLIDO, APELLIDO1, FECHA_NAC, GENERO, FOTO) VALUES
                  ('00780', 'Seth', 'Vicki', 'Guerrero', 'Campbell', TO_DATE('2012-06-24','YYYY-MM-DD'), 'm', NULL);
INSERT INTO EX.HISTORICO_RESIDENCIA(FECHA_INICIO, ID_LUGAR, ID_PERSONA, FECHA_FIN) VALUES
                  (TO_DATE('2015-03-11','YYYY-MM-DD'), 25, '00780', NULL);
INSERT INTO EX.FICHA_MEDICA(ID, ID_PERSONA, ID_CENTRO_SALUD, ID_LUGAR, ESTADO, FECHA_INFECCION, FECHA_RECUPERACION) VALUES
                                             (780, '00780', 10, 25, 'desconido', NULL, NULL);
INSERT INTO EX.SINTOMAS(FECHA_INICIO, ID_SINTOMA, ID_PERSONA, ID_FICHA_MEDICA) VALUES
                            (TO_DATE('2020-02-27','YYYY-MM-DD'), 1, '00780', 780);
INSERT INTO EX.SINTOMAS(FECHA_INICIO, ID_SINTOMA, ID_PERSONA, ID_FICHA_MEDICA) VALUES
                            (TO_DATE('2020-04-29','YYYY-MM-DD'), 2, '00780', 780);
INSERT INTO EX.SINTOMAS(FECHA_INICIO, ID_SINTOMA, ID_PERSONA, ID_FICHA_MEDICA) VALUES
                            (TO_DATE('2020-02-04','YYYY-MM-DD'), 3, '00780', 780);
INSERT INTO EX.SINTOMAS(FECHA_INICIO, ID_SINTOMA, ID_PERSONA, ID_FICHA_MEDICA) VALUES
                            (TO_DATE('2020-03-07','YYYY-MM-DD'), 4, '00780', 780);
INSERT INTO EX.SINTOMAS(FECHA_INICIO, ID_SINTOMA, ID_PERSONA, ID_FICHA_MEDICA) VALUES
                            (TO_DATE('2020-05-05','YYYY-MM-DD'), 5, '00780', 780);
INSERT INTO EX.SINTOMAS(FECHA_INICIO, ID_SINTOMA, ID_PERSONA, ID_FICHA_MEDICA) VALUES
                            (TO_DATE('2020-05-03','YYYY-MM-DD'), 6, '00780', 780);
INSERT INTO EX.SINTOMAS(FECHA_INICIO, ID_SINTOMA, ID_PERSONA, ID_FICHA_MEDICA) VALUES
                            (TO_DATE('2020-01-21','YYYY-MM-DD'), 7, '00780', 780);
INSERT INTO EX.SINTOMAS(FECHA_INICIO, ID_SINTOMA, ID_PERSONA, ID_FICHA_MEDICA) VALUES
                            (TO_DATE('2020-05-30','YYYY-MM-DD'), 8, '00780', 780);
INSERT INTO EX.SINTOMAS(FECHA_INICIO, ID_SINTOMA, ID_PERSONA, ID_FICHA_MEDICA) VALUES
                            (TO_DATE('2020-03-23','YYYY-MM-DD'), 9, '00780', 780);
INSERT INTO EX.SINTOMAS(FECHA_INICIO, ID_SINTOMA, ID_PERSONA, ID_FICHA_MEDICA) VALUES
                            (TO_DATE('2020-03-17','YYYY-MM-DD'), 10, '00780', 780);
INSERT INTO EX.SINTOMAS(FECHA_INICIO, ID_SINTOMA, ID_PERSONA, ID_FICHA_MEDICA) VALUES
                            (TO_DATE('2020-04-24','YYYY-MM-DD'), 11, '00780', 780);
INSERT INTO EX.SINTOMAS(FECHA_INICIO, ID_SINTOMA, ID_PERSONA, ID_FICHA_MEDICA) VALUES
                            (TO_DATE('2020-05-25','YYYY-MM-DD'), 12, '00780', 780);
INSERT INTO EX.SINTOMAS(FECHA_INICIO, ID_SINTOMA, ID_PERSONA, ID_FICHA_MEDICA) VALUES
                            (TO_DATE('2020-04-11','YYYY-MM-DD'), 13, '00780', 780);
INSERT INTO EX.SINTOMAS(FECHA_INICIO, ID_SINTOMA, ID_PERSONA, ID_FICHA_MEDICA) VALUES
                            (TO_DATE('2020-05-29','YYYY-MM-DD'), 14, '00780', 780);
INSERT INTO EX.SINTOMAS(FECHA_INICIO, ID_SINTOMA, ID_PERSONA, ID_FICHA_MEDICA) VALUES
                            (TO_DATE('2020-05-31','YYYY-MM-DD'), 15, '00780', 780);
INSERT INTO EX.SINTOMAS(FECHA_INICIO, ID_SINTOMA, ID_PERSONA, ID_FICHA_MEDICA) VALUES
                            (TO_DATE('2020-01-02','YYYY-MM-DD'), 16, '00780', 780);
INSERT INTO EX.PERSONA(DOC_IDENTIDAD, NOMBRE, NOMBRE1, APELLIDO, APELLIDO1, FECHA_NAC, GENERO, FOTO) VALUES
                  ('00781', 'Joseph', 'Erin', 'Patel', 'Martin', TO_DATE('2002-02-04','YYYY-MM-DD'), 'f', NULL);
INSERT INTO EX.HISTORICO_RESIDENCIA(FECHA_INICIO, ID_LUGAR, ID_PERSONA, FECHA_FIN) VALUES
                  (TO_DATE('1986-01-20','YYYY-MM-DD'), 33, '00781', NULL);
INSERT INTO EX.FICHA_MEDICA(ID, ID_PERSONA, ID_CENTRO_SALUD, ID_LUGAR, ESTADO, FECHA_INFECCION, FECHA_RECUPERACION) VALUES
                                             (781, '00781', 18, 33, 'desconido', NULL, NULL);
INSERT INTO EX.PERSONA(DOC_IDENTIDAD, NOMBRE, NOMBRE1, APELLIDO, APELLIDO1, FECHA_NAC, GENERO, FOTO) VALUES
                  ('00782', 'Tyler', 'Samuel', 'Bryant', 'Durham', TO_DATE('1993-05-01','YYYY-MM-DD'), 'm', NULL);
INSERT INTO EX.HISTORICO_RESIDENCIA(FECHA_INICIO, ID_LUGAR, ID_PERSONA, FECHA_FIN) VALUES
                  (TO_DATE('2018-09-04','YYYY-MM-DD'), 29, '00782', NULL);
INSERT INTO EX.FICHA_MEDICA(ID, ID_PERSONA, ID_CENTRO_SALUD, ID_LUGAR, ESTADO, FECHA_INFECCION, FECHA_RECUPERACION) VALUES
                                             (782, '00782', 14, 29, 'desconido', NULL, NULL);
INSERT INTO EX.PADECIMIENTOS(ID_PATOLOGIA, ID_PERSONA, ID_FICHA_MEDICA) VALUES
                            (1, '00782', 782);
INSERT INTO EX.PADECIMIENTOS(ID_PATOLOGIA, ID_PERSONA, ID_FICHA_MEDICA) VALUES
                            (2, '00782', 782);
INSERT INTO EX.PADECIMIENTOS(ID_PATOLOGIA, ID_PERSONA, ID_FICHA_MEDICA) VALUES
                            (3, '00782', 782);
INSERT INTO EX.PADECIMIENTOS(ID_PATOLOGIA, ID_PERSONA, ID_FICHA_MEDICA) VALUES
                            (4, '00782', 782);
INSERT INTO EX.PADECIMIENTOS(ID_PATOLOGIA, ID_PERSONA, ID_FICHA_MEDICA) VALUES
                            (5, '00782', 782);
INSERT INTO EX.PADECIMIENTOS(ID_PATOLOGIA, ID_PERSONA, ID_FICHA_MEDICA) VALUES
                            (6, '00782', 782);
INSERT INTO EX.PADECIMIENTOS(ID_PATOLOGIA, ID_PERSONA, ID_FICHA_MEDICA) VALUES
                            (7, '00782', 782);
INSERT INTO EX.PADECIMIENTOS(ID_PATOLOGIA, ID_PERSONA, ID_FICHA_MEDICA) VALUES
                            (8, '00782', 782);
INSERT INTO EX.SINTOMAS(FECHA_INICIO, ID_SINTOMA, ID_PERSONA, ID_FICHA_MEDICA) VALUES
                            (TO_DATE('2020-05-02','YYYY-MM-DD'), 1, '00782', 782);
INSERT INTO EX.SINTOMAS(FECHA_INICIO, ID_SINTOMA, ID_PERSONA, ID_FICHA_MEDICA) VALUES
                            (TO_DATE('2020-03-22','YYYY-MM-DD'), 2, '00782', 782);
INSERT INTO EX.SINTOMAS(FECHA_INICIO, ID_SINTOMA, ID_PERSONA, ID_FICHA_MEDICA) VALUES
                            (TO_DATE('2020-06-27','YYYY-MM-DD'), 3, '00782', 782);
INSERT INTO EX.SINTOMAS(FECHA_INICIO, ID_SINTOMA, ID_PERSONA, ID_FICHA_MEDICA) VALUES
                            (TO_DATE('2020-06-12','YYYY-MM-DD'), 4, '00782', 782);
INSERT INTO EX.SINTOMAS(FECHA_INICIO, ID_SINTOMA, ID_PERSONA, ID_FICHA_MEDICA) VALUES
                            (TO_DATE('2020-03-05','YYYY-MM-DD'), 5, '00782', 782);
INSERT INTO EX.SINTOMAS(FECHA_INICIO, ID_SINTOMA, ID_PERSONA, ID_FICHA_MEDICA) VALUES
                            (TO_DATE('2020-06-25','YYYY-MM-DD'), 6, '00782', 782);
INSERT INTO EX.SINTOMAS(FECHA_INICIO, ID_SINTOMA, ID_PERSONA, ID_FICHA_MEDICA) VALUES
                            (TO_DATE('2020-01-28','YYYY-MM-DD'), 7, '00782', 782);
INSERT INTO EX.SINTOMAS(FECHA_INICIO, ID_SINTOMA, ID_PERSONA, ID_FICHA_MEDICA) VALUES
                            (TO_DATE('2020-04-26','YYYY-MM-DD'), 8, '00782', 782);
INSERT INTO EX.PERSONA(DOC_IDENTIDAD, NOMBRE, NOMBRE1, APELLIDO, APELLIDO1, FECHA_NAC, GENERO, FOTO) VALUES
                  ('00783', 'Elizabeth', 'Abigail', 'Wilson', 'Graham', TO_DATE('1980-06-21','YYYY-MM-DD'), 'f', NULL);
INSERT INTO EX.HISTORICO_RESIDENCIA(FECHA_INICIO, ID_LUGAR, ID_PERSONA, FECHA_FIN) VALUES
                  (TO_DATE('1995-09-24','YYYY-MM-DD'), 23, '00783', NULL);
INSERT INTO EX.FICHA_MEDICA(ID, ID_PERSONA, ID_CENTRO_SALUD, ID_LUGAR, ESTADO, FECHA_INFECCION, FECHA_RECUPERACION) VALUES
                                             (783, '00783', 8, 23, 'desconido', NULL, NULL);
INSERT INTO EX.PADECIMIENTOS(ID_PATOLOGIA, ID_PERSONA, ID_FICHA_MEDICA) VALUES
                            (1, '00783', 783);
INSERT INTO EX.PADECIMIENTOS(ID_PATOLOGIA, ID_PERSONA, ID_FICHA_MEDICA) VALUES
                            (2, '00783', 783);
INSERT INTO EX.PADECIMIENTOS(ID_PATOLOGIA, ID_PERSONA, ID_FICHA_MEDICA) VALUES
                            (3, '00783', 783);
INSERT INTO EX.PADECIMIENTOS(ID_PATOLOGIA, ID_PERSONA, ID_FICHA_MEDICA) VALUES
                            (4, '00783', 783);
INSERT INTO EX.PADECIMIENTOS(ID_PATOLOGIA, ID_PERSONA, ID_FICHA_MEDICA) VALUES
                            (5, '00783', 783);
INSERT INTO EX.PADECIMIENTOS(ID_PATOLOGIA, ID_PERSONA, ID_FICHA_MEDICA) VALUES
                            (6, '00783', 783);
INSERT INTO EX.PADECIMIENTOS(ID_PATOLOGIA, ID_PERSONA, ID_FICHA_MEDICA) VALUES
                            (7, '00783', 783);
INSERT INTO EX.PADECIMIENTOS(ID_PATOLOGIA, ID_PERSONA, ID_FICHA_MEDICA) VALUES
                            (8, '00783', 783);
INSERT INTO EX.PADECIMIENTOS(ID_PATOLOGIA, ID_PERSONA, ID_FICHA_MEDICA) VALUES
                            (9, '00783', 783);
INSERT INTO EX.PADECIMIENTOS(ID_PATOLOGIA, ID_PERSONA, ID_FICHA_MEDICA) VALUES
                            (10, '00783', 783);
INSERT INTO EX.PADECIMIENTOS(ID_PATOLOGIA, ID_PERSONA, ID_FICHA_MEDICA) VALUES
                            (11, '00783', 783);
INSERT INTO EX.PERSONA(DOC_IDENTIDAD, NOMBRE, NOMBRE1, APELLIDO, APELLIDO1, FECHA_NAC, GENERO, FOTO) VALUES
                  ('00784', 'Robert', 'Patricia', 'Krueger', 'Watkins', TO_DATE('1994-05-11','YYYY-MM-DD'), 'm', NULL);
INSERT INTO EX.HISTORICO_RESIDENCIA(FECHA_INICIO, ID_LUGAR, ID_PERSONA, FECHA_FIN) VALUES
                  (TO_DATE('2008-03-21','YYYY-MM-DD'), 21, '00784', NULL);
INSERT INTO EX.FICHA_MEDICA(ID, ID_PERSONA, ID_CENTRO_SALUD, ID_LUGAR, ESTADO, FECHA_INFECCION, FECHA_RECUPERACION) VALUES
                                             (784, '00784', 6, 21, 'desconido', NULL, NULL);
INSERT INTO EX.PADECIMIENTOS(ID_PATOLOGIA, ID_PERSONA, ID_FICHA_MEDICA) VALUES
                            (1, '00784', 784);
INSERT INTO EX.PERSONA(DOC_IDENTIDAD, NOMBRE, NOMBRE1, APELLIDO, APELLIDO1, FECHA_NAC, GENERO, FOTO) VALUES
                  ('00785', 'Rachel', 'Tara', 'Beck', 'Lamb', TO_DATE('1979-03-23','YYYY-MM-DD'), 'f', NULL);
INSERT INTO EX.HISTORICO_RESIDENCIA(FECHA_INICIO, ID_LUGAR, ID_PERSONA, FECHA_FIN) VALUES
                  (TO_DATE('1979-04-21','YYYY-MM-DD'), 42, '00785', NULL);
INSERT INTO EX.FICHA_MEDICA(ID, ID_PERSONA, ID_CENTRO_SALUD, ID_LUGAR, ESTADO, FECHA_INFECCION, FECHA_RECUPERACION) VALUES
                                             (785, '00785', 27, 42, 'desconido', NULL, NULL);
INSERT INTO EX.PADECIMIENTOS(ID_PATOLOGIA, ID_PERSONA, ID_FICHA_MEDICA) VALUES
                            (1, '00785', 785);
INSERT INTO EX.PADECIMIENTOS(ID_PATOLOGIA, ID_PERSONA, ID_FICHA_MEDICA) VALUES
                            (2, '00785', 785);
INSERT INTO EX.PADECIMIENTOS(ID_PATOLOGIA, ID_PERSONA, ID_FICHA_MEDICA) VALUES
                            (3, '00785', 785);
INSERT INTO EX.PADECIMIENTOS(ID_PATOLOGIA, ID_PERSONA, ID_FICHA_MEDICA) VALUES
                            (4, '00785', 785);
INSERT INTO EX.PADECIMIENTOS(ID_PATOLOGIA, ID_PERSONA, ID_FICHA_MEDICA) VALUES
                            (5, '00785', 785);
INSERT INTO EX.SINTOMAS(FECHA_INICIO, ID_SINTOMA, ID_PERSONA, ID_FICHA_MEDICA) VALUES
                            (TO_DATE('2020-01-23','YYYY-MM-DD'), 1, '00785', 785);
INSERT INTO EX.SINTOMAS(FECHA_INICIO, ID_SINTOMA, ID_PERSONA, ID_FICHA_MEDICA) VALUES
                            (TO_DATE('2020-05-22','YYYY-MM-DD'), 2, '00785', 785);
INSERT INTO EX.PERSONA(DOC_IDENTIDAD, NOMBRE, NOMBRE1, APELLIDO, APELLIDO1, FECHA_NAC, GENERO, FOTO) VALUES
                  ('00786', 'Richard', 'Cathy', 'Gonzalez', 'French', TO_DATE('1977-07-16','YYYY-MM-DD'), 'm', NULL);
INSERT INTO EX.HISTORICO_RESIDENCIA(FECHA_INICIO, ID_LUGAR, ID_PERSONA, FECHA_FIN) VALUES
                  (TO_DATE('1984-02-07','YYYY-MM-DD'), 28, '00786', NULL);
INSERT INTO EX.FICHA_MEDICA(ID, ID_PERSONA, ID_CENTRO_SALUD, ID_LUGAR, ESTADO, FECHA_INFECCION, FECHA_RECUPERACION) VALUES
                                             (786, '00786', 13, 28, 'desconido', NULL, NULL);
INSERT INTO EX.PADECIMIENTOS(ID_PATOLOGIA, ID_PERSONA, ID_FICHA_MEDICA) VALUES
                            (1, '00786', 786);
INSERT INTO EX.PADECIMIENTOS(ID_PATOLOGIA, ID_PERSONA, ID_FICHA_MEDICA) VALUES
                            (2, '00786', 786);
INSERT INTO EX.PADECIMIENTOS(ID_PATOLOGIA, ID_PERSONA, ID_FICHA_MEDICA) VALUES
                            (3, '00786', 786);
INSERT INTO EX.PADECIMIENTOS(ID_PATOLOGIA, ID_PERSONA, ID_FICHA_MEDICA) VALUES
                            (4, '00786', 786);
INSERT INTO EX.PADECIMIENTOS(ID_PATOLOGIA, ID_PERSONA, ID_FICHA_MEDICA) VALUES
                            (5, '00786', 786);
INSERT INTO EX.PADECIMIENTOS(ID_PATOLOGIA, ID_PERSONA, ID_FICHA_MEDICA) VALUES
                            (6, '00786', 786);
INSERT INTO EX.PADECIMIENTOS(ID_PATOLOGIA, ID_PERSONA, ID_FICHA_MEDICA) VALUES
                            (7, '00786', 786);
INSERT INTO EX.PADECIMIENTOS(ID_PATOLOGIA, ID_PERSONA, ID_FICHA_MEDICA) VALUES
                            (8, '00786', 786);
INSERT INTO EX.PADECIMIENTOS(ID_PATOLOGIA, ID_PERSONA, ID_FICHA_MEDICA) VALUES
                            (9, '00786', 786);
INSERT INTO EX.PADECIMIENTOS(ID_PATOLOGIA, ID_PERSONA, ID_FICHA_MEDICA) VALUES
                            (10, '00786', 786);
INSERT INTO EX.PERSONA(DOC_IDENTIDAD, NOMBRE, NOMBRE1, APELLIDO, APELLIDO1, FECHA_NAC, GENERO, FOTO) VALUES
                  ('00787', 'Brandy', 'Rebecca', 'Allen', 'Mccormick', TO_DATE('2001-09-08','YYYY-MM-DD'), 'f', NULL);
INSERT INTO EX.HISTORICO_RESIDENCIA(FECHA_INICIO, ID_LUGAR, ID_PERSONA, FECHA_FIN) VALUES
                  (TO_DATE('1994-10-25','YYYY-MM-DD'), 32, '00787', NULL);
INSERT INTO EX.FICHA_MEDICA(ID, ID_PERSONA, ID_CENTRO_SALUD, ID_LUGAR, ESTADO, FECHA_INFECCION, FECHA_RECUPERACION) VALUES
                                             (787, '00787', 17, 32, 'desconido', NULL, NULL);
INSERT INTO EX.PADECIMIENTOS(ID_PATOLOGIA, ID_PERSONA, ID_FICHA_MEDICA) VALUES
                            (1, '00787', 787);
INSERT INTO EX.PADECIMIENTOS(ID_PATOLOGIA, ID_PERSONA, ID_FICHA_MEDICA) VALUES
                            (2, '00787', 787);
INSERT INTO EX.PADECIMIENTOS(ID_PATOLOGIA, ID_PERSONA, ID_FICHA_MEDICA) VALUES
                            (3, '00787', 787);
INSERT INTO EX.PADECIMIENTOS(ID_PATOLOGIA, ID_PERSONA, ID_FICHA_MEDICA) VALUES
                            (4, '00787', 787);
INSERT INTO EX.PADECIMIENTOS(ID_PATOLOGIA, ID_PERSONA, ID_FICHA_MEDICA) VALUES
                            (5, '00787', 787);
INSERT INTO EX.PADECIMIENTOS(ID_PATOLOGIA, ID_PERSONA, ID_FICHA_MEDICA) VALUES
                            (6, '00787', 787);
INSERT INTO EX.PADECIMIENTOS(ID_PATOLOGIA, ID_PERSONA, ID_FICHA_MEDICA) VALUES
                            (7, '00787', 787);
INSERT INTO EX.PADECIMIENTOS(ID_PATOLOGIA, ID_PERSONA, ID_FICHA_MEDICA) VALUES
                            (8, '00787', 787);
INSERT INTO EX.PADECIMIENTOS(ID_PATOLOGIA, ID_PERSONA, ID_FICHA_MEDICA) VALUES
                            (9, '00787', 787);
INSERT INTO EX.PADECIMIENTOS(ID_PATOLOGIA, ID_PERSONA, ID_FICHA_MEDICA) VALUES
                            (10, '00787', 787);
INSERT INTO EX.PADECIMIENTOS(ID_PATOLOGIA, ID_PERSONA, ID_FICHA_MEDICA) VALUES
                            (11, '00787', 787);
INSERT INTO EX.PADECIMIENTOS(ID_PATOLOGIA, ID_PERSONA, ID_FICHA_MEDICA) VALUES
                            (12, '00787', 787);
INSERT INTO EX.PADECIMIENTOS(ID_PATOLOGIA, ID_PERSONA, ID_FICHA_MEDICA) VALUES
                            (13, '00787', 787);
INSERT INTO EX.PADECIMIENTOS(ID_PATOLOGIA, ID_PERSONA, ID_FICHA_MEDICA) VALUES
                            (14, '00787', 787);
INSERT INTO EX.PADECIMIENTOS(ID_PATOLOGIA, ID_PERSONA, ID_FICHA_MEDICA) VALUES
                            (15, '00787', 787);
INSERT INTO EX.PERSONA(DOC_IDENTIDAD, NOMBRE, NOMBRE1, APELLIDO, APELLIDO1, FECHA_NAC, GENERO, FOTO) VALUES
                  ('00788', 'Edwin', 'Darren', 'Robinson', 'Hill', TO_DATE('1970-08-11','YYYY-MM-DD'), 'm', NULL);
INSERT INTO EX.HISTORICO_RESIDENCIA(FECHA_INICIO, ID_LUGAR, ID_PERSONA, FECHA_FIN) VALUES
                  (TO_DATE('2006-10-26','YYYY-MM-DD'), 39, '00788', NULL);
INSERT INTO EX.FICHA_MEDICA(ID, ID_PERSONA, ID_CENTRO_SALUD, ID_LUGAR, ESTADO, FECHA_INFECCION, FECHA_RECUPERACION) VALUES
                                             (788, '00788', 24, 39, 'desconido', NULL, NULL);
INSERT INTO EX.SINTOMAS(FECHA_INICIO, ID_SINTOMA, ID_PERSONA, ID_FICHA_MEDICA) VALUES
                            (TO_DATE('2020-02-02','YYYY-MM-DD'), 1, '00788', 788);
INSERT INTO EX.SINTOMAS(FECHA_INICIO, ID_SINTOMA, ID_PERSONA, ID_FICHA_MEDICA) VALUES
                            (TO_DATE('2020-01-28','YYYY-MM-DD'), 2, '00788', 788);
INSERT INTO EX.SINTOMAS(FECHA_INICIO, ID_SINTOMA, ID_PERSONA, ID_FICHA_MEDICA) VALUES
                            (TO_DATE('2020-03-22','YYYY-MM-DD'), 3, '00788', 788);
INSERT INTO EX.SINTOMAS(FECHA_INICIO, ID_SINTOMA, ID_PERSONA, ID_FICHA_MEDICA) VALUES
                            (TO_DATE('2020-02-09','YYYY-MM-DD'), 4, '00788', 788);
INSERT INTO EX.SINTOMAS(FECHA_INICIO, ID_SINTOMA, ID_PERSONA, ID_FICHA_MEDICA) VALUES
                            (TO_DATE('2020-04-05','YYYY-MM-DD'), 5, '00788', 788);
INSERT INTO EX.PERSONA(DOC_IDENTIDAD, NOMBRE, NOMBRE1, APELLIDO, APELLIDO1, FECHA_NAC, GENERO, FOTO) VALUES
                  ('00789', 'Janice', 'Christine', 'Roberts', 'Wilson', TO_DATE('1977-05-08','YYYY-MM-DD'), 'f', NULL);
INSERT INTO EX.HISTORICO_RESIDENCIA(FECHA_INICIO, ID_LUGAR, ID_PERSONA, FECHA_FIN) VALUES
                  (TO_DATE('1976-10-08','YYYY-MM-DD'), 43, '00789', NULL);
INSERT INTO EX.FICHA_MEDICA(ID, ID_PERSONA, ID_CENTRO_SALUD, ID_LUGAR, ESTADO, FECHA_INFECCION, FECHA_RECUPERACION) VALUES
                                             (789, '00789', 28, 43, 'desconido', NULL, NULL);
INSERT INTO EX.PADECIMIENTOS(ID_PATOLOGIA, ID_PERSONA, ID_FICHA_MEDICA) VALUES
                            (1, '00789', 789);
INSERT INTO EX.PADECIMIENTOS(ID_PATOLOGIA, ID_PERSONA, ID_FICHA_MEDICA) VALUES
                            (2, '00789', 789);
INSERT INTO EX.PADECIMIENTOS(ID_PATOLOGIA, ID_PERSONA, ID_FICHA_MEDICA) VALUES
                            (3, '00789', 789);
INSERT INTO EX.PADECIMIENTOS(ID_PATOLOGIA, ID_PERSONA, ID_FICHA_MEDICA) VALUES
                            (4, '00789', 789);
INSERT INTO EX.PADECIMIENTOS(ID_PATOLOGIA, ID_PERSONA, ID_FICHA_MEDICA) VALUES
                            (5, '00789', 789);
INSERT INTO EX.PADECIMIENTOS(ID_PATOLOGIA, ID_PERSONA, ID_FICHA_MEDICA) VALUES
                            (6, '00789', 789);
INSERT INTO EX.PADECIMIENTOS(ID_PATOLOGIA, ID_PERSONA, ID_FICHA_MEDICA) VALUES
                            (7, '00789', 789);
INSERT INTO EX.PADECIMIENTOS(ID_PATOLOGIA, ID_PERSONA, ID_FICHA_MEDICA) VALUES
                            (8, '00789', 789);
INSERT INTO EX.PADECIMIENTOS(ID_PATOLOGIA, ID_PERSONA, ID_FICHA_MEDICA) VALUES
                            (9, '00789', 789);
INSERT INTO EX.PERSONA(DOC_IDENTIDAD, NOMBRE, NOMBRE1, APELLIDO, APELLIDO1, FECHA_NAC, GENERO, FOTO) VALUES
                  ('00790', 'Lisa', 'Frank', 'Mitchell', 'Church', TO_DATE('2014-01-11','YYYY-MM-DD'), 'm', NULL);
INSERT INTO EX.HISTORICO_RESIDENCIA(FECHA_INICIO, ID_LUGAR, ID_PERSONA, FECHA_FIN) VALUES
                  (TO_DATE('1979-05-02','YYYY-MM-DD'), 30, '00790', NULL);
INSERT INTO EX.FICHA_MEDICA(ID, ID_PERSONA, ID_CENTRO_SALUD, ID_LUGAR, ESTADO, FECHA_INFECCION, FECHA_RECUPERACION) VALUES
                                             (790, '00790', 15, 30, 'desconido', NULL, NULL);
INSERT INTO EX.SINTOMAS(FECHA_INICIO, ID_SINTOMA, ID_PERSONA, ID_FICHA_MEDICA) VALUES
                            (TO_DATE('2020-02-02','YYYY-MM-DD'), 1, '00790', 790);
INSERT INTO EX.SINTOMAS(FECHA_INICIO, ID_SINTOMA, ID_PERSONA, ID_FICHA_MEDICA) VALUES
                            (TO_DATE('2020-04-23','YYYY-MM-DD'), 2, '00790', 790);
INSERT INTO EX.SINTOMAS(FECHA_INICIO, ID_SINTOMA, ID_PERSONA, ID_FICHA_MEDICA) VALUES
                            (TO_DATE('2020-04-01','YYYY-MM-DD'), 3, '00790', 790);
INSERT INTO EX.SINTOMAS(FECHA_INICIO, ID_SINTOMA, ID_PERSONA, ID_FICHA_MEDICA) VALUES
                            (TO_DATE('2020-02-02','YYYY-MM-DD'), 4, '00790', 790);
INSERT INTO EX.SINTOMAS(FECHA_INICIO, ID_SINTOMA, ID_PERSONA, ID_FICHA_MEDICA) VALUES
                            (TO_DATE('2020-01-12','YYYY-MM-DD'), 5, '00790', 790);
INSERT INTO EX.PERSONA(DOC_IDENTIDAD, NOMBRE, NOMBRE1, APELLIDO, APELLIDO1, FECHA_NAC, GENERO, FOTO) VALUES
                  ('00791', 'Matthew', 'Cindy', 'Cooper', 'Chavez', TO_DATE('1974-04-14','YYYY-MM-DD'), 'f', NULL);
INSERT INTO EX.HISTORICO_RESIDENCIA(FECHA_INICIO, ID_LUGAR, ID_PERSONA, FECHA_FIN) VALUES
                  (TO_DATE('2013-06-26','YYYY-MM-DD'), 23, '00791', NULL);
INSERT INTO EX.FICHA_MEDICA(ID, ID_PERSONA, ID_CENTRO_SALUD, ID_LUGAR, ESTADO, FECHA_INFECCION, FECHA_RECUPERACION) VALUES
                                             (791, '00791', 8, 23, 'desconido', NULL, NULL);
INSERT INTO EX.SINTOMAS(FECHA_INICIO, ID_SINTOMA, ID_PERSONA, ID_FICHA_MEDICA) VALUES
                            (TO_DATE('2020-03-26','YYYY-MM-DD'), 1, '00791', 791);
INSERT INTO EX.SINTOMAS(FECHA_INICIO, ID_SINTOMA, ID_PERSONA, ID_FICHA_MEDICA) VALUES
                            (TO_DATE('2020-04-26','YYYY-MM-DD'), 2, '00791', 791);
INSERT INTO EX.SINTOMAS(FECHA_INICIO, ID_SINTOMA, ID_PERSONA, ID_FICHA_MEDICA) VALUES
                            (TO_DATE('2020-04-03','YYYY-MM-DD'), 3, '00791', 791);
INSERT INTO EX.SINTOMAS(FECHA_INICIO, ID_SINTOMA, ID_PERSONA, ID_FICHA_MEDICA) VALUES
                            (TO_DATE('2020-02-06','YYYY-MM-DD'), 4, '00791', 791);
INSERT INTO EX.SINTOMAS(FECHA_INICIO, ID_SINTOMA, ID_PERSONA, ID_FICHA_MEDICA) VALUES
                            (TO_DATE('2020-04-01','YYYY-MM-DD'), 5, '00791', 791);
INSERT INTO EX.SINTOMAS(FECHA_INICIO, ID_SINTOMA, ID_PERSONA, ID_FICHA_MEDICA) VALUES
                            (TO_DATE('2020-02-15','YYYY-MM-DD'), 6, '00791', 791);
INSERT INTO EX.SINTOMAS(FECHA_INICIO, ID_SINTOMA, ID_PERSONA, ID_FICHA_MEDICA) VALUES
                            (TO_DATE('2020-01-16','YYYY-MM-DD'), 7, '00791', 791);
INSERT INTO EX.SINTOMAS(FECHA_INICIO, ID_SINTOMA, ID_PERSONA, ID_FICHA_MEDICA) VALUES
                            (TO_DATE('2020-03-17','YYYY-MM-DD'), 8, '00791', 791);
INSERT INTO EX.PERSONA(DOC_IDENTIDAD, NOMBRE, NOMBRE1, APELLIDO, APELLIDO1, FECHA_NAC, GENERO, FOTO) VALUES
                  ('00792', 'Kimberly', 'Angela', 'Smith', 'Grimes', TO_DATE('1999-02-19','YYYY-MM-DD'), 'm', NULL);
INSERT INTO EX.HISTORICO_RESIDENCIA(FECHA_INICIO, ID_LUGAR, ID_PERSONA, FECHA_FIN) VALUES
                  (TO_DATE('1985-01-10','YYYY-MM-DD'), 21, '00792', NULL);
INSERT INTO EX.FICHA_MEDICA(ID, ID_PERSONA, ID_CENTRO_SALUD, ID_LUGAR, ESTADO, FECHA_INFECCION, FECHA_RECUPERACION) VALUES
                                             (792, '00792', 6, 21, 'desconido', NULL, NULL);
INSERT INTO EX.PADECIMIENTOS(ID_PATOLOGIA, ID_PERSONA, ID_FICHA_MEDICA) VALUES
                            (1, '00792', 792);
INSERT INTO EX.PERSONA(DOC_IDENTIDAD, NOMBRE, NOMBRE1, APELLIDO, APELLIDO1, FECHA_NAC, GENERO, FOTO) VALUES
                  ('00793', 'Samantha', 'Janet', 'Eaton', 'Kirk', TO_DATE('1970-09-30','YYYY-MM-DD'), 'f', NULL);
INSERT INTO EX.HISTORICO_RESIDENCIA(FECHA_INICIO, ID_LUGAR, ID_PERSONA, FECHA_FIN) VALUES
                  (TO_DATE('1974-08-24','YYYY-MM-DD'), 44, '00793', NULL);
INSERT INTO EX.FICHA_MEDICA(ID, ID_PERSONA, ID_CENTRO_SALUD, ID_LUGAR, ESTADO, FECHA_INFECCION, FECHA_RECUPERACION) VALUES
                                             (793, '00793', 29, 44, 'desconido', NULL, NULL);
INSERT INTO EX.PADECIMIENTOS(ID_PATOLOGIA, ID_PERSONA, ID_FICHA_MEDICA) VALUES
                            (1, '00793', 793);
INSERT INTO EX.PADECIMIENTOS(ID_PATOLOGIA, ID_PERSONA, ID_FICHA_MEDICA) VALUES
                            (2, '00793', 793);
INSERT INTO EX.PADECIMIENTOS(ID_PATOLOGIA, ID_PERSONA, ID_FICHA_MEDICA) VALUES
                            (3, '00793', 793);
INSERT INTO EX.PADECIMIENTOS(ID_PATOLOGIA, ID_PERSONA, ID_FICHA_MEDICA) VALUES
                            (4, '00793', 793);
INSERT INTO EX.PADECIMIENTOS(ID_PATOLOGIA, ID_PERSONA, ID_FICHA_MEDICA) VALUES
                            (5, '00793', 793);
INSERT INTO EX.PADECIMIENTOS(ID_PATOLOGIA, ID_PERSONA, ID_FICHA_MEDICA) VALUES
                            (6, '00793', 793);
INSERT INTO EX.PADECIMIENTOS(ID_PATOLOGIA, ID_PERSONA, ID_FICHA_MEDICA) VALUES
                            (7, '00793', 793);
INSERT INTO EX.PADECIMIENTOS(ID_PATOLOGIA, ID_PERSONA, ID_FICHA_MEDICA) VALUES
                            (8, '00793', 793);
INSERT INTO EX.PADECIMIENTOS(ID_PATOLOGIA, ID_PERSONA, ID_FICHA_MEDICA) VALUES
                            (9, '00793', 793);
INSERT INTO EX.PADECIMIENTOS(ID_PATOLOGIA, ID_PERSONA, ID_FICHA_MEDICA) VALUES
                            (10, '00793', 793);
INSERT INTO EX.PADECIMIENTOS(ID_PATOLOGIA, ID_PERSONA, ID_FICHA_MEDICA) VALUES
                            (11, '00793', 793);
INSERT INTO EX.PADECIMIENTOS(ID_PATOLOGIA, ID_PERSONA, ID_FICHA_MEDICA) VALUES
                            (12, '00793', 793);
INSERT INTO EX.PADECIMIENTOS(ID_PATOLOGIA, ID_PERSONA, ID_FICHA_MEDICA) VALUES
                            (13, '00793', 793);
INSERT INTO EX.PADECIMIENTOS(ID_PATOLOGIA, ID_PERSONA, ID_FICHA_MEDICA) VALUES
                            (14, '00793', 793);
INSERT INTO EX.SINTOMAS(FECHA_INICIO, ID_SINTOMA, ID_PERSONA, ID_FICHA_MEDICA) VALUES
                            (TO_DATE('2020-02-17','YYYY-MM-DD'), 1, '00793', 793);
INSERT INTO EX.SINTOMAS(FECHA_INICIO, ID_SINTOMA, ID_PERSONA, ID_FICHA_MEDICA) VALUES
                            (TO_DATE('2020-01-17','YYYY-MM-DD'), 2, '00793', 793);
INSERT INTO EX.SINTOMAS(FECHA_INICIO, ID_SINTOMA, ID_PERSONA, ID_FICHA_MEDICA) VALUES
                            (TO_DATE('2020-06-03','YYYY-MM-DD'), 3, '00793', 793);
INSERT INTO EX.SINTOMAS(FECHA_INICIO, ID_SINTOMA, ID_PERSONA, ID_FICHA_MEDICA) VALUES
                            (TO_DATE('2020-04-30','YYYY-MM-DD'), 4, '00793', 793);
INSERT INTO EX.PERSONA(DOC_IDENTIDAD, NOMBRE, NOMBRE1, APELLIDO, APELLIDO1, FECHA_NAC, GENERO, FOTO) VALUES
                  ('00794', 'Dawn', 'Toni', 'Shields', 'Banks', TO_DATE('1979-07-20','YYYY-MM-DD'), 'm', NULL);
INSERT INTO EX.HISTORICO_RESIDENCIA(FECHA_INICIO, ID_LUGAR, ID_PERSONA, FECHA_FIN) VALUES
                  (TO_DATE('1973-04-11','YYYY-MM-DD'), 34, '00794', NULL);
INSERT INTO EX.FICHA_MEDICA(ID, ID_PERSONA, ID_CENTRO_SALUD, ID_LUGAR, ESTADO, FECHA_INFECCION, FECHA_RECUPERACION) VALUES
                                             (794, '00794', 19, 34, 'desconido', NULL, NULL);
INSERT INTO EX.SINTOMAS(FECHA_INICIO, ID_SINTOMA, ID_PERSONA, ID_FICHA_MEDICA) VALUES
                            (TO_DATE('2020-05-11','YYYY-MM-DD'), 1, '00794', 794);
INSERT INTO EX.SINTOMAS(FECHA_INICIO, ID_SINTOMA, ID_PERSONA, ID_FICHA_MEDICA) VALUES
                            (TO_DATE('2020-01-24','YYYY-MM-DD'), 2, '00794', 794);
INSERT INTO EX.SINTOMAS(FECHA_INICIO, ID_SINTOMA, ID_PERSONA, ID_FICHA_MEDICA) VALUES
                            (TO_DATE('2020-01-06','YYYY-MM-DD'), 3, '00794', 794);
INSERT INTO EX.SINTOMAS(FECHA_INICIO, ID_SINTOMA, ID_PERSONA, ID_FICHA_MEDICA) VALUES
                            (TO_DATE('2020-01-11','YYYY-MM-DD'), 4, '00794', 794);
INSERT INTO EX.SINTOMAS(FECHA_INICIO, ID_SINTOMA, ID_PERSONA, ID_FICHA_MEDICA) VALUES
                            (TO_DATE('2020-06-21','YYYY-MM-DD'), 5, '00794', 794);
INSERT INTO EX.SINTOMAS(FECHA_INICIO, ID_SINTOMA, ID_PERSONA, ID_FICHA_MEDICA) VALUES
                            (TO_DATE('2020-04-12','YYYY-MM-DD'), 6, '00794', 794);
INSERT INTO EX.SINTOMAS(FECHA_INICIO, ID_SINTOMA, ID_PERSONA, ID_FICHA_MEDICA) VALUES
                            (TO_DATE('2020-06-03','YYYY-MM-DD'), 7, '00794', 794);
INSERT INTO EX.SINTOMAS(FECHA_INICIO, ID_SINTOMA, ID_PERSONA, ID_FICHA_MEDICA) VALUES
                            (TO_DATE('2020-01-23','YYYY-MM-DD'), 8, '00794', 794);
INSERT INTO EX.SINTOMAS(FECHA_INICIO, ID_SINTOMA, ID_PERSONA, ID_FICHA_MEDICA) VALUES
                            (TO_DATE('2020-05-13','YYYY-MM-DD'), 9, '00794', 794);
INSERT INTO EX.SINTOMAS(FECHA_INICIO, ID_SINTOMA, ID_PERSONA, ID_FICHA_MEDICA) VALUES
                            (TO_DATE('2020-03-19','YYYY-MM-DD'), 10, '00794', 794);
INSERT INTO EX.SINTOMAS(FECHA_INICIO, ID_SINTOMA, ID_PERSONA, ID_FICHA_MEDICA) VALUES
                            (TO_DATE('2020-01-14','YYYY-MM-DD'), 11, '00794', 794);
INSERT INTO EX.SINTOMAS(FECHA_INICIO, ID_SINTOMA, ID_PERSONA, ID_FICHA_MEDICA) VALUES
                            (TO_DATE('2020-05-15','YYYY-MM-DD'), 12, '00794', 794);
INSERT INTO EX.SINTOMAS(FECHA_INICIO, ID_SINTOMA, ID_PERSONA, ID_FICHA_MEDICA) VALUES
                            (TO_DATE('2020-06-17','YYYY-MM-DD'), 13, '00794', 794);
INSERT INTO EX.PERSONA(DOC_IDENTIDAD, NOMBRE, NOMBRE1, APELLIDO, APELLIDO1, FECHA_NAC, GENERO, FOTO) VALUES
                  ('00795', 'Richard', 'Ivan', 'Byrd', 'Diaz', TO_DATE('1997-09-24','YYYY-MM-DD'), 'f', NULL);
INSERT INTO EX.HISTORICO_RESIDENCIA(FECHA_INICIO, ID_LUGAR, ID_PERSONA, FECHA_FIN) VALUES
                  (TO_DATE('2006-03-09','YYYY-MM-DD'), 24, '00795', NULL);
INSERT INTO EX.FICHA_MEDICA(ID, ID_PERSONA, ID_CENTRO_SALUD, ID_LUGAR, ESTADO, FECHA_INFECCION, FECHA_RECUPERACION) VALUES
                                             (795, '00795', 9, 24, 'desconido', NULL, NULL);
INSERT INTO EX.SINTOMAS(FECHA_INICIO, ID_SINTOMA, ID_PERSONA, ID_FICHA_MEDICA) VALUES
                            (TO_DATE('2020-04-25','YYYY-MM-DD'), 1, '00795', 795);
INSERT INTO EX.SINTOMAS(FECHA_INICIO, ID_SINTOMA, ID_PERSONA, ID_FICHA_MEDICA) VALUES
                            (TO_DATE('2020-05-18','YYYY-MM-DD'), 2, '00795', 795);
INSERT INTO EX.SINTOMAS(FECHA_INICIO, ID_SINTOMA, ID_PERSONA, ID_FICHA_MEDICA) VALUES
                            (TO_DATE('2020-03-09','YYYY-MM-DD'), 3, '00795', 795);
INSERT INTO EX.SINTOMAS(FECHA_INICIO, ID_SINTOMA, ID_PERSONA, ID_FICHA_MEDICA) VALUES
                            (TO_DATE('2020-06-22','YYYY-MM-DD'), 4, '00795', 795);
INSERT INTO EX.SINTOMAS(FECHA_INICIO, ID_SINTOMA, ID_PERSONA, ID_FICHA_MEDICA) VALUES
                            (TO_DATE('2020-03-06','YYYY-MM-DD'), 5, '00795', 795);
INSERT INTO EX.SINTOMAS(FECHA_INICIO, ID_SINTOMA, ID_PERSONA, ID_FICHA_MEDICA) VALUES
                            (TO_DATE('2020-01-04','YYYY-MM-DD'), 6, '00795', 795);
INSERT INTO EX.SINTOMAS(FECHA_INICIO, ID_SINTOMA, ID_PERSONA, ID_FICHA_MEDICA) VALUES
                            (TO_DATE('2020-04-22','YYYY-MM-DD'), 7, '00795', 795);
INSERT INTO EX.SINTOMAS(FECHA_INICIO, ID_SINTOMA, ID_PERSONA, ID_FICHA_MEDICA) VALUES
                            (TO_DATE('2020-04-27','YYYY-MM-DD'), 8, '00795', 795);
INSERT INTO EX.SINTOMAS(FECHA_INICIO, ID_SINTOMA, ID_PERSONA, ID_FICHA_MEDICA) VALUES
                            (TO_DATE('2020-05-31','YYYY-MM-DD'), 9, '00795', 795);
INSERT INTO EX.SINTOMAS(FECHA_INICIO, ID_SINTOMA, ID_PERSONA, ID_FICHA_MEDICA) VALUES
                            (TO_DATE('2020-06-28','YYYY-MM-DD'), 10, '00795', 795);
INSERT INTO EX.SINTOMAS(FECHA_INICIO, ID_SINTOMA, ID_PERSONA, ID_FICHA_MEDICA) VALUES
                            (TO_DATE('2020-01-18','YYYY-MM-DD'), 11, '00795', 795);
INSERT INTO EX.PERSONA(DOC_IDENTIDAD, NOMBRE, NOMBRE1, APELLIDO, APELLIDO1, FECHA_NAC, GENERO, FOTO) VALUES
                  ('00796', 'Jennifer', 'Debra', 'Turner', 'Stanley', TO_DATE('2008-05-19','YYYY-MM-DD'), 'm', NULL);
INSERT INTO EX.HISTORICO_RESIDENCIA(FECHA_INICIO, ID_LUGAR, ID_PERSONA, FECHA_FIN) VALUES
                  (TO_DATE('1990-04-22','YYYY-MM-DD'), 38, '00796', NULL);
INSERT INTO EX.FICHA_MEDICA(ID, ID_PERSONA, ID_CENTRO_SALUD, ID_LUGAR, ESTADO, FECHA_INFECCION, FECHA_RECUPERACION) VALUES
                                             (796, '00796', 23, 38, 'desconido', NULL, NULL);
INSERT INTO EX.PERSONA(DOC_IDENTIDAD, NOMBRE, NOMBRE1, APELLIDO, APELLIDO1, FECHA_NAC, GENERO, FOTO) VALUES
                  ('00797', 'Matthew', 'Christopher', 'Cook', 'Smith', TO_DATE('1992-05-26','YYYY-MM-DD'), 'f', NULL);
INSERT INTO EX.HISTORICO_RESIDENCIA(FECHA_INICIO, ID_LUGAR, ID_PERSONA, FECHA_FIN) VALUES
                  (TO_DATE('1973-07-02','YYYY-MM-DD'), 43, '00797', NULL);
INSERT INTO EX.FICHA_MEDICA(ID, ID_PERSONA, ID_CENTRO_SALUD, ID_LUGAR, ESTADO, FECHA_INFECCION, FECHA_RECUPERACION) VALUES
                                             (797, '00797', 28, 43, 'desconido', NULL, NULL);
INSERT INTO EX.SINTOMAS(FECHA_INICIO, ID_SINTOMA, ID_PERSONA, ID_FICHA_MEDICA) VALUES
                            (TO_DATE('2020-06-11','YYYY-MM-DD'), 1, '00797', 797);
INSERT INTO EX.SINTOMAS(FECHA_INICIO, ID_SINTOMA, ID_PERSONA, ID_FICHA_MEDICA) VALUES
                            (TO_DATE('2020-02-07','YYYY-MM-DD'), 2, '00797', 797);
INSERT INTO EX.SINTOMAS(FECHA_INICIO, ID_SINTOMA, ID_PERSONA, ID_FICHA_MEDICA) VALUES
                            (TO_DATE('2020-01-15','YYYY-MM-DD'), 3, '00797', 797);
INSERT INTO EX.SINTOMAS(FECHA_INICIO, ID_SINTOMA, ID_PERSONA, ID_FICHA_MEDICA) VALUES
                            (TO_DATE('2020-04-24','YYYY-MM-DD'), 4, '00797', 797);
INSERT INTO EX.SINTOMAS(FECHA_INICIO, ID_SINTOMA, ID_PERSONA, ID_FICHA_MEDICA) VALUES
                            (TO_DATE('2020-04-29','YYYY-MM-DD'), 5, '00797', 797);
INSERT INTO EX.SINTOMAS(FECHA_INICIO, ID_SINTOMA, ID_PERSONA, ID_FICHA_MEDICA) VALUES
                            (TO_DATE('2020-05-15','YYYY-MM-DD'), 6, '00797', 797);
INSERT INTO EX.SINTOMAS(FECHA_INICIO, ID_SINTOMA, ID_PERSONA, ID_FICHA_MEDICA) VALUES
                            (TO_DATE('2020-06-18','YYYY-MM-DD'), 7, '00797', 797);
INSERT INTO EX.SINTOMAS(FECHA_INICIO, ID_SINTOMA, ID_PERSONA, ID_FICHA_MEDICA) VALUES
                            (TO_DATE('2020-05-28','YYYY-MM-DD'), 8, '00797', 797);
INSERT INTO EX.SINTOMAS(FECHA_INICIO, ID_SINTOMA, ID_PERSONA, ID_FICHA_MEDICA) VALUES
                            (TO_DATE('2020-05-26','YYYY-MM-DD'), 9, '00797', 797);
INSERT INTO EX.SINTOMAS(FECHA_INICIO, ID_SINTOMA, ID_PERSONA, ID_FICHA_MEDICA) VALUES
                            (TO_DATE('2020-01-14','YYYY-MM-DD'), 10, '00797', 797);
INSERT INTO EX.SINTOMAS(FECHA_INICIO, ID_SINTOMA, ID_PERSONA, ID_FICHA_MEDICA) VALUES
                            (TO_DATE('2020-04-24','YYYY-MM-DD'), 11, '00797', 797);
INSERT INTO EX.SINTOMAS(FECHA_INICIO, ID_SINTOMA, ID_PERSONA, ID_FICHA_MEDICA) VALUES
                            (TO_DATE('2020-03-01','YYYY-MM-DD'), 12, '00797', 797);
INSERT INTO EX.SINTOMAS(FECHA_INICIO, ID_SINTOMA, ID_PERSONA, ID_FICHA_MEDICA) VALUES
                            (TO_DATE('2020-05-26','YYYY-MM-DD'), 13, '00797', 797);
INSERT INTO EX.PERSONA(DOC_IDENTIDAD, NOMBRE, NOMBRE1, APELLIDO, APELLIDO1, FECHA_NAC, GENERO, FOTO) VALUES
                  ('00798', 'Michelle', 'Stephanie', 'Jordan', 'Smith', TO_DATE('1984-07-09','YYYY-MM-DD'), 'm', NULL);
INSERT INTO EX.HISTORICO_RESIDENCIA(FECHA_INICIO, ID_LUGAR, ID_PERSONA, FECHA_FIN) VALUES
                  (TO_DATE('2006-06-30','YYYY-MM-DD'), 28, '00798', NULL);
INSERT INTO EX.FICHA_MEDICA(ID, ID_PERSONA, ID_CENTRO_SALUD, ID_LUGAR, ESTADO, FECHA_INFECCION, FECHA_RECUPERACION) VALUES
                                             (798, '00798', 13, 28, 'desconido', NULL, NULL);
INSERT INTO EX.PERSONA(DOC_IDENTIDAD, NOMBRE, NOMBRE1, APELLIDO, APELLIDO1, FECHA_NAC, GENERO, FOTO) VALUES
                  ('00799', 'Brianna', 'Aaron', 'Wells', 'Johnson', TO_DATE('1994-12-10','YYYY-MM-DD'), 'f', NULL);
INSERT INTO EX.HISTORICO_RESIDENCIA(FECHA_INICIO, ID_LUGAR, ID_PERSONA, FECHA_FIN) VALUES
                  (TO_DATE('2005-01-23','YYYY-MM-DD'), 32, '00799', NULL);
INSERT INTO EX.FICHA_MEDICA(ID, ID_PERSONA, ID_CENTRO_SALUD, ID_LUGAR, ESTADO, FECHA_INFECCION, FECHA_RECUPERACION) VALUES
                                             (799, '00799', 17, 32, 'desconido', NULL, NULL);
INSERT INTO EX.PADECIMIENTOS(ID_PATOLOGIA, ID_PERSONA, ID_FICHA_MEDICA) VALUES
                            (1, '00799', 799);
INSERT INTO EX.PADECIMIENTOS(ID_PATOLOGIA, ID_PERSONA, ID_FICHA_MEDICA) VALUES
                            (2, '00799', 799);
INSERT INTO EX.PADECIMIENTOS(ID_PATOLOGIA, ID_PERSONA, ID_FICHA_MEDICA) VALUES
                            (3, '00799', 799);
INSERT INTO EX.PADECIMIENTOS(ID_PATOLOGIA, ID_PERSONA, ID_FICHA_MEDICA) VALUES
                            (4, '00799', 799);
INSERT INTO EX.PADECIMIENTOS(ID_PATOLOGIA, ID_PERSONA, ID_FICHA_MEDICA) VALUES
                            (5, '00799', 799);
INSERT INTO EX.PADECIMIENTOS(ID_PATOLOGIA, ID_PERSONA, ID_FICHA_MEDICA) VALUES
                            (6, '00799', 799);
INSERT INTO EX.PADECIMIENTOS(ID_PATOLOGIA, ID_PERSONA, ID_FICHA_MEDICA) VALUES
                            (7, '00799', 799);
INSERT INTO EX.PADECIMIENTOS(ID_PATOLOGIA, ID_PERSONA, ID_FICHA_MEDICA) VALUES
                            (8, '00799', 799);
INSERT INTO EX.PADECIMIENTOS(ID_PATOLOGIA, ID_PERSONA, ID_FICHA_MEDICA) VALUES
                            (9, '00799', 799);
INSERT INTO EX.PADECIMIENTOS(ID_PATOLOGIA, ID_PERSONA, ID_FICHA_MEDICA) VALUES
                            (10, '00799', 799);
INSERT INTO EX.PADECIMIENTOS(ID_PATOLOGIA, ID_PERSONA, ID_FICHA_MEDICA) VALUES
                            (11, '00799', 799);
INSERT INTO EX.PADECIMIENTOS(ID_PATOLOGIA, ID_PERSONA, ID_FICHA_MEDICA) VALUES
                            (12, '00799', 799);
INSERT INTO EX.PADECIMIENTOS(ID_PATOLOGIA, ID_PERSONA, ID_FICHA_MEDICA) VALUES
                            (13, '00799', 799);
INSERT INTO EX.PADECIMIENTOS(ID_PATOLOGIA, ID_PERSONA, ID_FICHA_MEDICA) VALUES
                            (14, '00799', 799);
INSERT INTO EX.PERSONA(DOC_IDENTIDAD, NOMBRE, NOMBRE1, APELLIDO, APELLIDO1, FECHA_NAC, GENERO, FOTO) VALUES
                  ('00800', 'Teresa', 'David', 'Jones', 'Adams', TO_DATE('1978-07-11','YYYY-MM-DD'), 'm', NULL);
INSERT INTO EX.HISTORICO_RESIDENCIA(FECHA_INICIO, ID_LUGAR, ID_PERSONA, FECHA_FIN) VALUES
                  (TO_DATE('1995-06-06','YYYY-MM-DD'), 28, '00800', NULL);
INSERT INTO EX.FICHA_MEDICA(ID, ID_PERSONA, ID_CENTRO_SALUD, ID_LUGAR, ESTADO, FECHA_INFECCION, FECHA_RECUPERACION) VALUES
                                             (800, '00800', 13, 28, 'desconido', NULL, NULL);
INSERT INTO EX.SINTOMAS(FECHA_INICIO, ID_SINTOMA, ID_PERSONA, ID_FICHA_MEDICA) VALUES
                            (TO_DATE('2020-01-21','YYYY-MM-DD'), 1, '00800', 800);
INSERT INTO EX.SINTOMAS(FECHA_INICIO, ID_SINTOMA, ID_PERSONA, ID_FICHA_MEDICA) VALUES
                            (TO_DATE('2020-01-02','YYYY-MM-DD'), 2, '00800', 800);
INSERT INTO EX.SINTOMAS(FECHA_INICIO, ID_SINTOMA, ID_PERSONA, ID_FICHA_MEDICA) VALUES
                            (TO_DATE('2020-04-19','YYYY-MM-DD'), 3, '00800', 800);
INSERT INTO EX.SINTOMAS(FECHA_INICIO, ID_SINTOMA, ID_PERSONA, ID_FICHA_MEDICA) VALUES
                            (TO_DATE('2020-03-09','YYYY-MM-DD'), 4, '00800', 800);
INSERT INTO EX.SINTOMAS(FECHA_INICIO, ID_SINTOMA, ID_PERSONA, ID_FICHA_MEDICA) VALUES
                            (TO_DATE('2020-01-22','YYYY-MM-DD'), 5, '00800', 800);
INSERT INTO EX.SINTOMAS(FECHA_INICIO, ID_SINTOMA, ID_PERSONA, ID_FICHA_MEDICA) VALUES
                            (TO_DATE('2020-06-30','YYYY-MM-DD'), 6, '00800', 800);
INSERT INTO EX.SINTOMAS(FECHA_INICIO, ID_SINTOMA, ID_PERSONA, ID_FICHA_MEDICA) VALUES
                            (TO_DATE('2020-05-24','YYYY-MM-DD'), 7, '00800', 800);
INSERT INTO EX.SINTOMAS(FECHA_INICIO, ID_SINTOMA, ID_PERSONA, ID_FICHA_MEDICA) VALUES
                            (TO_DATE('2020-01-05','YYYY-MM-DD'), 8, '00800', 800);
INSERT INTO EX.SINTOMAS(FECHA_INICIO, ID_SINTOMA, ID_PERSONA, ID_FICHA_MEDICA) VALUES
                            (TO_DATE('2020-03-20','YYYY-MM-DD'), 9, '00800', 800);
INSERT INTO EX.SINTOMAS(FECHA_INICIO, ID_SINTOMA, ID_PERSONA, ID_FICHA_MEDICA) VALUES
                            (TO_DATE('2020-02-09','YYYY-MM-DD'), 10, '00800', 800);
INSERT INTO EX.SINTOMAS(FECHA_INICIO, ID_SINTOMA, ID_PERSONA, ID_FICHA_MEDICA) VALUES
                            (TO_DATE('2020-03-01','YYYY-MM-DD'), 11, '00800', 800);
INSERT INTO EX.SINTOMAS(FECHA_INICIO, ID_SINTOMA, ID_PERSONA, ID_FICHA_MEDICA) VALUES
                            (TO_DATE('2020-03-13','YYYY-MM-DD'), 12, '00800', 800);
INSERT INTO EX.SINTOMAS(FECHA_INICIO, ID_SINTOMA, ID_PERSONA, ID_FICHA_MEDICA) VALUES
                            (TO_DATE('2020-04-23','YYYY-MM-DD'), 13, '00800', 800);
INSERT INTO EX.SINTOMAS(FECHA_INICIO, ID_SINTOMA, ID_PERSONA, ID_FICHA_MEDICA) VALUES
                            (TO_DATE('2020-06-28','YYYY-MM-DD'), 14, '00800', 800);
INSERT INTO EX.SINTOMAS(FECHA_INICIO, ID_SINTOMA, ID_PERSONA, ID_FICHA_MEDICA) VALUES
                            (TO_DATE('2020-03-13','YYYY-MM-DD'), 15, '00800', 800);
INSERT INTO EX.SINTOMAS(FECHA_INICIO, ID_SINTOMA, ID_PERSONA, ID_FICHA_MEDICA) VALUES
                            (TO_DATE('2020-06-01','YYYY-MM-DD'), 16, '00800', 800);
INSERT INTO EX.SINTOMAS(FECHA_INICIO, ID_SINTOMA, ID_PERSONA, ID_FICHA_MEDICA) VALUES
                            (TO_DATE('2020-05-29','YYYY-MM-DD'), 17, '00800', 800);
INSERT INTO EX.SINTOMAS(FECHA_INICIO, ID_SINTOMA, ID_PERSONA, ID_FICHA_MEDICA) VALUES
                            (TO_DATE('2020-03-01','YYYY-MM-DD'), 18, '00800', 800);
INSERT INTO EX.PERSONA(DOC_IDENTIDAD, NOMBRE, NOMBRE1, APELLIDO, APELLIDO1, FECHA_NAC, GENERO, FOTO) VALUES
                  ('00801', 'Laura', 'Amy', 'Powell', 'Alexander', TO_DATE('1985-11-02','YYYY-MM-DD'), 'f', NULL);
INSERT INTO EX.HISTORICO_RESIDENCIA(FECHA_INICIO, ID_LUGAR, ID_PERSONA, FECHA_FIN) VALUES
                  (TO_DATE('2014-10-25','YYYY-MM-DD'), 33, '00801', NULL);
INSERT INTO EX.FICHA_MEDICA(ID, ID_PERSONA, ID_CENTRO_SALUD, ID_LUGAR, ESTADO, FECHA_INFECCION, FECHA_RECUPERACION) VALUES
                                             (801, '00801', 18, 33, 'desconido', NULL, NULL);
INSERT INTO EX.PADECIMIENTOS(ID_PATOLOGIA, ID_PERSONA, ID_FICHA_MEDICA) VALUES
                            (1, '00801', 801);
INSERT INTO EX.PADECIMIENTOS(ID_PATOLOGIA, ID_PERSONA, ID_FICHA_MEDICA) VALUES
                            (2, '00801', 801);
INSERT INTO EX.PADECIMIENTOS(ID_PATOLOGIA, ID_PERSONA, ID_FICHA_MEDICA) VALUES
                            (3, '00801', 801);
INSERT INTO EX.PADECIMIENTOS(ID_PATOLOGIA, ID_PERSONA, ID_FICHA_MEDICA) VALUES
                            (4, '00801', 801);
INSERT INTO EX.PADECIMIENTOS(ID_PATOLOGIA, ID_PERSONA, ID_FICHA_MEDICA) VALUES
                            (5, '00801', 801);
INSERT INTO EX.PADECIMIENTOS(ID_PATOLOGIA, ID_PERSONA, ID_FICHA_MEDICA) VALUES
                            (6, '00801', 801);
INSERT INTO EX.PADECIMIENTOS(ID_PATOLOGIA, ID_PERSONA, ID_FICHA_MEDICA) VALUES
                            (7, '00801', 801);
INSERT INTO EX.PADECIMIENTOS(ID_PATOLOGIA, ID_PERSONA, ID_FICHA_MEDICA) VALUES
                            (8, '00801', 801);
INSERT INTO EX.PADECIMIENTOS(ID_PATOLOGIA, ID_PERSONA, ID_FICHA_MEDICA) VALUES
                            (9, '00801', 801);
INSERT INTO EX.PADECIMIENTOS(ID_PATOLOGIA, ID_PERSONA, ID_FICHA_MEDICA) VALUES
                            (10, '00801', 801);
INSERT INTO EX.PADECIMIENTOS(ID_PATOLOGIA, ID_PERSONA, ID_FICHA_MEDICA) VALUES
                            (11, '00801', 801);
INSERT INTO EX.PADECIMIENTOS(ID_PATOLOGIA, ID_PERSONA, ID_FICHA_MEDICA) VALUES
                            (12, '00801', 801);
INSERT INTO EX.PADECIMIENTOS(ID_PATOLOGIA, ID_PERSONA, ID_FICHA_MEDICA) VALUES
                            (13, '00801', 801);
INSERT INTO EX.PADECIMIENTOS(ID_PATOLOGIA, ID_PERSONA, ID_FICHA_MEDICA) VALUES
                            (14, '00801', 801);
INSERT INTO EX.SINTOMAS(FECHA_INICIO, ID_SINTOMA, ID_PERSONA, ID_FICHA_MEDICA) VALUES
                            (TO_DATE('2020-05-13','YYYY-MM-DD'), 1, '00801', 801);
INSERT INTO EX.SINTOMAS(FECHA_INICIO, ID_SINTOMA, ID_PERSONA, ID_FICHA_MEDICA) VALUES
                            (TO_DATE('2020-04-17','YYYY-MM-DD'), 2, '00801', 801);
INSERT INTO EX.SINTOMAS(FECHA_INICIO, ID_SINTOMA, ID_PERSONA, ID_FICHA_MEDICA) VALUES
                            (TO_DATE('2020-02-23','YYYY-MM-DD'), 3, '00801', 801);
INSERT INTO EX.PERSONA(DOC_IDENTIDAD, NOMBRE, NOMBRE1, APELLIDO, APELLIDO1, FECHA_NAC, GENERO, FOTO) VALUES
                  ('00802', 'Sandra', 'Mitchell', 'Webster', 'Barnett', TO_DATE('1980-02-19','YYYY-MM-DD'), 'm', NULL);
INSERT INTO EX.HISTORICO_RESIDENCIA(FECHA_INICIO, ID_LUGAR, ID_PERSONA, FECHA_FIN) VALUES
                  (TO_DATE('2005-12-15','YYYY-MM-DD'), 20, '00802', NULL);
INSERT INTO EX.FICHA_MEDICA(ID, ID_PERSONA, ID_CENTRO_SALUD, ID_LUGAR, ESTADO, FECHA_INFECCION, FECHA_RECUPERACION) VALUES
                                             (802, '00802', 5, 20, 'desconido', NULL, NULL);
INSERT INTO EX.PADECIMIENTOS(ID_PATOLOGIA, ID_PERSONA, ID_FICHA_MEDICA) VALUES
                            (1, '00802', 802);
INSERT INTO EX.PADECIMIENTOS(ID_PATOLOGIA, ID_PERSONA, ID_FICHA_MEDICA) VALUES
                            (2, '00802', 802);
INSERT INTO EX.PADECIMIENTOS(ID_PATOLOGIA, ID_PERSONA, ID_FICHA_MEDICA) VALUES
                            (3, '00802', 802);
INSERT INTO EX.PADECIMIENTOS(ID_PATOLOGIA, ID_PERSONA, ID_FICHA_MEDICA) VALUES
                            (4, '00802', 802);
INSERT INTO EX.PADECIMIENTOS(ID_PATOLOGIA, ID_PERSONA, ID_FICHA_MEDICA) VALUES
                            (5, '00802', 802);
INSERT INTO EX.PADECIMIENTOS(ID_PATOLOGIA, ID_PERSONA, ID_FICHA_MEDICA) VALUES
                            (6, '00802', 802);
INSERT INTO EX.PADECIMIENTOS(ID_PATOLOGIA, ID_PERSONA, ID_FICHA_MEDICA) VALUES
                            (7, '00802', 802);
INSERT INTO EX.PERSONA(DOC_IDENTIDAD, NOMBRE, NOMBRE1, APELLIDO, APELLIDO1, FECHA_NAC, GENERO, FOTO) VALUES
                  ('00803', 'Robert', 'Casey', 'Skinner', 'Torres', TO_DATE('1995-10-07','YYYY-MM-DD'), 'f', NULL);
INSERT INTO EX.HISTORICO_RESIDENCIA(FECHA_INICIO, ID_LUGAR, ID_PERSONA, FECHA_FIN) VALUES
                  (TO_DATE('2018-12-22','YYYY-MM-DD'), 44, '00803', NULL);
INSERT INTO EX.FICHA_MEDICA(ID, ID_PERSONA, ID_CENTRO_SALUD, ID_LUGAR, ESTADO, FECHA_INFECCION, FECHA_RECUPERACION) VALUES
                                             (803, '00803', 29, 44, 'desconido', NULL, NULL);
INSERT INTO EX.PADECIMIENTOS(ID_PATOLOGIA, ID_PERSONA, ID_FICHA_MEDICA) VALUES
                            (1, '00803', 803);
INSERT INTO EX.PADECIMIENTOS(ID_PATOLOGIA, ID_PERSONA, ID_FICHA_MEDICA) VALUES
                            (2, '00803', 803);
INSERT INTO EX.PADECIMIENTOS(ID_PATOLOGIA, ID_PERSONA, ID_FICHA_MEDICA) VALUES
                            (3, '00803', 803);
INSERT INTO EX.PADECIMIENTOS(ID_PATOLOGIA, ID_PERSONA, ID_FICHA_MEDICA) VALUES
                            (4, '00803', 803);
INSERT INTO EX.PADECIMIENTOS(ID_PATOLOGIA, ID_PERSONA, ID_FICHA_MEDICA) VALUES
                            (5, '00803', 803);
INSERT INTO EX.PADECIMIENTOS(ID_PATOLOGIA, ID_PERSONA, ID_FICHA_MEDICA) VALUES
                            (6, '00803', 803);
INSERT INTO EX.PERSONA(DOC_IDENTIDAD, NOMBRE, NOMBRE1, APELLIDO, APELLIDO1, FECHA_NAC, GENERO, FOTO) VALUES
                  ('00804', 'Nicholas', 'Beth', 'Kirby', 'Cameron', TO_DATE('2009-01-19','YYYY-MM-DD'), 'm', NULL);
INSERT INTO EX.HISTORICO_RESIDENCIA(FECHA_INICIO, ID_LUGAR, ID_PERSONA, FECHA_FIN) VALUES
                  (TO_DATE('2008-09-06','YYYY-MM-DD'), 35, '00804', NULL);
INSERT INTO EX.FICHA_MEDICA(ID, ID_PERSONA, ID_CENTRO_SALUD, ID_LUGAR, ESTADO, FECHA_INFECCION, FECHA_RECUPERACION) VALUES
                                             (804, '00804', 20, 35, 'desconido', NULL, NULL);
INSERT INTO EX.PERSONA(DOC_IDENTIDAD, NOMBRE, NOMBRE1, APELLIDO, APELLIDO1, FECHA_NAC, GENERO, FOTO) VALUES
                  ('00805', 'John', 'Richard', 'Cochran', 'Mullen', TO_DATE('1996-03-28','YYYY-MM-DD'), 'f', NULL);
INSERT INTO EX.HISTORICO_RESIDENCIA(FECHA_INICIO, ID_LUGAR, ID_PERSONA, FECHA_FIN) VALUES
                  (TO_DATE('2008-06-04','YYYY-MM-DD'), 31, '00805', NULL);
INSERT INTO EX.FICHA_MEDICA(ID, ID_PERSONA, ID_CENTRO_SALUD, ID_LUGAR, ESTADO, FECHA_INFECCION, FECHA_RECUPERACION) VALUES
                                             (805, '00805', 16, 31, 'desconido', NULL, NULL);
INSERT INTO EX.PERSONA(DOC_IDENTIDAD, NOMBRE, NOMBRE1, APELLIDO, APELLIDO1, FECHA_NAC, GENERO, FOTO) VALUES
                  ('00806', 'Dylan', 'Emily', 'Brown', 'Deleon', TO_DATE('1989-01-18','YYYY-MM-DD'), 'm', NULL);
INSERT INTO EX.HISTORICO_RESIDENCIA(FECHA_INICIO, ID_LUGAR, ID_PERSONA, FECHA_FIN) VALUES
                  (TO_DATE('1985-06-02','YYYY-MM-DD'), 29, '00806', NULL);
INSERT INTO EX.FICHA_MEDICA(ID, ID_PERSONA, ID_CENTRO_SALUD, ID_LUGAR, ESTADO, FECHA_INFECCION, FECHA_RECUPERACION) VALUES
                                             (806, '00806', 14, 29, 'desconido', NULL, NULL);
INSERT INTO EX.PADECIMIENTOS(ID_PATOLOGIA, ID_PERSONA, ID_FICHA_MEDICA) VALUES
                            (1, '00806', 806);
INSERT INTO EX.PADECIMIENTOS(ID_PATOLOGIA, ID_PERSONA, ID_FICHA_MEDICA) VALUES
                            (2, '00806', 806);
INSERT INTO EX.PADECIMIENTOS(ID_PATOLOGIA, ID_PERSONA, ID_FICHA_MEDICA) VALUES
                            (3, '00806', 806);
INSERT INTO EX.PADECIMIENTOS(ID_PATOLOGIA, ID_PERSONA, ID_FICHA_MEDICA) VALUES
                            (4, '00806', 806);
INSERT INTO EX.PADECIMIENTOS(ID_PATOLOGIA, ID_PERSONA, ID_FICHA_MEDICA) VALUES
                            (5, '00806', 806);
INSERT INTO EX.PADECIMIENTOS(ID_PATOLOGIA, ID_PERSONA, ID_FICHA_MEDICA) VALUES
                            (6, '00806', 806);
INSERT INTO EX.PADECIMIENTOS(ID_PATOLOGIA, ID_PERSONA, ID_FICHA_MEDICA) VALUES
                            (7, '00806', 806);
INSERT INTO EX.PADECIMIENTOS(ID_PATOLOGIA, ID_PERSONA, ID_FICHA_MEDICA) VALUES
                            (8, '00806', 806);
INSERT INTO EX.SINTOMAS(FECHA_INICIO, ID_SINTOMA, ID_PERSONA, ID_FICHA_MEDICA) VALUES
                            (TO_DATE('2020-02-23','YYYY-MM-DD'), 1, '00806', 806);
INSERT INTO EX.SINTOMAS(FECHA_INICIO, ID_SINTOMA, ID_PERSONA, ID_FICHA_MEDICA) VALUES
                            (TO_DATE('2020-04-24','YYYY-MM-DD'), 2, '00806', 806);
INSERT INTO EX.SINTOMAS(FECHA_INICIO, ID_SINTOMA, ID_PERSONA, ID_FICHA_MEDICA) VALUES
                            (TO_DATE('2020-02-04','YYYY-MM-DD'), 3, '00806', 806);
INSERT INTO EX.SINTOMAS(FECHA_INICIO, ID_SINTOMA, ID_PERSONA, ID_FICHA_MEDICA) VALUES
                            (TO_DATE('2020-02-23','YYYY-MM-DD'), 4, '00806', 806);
INSERT INTO EX.PERSONA(DOC_IDENTIDAD, NOMBRE, NOMBRE1, APELLIDO, APELLIDO1, FECHA_NAC, GENERO, FOTO) VALUES
                  ('00807', 'Kristen', 'William', 'Stewart', 'Kerr', TO_DATE('2012-03-14','YYYY-MM-DD'), 'f', NULL);
INSERT INTO EX.HISTORICO_RESIDENCIA(FECHA_INICIO, ID_LUGAR, ID_PERSONA, FECHA_FIN) VALUES
                  (TO_DATE('1993-09-04','YYYY-MM-DD'), 31, '00807', NULL);
INSERT INTO EX.FICHA_MEDICA(ID, ID_PERSONA, ID_CENTRO_SALUD, ID_LUGAR, ESTADO, FECHA_INFECCION, FECHA_RECUPERACION) VALUES
                                             (807, '00807', 16, 31, 'desconido', NULL, NULL);
INSERT INTO EX.PADECIMIENTOS(ID_PATOLOGIA, ID_PERSONA, ID_FICHA_MEDICA) VALUES
                            (1, '00807', 807);
INSERT INTO EX.PADECIMIENTOS(ID_PATOLOGIA, ID_PERSONA, ID_FICHA_MEDICA) VALUES
                            (2, '00807', 807);
INSERT INTO EX.PADECIMIENTOS(ID_PATOLOGIA, ID_PERSONA, ID_FICHA_MEDICA) VALUES
                            (3, '00807', 807);
INSERT INTO EX.PADECIMIENTOS(ID_PATOLOGIA, ID_PERSONA, ID_FICHA_MEDICA) VALUES
                            (4, '00807', 807);
INSERT INTO EX.PADECIMIENTOS(ID_PATOLOGIA, ID_PERSONA, ID_FICHA_MEDICA) VALUES
                            (5, '00807', 807);
INSERT INTO EX.PADECIMIENTOS(ID_PATOLOGIA, ID_PERSONA, ID_FICHA_MEDICA) VALUES
                            (6, '00807', 807);
INSERT INTO EX.PADECIMIENTOS(ID_PATOLOGIA, ID_PERSONA, ID_FICHA_MEDICA) VALUES
                            (7, '00807', 807);
INSERT INTO EX.PADECIMIENTOS(ID_PATOLOGIA, ID_PERSONA, ID_FICHA_MEDICA) VALUES
                            (8, '00807', 807);
INSERT INTO EX.PADECIMIENTOS(ID_PATOLOGIA, ID_PERSONA, ID_FICHA_MEDICA) VALUES
                            (9, '00807', 807);
INSERT INTO EX.PADECIMIENTOS(ID_PATOLOGIA, ID_PERSONA, ID_FICHA_MEDICA) VALUES
                            (10, '00807', 807);
INSERT INTO EX.PADECIMIENTOS(ID_PATOLOGIA, ID_PERSONA, ID_FICHA_MEDICA) VALUES
                            (11, '00807', 807);
INSERT INTO EX.PADECIMIENTOS(ID_PATOLOGIA, ID_PERSONA, ID_FICHA_MEDICA) VALUES
                            (12, '00807', 807);
INSERT INTO EX.PADECIMIENTOS(ID_PATOLOGIA, ID_PERSONA, ID_FICHA_MEDICA) VALUES
                            (13, '00807', 807);
INSERT INTO EX.PERSONA(DOC_IDENTIDAD, NOMBRE, NOMBRE1, APELLIDO, APELLIDO1, FECHA_NAC, GENERO, FOTO) VALUES
                  ('00808', 'Brandon', 'Jennifer', 'Jackson', 'Zhang', TO_DATE('2012-03-06','YYYY-MM-DD'), 'm', NULL);
INSERT INTO EX.HISTORICO_RESIDENCIA(FECHA_INICIO, ID_LUGAR, ID_PERSONA, FECHA_FIN) VALUES
                  (TO_DATE('1977-03-27','YYYY-MM-DD'), 26, '00808', NULL);
INSERT INTO EX.FICHA_MEDICA(ID, ID_PERSONA, ID_CENTRO_SALUD, ID_LUGAR, ESTADO, FECHA_INFECCION, FECHA_RECUPERACION) VALUES
                                             (808, '00808', 11, 26, 'desconido', NULL, NULL);
INSERT INTO EX.PERSONA(DOC_IDENTIDAD, NOMBRE, NOMBRE1, APELLIDO, APELLIDO1, FECHA_NAC, GENERO, FOTO) VALUES
                  ('00809', 'Patrick', 'Brian', 'Williams', 'Burke', TO_DATE('2002-08-11','YYYY-MM-DD'), 'f', NULL);
INSERT INTO EX.HISTORICO_RESIDENCIA(FECHA_INICIO, ID_LUGAR, ID_PERSONA, FECHA_FIN) VALUES
                  (TO_DATE('2005-01-27','YYYY-MM-DD'), 30, '00809', NULL);
INSERT INTO EX.FICHA_MEDICA(ID, ID_PERSONA, ID_CENTRO_SALUD, ID_LUGAR, ESTADO, FECHA_INFECCION, FECHA_RECUPERACION) VALUES
                                             (809, '00809', 15, 30, 'desconido', NULL, NULL);
INSERT INTO EX.PADECIMIENTOS(ID_PATOLOGIA, ID_PERSONA, ID_FICHA_MEDICA) VALUES
                            (1, '00809', 809);
INSERT INTO EX.PADECIMIENTOS(ID_PATOLOGIA, ID_PERSONA, ID_FICHA_MEDICA) VALUES
                            (2, '00809', 809);
INSERT INTO EX.PADECIMIENTOS(ID_PATOLOGIA, ID_PERSONA, ID_FICHA_MEDICA) VALUES
                            (3, '00809', 809);
INSERT INTO EX.PADECIMIENTOS(ID_PATOLOGIA, ID_PERSONA, ID_FICHA_MEDICA) VALUES
                            (4, '00809', 809);
INSERT INTO EX.PADECIMIENTOS(ID_PATOLOGIA, ID_PERSONA, ID_FICHA_MEDICA) VALUES
                            (5, '00809', 809);
INSERT INTO EX.PERSONA(DOC_IDENTIDAD, NOMBRE, NOMBRE1, APELLIDO, APELLIDO1, FECHA_NAC, GENERO, FOTO) VALUES
                  ('00810', 'Katrina', 'Gary', 'Dougherty', 'Perez', TO_DATE('1991-07-19','YYYY-MM-DD'), 'm', NULL);
INSERT INTO EX.HISTORICO_RESIDENCIA(FECHA_INICIO, ID_LUGAR, ID_PERSONA, FECHA_FIN) VALUES
                  (TO_DATE('2001-11-28','YYYY-MM-DD'), 40, '00810', NULL);
INSERT INTO EX.FICHA_MEDICA(ID, ID_PERSONA, ID_CENTRO_SALUD, ID_LUGAR, ESTADO, FECHA_INFECCION, FECHA_RECUPERACION) VALUES
                                             (810, '00810', 25, 40, 'desconido', NULL, NULL);
INSERT INTO EX.PADECIMIENTOS(ID_PATOLOGIA, ID_PERSONA, ID_FICHA_MEDICA) VALUES
                            (1, '00810', 810);
INSERT INTO EX.PADECIMIENTOS(ID_PATOLOGIA, ID_PERSONA, ID_FICHA_MEDICA) VALUES
                            (2, '00810', 810);
INSERT INTO EX.SINTOMAS(FECHA_INICIO, ID_SINTOMA, ID_PERSONA, ID_FICHA_MEDICA) VALUES
                            (TO_DATE('2020-04-09','YYYY-MM-DD'), 1, '00810', 810);
INSERT INTO EX.PERSONA(DOC_IDENTIDAD, NOMBRE, NOMBRE1, APELLIDO, APELLIDO1, FECHA_NAC, GENERO, FOTO) VALUES
                  ('00811', 'Christine', 'Erica', 'Carey', 'Henderson', TO_DATE('1993-02-21','YYYY-MM-DD'), 'f', NULL);
INSERT INTO EX.HISTORICO_RESIDENCIA(FECHA_INICIO, ID_LUGAR, ID_PERSONA, FECHA_FIN) VALUES
                  (TO_DATE('2007-02-01','YYYY-MM-DD'), 20, '00811', NULL);
INSERT INTO EX.FICHA_MEDICA(ID, ID_PERSONA, ID_CENTRO_SALUD, ID_LUGAR, ESTADO, FECHA_INFECCION, FECHA_RECUPERACION) VALUES
                                             (811, '00811', 5, 20, 'desconido', NULL, NULL);
INSERT INTO EX.PADECIMIENTOS(ID_PATOLOGIA, ID_PERSONA, ID_FICHA_MEDICA) VALUES
                            (1, '00811', 811);
INSERT INTO EX.PADECIMIENTOS(ID_PATOLOGIA, ID_PERSONA, ID_FICHA_MEDICA) VALUES
                            (2, '00811', 811);
INSERT INTO EX.PADECIMIENTOS(ID_PATOLOGIA, ID_PERSONA, ID_FICHA_MEDICA) VALUES
                            (3, '00811', 811);
INSERT INTO EX.PADECIMIENTOS(ID_PATOLOGIA, ID_PERSONA, ID_FICHA_MEDICA) VALUES
                            (4, '00811', 811);
INSERT INTO EX.PADECIMIENTOS(ID_PATOLOGIA, ID_PERSONA, ID_FICHA_MEDICA) VALUES
                            (5, '00811', 811);
INSERT INTO EX.PADECIMIENTOS(ID_PATOLOGIA, ID_PERSONA, ID_FICHA_MEDICA) VALUES
                            (6, '00811', 811);
INSERT INTO EX.PADECIMIENTOS(ID_PATOLOGIA, ID_PERSONA, ID_FICHA_MEDICA) VALUES
                            (7, '00811', 811);
INSERT INTO EX.PADECIMIENTOS(ID_PATOLOGIA, ID_PERSONA, ID_FICHA_MEDICA) VALUES
                            (8, '00811', 811);
INSERT INTO EX.PADECIMIENTOS(ID_PATOLOGIA, ID_PERSONA, ID_FICHA_MEDICA) VALUES
                            (9, '00811', 811);
INSERT INTO EX.PADECIMIENTOS(ID_PATOLOGIA, ID_PERSONA, ID_FICHA_MEDICA) VALUES
                            (10, '00811', 811);
INSERT INTO EX.PADECIMIENTOS(ID_PATOLOGIA, ID_PERSONA, ID_FICHA_MEDICA) VALUES
                            (11, '00811', 811);
INSERT INTO EX.SINTOMAS(FECHA_INICIO, ID_SINTOMA, ID_PERSONA, ID_FICHA_MEDICA) VALUES
                            (TO_DATE('2020-05-22','YYYY-MM-DD'), 1, '00811', 811);
INSERT INTO EX.SINTOMAS(FECHA_INICIO, ID_SINTOMA, ID_PERSONA, ID_FICHA_MEDICA) VALUES
                            (TO_DATE('2020-02-03','YYYY-MM-DD'), 2, '00811', 811);
INSERT INTO EX.SINTOMAS(FECHA_INICIO, ID_SINTOMA, ID_PERSONA, ID_FICHA_MEDICA) VALUES
                            (TO_DATE('2020-03-15','YYYY-MM-DD'), 3, '00811', 811);
INSERT INTO EX.SINTOMAS(FECHA_INICIO, ID_SINTOMA, ID_PERSONA, ID_FICHA_MEDICA) VALUES
                            (TO_DATE('2020-02-01','YYYY-MM-DD'), 4, '00811', 811);
INSERT INTO EX.SINTOMAS(FECHA_INICIO, ID_SINTOMA, ID_PERSONA, ID_FICHA_MEDICA) VALUES
                            (TO_DATE('2020-02-04','YYYY-MM-DD'), 5, '00811', 811);
INSERT INTO EX.PERSONA(DOC_IDENTIDAD, NOMBRE, NOMBRE1, APELLIDO, APELLIDO1, FECHA_NAC, GENERO, FOTO) VALUES
                  ('00812', 'Shannon', 'Larry', 'Kim', 'Ramsey', TO_DATE('2003-07-13','YYYY-MM-DD'), 'm', NULL);
INSERT INTO EX.HISTORICO_RESIDENCIA(FECHA_INICIO, ID_LUGAR, ID_PERSONA, FECHA_FIN) VALUES
                  (TO_DATE('2011-12-27','YYYY-MM-DD'), 34, '00812', NULL);
INSERT INTO EX.FICHA_MEDICA(ID, ID_PERSONA, ID_CENTRO_SALUD, ID_LUGAR, ESTADO, FECHA_INFECCION, FECHA_RECUPERACION) VALUES
                                             (812, '00812', 19, 34, 'desconido', NULL, NULL);
INSERT INTO EX.PADECIMIENTOS(ID_PATOLOGIA, ID_PERSONA, ID_FICHA_MEDICA) VALUES
                            (1, '00812', 812);
INSERT INTO EX.PADECIMIENTOS(ID_PATOLOGIA, ID_PERSONA, ID_FICHA_MEDICA) VALUES
                            (2, '00812', 812);
INSERT INTO EX.PADECIMIENTOS(ID_PATOLOGIA, ID_PERSONA, ID_FICHA_MEDICA) VALUES
                            (3, '00812', 812);
INSERT INTO EX.PADECIMIENTOS(ID_PATOLOGIA, ID_PERSONA, ID_FICHA_MEDICA) VALUES
                            (4, '00812', 812);
INSERT INTO EX.PADECIMIENTOS(ID_PATOLOGIA, ID_PERSONA, ID_FICHA_MEDICA) VALUES
                            (5, '00812', 812);
INSERT INTO EX.PADECIMIENTOS(ID_PATOLOGIA, ID_PERSONA, ID_FICHA_MEDICA) VALUES
                            (6, '00812', 812);
INSERT INTO EX.PADECIMIENTOS(ID_PATOLOGIA, ID_PERSONA, ID_FICHA_MEDICA) VALUES
                            (7, '00812', 812);
INSERT INTO EX.PADECIMIENTOS(ID_PATOLOGIA, ID_PERSONA, ID_FICHA_MEDICA) VALUES
                            (8, '00812', 812);
INSERT INTO EX.PADECIMIENTOS(ID_PATOLOGIA, ID_PERSONA, ID_FICHA_MEDICA) VALUES
                            (9, '00812', 812);
INSERT INTO EX.PERSONA(DOC_IDENTIDAD, NOMBRE, NOMBRE1, APELLIDO, APELLIDO1, FECHA_NAC, GENERO, FOTO) VALUES
                  ('00813', 'Daniel', 'Allison', 'Jones', 'Bishop', TO_DATE('2011-03-09','YYYY-MM-DD'), 'f', NULL);
INSERT INTO EX.HISTORICO_RESIDENCIA(FECHA_INICIO, ID_LUGAR, ID_PERSONA, FECHA_FIN) VALUES
                  (TO_DATE('1988-07-20','YYYY-MM-DD'), 45, '00813', NULL);
INSERT INTO EX.FICHA_MEDICA(ID, ID_PERSONA, ID_CENTRO_SALUD, ID_LUGAR, ESTADO, FECHA_INFECCION, FECHA_RECUPERACION) VALUES
                                             (813, '00813', 30, 45, 'desconido', NULL, NULL);
INSERT INTO EX.PADECIMIENTOS(ID_PATOLOGIA, ID_PERSONA, ID_FICHA_MEDICA) VALUES
                            (1, '00813', 813);
INSERT INTO EX.PADECIMIENTOS(ID_PATOLOGIA, ID_PERSONA, ID_FICHA_MEDICA) VALUES
                            (2, '00813', 813);
INSERT INTO EX.PADECIMIENTOS(ID_PATOLOGIA, ID_PERSONA, ID_FICHA_MEDICA) VALUES
                            (3, '00813', 813);
INSERT INTO EX.PADECIMIENTOS(ID_PATOLOGIA, ID_PERSONA, ID_FICHA_MEDICA) VALUES
                            (4, '00813', 813);
INSERT INTO EX.PADECIMIENTOS(ID_PATOLOGIA, ID_PERSONA, ID_FICHA_MEDICA) VALUES
                            (5, '00813', 813);
INSERT INTO EX.PADECIMIENTOS(ID_PATOLOGIA, ID_PERSONA, ID_FICHA_MEDICA) VALUES
                            (6, '00813', 813);
INSERT INTO EX.PERSONA(DOC_IDENTIDAD, NOMBRE, NOMBRE1, APELLIDO, APELLIDO1, FECHA_NAC, GENERO, FOTO) VALUES
                  ('00814', 'Peggy', 'Denise', 'Dean', 'Freeman', TO_DATE('1970-04-25','YYYY-MM-DD'), 'm', NULL);
INSERT INTO EX.HISTORICO_RESIDENCIA(FECHA_INICIO, ID_LUGAR, ID_PERSONA, FECHA_FIN) VALUES
                  (TO_DATE('2019-08-08','YYYY-MM-DD'), 30, '00814', NULL);
INSERT INTO EX.FICHA_MEDICA(ID, ID_PERSONA, ID_CENTRO_SALUD, ID_LUGAR, ESTADO, FECHA_INFECCION, FECHA_RECUPERACION) VALUES
                                             (814, '00814', 15, 30, 'desconido', NULL, NULL);
INSERT INTO EX.PADECIMIENTOS(ID_PATOLOGIA, ID_PERSONA, ID_FICHA_MEDICA) VALUES
                            (1, '00814', 814);
INSERT INTO EX.PADECIMIENTOS(ID_PATOLOGIA, ID_PERSONA, ID_FICHA_MEDICA) VALUES
                            (2, '00814', 814);
INSERT INTO EX.PADECIMIENTOS(ID_PATOLOGIA, ID_PERSONA, ID_FICHA_MEDICA) VALUES
                            (3, '00814', 814);
INSERT INTO EX.PADECIMIENTOS(ID_PATOLOGIA, ID_PERSONA, ID_FICHA_MEDICA) VALUES
                            (4, '00814', 814);
INSERT INTO EX.PADECIMIENTOS(ID_PATOLOGIA, ID_PERSONA, ID_FICHA_MEDICA) VALUES
                            (5, '00814', 814);
INSERT INTO EX.PADECIMIENTOS(ID_PATOLOGIA, ID_PERSONA, ID_FICHA_MEDICA) VALUES
                            (6, '00814', 814);
INSERT INTO EX.PADECIMIENTOS(ID_PATOLOGIA, ID_PERSONA, ID_FICHA_MEDICA) VALUES
                            (7, '00814', 814);
INSERT INTO EX.PADECIMIENTOS(ID_PATOLOGIA, ID_PERSONA, ID_FICHA_MEDICA) VALUES
                            (8, '00814', 814);
INSERT INTO EX.PADECIMIENTOS(ID_PATOLOGIA, ID_PERSONA, ID_FICHA_MEDICA) VALUES
                            (9, '00814', 814);
INSERT INTO EX.PERSONA(DOC_IDENTIDAD, NOMBRE, NOMBRE1, APELLIDO, APELLIDO1, FECHA_NAC, GENERO, FOTO) VALUES
                  ('00815', 'Joshua', 'Kenneth', 'Smith', 'Grant', TO_DATE('1994-11-19','YYYY-MM-DD'), 'f', NULL);
INSERT INTO EX.HISTORICO_RESIDENCIA(FECHA_INICIO, ID_LUGAR, ID_PERSONA, FECHA_FIN) VALUES
                  (TO_DATE('1974-12-16','YYYY-MM-DD'), 35, '00815', NULL);
INSERT INTO EX.FICHA_MEDICA(ID, ID_PERSONA, ID_CENTRO_SALUD, ID_LUGAR, ESTADO, FECHA_INFECCION, FECHA_RECUPERACION) VALUES
                                             (815, '00815', 20, 35, 'desconido', NULL, NULL);
INSERT INTO EX.SINTOMAS(FECHA_INICIO, ID_SINTOMA, ID_PERSONA, ID_FICHA_MEDICA) VALUES
                            (TO_DATE('2020-04-05','YYYY-MM-DD'), 1, '00815', 815);
INSERT INTO EX.SINTOMAS(FECHA_INICIO, ID_SINTOMA, ID_PERSONA, ID_FICHA_MEDICA) VALUES
                            (TO_DATE('2020-02-01','YYYY-MM-DD'), 2, '00815', 815);
INSERT INTO EX.SINTOMAS(FECHA_INICIO, ID_SINTOMA, ID_PERSONA, ID_FICHA_MEDICA) VALUES
                            (TO_DATE('2020-04-26','YYYY-MM-DD'), 3, '00815', 815);
INSERT INTO EX.SINTOMAS(FECHA_INICIO, ID_SINTOMA, ID_PERSONA, ID_FICHA_MEDICA) VALUES
                            (TO_DATE('2020-05-28','YYYY-MM-DD'), 4, '00815', 815);
INSERT INTO EX.SINTOMAS(FECHA_INICIO, ID_SINTOMA, ID_PERSONA, ID_FICHA_MEDICA) VALUES
                            (TO_DATE('2020-06-19','YYYY-MM-DD'), 5, '00815', 815);
INSERT INTO EX.SINTOMAS(FECHA_INICIO, ID_SINTOMA, ID_PERSONA, ID_FICHA_MEDICA) VALUES
                            (TO_DATE('2020-06-07','YYYY-MM-DD'), 6, '00815', 815);
INSERT INTO EX.SINTOMAS(FECHA_INICIO, ID_SINTOMA, ID_PERSONA, ID_FICHA_MEDICA) VALUES
                            (TO_DATE('2020-06-09','YYYY-MM-DD'), 7, '00815', 815);
INSERT INTO EX.SINTOMAS(FECHA_INICIO, ID_SINTOMA, ID_PERSONA, ID_FICHA_MEDICA) VALUES
                            (TO_DATE('2020-04-25','YYYY-MM-DD'), 8, '00815', 815);
INSERT INTO EX.SINTOMAS(FECHA_INICIO, ID_SINTOMA, ID_PERSONA, ID_FICHA_MEDICA) VALUES
                            (TO_DATE('2020-06-08','YYYY-MM-DD'), 9, '00815', 815);
INSERT INTO EX.SINTOMAS(FECHA_INICIO, ID_SINTOMA, ID_PERSONA, ID_FICHA_MEDICA) VALUES
                            (TO_DATE('2020-01-11','YYYY-MM-DD'), 10, '00815', 815);
INSERT INTO EX.SINTOMAS(FECHA_INICIO, ID_SINTOMA, ID_PERSONA, ID_FICHA_MEDICA) VALUES
                            (TO_DATE('2020-05-03','YYYY-MM-DD'), 11, '00815', 815);
INSERT INTO EX.SINTOMAS(FECHA_INICIO, ID_SINTOMA, ID_PERSONA, ID_FICHA_MEDICA) VALUES
                            (TO_DATE('2020-01-13','YYYY-MM-DD'), 12, '00815', 815);
INSERT INTO EX.SINTOMAS(FECHA_INICIO, ID_SINTOMA, ID_PERSONA, ID_FICHA_MEDICA) VALUES
                            (TO_DATE('2020-03-14','YYYY-MM-DD'), 13, '00815', 815);
INSERT INTO EX.SINTOMAS(FECHA_INICIO, ID_SINTOMA, ID_PERSONA, ID_FICHA_MEDICA) VALUES
                            (TO_DATE('2020-06-13','YYYY-MM-DD'), 14, '00815', 815);
INSERT INTO EX.SINTOMAS(FECHA_INICIO, ID_SINTOMA, ID_PERSONA, ID_FICHA_MEDICA) VALUES
                            (TO_DATE('2020-05-10','YYYY-MM-DD'), 15, '00815', 815);
INSERT INTO EX.SINTOMAS(FECHA_INICIO, ID_SINTOMA, ID_PERSONA, ID_FICHA_MEDICA) VALUES
                            (TO_DATE('2020-03-11','YYYY-MM-DD'), 16, '00815', 815);
INSERT INTO EX.SINTOMAS(FECHA_INICIO, ID_SINTOMA, ID_PERSONA, ID_FICHA_MEDICA) VALUES
                            (TO_DATE('2020-02-19','YYYY-MM-DD'), 17, '00815', 815);
INSERT INTO EX.SINTOMAS(FECHA_INICIO, ID_SINTOMA, ID_PERSONA, ID_FICHA_MEDICA) VALUES
                            (TO_DATE('2020-05-07','YYYY-MM-DD'), 18, '00815', 815);
INSERT INTO EX.PERSONA(DOC_IDENTIDAD, NOMBRE, NOMBRE1, APELLIDO, APELLIDO1, FECHA_NAC, GENERO, FOTO) VALUES
                  ('00816', 'Manuel', 'Thomas', 'Nguyen', 'Knapp', TO_DATE('2011-02-27','YYYY-MM-DD'), 'm', NULL);
INSERT INTO EX.HISTORICO_RESIDENCIA(FECHA_INICIO, ID_LUGAR, ID_PERSONA, FECHA_FIN) VALUES
                  (TO_DATE('2013-08-30','YYYY-MM-DD'), 43, '00816', NULL);
INSERT INTO EX.FICHA_MEDICA(ID, ID_PERSONA, ID_CENTRO_SALUD, ID_LUGAR, ESTADO, FECHA_INFECCION, FECHA_RECUPERACION) VALUES
                                             (816, '00816', 28, 43, 'desconido', NULL, NULL);
INSERT INTO EX.PADECIMIENTOS(ID_PATOLOGIA, ID_PERSONA, ID_FICHA_MEDICA) VALUES
                            (1, '00816', 816);
INSERT INTO EX.PADECIMIENTOS(ID_PATOLOGIA, ID_PERSONA, ID_FICHA_MEDICA) VALUES
                            (2, '00816', 816);
INSERT INTO EX.PADECIMIENTOS(ID_PATOLOGIA, ID_PERSONA, ID_FICHA_MEDICA) VALUES
                            (3, '00816', 816);
INSERT INTO EX.PADECIMIENTOS(ID_PATOLOGIA, ID_PERSONA, ID_FICHA_MEDICA) VALUES
                            (4, '00816', 816);
INSERT INTO EX.PADECIMIENTOS(ID_PATOLOGIA, ID_PERSONA, ID_FICHA_MEDICA) VALUES
                            (5, '00816', 816);
INSERT INTO EX.PADECIMIENTOS(ID_PATOLOGIA, ID_PERSONA, ID_FICHA_MEDICA) VALUES
                            (6, '00816', 816);
INSERT INTO EX.PADECIMIENTOS(ID_PATOLOGIA, ID_PERSONA, ID_FICHA_MEDICA) VALUES
                            (7, '00816', 816);
INSERT INTO EX.PADECIMIENTOS(ID_PATOLOGIA, ID_PERSONA, ID_FICHA_MEDICA) VALUES
                            (8, '00816', 816);
INSERT INTO EX.PADECIMIENTOS(ID_PATOLOGIA, ID_PERSONA, ID_FICHA_MEDICA) VALUES
                            (9, '00816', 816);
INSERT INTO EX.PADECIMIENTOS(ID_PATOLOGIA, ID_PERSONA, ID_FICHA_MEDICA) VALUES
                            (10, '00816', 816);
INSERT INTO EX.PADECIMIENTOS(ID_PATOLOGIA, ID_PERSONA, ID_FICHA_MEDICA) VALUES
                            (11, '00816', 816);
INSERT INTO EX.PADECIMIENTOS(ID_PATOLOGIA, ID_PERSONA, ID_FICHA_MEDICA) VALUES
                            (12, '00816', 816);
INSERT INTO EX.PERSONA(DOC_IDENTIDAD, NOMBRE, NOMBRE1, APELLIDO, APELLIDO1, FECHA_NAC, GENERO, FOTO) VALUES
                  ('00817', 'Julie', 'Nicholas', 'Villarreal', 'Reid', TO_DATE('2014-04-26','YYYY-MM-DD'), 'f', NULL);
INSERT INTO EX.HISTORICO_RESIDENCIA(FECHA_INICIO, ID_LUGAR, ID_PERSONA, FECHA_FIN) VALUES
                  (TO_DATE('2000-01-05','YYYY-MM-DD'), 29, '00817', NULL);
INSERT INTO EX.FICHA_MEDICA(ID, ID_PERSONA, ID_CENTRO_SALUD, ID_LUGAR, ESTADO, FECHA_INFECCION, FECHA_RECUPERACION) VALUES
                                             (817, '00817', 14, 29, 'desconido', NULL, NULL);
INSERT INTO EX.PADECIMIENTOS(ID_PATOLOGIA, ID_PERSONA, ID_FICHA_MEDICA) VALUES
                            (1, '00817', 817);
INSERT INTO EX.PADECIMIENTOS(ID_PATOLOGIA, ID_PERSONA, ID_FICHA_MEDICA) VALUES
                            (2, '00817', 817);
INSERT INTO EX.PADECIMIENTOS(ID_PATOLOGIA, ID_PERSONA, ID_FICHA_MEDICA) VALUES
                            (3, '00817', 817);
INSERT INTO EX.PADECIMIENTOS(ID_PATOLOGIA, ID_PERSONA, ID_FICHA_MEDICA) VALUES
                            (4, '00817', 817);
INSERT INTO EX.PADECIMIENTOS(ID_PATOLOGIA, ID_PERSONA, ID_FICHA_MEDICA) VALUES
                            (5, '00817', 817);
INSERT INTO EX.PADECIMIENTOS(ID_PATOLOGIA, ID_PERSONA, ID_FICHA_MEDICA) VALUES
                            (6, '00817', 817);
INSERT INTO EX.PADECIMIENTOS(ID_PATOLOGIA, ID_PERSONA, ID_FICHA_MEDICA) VALUES
                            (7, '00817', 817);
INSERT INTO EX.PERSONA(DOC_IDENTIDAD, NOMBRE, NOMBRE1, APELLIDO, APELLIDO1, FECHA_NAC, GENERO, FOTO) VALUES
                  ('00818', 'Tina', 'Rachel', 'Robertson', 'Owens', TO_DATE('2018-06-17','YYYY-MM-DD'), 'm', NULL);
INSERT INTO EX.HISTORICO_RESIDENCIA(FECHA_INICIO, ID_LUGAR, ID_PERSONA, FECHA_FIN) VALUES
                  (TO_DATE('1972-10-09','YYYY-MM-DD'), 20, '00818', NULL);
INSERT INTO EX.FICHA_MEDICA(ID, ID_PERSONA, ID_CENTRO_SALUD, ID_LUGAR, ESTADO, FECHA_INFECCION, FECHA_RECUPERACION) VALUES
                                             (818, '00818', 5, 20, 'desconido', NULL, NULL);
INSERT INTO EX.PADECIMIENTOS(ID_PATOLOGIA, ID_PERSONA, ID_FICHA_MEDICA) VALUES
                            (1, '00818', 818);
INSERT INTO EX.PADECIMIENTOS(ID_PATOLOGIA, ID_PERSONA, ID_FICHA_MEDICA) VALUES
                            (2, '00818', 818);
INSERT INTO EX.PADECIMIENTOS(ID_PATOLOGIA, ID_PERSONA, ID_FICHA_MEDICA) VALUES
                            (3, '00818', 818);
INSERT INTO EX.PADECIMIENTOS(ID_PATOLOGIA, ID_PERSONA, ID_FICHA_MEDICA) VALUES
                            (4, '00818', 818);
INSERT INTO EX.PADECIMIENTOS(ID_PATOLOGIA, ID_PERSONA, ID_FICHA_MEDICA) VALUES
                            (5, '00818', 818);
INSERT INTO EX.PADECIMIENTOS(ID_PATOLOGIA, ID_PERSONA, ID_FICHA_MEDICA) VALUES
                            (6, '00818', 818);
INSERT INTO EX.PADECIMIENTOS(ID_PATOLOGIA, ID_PERSONA, ID_FICHA_MEDICA) VALUES
                            (7, '00818', 818);
INSERT INTO EX.PADECIMIENTOS(ID_PATOLOGIA, ID_PERSONA, ID_FICHA_MEDICA) VALUES
                            (8, '00818', 818);
INSERT INTO EX.SINTOMAS(FECHA_INICIO, ID_SINTOMA, ID_PERSONA, ID_FICHA_MEDICA) VALUES
                            (TO_DATE('2020-05-11','YYYY-MM-DD'), 1, '00818', 818);
INSERT INTO EX.SINTOMAS(FECHA_INICIO, ID_SINTOMA, ID_PERSONA, ID_FICHA_MEDICA) VALUES
                            (TO_DATE('2020-05-13','YYYY-MM-DD'), 2, '00818', 818);
INSERT INTO EX.SINTOMAS(FECHA_INICIO, ID_SINTOMA, ID_PERSONA, ID_FICHA_MEDICA) VALUES
                            (TO_DATE('2020-06-05','YYYY-MM-DD'), 3, '00818', 818);
INSERT INTO EX.SINTOMAS(FECHA_INICIO, ID_SINTOMA, ID_PERSONA, ID_FICHA_MEDICA) VALUES
                            (TO_DATE('2020-04-21','YYYY-MM-DD'), 4, '00818', 818);
INSERT INTO EX.SINTOMAS(FECHA_INICIO, ID_SINTOMA, ID_PERSONA, ID_FICHA_MEDICA) VALUES
                            (TO_DATE('2020-01-20','YYYY-MM-DD'), 5, '00818', 818);
INSERT INTO EX.SINTOMAS(FECHA_INICIO, ID_SINTOMA, ID_PERSONA, ID_FICHA_MEDICA) VALUES
                            (TO_DATE('2020-02-21','YYYY-MM-DD'), 6, '00818', 818);
INSERT INTO EX.SINTOMAS(FECHA_INICIO, ID_SINTOMA, ID_PERSONA, ID_FICHA_MEDICA) VALUES
                            (TO_DATE('2020-06-06','YYYY-MM-DD'), 7, '00818', 818);
INSERT INTO EX.PERSONA(DOC_IDENTIDAD, NOMBRE, NOMBRE1, APELLIDO, APELLIDO1, FECHA_NAC, GENERO, FOTO) VALUES
                  ('00819', 'Antonio', 'Susan', 'Proctor', 'Roth', TO_DATE('2000-04-16','YYYY-MM-DD'), 'f', NULL);
INSERT INTO EX.HISTORICO_RESIDENCIA(FECHA_INICIO, ID_LUGAR, ID_PERSONA, FECHA_FIN) VALUES
                  (TO_DATE('1984-09-07','YYYY-MM-DD'), 34, '00819', NULL);
INSERT INTO EX.FICHA_MEDICA(ID, ID_PERSONA, ID_CENTRO_SALUD, ID_LUGAR, ESTADO, FECHA_INFECCION, FECHA_RECUPERACION) VALUES
                                             (819, '00819', 19, 34, 'desconido', NULL, NULL);
INSERT INTO EX.PERSONA(DOC_IDENTIDAD, NOMBRE, NOMBRE1, APELLIDO, APELLIDO1, FECHA_NAC, GENERO, FOTO) VALUES
                  ('00820', 'Victoria', 'Christopher', 'Lambert', 'Pena', TO_DATE('2005-12-27','YYYY-MM-DD'), 'm', NULL);
INSERT INTO EX.HISTORICO_RESIDENCIA(FECHA_INICIO, ID_LUGAR, ID_PERSONA, FECHA_FIN) VALUES
                  (TO_DATE('2014-07-02','YYYY-MM-DD'), 29, '00820', NULL);
INSERT INTO EX.FICHA_MEDICA(ID, ID_PERSONA, ID_CENTRO_SALUD, ID_LUGAR, ESTADO, FECHA_INFECCION, FECHA_RECUPERACION) VALUES
                                             (820, '00820', 14, 29, 'desconido', NULL, NULL);
INSERT INTO EX.PERSONA(DOC_IDENTIDAD, NOMBRE, NOMBRE1, APELLIDO, APELLIDO1, FECHA_NAC, GENERO, FOTO) VALUES
                  ('00821', 'Pamela', 'Rebecca', 'Love', 'Khan', TO_DATE('1997-06-14','YYYY-MM-DD'), 'f', NULL);
INSERT INTO EX.HISTORICO_RESIDENCIA(FECHA_INICIO, ID_LUGAR, ID_PERSONA, FECHA_FIN) VALUES
                  (TO_DATE('1987-12-14','YYYY-MM-DD'), 26, '00821', NULL);
INSERT INTO EX.FICHA_MEDICA(ID, ID_PERSONA, ID_CENTRO_SALUD, ID_LUGAR, ESTADO, FECHA_INFECCION, FECHA_RECUPERACION) VALUES
                                             (821, '00821', 11, 26, 'desconido', NULL, NULL);
INSERT INTO EX.PADECIMIENTOS(ID_PATOLOGIA, ID_PERSONA, ID_FICHA_MEDICA) VALUES
                            (1, '00821', 821);
INSERT INTO EX.PADECIMIENTOS(ID_PATOLOGIA, ID_PERSONA, ID_FICHA_MEDICA) VALUES
                            (2, '00821', 821);
INSERT INTO EX.PADECIMIENTOS(ID_PATOLOGIA, ID_PERSONA, ID_FICHA_MEDICA) VALUES
                            (3, '00821', 821);
INSERT INTO EX.PADECIMIENTOS(ID_PATOLOGIA, ID_PERSONA, ID_FICHA_MEDICA) VALUES
                            (4, '00821', 821);
INSERT INTO EX.PADECIMIENTOS(ID_PATOLOGIA, ID_PERSONA, ID_FICHA_MEDICA) VALUES
                            (5, '00821', 821);
INSERT INTO EX.PADECIMIENTOS(ID_PATOLOGIA, ID_PERSONA, ID_FICHA_MEDICA) VALUES
                            (6, '00821', 821);
INSERT INTO EX.PADECIMIENTOS(ID_PATOLOGIA, ID_PERSONA, ID_FICHA_MEDICA) VALUES
                            (7, '00821', 821);
INSERT INTO EX.PERSONA(DOC_IDENTIDAD, NOMBRE, NOMBRE1, APELLIDO, APELLIDO1, FECHA_NAC, GENERO, FOTO) VALUES
                  ('00822', 'Jared', 'Latoya', 'Barton', 'Young', TO_DATE('2015-09-21','YYYY-MM-DD'), 'm', NULL);
INSERT INTO EX.HISTORICO_RESIDENCIA(FECHA_INICIO, ID_LUGAR, ID_PERSONA, FECHA_FIN) VALUES
                  (TO_DATE('1994-10-02','YYYY-MM-DD'), 32, '00822', NULL);
INSERT INTO EX.FICHA_MEDICA(ID, ID_PERSONA, ID_CENTRO_SALUD, ID_LUGAR, ESTADO, FECHA_INFECCION, FECHA_RECUPERACION) VALUES
                                             (822, '00822', 17, 32, 'desconido', NULL, NULL);
INSERT INTO EX.SINTOMAS(FECHA_INICIO, ID_SINTOMA, ID_PERSONA, ID_FICHA_MEDICA) VALUES
                            (TO_DATE('2020-01-21','YYYY-MM-DD'), 1, '00822', 822);
INSERT INTO EX.PERSONA(DOC_IDENTIDAD, NOMBRE, NOMBRE1, APELLIDO, APELLIDO1, FECHA_NAC, GENERO, FOTO) VALUES
                  ('00823', 'Ashley', 'Diana', 'Hernandez', 'Garza', TO_DATE('2019-06-20','YYYY-MM-DD'), 'f', NULL);
INSERT INTO EX.HISTORICO_RESIDENCIA(FECHA_INICIO, ID_LUGAR, ID_PERSONA, FECHA_FIN) VALUES
                  (TO_DATE('1972-07-22','YYYY-MM-DD'), 40, '00823', NULL);
INSERT INTO EX.FICHA_MEDICA(ID, ID_PERSONA, ID_CENTRO_SALUD, ID_LUGAR, ESTADO, FECHA_INFECCION, FECHA_RECUPERACION) VALUES
                                             (823, '00823', 25, 40, 'desconido', NULL, NULL);
INSERT INTO EX.PERSONA(DOC_IDENTIDAD, NOMBRE, NOMBRE1, APELLIDO, APELLIDO1, FECHA_NAC, GENERO, FOTO) VALUES
                  ('00824', 'Michael', 'Ashlee', 'Howard', 'Marshall', TO_DATE('1980-06-07','YYYY-MM-DD'), 'm', NULL);
INSERT INTO EX.HISTORICO_RESIDENCIA(FECHA_INICIO, ID_LUGAR, ID_PERSONA, FECHA_FIN) VALUES
                  (TO_DATE('2014-08-23','YYYY-MM-DD'), 39, '00824', NULL);
INSERT INTO EX.FICHA_MEDICA(ID, ID_PERSONA, ID_CENTRO_SALUD, ID_LUGAR, ESTADO, FECHA_INFECCION, FECHA_RECUPERACION) VALUES
                                             (824, '00824', 24, 39, 'desconido', NULL, NULL);
INSERT INTO EX.PADECIMIENTOS(ID_PATOLOGIA, ID_PERSONA, ID_FICHA_MEDICA) VALUES
                            (1, '00824', 824);
INSERT INTO EX.PADECIMIENTOS(ID_PATOLOGIA, ID_PERSONA, ID_FICHA_MEDICA) VALUES
                            (2, '00824', 824);
INSERT INTO EX.PADECIMIENTOS(ID_PATOLOGIA, ID_PERSONA, ID_FICHA_MEDICA) VALUES
                            (3, '00824', 824);
INSERT INTO EX.PADECIMIENTOS(ID_PATOLOGIA, ID_PERSONA, ID_FICHA_MEDICA) VALUES
                            (4, '00824', 824);
INSERT INTO EX.PADECIMIENTOS(ID_PATOLOGIA, ID_PERSONA, ID_FICHA_MEDICA) VALUES
                            (5, '00824', 824);
INSERT INTO EX.PADECIMIENTOS(ID_PATOLOGIA, ID_PERSONA, ID_FICHA_MEDICA) VALUES
                            (6, '00824', 824);
INSERT INTO EX.PADECIMIENTOS(ID_PATOLOGIA, ID_PERSONA, ID_FICHA_MEDICA) VALUES
                            (7, '00824', 824);
INSERT INTO EX.PADECIMIENTOS(ID_PATOLOGIA, ID_PERSONA, ID_FICHA_MEDICA) VALUES
                            (8, '00824', 824);
INSERT INTO EX.PADECIMIENTOS(ID_PATOLOGIA, ID_PERSONA, ID_FICHA_MEDICA) VALUES
                            (9, '00824', 824);
INSERT INTO EX.PADECIMIENTOS(ID_PATOLOGIA, ID_PERSONA, ID_FICHA_MEDICA) VALUES
                            (10, '00824', 824);
INSERT INTO EX.PADECIMIENTOS(ID_PATOLOGIA, ID_PERSONA, ID_FICHA_MEDICA) VALUES
                            (11, '00824', 824);
INSERT INTO EX.PADECIMIENTOS(ID_PATOLOGIA, ID_PERSONA, ID_FICHA_MEDICA) VALUES
                            (12, '00824', 824);
INSERT INTO EX.PADECIMIENTOS(ID_PATOLOGIA, ID_PERSONA, ID_FICHA_MEDICA) VALUES
                            (13, '00824', 824);
INSERT INTO EX.PADECIMIENTOS(ID_PATOLOGIA, ID_PERSONA, ID_FICHA_MEDICA) VALUES
                            (14, '00824', 824);
INSERT INTO EX.PADECIMIENTOS(ID_PATOLOGIA, ID_PERSONA, ID_FICHA_MEDICA) VALUES
                            (15, '00824', 824);
INSERT INTO EX.PERSONA(DOC_IDENTIDAD, NOMBRE, NOMBRE1, APELLIDO, APELLIDO1, FECHA_NAC, GENERO, FOTO) VALUES
                  ('00825', 'Alison', 'Gregory', 'Johnson', 'Ortiz', TO_DATE('1986-12-22','YYYY-MM-DD'), 'f', NULL);
INSERT INTO EX.HISTORICO_RESIDENCIA(FECHA_INICIO, ID_LUGAR, ID_PERSONA, FECHA_FIN) VALUES
                  (TO_DATE('2012-06-10','YYYY-MM-DD'), 30, '00825', NULL);
INSERT INTO EX.FICHA_MEDICA(ID, ID_PERSONA, ID_CENTRO_SALUD, ID_LUGAR, ESTADO, FECHA_INFECCION, FECHA_RECUPERACION) VALUES
                                             (825, '00825', 15, 30, 'desconido', NULL, NULL);
INSERT INTO EX.PERSONA(DOC_IDENTIDAD, NOMBRE, NOMBRE1, APELLIDO, APELLIDO1, FECHA_NAC, GENERO, FOTO) VALUES
                  ('00826', 'Amanda', 'Robert', 'Scott', 'Gregory', TO_DATE('2010-03-14','YYYY-MM-DD'), 'm', NULL);
INSERT INTO EX.HISTORICO_RESIDENCIA(FECHA_INICIO, ID_LUGAR, ID_PERSONA, FECHA_FIN) VALUES
                  (TO_DATE('2018-02-23','YYYY-MM-DD'), 39, '00826', NULL);
INSERT INTO EX.FICHA_MEDICA(ID, ID_PERSONA, ID_CENTRO_SALUD, ID_LUGAR, ESTADO, FECHA_INFECCION, FECHA_RECUPERACION) VALUES
                                             (826, '00826', 24, 39, 'desconido', NULL, NULL);
INSERT INTO EX.PERSONA(DOC_IDENTIDAD, NOMBRE, NOMBRE1, APELLIDO, APELLIDO1, FECHA_NAC, GENERO, FOTO) VALUES
                  ('00827', 'Julie', 'Dillon', 'Bell', 'Berg', TO_DATE('1984-11-11','YYYY-MM-DD'), 'f', NULL);
INSERT INTO EX.HISTORICO_RESIDENCIA(FECHA_INICIO, ID_LUGAR, ID_PERSONA, FECHA_FIN) VALUES
                  (TO_DATE('2008-03-05','YYYY-MM-DD'), 33, '00827', NULL);
INSERT INTO EX.FICHA_MEDICA(ID, ID_PERSONA, ID_CENTRO_SALUD, ID_LUGAR, ESTADO, FECHA_INFECCION, FECHA_RECUPERACION) VALUES
                                             (827, '00827', 18, 33, 'desconido', NULL, NULL);
INSERT INTO EX.PADECIMIENTOS(ID_PATOLOGIA, ID_PERSONA, ID_FICHA_MEDICA) VALUES
                            (1, '00827', 827);
INSERT INTO EX.PADECIMIENTOS(ID_PATOLOGIA, ID_PERSONA, ID_FICHA_MEDICA) VALUES
                            (2, '00827', 827);
INSERT INTO EX.PADECIMIENTOS(ID_PATOLOGIA, ID_PERSONA, ID_FICHA_MEDICA) VALUES
                            (3, '00827', 827);
INSERT INTO EX.PADECIMIENTOS(ID_PATOLOGIA, ID_PERSONA, ID_FICHA_MEDICA) VALUES
                            (4, '00827', 827);
INSERT INTO EX.PADECIMIENTOS(ID_PATOLOGIA, ID_PERSONA, ID_FICHA_MEDICA) VALUES
                            (5, '00827', 827);
INSERT INTO EX.PADECIMIENTOS(ID_PATOLOGIA, ID_PERSONA, ID_FICHA_MEDICA) VALUES
                            (6, '00827', 827);
INSERT INTO EX.PADECIMIENTOS(ID_PATOLOGIA, ID_PERSONA, ID_FICHA_MEDICA) VALUES
                            (7, '00827', 827);
INSERT INTO EX.PERSONA(DOC_IDENTIDAD, NOMBRE, NOMBRE1, APELLIDO, APELLIDO1, FECHA_NAC, GENERO, FOTO) VALUES
                  ('00828', 'Michael', 'Ashley', 'Thompson', 'Jackson', TO_DATE('1980-08-02','YYYY-MM-DD'), 'm', NULL);
INSERT INTO EX.HISTORICO_RESIDENCIA(FECHA_INICIO, ID_LUGAR, ID_PERSONA, FECHA_FIN) VALUES
                  (TO_DATE('2001-12-03','YYYY-MM-DD'), 34, '00828', NULL);
INSERT INTO EX.FICHA_MEDICA(ID, ID_PERSONA, ID_CENTRO_SALUD, ID_LUGAR, ESTADO, FECHA_INFECCION, FECHA_RECUPERACION) VALUES
                                             (828, '00828', 19, 34, 'desconido', NULL, NULL);
INSERT INTO EX.PADECIMIENTOS(ID_PATOLOGIA, ID_PERSONA, ID_FICHA_MEDICA) VALUES
                            (1, '00828', 828);
INSERT INTO EX.PADECIMIENTOS(ID_PATOLOGIA, ID_PERSONA, ID_FICHA_MEDICA) VALUES
                            (2, '00828', 828);
INSERT INTO EX.PADECIMIENTOS(ID_PATOLOGIA, ID_PERSONA, ID_FICHA_MEDICA) VALUES
                            (3, '00828', 828);
INSERT INTO EX.PADECIMIENTOS(ID_PATOLOGIA, ID_PERSONA, ID_FICHA_MEDICA) VALUES
                            (4, '00828', 828);
INSERT INTO EX.SINTOMAS(FECHA_INICIO, ID_SINTOMA, ID_PERSONA, ID_FICHA_MEDICA) VALUES
                            (TO_DATE('2020-01-03','YYYY-MM-DD'), 1, '00828', 828);
INSERT INTO EX.SINTOMAS(FECHA_INICIO, ID_SINTOMA, ID_PERSONA, ID_FICHA_MEDICA) VALUES
                            (TO_DATE('2020-06-29','YYYY-MM-DD'), 2, '00828', 828);
INSERT INTO EX.SINTOMAS(FECHA_INICIO, ID_SINTOMA, ID_PERSONA, ID_FICHA_MEDICA) VALUES
                            (TO_DATE('2020-02-17','YYYY-MM-DD'), 3, '00828', 828);
INSERT INTO EX.SINTOMAS(FECHA_INICIO, ID_SINTOMA, ID_PERSONA, ID_FICHA_MEDICA) VALUES
                            (TO_DATE('2020-03-05','YYYY-MM-DD'), 4, '00828', 828);
INSERT INTO EX.SINTOMAS(FECHA_INICIO, ID_SINTOMA, ID_PERSONA, ID_FICHA_MEDICA) VALUES
                            (TO_DATE('2020-06-12','YYYY-MM-DD'), 5, '00828', 828);
INSERT INTO EX.SINTOMAS(FECHA_INICIO, ID_SINTOMA, ID_PERSONA, ID_FICHA_MEDICA) VALUES
                            (TO_DATE('2020-04-19','YYYY-MM-DD'), 6, '00828', 828);
INSERT INTO EX.SINTOMAS(FECHA_INICIO, ID_SINTOMA, ID_PERSONA, ID_FICHA_MEDICA) VALUES
                            (TO_DATE('2020-03-02','YYYY-MM-DD'), 7, '00828', 828);
INSERT INTO EX.SINTOMAS(FECHA_INICIO, ID_SINTOMA, ID_PERSONA, ID_FICHA_MEDICA) VALUES
                            (TO_DATE('2020-05-02','YYYY-MM-DD'), 8, '00828', 828);
INSERT INTO EX.SINTOMAS(FECHA_INICIO, ID_SINTOMA, ID_PERSONA, ID_FICHA_MEDICA) VALUES
                            (TO_DATE('2020-02-28','YYYY-MM-DD'), 9, '00828', 828);
INSERT INTO EX.SINTOMAS(FECHA_INICIO, ID_SINTOMA, ID_PERSONA, ID_FICHA_MEDICA) VALUES
                            (TO_DATE('2020-05-01','YYYY-MM-DD'), 10, '00828', 828);
INSERT INTO EX.PERSONA(DOC_IDENTIDAD, NOMBRE, NOMBRE1, APELLIDO, APELLIDO1, FECHA_NAC, GENERO, FOTO) VALUES
                  ('00829', 'Richard', 'Cynthia', 'Johnson', 'Hernandez', TO_DATE('1976-07-28','YYYY-MM-DD'), 'f', NULL);
INSERT INTO EX.HISTORICO_RESIDENCIA(FECHA_INICIO, ID_LUGAR, ID_PERSONA, FECHA_FIN) VALUES
                  (TO_DATE('1970-09-27','YYYY-MM-DD'), 19, '00829', NULL);
INSERT INTO EX.FICHA_MEDICA(ID, ID_PERSONA, ID_CENTRO_SALUD, ID_LUGAR, ESTADO, FECHA_INFECCION, FECHA_RECUPERACION) VALUES
                                             (829, '00829', 4, 19, 'desconido', NULL, NULL);
INSERT INTO EX.SINTOMAS(FECHA_INICIO, ID_SINTOMA, ID_PERSONA, ID_FICHA_MEDICA) VALUES
                            (TO_DATE('2020-03-24','YYYY-MM-DD'), 1, '00829', 829);
INSERT INTO EX.SINTOMAS(FECHA_INICIO, ID_SINTOMA, ID_PERSONA, ID_FICHA_MEDICA) VALUES
                            (TO_DATE('2020-01-11','YYYY-MM-DD'), 2, '00829', 829);
INSERT INTO EX.SINTOMAS(FECHA_INICIO, ID_SINTOMA, ID_PERSONA, ID_FICHA_MEDICA) VALUES
                            (TO_DATE('2020-05-27','YYYY-MM-DD'), 3, '00829', 829);
INSERT INTO EX.SINTOMAS(FECHA_INICIO, ID_SINTOMA, ID_PERSONA, ID_FICHA_MEDICA) VALUES
                            (TO_DATE('2020-01-10','YYYY-MM-DD'), 4, '00829', 829);
INSERT INTO EX.SINTOMAS(FECHA_INICIO, ID_SINTOMA, ID_PERSONA, ID_FICHA_MEDICA) VALUES
                            (TO_DATE('2020-03-17','YYYY-MM-DD'), 5, '00829', 829);
INSERT INTO EX.SINTOMAS(FECHA_INICIO, ID_SINTOMA, ID_PERSONA, ID_FICHA_MEDICA) VALUES
                            (TO_DATE('2020-01-06','YYYY-MM-DD'), 6, '00829', 829);
INSERT INTO EX.SINTOMAS(FECHA_INICIO, ID_SINTOMA, ID_PERSONA, ID_FICHA_MEDICA) VALUES
                            (TO_DATE('2020-06-16','YYYY-MM-DD'), 7, '00829', 829);
INSERT INTO EX.SINTOMAS(FECHA_INICIO, ID_SINTOMA, ID_PERSONA, ID_FICHA_MEDICA) VALUES
                            (TO_DATE('2020-05-15','YYYY-MM-DD'), 8, '00829', 829);
INSERT INTO EX.SINTOMAS(FECHA_INICIO, ID_SINTOMA, ID_PERSONA, ID_FICHA_MEDICA) VALUES
                            (TO_DATE('2020-01-16','YYYY-MM-DD'), 9, '00829', 829);
INSERT INTO EX.SINTOMAS(FECHA_INICIO, ID_SINTOMA, ID_PERSONA, ID_FICHA_MEDICA) VALUES
                            (TO_DATE('2020-04-21','YYYY-MM-DD'), 10, '00829', 829);
INSERT INTO EX.PERSONA(DOC_IDENTIDAD, NOMBRE, NOMBRE1, APELLIDO, APELLIDO1, FECHA_NAC, GENERO, FOTO) VALUES
                  ('00830', 'Tyrone', 'Brenda', 'Cox', 'King', TO_DATE('1999-10-30','YYYY-MM-DD'), 'm', NULL);
INSERT INTO EX.HISTORICO_RESIDENCIA(FECHA_INICIO, ID_LUGAR, ID_PERSONA, FECHA_FIN) VALUES
                  (TO_DATE('2020-01-11','YYYY-MM-DD'), 39, '00830', NULL);
INSERT INTO EX.FICHA_MEDICA(ID, ID_PERSONA, ID_CENTRO_SALUD, ID_LUGAR, ESTADO, FECHA_INFECCION, FECHA_RECUPERACION) VALUES
                                             (830, '00830', 24, 39, 'desconido', NULL, NULL);
INSERT INTO EX.PERSONA(DOC_IDENTIDAD, NOMBRE, NOMBRE1, APELLIDO, APELLIDO1, FECHA_NAC, GENERO, FOTO) VALUES
                  ('00831', 'Joseph', 'James', 'Parker', 'Duarte', TO_DATE('1996-12-17','YYYY-MM-DD'), 'f', NULL);
INSERT INTO EX.HISTORICO_RESIDENCIA(FECHA_INICIO, ID_LUGAR, ID_PERSONA, FECHA_FIN) VALUES
                  (TO_DATE('1974-01-23','YYYY-MM-DD'), 18, '00831', NULL);
INSERT INTO EX.FICHA_MEDICA(ID, ID_PERSONA, ID_CENTRO_SALUD, ID_LUGAR, ESTADO, FECHA_INFECCION, FECHA_RECUPERACION) VALUES
                                             (831, '00831', 3, 18, 'desconido', NULL, NULL);
INSERT INTO EX.PADECIMIENTOS(ID_PATOLOGIA, ID_PERSONA, ID_FICHA_MEDICA) VALUES
                            (1, '00831', 831);
INSERT INTO EX.SINTOMAS(FECHA_INICIO, ID_SINTOMA, ID_PERSONA, ID_FICHA_MEDICA) VALUES
                            (TO_DATE('2020-05-01','YYYY-MM-DD'), 1, '00831', 831);
INSERT INTO EX.SINTOMAS(FECHA_INICIO, ID_SINTOMA, ID_PERSONA, ID_FICHA_MEDICA) VALUES
                            (TO_DATE('2020-05-11','YYYY-MM-DD'), 2, '00831', 831);
INSERT INTO EX.SINTOMAS(FECHA_INICIO, ID_SINTOMA, ID_PERSONA, ID_FICHA_MEDICA) VALUES
                            (TO_DATE('2020-01-31','YYYY-MM-DD'), 3, '00831', 831);
INSERT INTO EX.SINTOMAS(FECHA_INICIO, ID_SINTOMA, ID_PERSONA, ID_FICHA_MEDICA) VALUES
                            (TO_DATE('2020-02-04','YYYY-MM-DD'), 4, '00831', 831);
INSERT INTO EX.SINTOMAS(FECHA_INICIO, ID_SINTOMA, ID_PERSONA, ID_FICHA_MEDICA) VALUES
                            (TO_DATE('2020-05-05','YYYY-MM-DD'), 5, '00831', 831);
INSERT INTO EX.SINTOMAS(FECHA_INICIO, ID_SINTOMA, ID_PERSONA, ID_FICHA_MEDICA) VALUES
                            (TO_DATE('2020-03-09','YYYY-MM-DD'), 6, '00831', 831);
INSERT INTO EX.SINTOMAS(FECHA_INICIO, ID_SINTOMA, ID_PERSONA, ID_FICHA_MEDICA) VALUES
                            (TO_DATE('2020-01-26','YYYY-MM-DD'), 7, '00831', 831);
INSERT INTO EX.SINTOMAS(FECHA_INICIO, ID_SINTOMA, ID_PERSONA, ID_FICHA_MEDICA) VALUES
                            (TO_DATE('2020-02-01','YYYY-MM-DD'), 8, '00831', 831);
INSERT INTO EX.SINTOMAS(FECHA_INICIO, ID_SINTOMA, ID_PERSONA, ID_FICHA_MEDICA) VALUES
                            (TO_DATE('2020-01-22','YYYY-MM-DD'), 9, '00831', 831);
INSERT INTO EX.SINTOMAS(FECHA_INICIO, ID_SINTOMA, ID_PERSONA, ID_FICHA_MEDICA) VALUES
                            (TO_DATE('2020-04-22','YYYY-MM-DD'), 10, '00831', 831);
INSERT INTO EX.SINTOMAS(FECHA_INICIO, ID_SINTOMA, ID_PERSONA, ID_FICHA_MEDICA) VALUES
                            (TO_DATE('2020-04-10','YYYY-MM-DD'), 11, '00831', 831);
INSERT INTO EX.SINTOMAS(FECHA_INICIO, ID_SINTOMA, ID_PERSONA, ID_FICHA_MEDICA) VALUES
                            (TO_DATE('2020-05-28','YYYY-MM-DD'), 12, '00831', 831);
INSERT INTO EX.SINTOMAS(FECHA_INICIO, ID_SINTOMA, ID_PERSONA, ID_FICHA_MEDICA) VALUES
                            (TO_DATE('2020-06-08','YYYY-MM-DD'), 13, '00831', 831);
INSERT INTO EX.PERSONA(DOC_IDENTIDAD, NOMBRE, NOMBRE1, APELLIDO, APELLIDO1, FECHA_NAC, GENERO, FOTO) VALUES
                  ('00832', 'Willie', 'Derrick', 'Cardenas', 'Payne', TO_DATE('1998-10-09','YYYY-MM-DD'), 'm', NULL);
INSERT INTO EX.HISTORICO_RESIDENCIA(FECHA_INICIO, ID_LUGAR, ID_PERSONA, FECHA_FIN) VALUES
                  (TO_DATE('1970-02-22','YYYY-MM-DD'), 25, '00832', NULL);
INSERT INTO EX.FICHA_MEDICA(ID, ID_PERSONA, ID_CENTRO_SALUD, ID_LUGAR, ESTADO, FECHA_INFECCION, FECHA_RECUPERACION) VALUES
                                             (832, '00832', 10, 25, 'desconido', NULL, NULL);
INSERT INTO EX.PADECIMIENTOS(ID_PATOLOGIA, ID_PERSONA, ID_FICHA_MEDICA) VALUES
                            (1, '00832', 832);
INSERT INTO EX.PADECIMIENTOS(ID_PATOLOGIA, ID_PERSONA, ID_FICHA_MEDICA) VALUES
                            (2, '00832', 832);
INSERT INTO EX.PADECIMIENTOS(ID_PATOLOGIA, ID_PERSONA, ID_FICHA_MEDICA) VALUES
                            (3, '00832', 832);
INSERT INTO EX.PADECIMIENTOS(ID_PATOLOGIA, ID_PERSONA, ID_FICHA_MEDICA) VALUES
                            (4, '00832', 832);
INSERT INTO EX.PADECIMIENTOS(ID_PATOLOGIA, ID_PERSONA, ID_FICHA_MEDICA) VALUES
                            (5, '00832', 832);
INSERT INTO EX.PADECIMIENTOS(ID_PATOLOGIA, ID_PERSONA, ID_FICHA_MEDICA) VALUES
                            (6, '00832', 832);
INSERT INTO EX.PERSONA(DOC_IDENTIDAD, NOMBRE, NOMBRE1, APELLIDO, APELLIDO1, FECHA_NAC, GENERO, FOTO) VALUES
                  ('00833', 'Allison', 'Michael', 'Myers', 'Bailey', TO_DATE('2008-09-06','YYYY-MM-DD'), 'f', NULL);
INSERT INTO EX.HISTORICO_RESIDENCIA(FECHA_INICIO, ID_LUGAR, ID_PERSONA, FECHA_FIN) VALUES
                  (TO_DATE('1992-12-15','YYYY-MM-DD'), 20, '00833', NULL);
INSERT INTO EX.FICHA_MEDICA(ID, ID_PERSONA, ID_CENTRO_SALUD, ID_LUGAR, ESTADO, FECHA_INFECCION, FECHA_RECUPERACION) VALUES
                                             (833, '00833', 5, 20, 'desconido', NULL, NULL);
INSERT INTO EX.SINTOMAS(FECHA_INICIO, ID_SINTOMA, ID_PERSONA, ID_FICHA_MEDICA) VALUES
                            (TO_DATE('2020-04-17','YYYY-MM-DD'), 1, '00833', 833);
INSERT INTO EX.SINTOMAS(FECHA_INICIO, ID_SINTOMA, ID_PERSONA, ID_FICHA_MEDICA) VALUES
                            (TO_DATE('2020-01-24','YYYY-MM-DD'), 2, '00833', 833);
INSERT INTO EX.SINTOMAS(FECHA_INICIO, ID_SINTOMA, ID_PERSONA, ID_FICHA_MEDICA) VALUES
                            (TO_DATE('2020-02-09','YYYY-MM-DD'), 3, '00833', 833);
INSERT INTO EX.SINTOMAS(FECHA_INICIO, ID_SINTOMA, ID_PERSONA, ID_FICHA_MEDICA) VALUES
                            (TO_DATE('2020-01-22','YYYY-MM-DD'), 4, '00833', 833);
INSERT INTO EX.SINTOMAS(FECHA_INICIO, ID_SINTOMA, ID_PERSONA, ID_FICHA_MEDICA) VALUES
                            (TO_DATE('2020-02-16','YYYY-MM-DD'), 5, '00833', 833);
INSERT INTO EX.SINTOMAS(FECHA_INICIO, ID_SINTOMA, ID_PERSONA, ID_FICHA_MEDICA) VALUES
                            (TO_DATE('2020-01-30','YYYY-MM-DD'), 6, '00833', 833);
INSERT INTO EX.SINTOMAS(FECHA_INICIO, ID_SINTOMA, ID_PERSONA, ID_FICHA_MEDICA) VALUES
                            (TO_DATE('2020-05-07','YYYY-MM-DD'), 7, '00833', 833);
INSERT INTO EX.SINTOMAS(FECHA_INICIO, ID_SINTOMA, ID_PERSONA, ID_FICHA_MEDICA) VALUES
                            (TO_DATE('2020-06-05','YYYY-MM-DD'), 8, '00833', 833);
INSERT INTO EX.SINTOMAS(FECHA_INICIO, ID_SINTOMA, ID_PERSONA, ID_FICHA_MEDICA) VALUES
                            (TO_DATE('2020-02-06','YYYY-MM-DD'), 9, '00833', 833);
INSERT INTO EX.SINTOMAS(FECHA_INICIO, ID_SINTOMA, ID_PERSONA, ID_FICHA_MEDICA) VALUES
                            (TO_DATE('2020-03-02','YYYY-MM-DD'), 10, '00833', 833);
INSERT INTO EX.SINTOMAS(FECHA_INICIO, ID_SINTOMA, ID_PERSONA, ID_FICHA_MEDICA) VALUES
                            (TO_DATE('2020-06-22','YYYY-MM-DD'), 11, '00833', 833);
INSERT INTO EX.SINTOMAS(FECHA_INICIO, ID_SINTOMA, ID_PERSONA, ID_FICHA_MEDICA) VALUES
                            (TO_DATE('2020-03-29','YYYY-MM-DD'), 12, '00833', 833);
INSERT INTO EX.SINTOMAS(FECHA_INICIO, ID_SINTOMA, ID_PERSONA, ID_FICHA_MEDICA) VALUES
                            (TO_DATE('2020-05-23','YYYY-MM-DD'), 13, '00833', 833);
INSERT INTO EX.PERSONA(DOC_IDENTIDAD, NOMBRE, NOMBRE1, APELLIDO, APELLIDO1, FECHA_NAC, GENERO, FOTO) VALUES
                  ('00834', 'Brooke', 'Gregory', 'Russo', 'Burke', TO_DATE('1973-07-12','YYYY-MM-DD'), 'm', NULL);
INSERT INTO EX.HISTORICO_RESIDENCIA(FECHA_INICIO, ID_LUGAR, ID_PERSONA, FECHA_FIN) VALUES
                  (TO_DATE('2014-08-24','YYYY-MM-DD'), 40, '00834', NULL);
INSERT INTO EX.FICHA_MEDICA(ID, ID_PERSONA, ID_CENTRO_SALUD, ID_LUGAR, ESTADO, FECHA_INFECCION, FECHA_RECUPERACION) VALUES
                                             (834, '00834', 25, 40, 'desconido', NULL, NULL);
INSERT INTO EX.PADECIMIENTOS(ID_PATOLOGIA, ID_PERSONA, ID_FICHA_MEDICA) VALUES
                            (1, '00834', 834);
INSERT INTO EX.PADECIMIENTOS(ID_PATOLOGIA, ID_PERSONA, ID_FICHA_MEDICA) VALUES
                            (2, '00834', 834);
INSERT INTO EX.PADECIMIENTOS(ID_PATOLOGIA, ID_PERSONA, ID_FICHA_MEDICA) VALUES
                            (3, '00834', 834);
INSERT INTO EX.PADECIMIENTOS(ID_PATOLOGIA, ID_PERSONA, ID_FICHA_MEDICA) VALUES
                            (4, '00834', 834);
INSERT INTO EX.PADECIMIENTOS(ID_PATOLOGIA, ID_PERSONA, ID_FICHA_MEDICA) VALUES
                            (5, '00834', 834);
INSERT INTO EX.PADECIMIENTOS(ID_PATOLOGIA, ID_PERSONA, ID_FICHA_MEDICA) VALUES
                            (6, '00834', 834);
INSERT INTO EX.PADECIMIENTOS(ID_PATOLOGIA, ID_PERSONA, ID_FICHA_MEDICA) VALUES
                            (7, '00834', 834);
INSERT INTO EX.PERSONA(DOC_IDENTIDAD, NOMBRE, NOMBRE1, APELLIDO, APELLIDO1, FECHA_NAC, GENERO, FOTO) VALUES
                  ('00835', 'Rebekah', 'Roberto', 'Gomez', 'Sawyer', TO_DATE('2017-04-19','YYYY-MM-DD'), 'f', NULL);
INSERT INTO EX.HISTORICO_RESIDENCIA(FECHA_INICIO, ID_LUGAR, ID_PERSONA, FECHA_FIN) VALUES
                  (TO_DATE('1986-07-23','YYYY-MM-DD'), 33, '00835', NULL);
INSERT INTO EX.FICHA_MEDICA(ID, ID_PERSONA, ID_CENTRO_SALUD, ID_LUGAR, ESTADO, FECHA_INFECCION, FECHA_RECUPERACION) VALUES
                                             (835, '00835', 18, 33, 'desconido', NULL, NULL);
INSERT INTO EX.PERSONA(DOC_IDENTIDAD, NOMBRE, NOMBRE1, APELLIDO, APELLIDO1, FECHA_NAC, GENERO, FOTO) VALUES
                  ('00836', 'Jessica', 'Elizabeth', 'Lawson', 'Thomas', TO_DATE('2007-10-10','YYYY-MM-DD'), 'm', NULL);
INSERT INTO EX.HISTORICO_RESIDENCIA(FECHA_INICIO, ID_LUGAR, ID_PERSONA, FECHA_FIN) VALUES
                  (TO_DATE('1983-12-29','YYYY-MM-DD'), 36, '00836', NULL);
INSERT INTO EX.FICHA_MEDICA(ID, ID_PERSONA, ID_CENTRO_SALUD, ID_LUGAR, ESTADO, FECHA_INFECCION, FECHA_RECUPERACION) VALUES
                                             (836, '00836', 21, 36, 'desconido', NULL, NULL);
INSERT INTO EX.PERSONA(DOC_IDENTIDAD, NOMBRE, NOMBRE1, APELLIDO, APELLIDO1, FECHA_NAC, GENERO, FOTO) VALUES
                  ('00837', 'Michael', 'Ryan', 'Sweeney', 'Brooks', TO_DATE('1979-01-25','YYYY-MM-DD'), 'f', NULL);
INSERT INTO EX.HISTORICO_RESIDENCIA(FECHA_INICIO, ID_LUGAR, ID_PERSONA, FECHA_FIN) VALUES
                  (TO_DATE('1988-02-25','YYYY-MM-DD'), 34, '00837', NULL);
INSERT INTO EX.FICHA_MEDICA(ID, ID_PERSONA, ID_CENTRO_SALUD, ID_LUGAR, ESTADO, FECHA_INFECCION, FECHA_RECUPERACION) VALUES
                                             (837, '00837', 19, 34, 'desconido', NULL, NULL);
INSERT INTO EX.PADECIMIENTOS(ID_PATOLOGIA, ID_PERSONA, ID_FICHA_MEDICA) VALUES
                            (1, '00837', 837);
INSERT INTO EX.PADECIMIENTOS(ID_PATOLOGIA, ID_PERSONA, ID_FICHA_MEDICA) VALUES
                            (2, '00837', 837);
INSERT INTO EX.PADECIMIENTOS(ID_PATOLOGIA, ID_PERSONA, ID_FICHA_MEDICA) VALUES
                            (3, '00837', 837);
INSERT INTO EX.PADECIMIENTOS(ID_PATOLOGIA, ID_PERSONA, ID_FICHA_MEDICA) VALUES
                            (4, '00837', 837);
INSERT INTO EX.PADECIMIENTOS(ID_PATOLOGIA, ID_PERSONA, ID_FICHA_MEDICA) VALUES
                            (5, '00837', 837);
INSERT INTO EX.PADECIMIENTOS(ID_PATOLOGIA, ID_PERSONA, ID_FICHA_MEDICA) VALUES
                            (6, '00837', 837);
INSERT INTO EX.PADECIMIENTOS(ID_PATOLOGIA, ID_PERSONA, ID_FICHA_MEDICA) VALUES
                            (7, '00837', 837);
INSERT INTO EX.PERSONA(DOC_IDENTIDAD, NOMBRE, NOMBRE1, APELLIDO, APELLIDO1, FECHA_NAC, GENERO, FOTO) VALUES
                  ('00838', 'Cynthia', 'Eric', 'Rivera', 'Schneider', TO_DATE('1991-06-12','YYYY-MM-DD'), 'm', NULL);
INSERT INTO EX.HISTORICO_RESIDENCIA(FECHA_INICIO, ID_LUGAR, ID_PERSONA, FECHA_FIN) VALUES
                  (TO_DATE('1976-10-14','YYYY-MM-DD'), 30, '00838', NULL);
INSERT INTO EX.FICHA_MEDICA(ID, ID_PERSONA, ID_CENTRO_SALUD, ID_LUGAR, ESTADO, FECHA_INFECCION, FECHA_RECUPERACION) VALUES
                                             (838, '00838', 15, 30, 'desconido', NULL, NULL);
INSERT INTO EX.PADECIMIENTOS(ID_PATOLOGIA, ID_PERSONA, ID_FICHA_MEDICA) VALUES
                            (1, '00838', 838);
INSERT INTO EX.PADECIMIENTOS(ID_PATOLOGIA, ID_PERSONA, ID_FICHA_MEDICA) VALUES
                            (2, '00838', 838);
INSERT INTO EX.PADECIMIENTOS(ID_PATOLOGIA, ID_PERSONA, ID_FICHA_MEDICA) VALUES
                            (3, '00838', 838);
INSERT INTO EX.PADECIMIENTOS(ID_PATOLOGIA, ID_PERSONA, ID_FICHA_MEDICA) VALUES
                            (4, '00838', 838);
INSERT INTO EX.PADECIMIENTOS(ID_PATOLOGIA, ID_PERSONA, ID_FICHA_MEDICA) VALUES
                            (5, '00838', 838);
INSERT INTO EX.PADECIMIENTOS(ID_PATOLOGIA, ID_PERSONA, ID_FICHA_MEDICA) VALUES
                            (6, '00838', 838);
INSERT INTO EX.PADECIMIENTOS(ID_PATOLOGIA, ID_PERSONA, ID_FICHA_MEDICA) VALUES
                            (7, '00838', 838);
INSERT INTO EX.PERSONA(DOC_IDENTIDAD, NOMBRE, NOMBRE1, APELLIDO, APELLIDO1, FECHA_NAC, GENERO, FOTO) VALUES
                  ('00839', 'Robin', 'Chelsea', 'Miles', 'Cooper', TO_DATE('2015-11-23','YYYY-MM-DD'), 'f', NULL);
INSERT INTO EX.HISTORICO_RESIDENCIA(FECHA_INICIO, ID_LUGAR, ID_PERSONA, FECHA_FIN) VALUES
                  (TO_DATE('2013-06-20','YYYY-MM-DD'), 31, '00839', NULL);
INSERT INTO EX.FICHA_MEDICA(ID, ID_PERSONA, ID_CENTRO_SALUD, ID_LUGAR, ESTADO, FECHA_INFECCION, FECHA_RECUPERACION) VALUES
                                             (839, '00839', 16, 31, 'desconido', NULL, NULL);
INSERT INTO EX.PERSONA(DOC_IDENTIDAD, NOMBRE, NOMBRE1, APELLIDO, APELLIDO1, FECHA_NAC, GENERO, FOTO) VALUES
                  ('00840', 'Justin', 'Chad', 'Hatfield', 'Green', TO_DATE('2014-01-11','YYYY-MM-DD'), 'm', NULL);
INSERT INTO EX.HISTORICO_RESIDENCIA(FECHA_INICIO, ID_LUGAR, ID_PERSONA, FECHA_FIN) VALUES
                  (TO_DATE('2006-08-27','YYYY-MM-DD'), 25, '00840', NULL);
INSERT INTO EX.FICHA_MEDICA(ID, ID_PERSONA, ID_CENTRO_SALUD, ID_LUGAR, ESTADO, FECHA_INFECCION, FECHA_RECUPERACION) VALUES
                                             (840, '00840', 10, 25, 'desconido', NULL, NULL);
INSERT INTO EX.PADECIMIENTOS(ID_PATOLOGIA, ID_PERSONA, ID_FICHA_MEDICA) VALUES
                            (1, '00840', 840);
INSERT INTO EX.PADECIMIENTOS(ID_PATOLOGIA, ID_PERSONA, ID_FICHA_MEDICA) VALUES
                            (2, '00840', 840);
INSERT INTO EX.PADECIMIENTOS(ID_PATOLOGIA, ID_PERSONA, ID_FICHA_MEDICA) VALUES
                            (3, '00840', 840);
INSERT INTO EX.SINTOMAS(FECHA_INICIO, ID_SINTOMA, ID_PERSONA, ID_FICHA_MEDICA) VALUES
                            (TO_DATE('2020-03-04','YYYY-MM-DD'), 1, '00840', 840);
INSERT INTO EX.SINTOMAS(FECHA_INICIO, ID_SINTOMA, ID_PERSONA, ID_FICHA_MEDICA) VALUES
                            (TO_DATE('2020-04-21','YYYY-MM-DD'), 2, '00840', 840);
INSERT INTO EX.SINTOMAS(FECHA_INICIO, ID_SINTOMA, ID_PERSONA, ID_FICHA_MEDICA) VALUES
                            (TO_DATE('2020-04-28','YYYY-MM-DD'), 3, '00840', 840);
INSERT INTO EX.SINTOMAS(FECHA_INICIO, ID_SINTOMA, ID_PERSONA, ID_FICHA_MEDICA) VALUES
                            (TO_DATE('2020-03-17','YYYY-MM-DD'), 4, '00840', 840);
INSERT INTO EX.SINTOMAS(FECHA_INICIO, ID_SINTOMA, ID_PERSONA, ID_FICHA_MEDICA) VALUES
                            (TO_DATE('2020-03-06','YYYY-MM-DD'), 5, '00840', 840);
INSERT INTO EX.SINTOMAS(FECHA_INICIO, ID_SINTOMA, ID_PERSONA, ID_FICHA_MEDICA) VALUES
                            (TO_DATE('2020-05-17','YYYY-MM-DD'), 6, '00840', 840);
INSERT INTO EX.SINTOMAS(FECHA_INICIO, ID_SINTOMA, ID_PERSONA, ID_FICHA_MEDICA) VALUES
                            (TO_DATE('2020-05-27','YYYY-MM-DD'), 7, '00840', 840);
INSERT INTO EX.SINTOMAS(FECHA_INICIO, ID_SINTOMA, ID_PERSONA, ID_FICHA_MEDICA) VALUES
                            (TO_DATE('2020-05-28','YYYY-MM-DD'), 8, '00840', 840);
INSERT INTO EX.SINTOMAS(FECHA_INICIO, ID_SINTOMA, ID_PERSONA, ID_FICHA_MEDICA) VALUES
                            (TO_DATE('2020-03-03','YYYY-MM-DD'), 9, '00840', 840);
INSERT INTO EX.SINTOMAS(FECHA_INICIO, ID_SINTOMA, ID_PERSONA, ID_FICHA_MEDICA) VALUES
                            (TO_DATE('2020-05-19','YYYY-MM-DD'), 10, '00840', 840);
INSERT INTO EX.SINTOMAS(FECHA_INICIO, ID_SINTOMA, ID_PERSONA, ID_FICHA_MEDICA) VALUES
                            (TO_DATE('2020-02-13','YYYY-MM-DD'), 11, '00840', 840);
INSERT INTO EX.SINTOMAS(FECHA_INICIO, ID_SINTOMA, ID_PERSONA, ID_FICHA_MEDICA) VALUES
                            (TO_DATE('2020-04-09','YYYY-MM-DD'), 12, '00840', 840);
INSERT INTO EX.SINTOMAS(FECHA_INICIO, ID_SINTOMA, ID_PERSONA, ID_FICHA_MEDICA) VALUES
                            (TO_DATE('2020-01-07','YYYY-MM-DD'), 13, '00840', 840);
INSERT INTO EX.SINTOMAS(FECHA_INICIO, ID_SINTOMA, ID_PERSONA, ID_FICHA_MEDICA) VALUES
                            (TO_DATE('2020-05-27','YYYY-MM-DD'), 14, '00840', 840);
INSERT INTO EX.PERSONA(DOC_IDENTIDAD, NOMBRE, NOMBRE1, APELLIDO, APELLIDO1, FECHA_NAC, GENERO, FOTO) VALUES
                  ('00841', 'Whitney', 'Jennifer', 'Cochran', 'Johnson', TO_DATE('1979-03-02','YYYY-MM-DD'), 'f', NULL);
INSERT INTO EX.HISTORICO_RESIDENCIA(FECHA_INICIO, ID_LUGAR, ID_PERSONA, FECHA_FIN) VALUES
                  (TO_DATE('1981-04-24','YYYY-MM-DD'), 44, '00841', NULL);
INSERT INTO EX.FICHA_MEDICA(ID, ID_PERSONA, ID_CENTRO_SALUD, ID_LUGAR, ESTADO, FECHA_INFECCION, FECHA_RECUPERACION) VALUES
                                             (841, '00841', 29, 44, 'desconido', NULL, NULL);
INSERT INTO EX.PADECIMIENTOS(ID_PATOLOGIA, ID_PERSONA, ID_FICHA_MEDICA) VALUES
                            (1, '00841', 841);
INSERT INTO EX.PADECIMIENTOS(ID_PATOLOGIA, ID_PERSONA, ID_FICHA_MEDICA) VALUES
                            (2, '00841', 841);
INSERT INTO EX.PADECIMIENTOS(ID_PATOLOGIA, ID_PERSONA, ID_FICHA_MEDICA) VALUES
                            (3, '00841', 841);
INSERT INTO EX.PADECIMIENTOS(ID_PATOLOGIA, ID_PERSONA, ID_FICHA_MEDICA) VALUES
                            (4, '00841', 841);
INSERT INTO EX.PADECIMIENTOS(ID_PATOLOGIA, ID_PERSONA, ID_FICHA_MEDICA) VALUES
                            (5, '00841', 841);
INSERT INTO EX.PADECIMIENTOS(ID_PATOLOGIA, ID_PERSONA, ID_FICHA_MEDICA) VALUES
                            (6, '00841', 841);
INSERT INTO EX.PADECIMIENTOS(ID_PATOLOGIA, ID_PERSONA, ID_FICHA_MEDICA) VALUES
                            (7, '00841', 841);
INSERT INTO EX.PADECIMIENTOS(ID_PATOLOGIA, ID_PERSONA, ID_FICHA_MEDICA) VALUES
                            (8, '00841', 841);
INSERT INTO EX.PADECIMIENTOS(ID_PATOLOGIA, ID_PERSONA, ID_FICHA_MEDICA) VALUES
                            (9, '00841', 841);
INSERT INTO EX.PERSONA(DOC_IDENTIDAD, NOMBRE, NOMBRE1, APELLIDO, APELLIDO1, FECHA_NAC, GENERO, FOTO) VALUES
                  ('00842', 'Timothy', 'Melinda', 'Johnson', 'Nguyen', TO_DATE('2014-11-20','YYYY-MM-DD'), 'm', NULL);
INSERT INTO EX.HISTORICO_RESIDENCIA(FECHA_INICIO, ID_LUGAR, ID_PERSONA, FECHA_FIN) VALUES
                  (TO_DATE('1972-03-08','YYYY-MM-DD'), 22, '00842', NULL);
INSERT INTO EX.FICHA_MEDICA(ID, ID_PERSONA, ID_CENTRO_SALUD, ID_LUGAR, ESTADO, FECHA_INFECCION, FECHA_RECUPERACION) VALUES
                                             (842, '00842', 7, 22, 'desconido', NULL, NULL);
INSERT INTO EX.PADECIMIENTOS(ID_PATOLOGIA, ID_PERSONA, ID_FICHA_MEDICA) VALUES
                            (1, '00842', 842);
INSERT INTO EX.PADECIMIENTOS(ID_PATOLOGIA, ID_PERSONA, ID_FICHA_MEDICA) VALUES
                            (2, '00842', 842);
INSERT INTO EX.PADECIMIENTOS(ID_PATOLOGIA, ID_PERSONA, ID_FICHA_MEDICA) VALUES
                            (3, '00842', 842);
INSERT INTO EX.PADECIMIENTOS(ID_PATOLOGIA, ID_PERSONA, ID_FICHA_MEDICA) VALUES
                            (4, '00842', 842);
INSERT INTO EX.PADECIMIENTOS(ID_PATOLOGIA, ID_PERSONA, ID_FICHA_MEDICA) VALUES
                            (5, '00842', 842);
INSERT INTO EX.PADECIMIENTOS(ID_PATOLOGIA, ID_PERSONA, ID_FICHA_MEDICA) VALUES
                            (6, '00842', 842);
INSERT INTO EX.PADECIMIENTOS(ID_PATOLOGIA, ID_PERSONA, ID_FICHA_MEDICA) VALUES
                            (7, '00842', 842);
INSERT INTO EX.PADECIMIENTOS(ID_PATOLOGIA, ID_PERSONA, ID_FICHA_MEDICA) VALUES
                            (8, '00842', 842);
INSERT INTO EX.PADECIMIENTOS(ID_PATOLOGIA, ID_PERSONA, ID_FICHA_MEDICA) VALUES
                            (9, '00842', 842);
INSERT INTO EX.PADECIMIENTOS(ID_PATOLOGIA, ID_PERSONA, ID_FICHA_MEDICA) VALUES
                            (10, '00842', 842);
INSERT INTO EX.PADECIMIENTOS(ID_PATOLOGIA, ID_PERSONA, ID_FICHA_MEDICA) VALUES
                            (11, '00842', 842);
INSERT INTO EX.PADECIMIENTOS(ID_PATOLOGIA, ID_PERSONA, ID_FICHA_MEDICA) VALUES
                            (12, '00842', 842);
INSERT INTO EX.PADECIMIENTOS(ID_PATOLOGIA, ID_PERSONA, ID_FICHA_MEDICA) VALUES
                            (13, '00842', 842);
INSERT INTO EX.PADECIMIENTOS(ID_PATOLOGIA, ID_PERSONA, ID_FICHA_MEDICA) VALUES
                            (14, '00842', 842);
INSERT INTO EX.PERSONA(DOC_IDENTIDAD, NOMBRE, NOMBRE1, APELLIDO, APELLIDO1, FECHA_NAC, GENERO, FOTO) VALUES
                  ('00843', 'Danielle', 'Barbara', 'Delacruz', 'Ross', TO_DATE('2003-04-05','YYYY-MM-DD'), 'f', NULL);
INSERT INTO EX.HISTORICO_RESIDENCIA(FECHA_INICIO, ID_LUGAR, ID_PERSONA, FECHA_FIN) VALUES
                  (TO_DATE('1992-10-16','YYYY-MM-DD'), 28, '00843', NULL);
INSERT INTO EX.FICHA_MEDICA(ID, ID_PERSONA, ID_CENTRO_SALUD, ID_LUGAR, ESTADO, FECHA_INFECCION, FECHA_RECUPERACION) VALUES
                                             (843, '00843', 13, 28, 'desconido', NULL, NULL);
INSERT INTO EX.PERSONA(DOC_IDENTIDAD, NOMBRE, NOMBRE1, APELLIDO, APELLIDO1, FECHA_NAC, GENERO, FOTO) VALUES
                  ('00844', 'Jacob', 'William', 'Ortiz', 'Chang', TO_DATE('1975-11-20','YYYY-MM-DD'), 'm', NULL);
INSERT INTO EX.HISTORICO_RESIDENCIA(FECHA_INICIO, ID_LUGAR, ID_PERSONA, FECHA_FIN) VALUES
                  (TO_DATE('1982-09-24','YYYY-MM-DD'), 37, '00844', NULL);
INSERT INTO EX.FICHA_MEDICA(ID, ID_PERSONA, ID_CENTRO_SALUD, ID_LUGAR, ESTADO, FECHA_INFECCION, FECHA_RECUPERACION) VALUES
                                             (844, '00844', 22, 37, 'desconido', NULL, NULL);
INSERT INTO EX.PADECIMIENTOS(ID_PATOLOGIA, ID_PERSONA, ID_FICHA_MEDICA) VALUES
                            (1, '00844', 844);
INSERT INTO EX.PADECIMIENTOS(ID_PATOLOGIA, ID_PERSONA, ID_FICHA_MEDICA) VALUES
                            (2, '00844', 844);
INSERT INTO EX.PADECIMIENTOS(ID_PATOLOGIA, ID_PERSONA, ID_FICHA_MEDICA) VALUES
                            (3, '00844', 844);
INSERT INTO EX.PADECIMIENTOS(ID_PATOLOGIA, ID_PERSONA, ID_FICHA_MEDICA) VALUES
                            (4, '00844', 844);
INSERT INTO EX.PADECIMIENTOS(ID_PATOLOGIA, ID_PERSONA, ID_FICHA_MEDICA) VALUES
                            (5, '00844', 844);
INSERT INTO EX.PADECIMIENTOS(ID_PATOLOGIA, ID_PERSONA, ID_FICHA_MEDICA) VALUES
                            (6, '00844', 844);
INSERT INTO EX.PADECIMIENTOS(ID_PATOLOGIA, ID_PERSONA, ID_FICHA_MEDICA) VALUES
                            (7, '00844', 844);
INSERT INTO EX.PADECIMIENTOS(ID_PATOLOGIA, ID_PERSONA, ID_FICHA_MEDICA) VALUES
                            (8, '00844', 844);
INSERT INTO EX.PADECIMIENTOS(ID_PATOLOGIA, ID_PERSONA, ID_FICHA_MEDICA) VALUES
                            (9, '00844', 844);
INSERT INTO EX.SINTOMAS(FECHA_INICIO, ID_SINTOMA, ID_PERSONA, ID_FICHA_MEDICA) VALUES
                            (TO_DATE('2020-04-04','YYYY-MM-DD'), 1, '00844', 844);
INSERT INTO EX.SINTOMAS(FECHA_INICIO, ID_SINTOMA, ID_PERSONA, ID_FICHA_MEDICA) VALUES
                            (TO_DATE('2020-01-13','YYYY-MM-DD'), 2, '00844', 844);
INSERT INTO EX.PERSONA(DOC_IDENTIDAD, NOMBRE, NOMBRE1, APELLIDO, APELLIDO1, FECHA_NAC, GENERO, FOTO) VALUES
                  ('00845', 'Andrew', 'Bianca', 'Hughes', 'Johnson', TO_DATE('1990-06-22','YYYY-MM-DD'), 'f', NULL);
INSERT INTO EX.HISTORICO_RESIDENCIA(FECHA_INICIO, ID_LUGAR, ID_PERSONA, FECHA_FIN) VALUES
                  (TO_DATE('1995-04-25','YYYY-MM-DD'), 37, '00845', NULL);
INSERT INTO EX.FICHA_MEDICA(ID, ID_PERSONA, ID_CENTRO_SALUD, ID_LUGAR, ESTADO, FECHA_INFECCION, FECHA_RECUPERACION) VALUES
                                             (845, '00845', 22, 37, 'desconido', NULL, NULL);
INSERT INTO EX.SINTOMAS(FECHA_INICIO, ID_SINTOMA, ID_PERSONA, ID_FICHA_MEDICA) VALUES
                            (TO_DATE('2020-06-20','YYYY-MM-DD'), 1, '00845', 845);
INSERT INTO EX.SINTOMAS(FECHA_INICIO, ID_SINTOMA, ID_PERSONA, ID_FICHA_MEDICA) VALUES
                            (TO_DATE('2020-02-23','YYYY-MM-DD'), 2, '00845', 845);
INSERT INTO EX.SINTOMAS(FECHA_INICIO, ID_SINTOMA, ID_PERSONA, ID_FICHA_MEDICA) VALUES
                            (TO_DATE('2020-05-15','YYYY-MM-DD'), 3, '00845', 845);
INSERT INTO EX.SINTOMAS(FECHA_INICIO, ID_SINTOMA, ID_PERSONA, ID_FICHA_MEDICA) VALUES
                            (TO_DATE('2020-01-09','YYYY-MM-DD'), 4, '00845', 845);
INSERT INTO EX.SINTOMAS(FECHA_INICIO, ID_SINTOMA, ID_PERSONA, ID_FICHA_MEDICA) VALUES
                            (TO_DATE('2020-05-17','YYYY-MM-DD'), 5, '00845', 845);
INSERT INTO EX.SINTOMAS(FECHA_INICIO, ID_SINTOMA, ID_PERSONA, ID_FICHA_MEDICA) VALUES
                            (TO_DATE('2020-05-06','YYYY-MM-DD'), 6, '00845', 845);
INSERT INTO EX.SINTOMAS(FECHA_INICIO, ID_SINTOMA, ID_PERSONA, ID_FICHA_MEDICA) VALUES
                            (TO_DATE('2020-06-25','YYYY-MM-DD'), 7, '00845', 845);
INSERT INTO EX.SINTOMAS(FECHA_INICIO, ID_SINTOMA, ID_PERSONA, ID_FICHA_MEDICA) VALUES
                            (TO_DATE('2020-03-10','YYYY-MM-DD'), 8, '00845', 845);
INSERT INTO EX.SINTOMAS(FECHA_INICIO, ID_SINTOMA, ID_PERSONA, ID_FICHA_MEDICA) VALUES
                            (TO_DATE('2020-01-18','YYYY-MM-DD'), 9, '00845', 845);
INSERT INTO EX.SINTOMAS(FECHA_INICIO, ID_SINTOMA, ID_PERSONA, ID_FICHA_MEDICA) VALUES
                            (TO_DATE('2020-04-22','YYYY-MM-DD'), 10, '00845', 845);
INSERT INTO EX.SINTOMAS(FECHA_INICIO, ID_SINTOMA, ID_PERSONA, ID_FICHA_MEDICA) VALUES
                            (TO_DATE('2020-03-11','YYYY-MM-DD'), 11, '00845', 845);
INSERT INTO EX.SINTOMAS(FECHA_INICIO, ID_SINTOMA, ID_PERSONA, ID_FICHA_MEDICA) VALUES
                            (TO_DATE('2020-05-14','YYYY-MM-DD'), 12, '00845', 845);
INSERT INTO EX.SINTOMAS(FECHA_INICIO, ID_SINTOMA, ID_PERSONA, ID_FICHA_MEDICA) VALUES
                            (TO_DATE('2020-02-27','YYYY-MM-DD'), 13, '00845', 845);
INSERT INTO EX.PERSONA(DOC_IDENTIDAD, NOMBRE, NOMBRE1, APELLIDO, APELLIDO1, FECHA_NAC, GENERO, FOTO) VALUES
                  ('00846', 'Cynthia', 'Vanessa', 'Beck', 'Graves', TO_DATE('2016-04-22','YYYY-MM-DD'), 'm', NULL);
INSERT INTO EX.HISTORICO_RESIDENCIA(FECHA_INICIO, ID_LUGAR, ID_PERSONA, FECHA_FIN) VALUES
                  (TO_DATE('1979-01-13','YYYY-MM-DD'), 19, '00846', NULL);
INSERT INTO EX.FICHA_MEDICA(ID, ID_PERSONA, ID_CENTRO_SALUD, ID_LUGAR, ESTADO, FECHA_INFECCION, FECHA_RECUPERACION) VALUES
                                             (846, '00846', 4, 19, 'desconido', NULL, NULL);
INSERT INTO EX.PADECIMIENTOS(ID_PATOLOGIA, ID_PERSONA, ID_FICHA_MEDICA) VALUES
                            (1, '00846', 846);
INSERT INTO EX.PADECIMIENTOS(ID_PATOLOGIA, ID_PERSONA, ID_FICHA_MEDICA) VALUES
                            (2, '00846', 846);
INSERT INTO EX.PADECIMIENTOS(ID_PATOLOGIA, ID_PERSONA, ID_FICHA_MEDICA) VALUES
                            (3, '00846', 846);
INSERT INTO EX.PADECIMIENTOS(ID_PATOLOGIA, ID_PERSONA, ID_FICHA_MEDICA) VALUES
                            (4, '00846', 846);
INSERT INTO EX.PADECIMIENTOS(ID_PATOLOGIA, ID_PERSONA, ID_FICHA_MEDICA) VALUES
                            (5, '00846', 846);
INSERT INTO EX.PADECIMIENTOS(ID_PATOLOGIA, ID_PERSONA, ID_FICHA_MEDICA) VALUES
                            (6, '00846', 846);
INSERT INTO EX.PADECIMIENTOS(ID_PATOLOGIA, ID_PERSONA, ID_FICHA_MEDICA) VALUES
                            (7, '00846', 846);
INSERT INTO EX.PADECIMIENTOS(ID_PATOLOGIA, ID_PERSONA, ID_FICHA_MEDICA) VALUES
                            (8, '00846', 846);
INSERT INTO EX.PADECIMIENTOS(ID_PATOLOGIA, ID_PERSONA, ID_FICHA_MEDICA) VALUES
                            (9, '00846', 846);
INSERT INTO EX.PADECIMIENTOS(ID_PATOLOGIA, ID_PERSONA, ID_FICHA_MEDICA) VALUES
                            (10, '00846', 846);
INSERT INTO EX.PADECIMIENTOS(ID_PATOLOGIA, ID_PERSONA, ID_FICHA_MEDICA) VALUES
                            (11, '00846', 846);
INSERT INTO EX.PADECIMIENTOS(ID_PATOLOGIA, ID_PERSONA, ID_FICHA_MEDICA) VALUES
                            (12, '00846', 846);
INSERT INTO EX.PADECIMIENTOS(ID_PATOLOGIA, ID_PERSONA, ID_FICHA_MEDICA) VALUES
                            (13, '00846', 846);
INSERT INTO EX.PADECIMIENTOS(ID_PATOLOGIA, ID_PERSONA, ID_FICHA_MEDICA) VALUES
                            (14, '00846', 846);
INSERT INTO EX.PADECIMIENTOS(ID_PATOLOGIA, ID_PERSONA, ID_FICHA_MEDICA) VALUES
                            (15, '00846', 846);
INSERT INTO EX.PERSONA(DOC_IDENTIDAD, NOMBRE, NOMBRE1, APELLIDO, APELLIDO1, FECHA_NAC, GENERO, FOTO) VALUES
                  ('00847', 'Michael', 'Sarah', 'Robinson', 'Daugherty', TO_DATE('1987-09-11','YYYY-MM-DD'), 'f', NULL);
INSERT INTO EX.HISTORICO_RESIDENCIA(FECHA_INICIO, ID_LUGAR, ID_PERSONA, FECHA_FIN) VALUES
                  (TO_DATE('1995-05-15','YYYY-MM-DD'), 24, '00847', NULL);
INSERT INTO EX.FICHA_MEDICA(ID, ID_PERSONA, ID_CENTRO_SALUD, ID_LUGAR, ESTADO, FECHA_INFECCION, FECHA_RECUPERACION) VALUES
                                             (847, '00847', 9, 24, 'desconido', NULL, NULL);
INSERT INTO EX.PADECIMIENTOS(ID_PATOLOGIA, ID_PERSONA, ID_FICHA_MEDICA) VALUES
                            (1, '00847', 847);
INSERT INTO EX.PADECIMIENTOS(ID_PATOLOGIA, ID_PERSONA, ID_FICHA_MEDICA) VALUES
                            (2, '00847', 847);
INSERT INTO EX.PADECIMIENTOS(ID_PATOLOGIA, ID_PERSONA, ID_FICHA_MEDICA) VALUES
                            (3, '00847', 847);
INSERT INTO EX.PADECIMIENTOS(ID_PATOLOGIA, ID_PERSONA, ID_FICHA_MEDICA) VALUES
                            (4, '00847', 847);
INSERT INTO EX.PADECIMIENTOS(ID_PATOLOGIA, ID_PERSONA, ID_FICHA_MEDICA) VALUES
                            (5, '00847', 847);
INSERT INTO EX.PADECIMIENTOS(ID_PATOLOGIA, ID_PERSONA, ID_FICHA_MEDICA) VALUES
                            (6, '00847', 847);
INSERT INTO EX.PADECIMIENTOS(ID_PATOLOGIA, ID_PERSONA, ID_FICHA_MEDICA) VALUES
                            (7, '00847', 847);
INSERT INTO EX.PADECIMIENTOS(ID_PATOLOGIA, ID_PERSONA, ID_FICHA_MEDICA) VALUES
                            (8, '00847', 847);
INSERT INTO EX.SINTOMAS(FECHA_INICIO, ID_SINTOMA, ID_PERSONA, ID_FICHA_MEDICA) VALUES
                            (TO_DATE('2020-06-21','YYYY-MM-DD'), 1, '00847', 847);
INSERT INTO EX.SINTOMAS(FECHA_INICIO, ID_SINTOMA, ID_PERSONA, ID_FICHA_MEDICA) VALUES
                            (TO_DATE('2020-03-30','YYYY-MM-DD'), 2, '00847', 847);
INSERT INTO EX.SINTOMAS(FECHA_INICIO, ID_SINTOMA, ID_PERSONA, ID_FICHA_MEDICA) VALUES
                            (TO_DATE('2020-05-29','YYYY-MM-DD'), 3, '00847', 847);
INSERT INTO EX.SINTOMAS(FECHA_INICIO, ID_SINTOMA, ID_PERSONA, ID_FICHA_MEDICA) VALUES
                            (TO_DATE('2020-02-07','YYYY-MM-DD'), 4, '00847', 847);
INSERT INTO EX.SINTOMAS(FECHA_INICIO, ID_SINTOMA, ID_PERSONA, ID_FICHA_MEDICA) VALUES
                            (TO_DATE('2020-04-09','YYYY-MM-DD'), 5, '00847', 847);
INSERT INTO EX.SINTOMAS(FECHA_INICIO, ID_SINTOMA, ID_PERSONA, ID_FICHA_MEDICA) VALUES
                            (TO_DATE('2020-06-11','YYYY-MM-DD'), 6, '00847', 847);
INSERT INTO EX.SINTOMAS(FECHA_INICIO, ID_SINTOMA, ID_PERSONA, ID_FICHA_MEDICA) VALUES
                            (TO_DATE('2020-02-05','YYYY-MM-DD'), 7, '00847', 847);
INSERT INTO EX.PERSONA(DOC_IDENTIDAD, NOMBRE, NOMBRE1, APELLIDO, APELLIDO1, FECHA_NAC, GENERO, FOTO) VALUES
                  ('00848', 'Robert', 'Brent', 'Macdonald', 'Shaffer', TO_DATE('1984-03-28','YYYY-MM-DD'), 'm', NULL);
INSERT INTO EX.HISTORICO_RESIDENCIA(FECHA_INICIO, ID_LUGAR, ID_PERSONA, FECHA_FIN) VALUES
                  (TO_DATE('2005-12-21','YYYY-MM-DD'), 22, '00848', NULL);
INSERT INTO EX.FICHA_MEDICA(ID, ID_PERSONA, ID_CENTRO_SALUD, ID_LUGAR, ESTADO, FECHA_INFECCION, FECHA_RECUPERACION) VALUES
                                             (848, '00848', 7, 22, 'desconido', NULL, NULL);
INSERT INTO EX.SINTOMAS(FECHA_INICIO, ID_SINTOMA, ID_PERSONA, ID_FICHA_MEDICA) VALUES
                            (TO_DATE('2020-02-11','YYYY-MM-DD'), 1, '00848', 848);
INSERT INTO EX.SINTOMAS(FECHA_INICIO, ID_SINTOMA, ID_PERSONA, ID_FICHA_MEDICA) VALUES
                            (TO_DATE('2020-03-30','YYYY-MM-DD'), 2, '00848', 848);
INSERT INTO EX.SINTOMAS(FECHA_INICIO, ID_SINTOMA, ID_PERSONA, ID_FICHA_MEDICA) VALUES
                            (TO_DATE('2020-04-25','YYYY-MM-DD'), 3, '00848', 848);
INSERT INTO EX.SINTOMAS(FECHA_INICIO, ID_SINTOMA, ID_PERSONA, ID_FICHA_MEDICA) VALUES
                            (TO_DATE('2020-01-20','YYYY-MM-DD'), 4, '00848', 848);
INSERT INTO EX.SINTOMAS(FECHA_INICIO, ID_SINTOMA, ID_PERSONA, ID_FICHA_MEDICA) VALUES
                            (TO_DATE('2020-01-27','YYYY-MM-DD'), 5, '00848', 848);
INSERT INTO EX.SINTOMAS(FECHA_INICIO, ID_SINTOMA, ID_PERSONA, ID_FICHA_MEDICA) VALUES
                            (TO_DATE('2020-02-18','YYYY-MM-DD'), 6, '00848', 848);
INSERT INTO EX.SINTOMAS(FECHA_INICIO, ID_SINTOMA, ID_PERSONA, ID_FICHA_MEDICA) VALUES
                            (TO_DATE('2020-06-02','YYYY-MM-DD'), 7, '00848', 848);
INSERT INTO EX.SINTOMAS(FECHA_INICIO, ID_SINTOMA, ID_PERSONA, ID_FICHA_MEDICA) VALUES
                            (TO_DATE('2020-05-03','YYYY-MM-DD'), 8, '00848', 848);
INSERT INTO EX.SINTOMAS(FECHA_INICIO, ID_SINTOMA, ID_PERSONA, ID_FICHA_MEDICA) VALUES
                            (TO_DATE('2020-05-21','YYYY-MM-DD'), 9, '00848', 848);
INSERT INTO EX.SINTOMAS(FECHA_INICIO, ID_SINTOMA, ID_PERSONA, ID_FICHA_MEDICA) VALUES
                            (TO_DATE('2020-03-17','YYYY-MM-DD'), 10, '00848', 848);
INSERT INTO EX.SINTOMAS(FECHA_INICIO, ID_SINTOMA, ID_PERSONA, ID_FICHA_MEDICA) VALUES
                            (TO_DATE('2020-01-19','YYYY-MM-DD'), 11, '00848', 848);
INSERT INTO EX.SINTOMAS(FECHA_INICIO, ID_SINTOMA, ID_PERSONA, ID_FICHA_MEDICA) VALUES
                            (TO_DATE('2020-03-08','YYYY-MM-DD'), 12, '00848', 848);
INSERT INTO EX.PERSONA(DOC_IDENTIDAD, NOMBRE, NOMBRE1, APELLIDO, APELLIDO1, FECHA_NAC, GENERO, FOTO) VALUES
                  ('00849', 'William', 'James', 'Gillespie', 'Davis', TO_DATE('2002-09-16','YYYY-MM-DD'), 'f', NULL);
INSERT INTO EX.HISTORICO_RESIDENCIA(FECHA_INICIO, ID_LUGAR, ID_PERSONA, FECHA_FIN) VALUES
                  (TO_DATE('1987-12-19','YYYY-MM-DD'), 23, '00849', NULL);
INSERT INTO EX.FICHA_MEDICA(ID, ID_PERSONA, ID_CENTRO_SALUD, ID_LUGAR, ESTADO, FECHA_INFECCION, FECHA_RECUPERACION) VALUES
                                             (849, '00849', 8, 23, 'desconido', NULL, NULL);
INSERT INTO EX.PERSONA(DOC_IDENTIDAD, NOMBRE, NOMBRE1, APELLIDO, APELLIDO1, FECHA_NAC, GENERO, FOTO) VALUES
                  ('00850', 'Dennis', 'Amy', 'Hooper', 'Hernandez', TO_DATE('2020-02-27','YYYY-MM-DD'), 'm', NULL);
INSERT INTO EX.HISTORICO_RESIDENCIA(FECHA_INICIO, ID_LUGAR, ID_PERSONA, FECHA_FIN) VALUES
                  (TO_DATE('1982-10-31','YYYY-MM-DD'), 29, '00850', NULL);
INSERT INTO EX.FICHA_MEDICA(ID, ID_PERSONA, ID_CENTRO_SALUD, ID_LUGAR, ESTADO, FECHA_INFECCION, FECHA_RECUPERACION) VALUES
                                             (850, '00850', 14, 29, 'desconido', NULL, NULL);
INSERT INTO EX.PERSONA(DOC_IDENTIDAD, NOMBRE, NOMBRE1, APELLIDO, APELLIDO1, FECHA_NAC, GENERO, FOTO) VALUES
                  ('00851', 'Max', 'Jessica', 'Murphy', 'Guzman', TO_DATE('1983-09-26','YYYY-MM-DD'), 'f', NULL);
INSERT INTO EX.HISTORICO_RESIDENCIA(FECHA_INICIO, ID_LUGAR, ID_PERSONA, FECHA_FIN) VALUES
                  (TO_DATE('2015-01-02','YYYY-MM-DD'), 37, '00851', NULL);
INSERT INTO EX.FICHA_MEDICA(ID, ID_PERSONA, ID_CENTRO_SALUD, ID_LUGAR, ESTADO, FECHA_INFECCION, FECHA_RECUPERACION) VALUES
                                             (851, '00851', 22, 37, 'desconido', NULL, NULL);
INSERT INTO EX.SINTOMAS(FECHA_INICIO, ID_SINTOMA, ID_PERSONA, ID_FICHA_MEDICA) VALUES
                            (TO_DATE('2020-01-10','YYYY-MM-DD'), 1, '00851', 851);
INSERT INTO EX.SINTOMAS(FECHA_INICIO, ID_SINTOMA, ID_PERSONA, ID_FICHA_MEDICA) VALUES
                            (TO_DATE('2020-05-17','YYYY-MM-DD'), 2, '00851', 851);
INSERT INTO EX.SINTOMAS(FECHA_INICIO, ID_SINTOMA, ID_PERSONA, ID_FICHA_MEDICA) VALUES
                            (TO_DATE('2020-05-19','YYYY-MM-DD'), 3, '00851', 851);
INSERT INTO EX.SINTOMAS(FECHA_INICIO, ID_SINTOMA, ID_PERSONA, ID_FICHA_MEDICA) VALUES
                            (TO_DATE('2020-06-18','YYYY-MM-DD'), 4, '00851', 851);
INSERT INTO EX.SINTOMAS(FECHA_INICIO, ID_SINTOMA, ID_PERSONA, ID_FICHA_MEDICA) VALUES
                            (TO_DATE('2020-01-15','YYYY-MM-DD'), 5, '00851', 851);
INSERT INTO EX.SINTOMAS(FECHA_INICIO, ID_SINTOMA, ID_PERSONA, ID_FICHA_MEDICA) VALUES
                            (TO_DATE('2020-03-18','YYYY-MM-DD'), 6, '00851', 851);
INSERT INTO EX.PERSONA(DOC_IDENTIDAD, NOMBRE, NOMBRE1, APELLIDO, APELLIDO1, FECHA_NAC, GENERO, FOTO) VALUES
                  ('00852', 'Angela', 'Ann', 'Long', 'Andrews', TO_DATE('1971-06-25','YYYY-MM-DD'), 'm', NULL);
INSERT INTO EX.HISTORICO_RESIDENCIA(FECHA_INICIO, ID_LUGAR, ID_PERSONA, FECHA_FIN) VALUES
                  (TO_DATE('2010-01-08','YYYY-MM-DD'), 29, '00852', NULL);
INSERT INTO EX.FICHA_MEDICA(ID, ID_PERSONA, ID_CENTRO_SALUD, ID_LUGAR, ESTADO, FECHA_INFECCION, FECHA_RECUPERACION) VALUES
                                             (852, '00852', 14, 29, 'desconido', NULL, NULL);
INSERT INTO EX.SINTOMAS(FECHA_INICIO, ID_SINTOMA, ID_PERSONA, ID_FICHA_MEDICA) VALUES
                            (TO_DATE('2020-01-21','YYYY-MM-DD'), 1, '00852', 852);
INSERT INTO EX.PERSONA(DOC_IDENTIDAD, NOMBRE, NOMBRE1, APELLIDO, APELLIDO1, FECHA_NAC, GENERO, FOTO) VALUES
                  ('00853', 'Michael', 'Albert', 'Madden', 'Garza', TO_DATE('2018-07-16','YYYY-MM-DD'), 'f', NULL);
INSERT INTO EX.HISTORICO_RESIDENCIA(FECHA_INICIO, ID_LUGAR, ID_PERSONA, FECHA_FIN) VALUES
                  (TO_DATE('2001-11-18','YYYY-MM-DD'), 31, '00853', NULL);
INSERT INTO EX.FICHA_MEDICA(ID, ID_PERSONA, ID_CENTRO_SALUD, ID_LUGAR, ESTADO, FECHA_INFECCION, FECHA_RECUPERACION) VALUES
                                             (853, '00853', 16, 31, 'desconido', NULL, NULL);
INSERT INTO EX.PADECIMIENTOS(ID_PATOLOGIA, ID_PERSONA, ID_FICHA_MEDICA) VALUES
                            (1, '00853', 853);
INSERT INTO EX.PADECIMIENTOS(ID_PATOLOGIA, ID_PERSONA, ID_FICHA_MEDICA) VALUES
                            (2, '00853', 853);
INSERT INTO EX.PADECIMIENTOS(ID_PATOLOGIA, ID_PERSONA, ID_FICHA_MEDICA) VALUES
                            (3, '00853', 853);
INSERT INTO EX.PADECIMIENTOS(ID_PATOLOGIA, ID_PERSONA, ID_FICHA_MEDICA) VALUES
                            (4, '00853', 853);
INSERT INTO EX.PERSONA(DOC_IDENTIDAD, NOMBRE, NOMBRE1, APELLIDO, APELLIDO1, FECHA_NAC, GENERO, FOTO) VALUES
                  ('00854', 'David', 'Joseph', 'Stanley', 'French', TO_DATE('1985-08-17','YYYY-MM-DD'), 'm', NULL);
INSERT INTO EX.HISTORICO_RESIDENCIA(FECHA_INICIO, ID_LUGAR, ID_PERSONA, FECHA_FIN) VALUES
                  (TO_DATE('2017-04-13','YYYY-MM-DD'), 24, '00854', NULL);
INSERT INTO EX.FICHA_MEDICA(ID, ID_PERSONA, ID_CENTRO_SALUD, ID_LUGAR, ESTADO, FECHA_INFECCION, FECHA_RECUPERACION) VALUES
                                             (854, '00854', 9, 24, 'desconido', NULL, NULL);
INSERT INTO EX.PADECIMIENTOS(ID_PATOLOGIA, ID_PERSONA, ID_FICHA_MEDICA) VALUES
                            (1, '00854', 854);
INSERT INTO EX.PADECIMIENTOS(ID_PATOLOGIA, ID_PERSONA, ID_FICHA_MEDICA) VALUES
                            (2, '00854', 854);
INSERT INTO EX.PADECIMIENTOS(ID_PATOLOGIA, ID_PERSONA, ID_FICHA_MEDICA) VALUES
                            (3, '00854', 854);
INSERT INTO EX.PERSONA(DOC_IDENTIDAD, NOMBRE, NOMBRE1, APELLIDO, APELLIDO1, FECHA_NAC, GENERO, FOTO) VALUES
                  ('00855', 'Stephen', 'Nicole', 'Roberts', 'Howard', TO_DATE('2007-10-10','YYYY-MM-DD'), 'f', NULL);
INSERT INTO EX.HISTORICO_RESIDENCIA(FECHA_INICIO, ID_LUGAR, ID_PERSONA, FECHA_FIN) VALUES
                  (TO_DATE('2015-03-18','YYYY-MM-DD'), 40, '00855', NULL);
INSERT INTO EX.FICHA_MEDICA(ID, ID_PERSONA, ID_CENTRO_SALUD, ID_LUGAR, ESTADO, FECHA_INFECCION, FECHA_RECUPERACION) VALUES
                                             (855, '00855', 25, 40, 'desconido', NULL, NULL);
INSERT INTO EX.PERSONA(DOC_IDENTIDAD, NOMBRE, NOMBRE1, APELLIDO, APELLIDO1, FECHA_NAC, GENERO, FOTO) VALUES
                  ('00856', 'Wendy', 'Maria', 'Wade', 'Mitchell', TO_DATE('1997-05-16','YYYY-MM-DD'), 'm', NULL);
INSERT INTO EX.HISTORICO_RESIDENCIA(FECHA_INICIO, ID_LUGAR, ID_PERSONA, FECHA_FIN) VALUES
                  (TO_DATE('2011-09-29','YYYY-MM-DD'), 36, '00856', NULL);
INSERT INTO EX.FICHA_MEDICA(ID, ID_PERSONA, ID_CENTRO_SALUD, ID_LUGAR, ESTADO, FECHA_INFECCION, FECHA_RECUPERACION) VALUES
                                             (856, '00856', 21, 36, 'desconido', NULL, NULL);
INSERT INTO EX.PERSONA(DOC_IDENTIDAD, NOMBRE, NOMBRE1, APELLIDO, APELLIDO1, FECHA_NAC, GENERO, FOTO) VALUES
                  ('00857', 'Marissa', 'Tonya', 'Jackson', 'Roberts', TO_DATE('2019-02-22','YYYY-MM-DD'), 'f', NULL);
INSERT INTO EX.HISTORICO_RESIDENCIA(FECHA_INICIO, ID_LUGAR, ID_PERSONA, FECHA_FIN) VALUES
                  (TO_DATE('2019-03-25','YYYY-MM-DD'), 36, '00857', NULL);
INSERT INTO EX.FICHA_MEDICA(ID, ID_PERSONA, ID_CENTRO_SALUD, ID_LUGAR, ESTADO, FECHA_INFECCION, FECHA_RECUPERACION) VALUES
                                             (857, '00857', 21, 36, 'desconido', NULL, NULL);
INSERT INTO EX.PADECIMIENTOS(ID_PATOLOGIA, ID_PERSONA, ID_FICHA_MEDICA) VALUES
                            (1, '00857', 857);
INSERT INTO EX.PADECIMIENTOS(ID_PATOLOGIA, ID_PERSONA, ID_FICHA_MEDICA) VALUES
                            (2, '00857', 857);
INSERT INTO EX.PADECIMIENTOS(ID_PATOLOGIA, ID_PERSONA, ID_FICHA_MEDICA) VALUES
                            (3, '00857', 857);
INSERT INTO EX.PADECIMIENTOS(ID_PATOLOGIA, ID_PERSONA, ID_FICHA_MEDICA) VALUES
                            (4, '00857', 857);
INSERT INTO EX.PADECIMIENTOS(ID_PATOLOGIA, ID_PERSONA, ID_FICHA_MEDICA) VALUES
                            (5, '00857', 857);
INSERT INTO EX.PADECIMIENTOS(ID_PATOLOGIA, ID_PERSONA, ID_FICHA_MEDICA) VALUES
                            (6, '00857', 857);
INSERT INTO EX.PADECIMIENTOS(ID_PATOLOGIA, ID_PERSONA, ID_FICHA_MEDICA) VALUES
                            (7, '00857', 857);
INSERT INTO EX.PERSONA(DOC_IDENTIDAD, NOMBRE, NOMBRE1, APELLIDO, APELLIDO1, FECHA_NAC, GENERO, FOTO) VALUES
                  ('00858', 'Johnny', 'Larry', 'Martinez', 'Gentry', TO_DATE('1974-04-16','YYYY-MM-DD'), 'm', NULL);
INSERT INTO EX.HISTORICO_RESIDENCIA(FECHA_INICIO, ID_LUGAR, ID_PERSONA, FECHA_FIN) VALUES
                  (TO_DATE('1988-07-10','YYYY-MM-DD'), 42, '00858', NULL);
INSERT INTO EX.FICHA_MEDICA(ID, ID_PERSONA, ID_CENTRO_SALUD, ID_LUGAR, ESTADO, FECHA_INFECCION, FECHA_RECUPERACION) VALUES
                                             (858, '00858', 27, 42, 'desconido', NULL, NULL);
INSERT INTO EX.SINTOMAS(FECHA_INICIO, ID_SINTOMA, ID_PERSONA, ID_FICHA_MEDICA) VALUES
                            (TO_DATE('2020-04-20','YYYY-MM-DD'), 1, '00858', 858);
INSERT INTO EX.SINTOMAS(FECHA_INICIO, ID_SINTOMA, ID_PERSONA, ID_FICHA_MEDICA) VALUES
                            (TO_DATE('2020-05-14','YYYY-MM-DD'), 2, '00858', 858);
INSERT INTO EX.PERSONA(DOC_IDENTIDAD, NOMBRE, NOMBRE1, APELLIDO, APELLIDO1, FECHA_NAC, GENERO, FOTO) VALUES
                  ('00859', 'Alexandra', 'Nicholas', 'Russell', 'Bradley', TO_DATE('1991-12-18','YYYY-MM-DD'), 'f', NULL);
INSERT INTO EX.HISTORICO_RESIDENCIA(FECHA_INICIO, ID_LUGAR, ID_PERSONA, FECHA_FIN) VALUES
                  (TO_DATE('2013-10-03','YYYY-MM-DD'), 40, '00859', NULL);
INSERT INTO EX.FICHA_MEDICA(ID, ID_PERSONA, ID_CENTRO_SALUD, ID_LUGAR, ESTADO, FECHA_INFECCION, FECHA_RECUPERACION) VALUES
                                             (859, '00859', 25, 40, 'desconido', NULL, NULL);
INSERT INTO EX.PADECIMIENTOS(ID_PATOLOGIA, ID_PERSONA, ID_FICHA_MEDICA) VALUES
                            (1, '00859', 859);
INSERT INTO EX.PADECIMIENTOS(ID_PATOLOGIA, ID_PERSONA, ID_FICHA_MEDICA) VALUES
                            (2, '00859', 859);
INSERT INTO EX.PADECIMIENTOS(ID_PATOLOGIA, ID_PERSONA, ID_FICHA_MEDICA) VALUES
                            (3, '00859', 859);
INSERT INTO EX.PADECIMIENTOS(ID_PATOLOGIA, ID_PERSONA, ID_FICHA_MEDICA) VALUES
                            (4, '00859', 859);
INSERT INTO EX.PADECIMIENTOS(ID_PATOLOGIA, ID_PERSONA, ID_FICHA_MEDICA) VALUES
                            (5, '00859', 859);
INSERT INTO EX.PADECIMIENTOS(ID_PATOLOGIA, ID_PERSONA, ID_FICHA_MEDICA) VALUES
                            (6, '00859', 859);
INSERT INTO EX.PADECIMIENTOS(ID_PATOLOGIA, ID_PERSONA, ID_FICHA_MEDICA) VALUES
                            (7, '00859', 859);
INSERT INTO EX.PADECIMIENTOS(ID_PATOLOGIA, ID_PERSONA, ID_FICHA_MEDICA) VALUES
                            (8, '00859', 859);
INSERT INTO EX.PADECIMIENTOS(ID_PATOLOGIA, ID_PERSONA, ID_FICHA_MEDICA) VALUES
                            (9, '00859', 859);
INSERT INTO EX.PADECIMIENTOS(ID_PATOLOGIA, ID_PERSONA, ID_FICHA_MEDICA) VALUES
                            (10, '00859', 859);
INSERT INTO EX.SINTOMAS(FECHA_INICIO, ID_SINTOMA, ID_PERSONA, ID_FICHA_MEDICA) VALUES
                            (TO_DATE('2020-05-10','YYYY-MM-DD'), 1, '00859', 859);
INSERT INTO EX.SINTOMAS(FECHA_INICIO, ID_SINTOMA, ID_PERSONA, ID_FICHA_MEDICA) VALUES
                            (TO_DATE('2020-03-17','YYYY-MM-DD'), 2, '00859', 859);
INSERT INTO EX.SINTOMAS(FECHA_INICIO, ID_SINTOMA, ID_PERSONA, ID_FICHA_MEDICA) VALUES
                            (TO_DATE('2020-01-17','YYYY-MM-DD'), 3, '00859', 859);
INSERT INTO EX.SINTOMAS(FECHA_INICIO, ID_SINTOMA, ID_PERSONA, ID_FICHA_MEDICA) VALUES
                            (TO_DATE('2020-02-22','YYYY-MM-DD'), 4, '00859', 859);
INSERT INTO EX.SINTOMAS(FECHA_INICIO, ID_SINTOMA, ID_PERSONA, ID_FICHA_MEDICA) VALUES
                            (TO_DATE('2020-04-24','YYYY-MM-DD'), 5, '00859', 859);
INSERT INTO EX.SINTOMAS(FECHA_INICIO, ID_SINTOMA, ID_PERSONA, ID_FICHA_MEDICA) VALUES
                            (TO_DATE('2020-01-21','YYYY-MM-DD'), 6, '00859', 859);
INSERT INTO EX.SINTOMAS(FECHA_INICIO, ID_SINTOMA, ID_PERSONA, ID_FICHA_MEDICA) VALUES
                            (TO_DATE('2020-05-11','YYYY-MM-DD'), 7, '00859', 859);
INSERT INTO EX.PERSONA(DOC_IDENTIDAD, NOMBRE, NOMBRE1, APELLIDO, APELLIDO1, FECHA_NAC, GENERO, FOTO) VALUES
                  ('00860', 'Nicholas', 'Andrew', 'Adkins', 'Carter', TO_DATE('1981-02-24','YYYY-MM-DD'), 'm', NULL);
INSERT INTO EX.HISTORICO_RESIDENCIA(FECHA_INICIO, ID_LUGAR, ID_PERSONA, FECHA_FIN) VALUES
                  (TO_DATE('2017-03-21','YYYY-MM-DD'), 37, '00860', NULL);
INSERT INTO EX.FICHA_MEDICA(ID, ID_PERSONA, ID_CENTRO_SALUD, ID_LUGAR, ESTADO, FECHA_INFECCION, FECHA_RECUPERACION) VALUES
                                             (860, '00860', 22, 37, 'desconido', NULL, NULL);
INSERT INTO EX.PADECIMIENTOS(ID_PATOLOGIA, ID_PERSONA, ID_FICHA_MEDICA) VALUES
                            (1, '00860', 860);
INSERT INTO EX.PADECIMIENTOS(ID_PATOLOGIA, ID_PERSONA, ID_FICHA_MEDICA) VALUES
                            (2, '00860', 860);
INSERT INTO EX.PADECIMIENTOS(ID_PATOLOGIA, ID_PERSONA, ID_FICHA_MEDICA) VALUES
                            (3, '00860', 860);
INSERT INTO EX.PADECIMIENTOS(ID_PATOLOGIA, ID_PERSONA, ID_FICHA_MEDICA) VALUES
                            (4, '00860', 860);
INSERT INTO EX.PADECIMIENTOS(ID_PATOLOGIA, ID_PERSONA, ID_FICHA_MEDICA) VALUES
                            (5, '00860', 860);
INSERT INTO EX.PADECIMIENTOS(ID_PATOLOGIA, ID_PERSONA, ID_FICHA_MEDICA) VALUES
                            (6, '00860', 860);
INSERT INTO EX.PADECIMIENTOS(ID_PATOLOGIA, ID_PERSONA, ID_FICHA_MEDICA) VALUES
                            (7, '00860', 860);
INSERT INTO EX.PADECIMIENTOS(ID_PATOLOGIA, ID_PERSONA, ID_FICHA_MEDICA) VALUES
                            (8, '00860', 860);
INSERT INTO EX.PADECIMIENTOS(ID_PATOLOGIA, ID_PERSONA, ID_FICHA_MEDICA) VALUES
                            (9, '00860', 860);
INSERT INTO EX.PADECIMIENTOS(ID_PATOLOGIA, ID_PERSONA, ID_FICHA_MEDICA) VALUES
                            (10, '00860', 860);
INSERT INTO EX.PADECIMIENTOS(ID_PATOLOGIA, ID_PERSONA, ID_FICHA_MEDICA) VALUES
                            (11, '00860', 860);
INSERT INTO EX.PADECIMIENTOS(ID_PATOLOGIA, ID_PERSONA, ID_FICHA_MEDICA) VALUES
                            (12, '00860', 860);
INSERT INTO EX.PADECIMIENTOS(ID_PATOLOGIA, ID_PERSONA, ID_FICHA_MEDICA) VALUES
                            (13, '00860', 860);
INSERT INTO EX.PADECIMIENTOS(ID_PATOLOGIA, ID_PERSONA, ID_FICHA_MEDICA) VALUES
                            (14, '00860', 860);
INSERT INTO EX.PADECIMIENTOS(ID_PATOLOGIA, ID_PERSONA, ID_FICHA_MEDICA) VALUES
                            (15, '00860', 860);
INSERT INTO EX.SINTOMAS(FECHA_INICIO, ID_SINTOMA, ID_PERSONA, ID_FICHA_MEDICA) VALUES
                            (TO_DATE('2020-03-02','YYYY-MM-DD'), 1, '00860', 860);
INSERT INTO EX.SINTOMAS(FECHA_INICIO, ID_SINTOMA, ID_PERSONA, ID_FICHA_MEDICA) VALUES
                            (TO_DATE('2020-06-03','YYYY-MM-DD'), 2, '00860', 860);
INSERT INTO EX.SINTOMAS(FECHA_INICIO, ID_SINTOMA, ID_PERSONA, ID_FICHA_MEDICA) VALUES
                            (TO_DATE('2020-05-09','YYYY-MM-DD'), 3, '00860', 860);
INSERT INTO EX.SINTOMAS(FECHA_INICIO, ID_SINTOMA, ID_PERSONA, ID_FICHA_MEDICA) VALUES
                            (TO_DATE('2020-03-15','YYYY-MM-DD'), 4, '00860', 860);
INSERT INTO EX.SINTOMAS(FECHA_INICIO, ID_SINTOMA, ID_PERSONA, ID_FICHA_MEDICA) VALUES
                            (TO_DATE('2020-01-10','YYYY-MM-DD'), 5, '00860', 860);
INSERT INTO EX.SINTOMAS(FECHA_INICIO, ID_SINTOMA, ID_PERSONA, ID_FICHA_MEDICA) VALUES
                            (TO_DATE('2020-01-02','YYYY-MM-DD'), 6, '00860', 860);
INSERT INTO EX.SINTOMAS(FECHA_INICIO, ID_SINTOMA, ID_PERSONA, ID_FICHA_MEDICA) VALUES
                            (TO_DATE('2020-04-30','YYYY-MM-DD'), 7, '00860', 860);
INSERT INTO EX.SINTOMAS(FECHA_INICIO, ID_SINTOMA, ID_PERSONA, ID_FICHA_MEDICA) VALUES
                            (TO_DATE('2020-02-11','YYYY-MM-DD'), 8, '00860', 860);
INSERT INTO EX.PERSONA(DOC_IDENTIDAD, NOMBRE, NOMBRE1, APELLIDO, APELLIDO1, FECHA_NAC, GENERO, FOTO) VALUES
                  ('00861', 'Sara', 'Samantha', 'Keller', 'Davis', TO_DATE('1981-07-27','YYYY-MM-DD'), 'f', NULL);
INSERT INTO EX.HISTORICO_RESIDENCIA(FECHA_INICIO, ID_LUGAR, ID_PERSONA, FECHA_FIN) VALUES
                  (TO_DATE('2016-06-23','YYYY-MM-DD'), 23, '00861', NULL);
INSERT INTO EX.FICHA_MEDICA(ID, ID_PERSONA, ID_CENTRO_SALUD, ID_LUGAR, ESTADO, FECHA_INFECCION, FECHA_RECUPERACION) VALUES
                                             (861, '00861', 8, 23, 'desconido', NULL, NULL);
INSERT INTO EX.PERSONA(DOC_IDENTIDAD, NOMBRE, NOMBRE1, APELLIDO, APELLIDO1, FECHA_NAC, GENERO, FOTO) VALUES
                  ('00862', 'Matthew', 'Natasha', 'Marsh', 'Clark', TO_DATE('1976-08-07','YYYY-MM-DD'), 'm', NULL);
INSERT INTO EX.HISTORICO_RESIDENCIA(FECHA_INICIO, ID_LUGAR, ID_PERSONA, FECHA_FIN) VALUES
                  (TO_DATE('1990-08-27','YYYY-MM-DD'), 32, '00862', NULL);
INSERT INTO EX.FICHA_MEDICA(ID, ID_PERSONA, ID_CENTRO_SALUD, ID_LUGAR, ESTADO, FECHA_INFECCION, FECHA_RECUPERACION) VALUES
                                             (862, '00862', 17, 32, 'desconido', NULL, NULL);
INSERT INTO EX.PADECIMIENTOS(ID_PATOLOGIA, ID_PERSONA, ID_FICHA_MEDICA) VALUES
                            (1, '00862', 862);
INSERT INTO EX.PADECIMIENTOS(ID_PATOLOGIA, ID_PERSONA, ID_FICHA_MEDICA) VALUES
                            (2, '00862', 862);
INSERT INTO EX.PADECIMIENTOS(ID_PATOLOGIA, ID_PERSONA, ID_FICHA_MEDICA) VALUES
                            (3, '00862', 862);
INSERT INTO EX.PADECIMIENTOS(ID_PATOLOGIA, ID_PERSONA, ID_FICHA_MEDICA) VALUES
                            (4, '00862', 862);
INSERT INTO EX.PADECIMIENTOS(ID_PATOLOGIA, ID_PERSONA, ID_FICHA_MEDICA) VALUES
                            (5, '00862', 862);
INSERT INTO EX.PADECIMIENTOS(ID_PATOLOGIA, ID_PERSONA, ID_FICHA_MEDICA) VALUES
                            (6, '00862', 862);
INSERT INTO EX.SINTOMAS(FECHA_INICIO, ID_SINTOMA, ID_PERSONA, ID_FICHA_MEDICA) VALUES
                            (TO_DATE('2020-03-15','YYYY-MM-DD'), 1, '00862', 862);
INSERT INTO EX.SINTOMAS(FECHA_INICIO, ID_SINTOMA, ID_PERSONA, ID_FICHA_MEDICA) VALUES
                            (TO_DATE('2020-02-10','YYYY-MM-DD'), 2, '00862', 862);
INSERT INTO EX.SINTOMAS(FECHA_INICIO, ID_SINTOMA, ID_PERSONA, ID_FICHA_MEDICA) VALUES
                            (TO_DATE('2020-04-02','YYYY-MM-DD'), 3, '00862', 862);
INSERT INTO EX.SINTOMAS(FECHA_INICIO, ID_SINTOMA, ID_PERSONA, ID_FICHA_MEDICA) VALUES
                            (TO_DATE('2020-03-06','YYYY-MM-DD'), 4, '00862', 862);
INSERT INTO EX.SINTOMAS(FECHA_INICIO, ID_SINTOMA, ID_PERSONA, ID_FICHA_MEDICA) VALUES
                            (TO_DATE('2020-03-21','YYYY-MM-DD'), 5, '00862', 862);
INSERT INTO EX.SINTOMAS(FECHA_INICIO, ID_SINTOMA, ID_PERSONA, ID_FICHA_MEDICA) VALUES
                            (TO_DATE('2020-06-02','YYYY-MM-DD'), 6, '00862', 862);
INSERT INTO EX.SINTOMAS(FECHA_INICIO, ID_SINTOMA, ID_PERSONA, ID_FICHA_MEDICA) VALUES
                            (TO_DATE('2020-05-25','YYYY-MM-DD'), 7, '00862', 862);
INSERT INTO EX.SINTOMAS(FECHA_INICIO, ID_SINTOMA, ID_PERSONA, ID_FICHA_MEDICA) VALUES
                            (TO_DATE('2020-06-18','YYYY-MM-DD'), 8, '00862', 862);
INSERT INTO EX.SINTOMAS(FECHA_INICIO, ID_SINTOMA, ID_PERSONA, ID_FICHA_MEDICA) VALUES
                            (TO_DATE('2020-06-13','YYYY-MM-DD'), 9, '00862', 862);
INSERT INTO EX.SINTOMAS(FECHA_INICIO, ID_SINTOMA, ID_PERSONA, ID_FICHA_MEDICA) VALUES
                            (TO_DATE('2020-03-21','YYYY-MM-DD'), 10, '00862', 862);
INSERT INTO EX.SINTOMAS(FECHA_INICIO, ID_SINTOMA, ID_PERSONA, ID_FICHA_MEDICA) VALUES
                            (TO_DATE('2020-06-01','YYYY-MM-DD'), 11, '00862', 862);
INSERT INTO EX.SINTOMAS(FECHA_INICIO, ID_SINTOMA, ID_PERSONA, ID_FICHA_MEDICA) VALUES
                            (TO_DATE('2020-03-23','YYYY-MM-DD'), 12, '00862', 862);
INSERT INTO EX.SINTOMAS(FECHA_INICIO, ID_SINTOMA, ID_PERSONA, ID_FICHA_MEDICA) VALUES
                            (TO_DATE('2020-01-28','YYYY-MM-DD'), 13, '00862', 862);
INSERT INTO EX.SINTOMAS(FECHA_INICIO, ID_SINTOMA, ID_PERSONA, ID_FICHA_MEDICA) VALUES
                            (TO_DATE('2020-02-11','YYYY-MM-DD'), 14, '00862', 862);
INSERT INTO EX.SINTOMAS(FECHA_INICIO, ID_SINTOMA, ID_PERSONA, ID_FICHA_MEDICA) VALUES
                            (TO_DATE('2020-02-27','YYYY-MM-DD'), 15, '00862', 862);
INSERT INTO EX.SINTOMAS(FECHA_INICIO, ID_SINTOMA, ID_PERSONA, ID_FICHA_MEDICA) VALUES
                            (TO_DATE('2020-01-29','YYYY-MM-DD'), 16, '00862', 862);
INSERT INTO EX.SINTOMAS(FECHA_INICIO, ID_SINTOMA, ID_PERSONA, ID_FICHA_MEDICA) VALUES
                            (TO_DATE('2020-06-17','YYYY-MM-DD'), 17, '00862', 862);
INSERT INTO EX.SINTOMAS(FECHA_INICIO, ID_SINTOMA, ID_PERSONA, ID_FICHA_MEDICA) VALUES
                            (TO_DATE('2020-06-05','YYYY-MM-DD'), 18, '00862', 862);
INSERT INTO EX.SINTOMAS(FECHA_INICIO, ID_SINTOMA, ID_PERSONA, ID_FICHA_MEDICA) VALUES
                            (TO_DATE('2020-02-13','YYYY-MM-DD'), 19, '00862', 862);
INSERT INTO EX.PERSONA(DOC_IDENTIDAD, NOMBRE, NOMBRE1, APELLIDO, APELLIDO1, FECHA_NAC, GENERO, FOTO) VALUES
                  ('00863', 'Curtis', 'Stephanie', 'Oneal', 'Salazar', TO_DATE('2007-06-26','YYYY-MM-DD'), 'f', NULL);
INSERT INTO EX.HISTORICO_RESIDENCIA(FECHA_INICIO, ID_LUGAR, ID_PERSONA, FECHA_FIN) VALUES
                  (TO_DATE('1984-03-28','YYYY-MM-DD'), 35, '00863', NULL);
INSERT INTO EX.FICHA_MEDICA(ID, ID_PERSONA, ID_CENTRO_SALUD, ID_LUGAR, ESTADO, FECHA_INFECCION, FECHA_RECUPERACION) VALUES
                                             (863, '00863', 20, 35, 'desconido', NULL, NULL);
INSERT INTO EX.SINTOMAS(FECHA_INICIO, ID_SINTOMA, ID_PERSONA, ID_FICHA_MEDICA) VALUES
                            (TO_DATE('2020-01-18','YYYY-MM-DD'), 1, '00863', 863);
INSERT INTO EX.PERSONA(DOC_IDENTIDAD, NOMBRE, NOMBRE1, APELLIDO, APELLIDO1, FECHA_NAC, GENERO, FOTO) VALUES
                  ('00864', 'Joanna', 'Gregory', 'Smith', 'Spears', TO_DATE('2005-07-10','YYYY-MM-DD'), 'm', NULL);
INSERT INTO EX.HISTORICO_RESIDENCIA(FECHA_INICIO, ID_LUGAR, ID_PERSONA, FECHA_FIN) VALUES
                  (TO_DATE('2013-05-30','YYYY-MM-DD'), 29, '00864', NULL);
INSERT INTO EX.FICHA_MEDICA(ID, ID_PERSONA, ID_CENTRO_SALUD, ID_LUGAR, ESTADO, FECHA_INFECCION, FECHA_RECUPERACION) VALUES
                                             (864, '00864', 14, 29, 'desconido', NULL, NULL);
INSERT INTO EX.PERSONA(DOC_IDENTIDAD, NOMBRE, NOMBRE1, APELLIDO, APELLIDO1, FECHA_NAC, GENERO, FOTO) VALUES
                  ('00865', 'Charles', 'Christina', 'Robinson', 'Green', TO_DATE('1977-07-20','YYYY-MM-DD'), 'f', NULL);
INSERT INTO EX.HISTORICO_RESIDENCIA(FECHA_INICIO, ID_LUGAR, ID_PERSONA, FECHA_FIN) VALUES
                  (TO_DATE('1986-03-16','YYYY-MM-DD'), 18, '00865', NULL);
INSERT INTO EX.FICHA_MEDICA(ID, ID_PERSONA, ID_CENTRO_SALUD, ID_LUGAR, ESTADO, FECHA_INFECCION, FECHA_RECUPERACION) VALUES
                                             (865, '00865', 3, 18, 'desconido', NULL, NULL);
INSERT INTO EX.PADECIMIENTOS(ID_PATOLOGIA, ID_PERSONA, ID_FICHA_MEDICA) VALUES
                            (1, '00865', 865);
INSERT INTO EX.PADECIMIENTOS(ID_PATOLOGIA, ID_PERSONA, ID_FICHA_MEDICA) VALUES
                            (2, '00865', 865);
INSERT INTO EX.PADECIMIENTOS(ID_PATOLOGIA, ID_PERSONA, ID_FICHA_MEDICA) VALUES
                            (3, '00865', 865);
INSERT INTO EX.PADECIMIENTOS(ID_PATOLOGIA, ID_PERSONA, ID_FICHA_MEDICA) VALUES
                            (4, '00865', 865);
INSERT INTO EX.PADECIMIENTOS(ID_PATOLOGIA, ID_PERSONA, ID_FICHA_MEDICA) VALUES
                            (5, '00865', 865);
INSERT INTO EX.PADECIMIENTOS(ID_PATOLOGIA, ID_PERSONA, ID_FICHA_MEDICA) VALUES
                            (6, '00865', 865);
INSERT INTO EX.PADECIMIENTOS(ID_PATOLOGIA, ID_PERSONA, ID_FICHA_MEDICA) VALUES
                            (7, '00865', 865);
INSERT INTO EX.PERSONA(DOC_IDENTIDAD, NOMBRE, NOMBRE1, APELLIDO, APELLIDO1, FECHA_NAC, GENERO, FOTO) VALUES
                  ('00866', 'Jose', 'Paula', 'Taylor', 'Velez', TO_DATE('1982-11-19','YYYY-MM-DD'), 'm', NULL);
INSERT INTO EX.HISTORICO_RESIDENCIA(FECHA_INICIO, ID_LUGAR, ID_PERSONA, FECHA_FIN) VALUES
                  (TO_DATE('1975-11-01','YYYY-MM-DD'), 42, '00866', NULL);
INSERT INTO EX.FICHA_MEDICA(ID, ID_PERSONA, ID_CENTRO_SALUD, ID_LUGAR, ESTADO, FECHA_INFECCION, FECHA_RECUPERACION) VALUES
                                             (866, '00866', 27, 42, 'desconido', NULL, NULL);
INSERT INTO EX.SINTOMAS(FECHA_INICIO, ID_SINTOMA, ID_PERSONA, ID_FICHA_MEDICA) VALUES
                            (TO_DATE('2020-04-15','YYYY-MM-DD'), 1, '00866', 866);
INSERT INTO EX.SINTOMAS(FECHA_INICIO, ID_SINTOMA, ID_PERSONA, ID_FICHA_MEDICA) VALUES
                            (TO_DATE('2020-04-19','YYYY-MM-DD'), 2, '00866', 866);
INSERT INTO EX.SINTOMAS(FECHA_INICIO, ID_SINTOMA, ID_PERSONA, ID_FICHA_MEDICA) VALUES
                            (TO_DATE('2020-06-10','YYYY-MM-DD'), 3, '00866', 866);
INSERT INTO EX.SINTOMAS(FECHA_INICIO, ID_SINTOMA, ID_PERSONA, ID_FICHA_MEDICA) VALUES
                            (TO_DATE('2020-01-14','YYYY-MM-DD'), 4, '00866', 866);
INSERT INTO EX.SINTOMAS(FECHA_INICIO, ID_SINTOMA, ID_PERSONA, ID_FICHA_MEDICA) VALUES
                            (TO_DATE('2020-04-22','YYYY-MM-DD'), 5, '00866', 866);
INSERT INTO EX.SINTOMAS(FECHA_INICIO, ID_SINTOMA, ID_PERSONA, ID_FICHA_MEDICA) VALUES
                            (TO_DATE('2020-05-24','YYYY-MM-DD'), 6, '00866', 866);
INSERT INTO EX.SINTOMAS(FECHA_INICIO, ID_SINTOMA, ID_PERSONA, ID_FICHA_MEDICA) VALUES
                            (TO_DATE('2020-01-10','YYYY-MM-DD'), 7, '00866', 866);
INSERT INTO EX.SINTOMAS(FECHA_INICIO, ID_SINTOMA, ID_PERSONA, ID_FICHA_MEDICA) VALUES
                            (TO_DATE('2020-04-03','YYYY-MM-DD'), 8, '00866', 866);
INSERT INTO EX.SINTOMAS(FECHA_INICIO, ID_SINTOMA, ID_PERSONA, ID_FICHA_MEDICA) VALUES
                            (TO_DATE('2020-01-26','YYYY-MM-DD'), 9, '00866', 866);
INSERT INTO EX.SINTOMAS(FECHA_INICIO, ID_SINTOMA, ID_PERSONA, ID_FICHA_MEDICA) VALUES
                            (TO_DATE('2020-05-03','YYYY-MM-DD'), 10, '00866', 866);
INSERT INTO EX.SINTOMAS(FECHA_INICIO, ID_SINTOMA, ID_PERSONA, ID_FICHA_MEDICA) VALUES
                            (TO_DATE('2020-01-01','YYYY-MM-DD'), 11, '00866', 866);
INSERT INTO EX.SINTOMAS(FECHA_INICIO, ID_SINTOMA, ID_PERSONA, ID_FICHA_MEDICA) VALUES
                            (TO_DATE('2020-05-23','YYYY-MM-DD'), 12, '00866', 866);
INSERT INTO EX.SINTOMAS(FECHA_INICIO, ID_SINTOMA, ID_PERSONA, ID_FICHA_MEDICA) VALUES
                            (TO_DATE('2020-02-19','YYYY-MM-DD'), 13, '00866', 866);
INSERT INTO EX.SINTOMAS(FECHA_INICIO, ID_SINTOMA, ID_PERSONA, ID_FICHA_MEDICA) VALUES
                            (TO_DATE('2020-03-19','YYYY-MM-DD'), 14, '00866', 866);
INSERT INTO EX.SINTOMAS(FECHA_INICIO, ID_SINTOMA, ID_PERSONA, ID_FICHA_MEDICA) VALUES
                            (TO_DATE('2020-04-11','YYYY-MM-DD'), 15, '00866', 866);
INSERT INTO EX.PERSONA(DOC_IDENTIDAD, NOMBRE, NOMBRE1, APELLIDO, APELLIDO1, FECHA_NAC, GENERO, FOTO) VALUES
                  ('00867', 'Brian', 'Jennifer', 'Jackson', 'Woods', TO_DATE('2002-01-19','YYYY-MM-DD'), 'f', NULL);
INSERT INTO EX.HISTORICO_RESIDENCIA(FECHA_INICIO, ID_LUGAR, ID_PERSONA, FECHA_FIN) VALUES
                  (TO_DATE('1978-11-25','YYYY-MM-DD'), 44, '00867', NULL);
INSERT INTO EX.FICHA_MEDICA(ID, ID_PERSONA, ID_CENTRO_SALUD, ID_LUGAR, ESTADO, FECHA_INFECCION, FECHA_RECUPERACION) VALUES
                                             (867, '00867', 29, 44, 'desconido', NULL, NULL);
INSERT INTO EX.PERSONA(DOC_IDENTIDAD, NOMBRE, NOMBRE1, APELLIDO, APELLIDO1, FECHA_NAC, GENERO, FOTO) VALUES
                  ('00868', 'Theodore', 'Ashley', 'Dorsey', 'Peterson', TO_DATE('2015-03-10','YYYY-MM-DD'), 'm', NULL);
INSERT INTO EX.HISTORICO_RESIDENCIA(FECHA_INICIO, ID_LUGAR, ID_PERSONA, FECHA_FIN) VALUES
                  (TO_DATE('1994-10-02','YYYY-MM-DD'), 25, '00868', NULL);
INSERT INTO EX.FICHA_MEDICA(ID, ID_PERSONA, ID_CENTRO_SALUD, ID_LUGAR, ESTADO, FECHA_INFECCION, FECHA_RECUPERACION) VALUES
                                             (868, '00868', 10, 25, 'desconido', NULL, NULL);
INSERT INTO EX.PADECIMIENTOS(ID_PATOLOGIA, ID_PERSONA, ID_FICHA_MEDICA) VALUES
                            (1, '00868', 868);
INSERT INTO EX.PADECIMIENTOS(ID_PATOLOGIA, ID_PERSONA, ID_FICHA_MEDICA) VALUES
                            (2, '00868', 868);
INSERT INTO EX.PADECIMIENTOS(ID_PATOLOGIA, ID_PERSONA, ID_FICHA_MEDICA) VALUES
                            (3, '00868', 868);
INSERT INTO EX.PADECIMIENTOS(ID_PATOLOGIA, ID_PERSONA, ID_FICHA_MEDICA) VALUES
                            (4, '00868', 868);
INSERT INTO EX.PADECIMIENTOS(ID_PATOLOGIA, ID_PERSONA, ID_FICHA_MEDICA) VALUES
                            (5, '00868', 868);
INSERT INTO EX.PADECIMIENTOS(ID_PATOLOGIA, ID_PERSONA, ID_FICHA_MEDICA) VALUES
                            (6, '00868', 868);
INSERT INTO EX.PADECIMIENTOS(ID_PATOLOGIA, ID_PERSONA, ID_FICHA_MEDICA) VALUES
                            (7, '00868', 868);
INSERT INTO EX.PADECIMIENTOS(ID_PATOLOGIA, ID_PERSONA, ID_FICHA_MEDICA) VALUES
                            (8, '00868', 868);
INSERT INTO EX.PADECIMIENTOS(ID_PATOLOGIA, ID_PERSONA, ID_FICHA_MEDICA) VALUES
                            (9, '00868', 868);
INSERT INTO EX.SINTOMAS(FECHA_INICIO, ID_SINTOMA, ID_PERSONA, ID_FICHA_MEDICA) VALUES
                            (TO_DATE('2020-05-31','YYYY-MM-DD'), 1, '00868', 868);
INSERT INTO EX.SINTOMAS(FECHA_INICIO, ID_SINTOMA, ID_PERSONA, ID_FICHA_MEDICA) VALUES
                            (TO_DATE('2020-02-22','YYYY-MM-DD'), 2, '00868', 868);
INSERT INTO EX.SINTOMAS(FECHA_INICIO, ID_SINTOMA, ID_PERSONA, ID_FICHA_MEDICA) VALUES
                            (TO_DATE('2020-05-17','YYYY-MM-DD'), 3, '00868', 868);
INSERT INTO EX.SINTOMAS(FECHA_INICIO, ID_SINTOMA, ID_PERSONA, ID_FICHA_MEDICA) VALUES
                            (TO_DATE('2020-01-14','YYYY-MM-DD'), 4, '00868', 868);
INSERT INTO EX.SINTOMAS(FECHA_INICIO, ID_SINTOMA, ID_PERSONA, ID_FICHA_MEDICA) VALUES
                            (TO_DATE('2020-03-17','YYYY-MM-DD'), 5, '00868', 868);
INSERT INTO EX.SINTOMAS(FECHA_INICIO, ID_SINTOMA, ID_PERSONA, ID_FICHA_MEDICA) VALUES
                            (TO_DATE('2020-01-21','YYYY-MM-DD'), 6, '00868', 868);
INSERT INTO EX.SINTOMAS(FECHA_INICIO, ID_SINTOMA, ID_PERSONA, ID_FICHA_MEDICA) VALUES
                            (TO_DATE('2020-06-30','YYYY-MM-DD'), 7, '00868', 868);
INSERT INTO EX.SINTOMAS(FECHA_INICIO, ID_SINTOMA, ID_PERSONA, ID_FICHA_MEDICA) VALUES
                            (TO_DATE('2020-03-04','YYYY-MM-DD'), 8, '00868', 868);
INSERT INTO EX.SINTOMAS(FECHA_INICIO, ID_SINTOMA, ID_PERSONA, ID_FICHA_MEDICA) VALUES
                            (TO_DATE('2020-03-28','YYYY-MM-DD'), 9, '00868', 868);
INSERT INTO EX.SINTOMAS(FECHA_INICIO, ID_SINTOMA, ID_PERSONA, ID_FICHA_MEDICA) VALUES
                            (TO_DATE('2020-04-03','YYYY-MM-DD'), 10, '00868', 868);
INSERT INTO EX.SINTOMAS(FECHA_INICIO, ID_SINTOMA, ID_PERSONA, ID_FICHA_MEDICA) VALUES
                            (TO_DATE('2020-05-04','YYYY-MM-DD'), 11, '00868', 868);
INSERT INTO EX.SINTOMAS(FECHA_INICIO, ID_SINTOMA, ID_PERSONA, ID_FICHA_MEDICA) VALUES
                            (TO_DATE('2020-01-09','YYYY-MM-DD'), 12, '00868', 868);
INSERT INTO EX.SINTOMAS(FECHA_INICIO, ID_SINTOMA, ID_PERSONA, ID_FICHA_MEDICA) VALUES
                            (TO_DATE('2020-03-06','YYYY-MM-DD'), 13, '00868', 868);
INSERT INTO EX.SINTOMAS(FECHA_INICIO, ID_SINTOMA, ID_PERSONA, ID_FICHA_MEDICA) VALUES
                            (TO_DATE('2020-04-06','YYYY-MM-DD'), 14, '00868', 868);
INSERT INTO EX.SINTOMAS(FECHA_INICIO, ID_SINTOMA, ID_PERSONA, ID_FICHA_MEDICA) VALUES
                            (TO_DATE('2020-06-17','YYYY-MM-DD'), 15, '00868', 868);
INSERT INTO EX.SINTOMAS(FECHA_INICIO, ID_SINTOMA, ID_PERSONA, ID_FICHA_MEDICA) VALUES
                            (TO_DATE('2020-05-06','YYYY-MM-DD'), 16, '00868', 868);
INSERT INTO EX.SINTOMAS(FECHA_INICIO, ID_SINTOMA, ID_PERSONA, ID_FICHA_MEDICA) VALUES
                            (TO_DATE('2020-06-22','YYYY-MM-DD'), 17, '00868', 868);
INSERT INTO EX.PERSONA(DOC_IDENTIDAD, NOMBRE, NOMBRE1, APELLIDO, APELLIDO1, FECHA_NAC, GENERO, FOTO) VALUES
                  ('00869', 'Dustin', 'Joshua', 'Livingston', 'Payne', TO_DATE('1978-10-21','YYYY-MM-DD'), 'f', NULL);
INSERT INTO EX.HISTORICO_RESIDENCIA(FECHA_INICIO, ID_LUGAR, ID_PERSONA, FECHA_FIN) VALUES
                  (TO_DATE('2008-05-26','YYYY-MM-DD'), 40, '00869', NULL);
INSERT INTO EX.FICHA_MEDICA(ID, ID_PERSONA, ID_CENTRO_SALUD, ID_LUGAR, ESTADO, FECHA_INFECCION, FECHA_RECUPERACION) VALUES
                                             (869, '00869', 25, 40, 'desconido', NULL, NULL);
INSERT INTO EX.SINTOMAS(FECHA_INICIO, ID_SINTOMA, ID_PERSONA, ID_FICHA_MEDICA) VALUES
                            (TO_DATE('2020-03-14','YYYY-MM-DD'), 1, '00869', 869);
INSERT INTO EX.SINTOMAS(FECHA_INICIO, ID_SINTOMA, ID_PERSONA, ID_FICHA_MEDICA) VALUES
                            (TO_DATE('2020-04-02','YYYY-MM-DD'), 2, '00869', 869);
INSERT INTO EX.SINTOMAS(FECHA_INICIO, ID_SINTOMA, ID_PERSONA, ID_FICHA_MEDICA) VALUES
                            (TO_DATE('2020-05-03','YYYY-MM-DD'), 3, '00869', 869);
INSERT INTO EX.SINTOMAS(FECHA_INICIO, ID_SINTOMA, ID_PERSONA, ID_FICHA_MEDICA) VALUES
                            (TO_DATE('2020-04-27','YYYY-MM-DD'), 4, '00869', 869);
INSERT INTO EX.SINTOMAS(FECHA_INICIO, ID_SINTOMA, ID_PERSONA, ID_FICHA_MEDICA) VALUES
                            (TO_DATE('2020-03-09','YYYY-MM-DD'), 5, '00869', 869);
INSERT INTO EX.SINTOMAS(FECHA_INICIO, ID_SINTOMA, ID_PERSONA, ID_FICHA_MEDICA) VALUES
                            (TO_DATE('2020-02-01','YYYY-MM-DD'), 6, '00869', 869);
INSERT INTO EX.SINTOMAS(FECHA_INICIO, ID_SINTOMA, ID_PERSONA, ID_FICHA_MEDICA) VALUES
                            (TO_DATE('2020-05-01','YYYY-MM-DD'), 7, '00869', 869);
INSERT INTO EX.SINTOMAS(FECHA_INICIO, ID_SINTOMA, ID_PERSONA, ID_FICHA_MEDICA) VALUES
                            (TO_DATE('2020-06-27','YYYY-MM-DD'), 8, '00869', 869);
INSERT INTO EX.SINTOMAS(FECHA_INICIO, ID_SINTOMA, ID_PERSONA, ID_FICHA_MEDICA) VALUES
                            (TO_DATE('2020-06-22','YYYY-MM-DD'), 9, '00869', 869);
INSERT INTO EX.SINTOMAS(FECHA_INICIO, ID_SINTOMA, ID_PERSONA, ID_FICHA_MEDICA) VALUES
                            (TO_DATE('2020-06-03','YYYY-MM-DD'), 10, '00869', 869);
INSERT INTO EX.SINTOMAS(FECHA_INICIO, ID_SINTOMA, ID_PERSONA, ID_FICHA_MEDICA) VALUES
                            (TO_DATE('2020-05-11','YYYY-MM-DD'), 11, '00869', 869);
INSERT INTO EX.SINTOMAS(FECHA_INICIO, ID_SINTOMA, ID_PERSONA, ID_FICHA_MEDICA) VALUES
                            (TO_DATE('2020-01-28','YYYY-MM-DD'), 12, '00869', 869);
INSERT INTO EX.SINTOMAS(FECHA_INICIO, ID_SINTOMA, ID_PERSONA, ID_FICHA_MEDICA) VALUES
                            (TO_DATE('2020-06-24','YYYY-MM-DD'), 13, '00869', 869);
INSERT INTO EX.SINTOMAS(FECHA_INICIO, ID_SINTOMA, ID_PERSONA, ID_FICHA_MEDICA) VALUES
                            (TO_DATE('2020-02-11','YYYY-MM-DD'), 14, '00869', 869);
INSERT INTO EX.SINTOMAS(FECHA_INICIO, ID_SINTOMA, ID_PERSONA, ID_FICHA_MEDICA) VALUES
                            (TO_DATE('2020-02-28','YYYY-MM-DD'), 15, '00869', 869);
INSERT INTO EX.SINTOMAS(FECHA_INICIO, ID_SINTOMA, ID_PERSONA, ID_FICHA_MEDICA) VALUES
                            (TO_DATE('2020-05-10','YYYY-MM-DD'), 16, '00869', 869);
INSERT INTO EX.SINTOMAS(FECHA_INICIO, ID_SINTOMA, ID_PERSONA, ID_FICHA_MEDICA) VALUES
                            (TO_DATE('2020-05-03','YYYY-MM-DD'), 17, '00869', 869);
INSERT INTO EX.SINTOMAS(FECHA_INICIO, ID_SINTOMA, ID_PERSONA, ID_FICHA_MEDICA) VALUES
                            (TO_DATE('2020-06-07','YYYY-MM-DD'), 18, '00869', 869);
INSERT INTO EX.SINTOMAS(FECHA_INICIO, ID_SINTOMA, ID_PERSONA, ID_FICHA_MEDICA) VALUES
                            (TO_DATE('2020-04-02','YYYY-MM-DD'), 19, '00869', 869);
INSERT INTO EX.PERSONA(DOC_IDENTIDAD, NOMBRE, NOMBRE1, APELLIDO, APELLIDO1, FECHA_NAC, GENERO, FOTO) VALUES
                  ('00870', 'Michael', 'Vanessa', 'Edwards', 'Shea', TO_DATE('1995-04-17','YYYY-MM-DD'), 'm', NULL);
INSERT INTO EX.HISTORICO_RESIDENCIA(FECHA_INICIO, ID_LUGAR, ID_PERSONA, FECHA_FIN) VALUES
                  (TO_DATE('2002-09-17','YYYY-MM-DD'), 33, '00870', NULL);
INSERT INTO EX.FICHA_MEDICA(ID, ID_PERSONA, ID_CENTRO_SALUD, ID_LUGAR, ESTADO, FECHA_INFECCION, FECHA_RECUPERACION) VALUES
                                             (870, '00870', 18, 33, 'desconido', NULL, NULL);
INSERT INTO EX.PERSONA(DOC_IDENTIDAD, NOMBRE, NOMBRE1, APELLIDO, APELLIDO1, FECHA_NAC, GENERO, FOTO) VALUES
                  ('00871', 'Derek', 'April', 'Adams', 'Moore', TO_DATE('2004-06-29','YYYY-MM-DD'), 'f', NULL);
INSERT INTO EX.HISTORICO_RESIDENCIA(FECHA_INICIO, ID_LUGAR, ID_PERSONA, FECHA_FIN) VALUES
                  (TO_DATE('1983-11-10','YYYY-MM-DD'), 25, '00871', NULL);
INSERT INTO EX.FICHA_MEDICA(ID, ID_PERSONA, ID_CENTRO_SALUD, ID_LUGAR, ESTADO, FECHA_INFECCION, FECHA_RECUPERACION) VALUES
                                             (871, '00871', 10, 25, 'desconido', NULL, NULL);
INSERT INTO EX.SINTOMAS(FECHA_INICIO, ID_SINTOMA, ID_PERSONA, ID_FICHA_MEDICA) VALUES
                            (TO_DATE('2020-06-07','YYYY-MM-DD'), 1, '00871', 871);
INSERT INTO EX.SINTOMAS(FECHA_INICIO, ID_SINTOMA, ID_PERSONA, ID_FICHA_MEDICA) VALUES
                            (TO_DATE('2020-01-30','YYYY-MM-DD'), 2, '00871', 871);
INSERT INTO EX.SINTOMAS(FECHA_INICIO, ID_SINTOMA, ID_PERSONA, ID_FICHA_MEDICA) VALUES
                            (TO_DATE('2020-02-14','YYYY-MM-DD'), 3, '00871', 871);
INSERT INTO EX.SINTOMAS(FECHA_INICIO, ID_SINTOMA, ID_PERSONA, ID_FICHA_MEDICA) VALUES
                            (TO_DATE('2020-03-08','YYYY-MM-DD'), 4, '00871', 871);
INSERT INTO EX.SINTOMAS(FECHA_INICIO, ID_SINTOMA, ID_PERSONA, ID_FICHA_MEDICA) VALUES
                            (TO_DATE('2020-01-25','YYYY-MM-DD'), 5, '00871', 871);
INSERT INTO EX.SINTOMAS(FECHA_INICIO, ID_SINTOMA, ID_PERSONA, ID_FICHA_MEDICA) VALUES
                            (TO_DATE('2020-01-30','YYYY-MM-DD'), 6, '00871', 871);
INSERT INTO EX.PERSONA(DOC_IDENTIDAD, NOMBRE, NOMBRE1, APELLIDO, APELLIDO1, FECHA_NAC, GENERO, FOTO) VALUES
                  ('00872', 'Mallory', 'Christopher', 'Oneal', 'Nelson', TO_DATE('2001-11-29','YYYY-MM-DD'), 'm', NULL);
INSERT INTO EX.HISTORICO_RESIDENCIA(FECHA_INICIO, ID_LUGAR, ID_PERSONA, FECHA_FIN) VALUES
                  (TO_DATE('1984-05-03','YYYY-MM-DD'), 45, '00872', NULL);
INSERT INTO EX.FICHA_MEDICA(ID, ID_PERSONA, ID_CENTRO_SALUD, ID_LUGAR, ESTADO, FECHA_INFECCION, FECHA_RECUPERACION) VALUES
                                             (872, '00872', 30, 45, 'desconido', NULL, NULL);
INSERT INTO EX.PADECIMIENTOS(ID_PATOLOGIA, ID_PERSONA, ID_FICHA_MEDICA) VALUES
                            (1, '00872', 872);
INSERT INTO EX.PADECIMIENTOS(ID_PATOLOGIA, ID_PERSONA, ID_FICHA_MEDICA) VALUES
                            (2, '00872', 872);
INSERT INTO EX.PADECIMIENTOS(ID_PATOLOGIA, ID_PERSONA, ID_FICHA_MEDICA) VALUES
                            (3, '00872', 872);
INSERT INTO EX.PADECIMIENTOS(ID_PATOLOGIA, ID_PERSONA, ID_FICHA_MEDICA) VALUES
                            (4, '00872', 872);
INSERT INTO EX.PADECIMIENTOS(ID_PATOLOGIA, ID_PERSONA, ID_FICHA_MEDICA) VALUES
                            (5, '00872', 872);
INSERT INTO EX.PADECIMIENTOS(ID_PATOLOGIA, ID_PERSONA, ID_FICHA_MEDICA) VALUES
                            (6, '00872', 872);
INSERT INTO EX.PADECIMIENTOS(ID_PATOLOGIA, ID_PERSONA, ID_FICHA_MEDICA) VALUES
                            (7, '00872', 872);
INSERT INTO EX.PADECIMIENTOS(ID_PATOLOGIA, ID_PERSONA, ID_FICHA_MEDICA) VALUES
                            (8, '00872', 872);
INSERT INTO EX.PADECIMIENTOS(ID_PATOLOGIA, ID_PERSONA, ID_FICHA_MEDICA) VALUES
                            (9, '00872', 872);
INSERT INTO EX.PADECIMIENTOS(ID_PATOLOGIA, ID_PERSONA, ID_FICHA_MEDICA) VALUES
                            (10, '00872', 872);
INSERT INTO EX.SINTOMAS(FECHA_INICIO, ID_SINTOMA, ID_PERSONA, ID_FICHA_MEDICA) VALUES
                            (TO_DATE('2020-02-11','YYYY-MM-DD'), 1, '00872', 872);
INSERT INTO EX.SINTOMAS(FECHA_INICIO, ID_SINTOMA, ID_PERSONA, ID_FICHA_MEDICA) VALUES
                            (TO_DATE('2020-06-16','YYYY-MM-DD'), 2, '00872', 872);
INSERT INTO EX.SINTOMAS(FECHA_INICIO, ID_SINTOMA, ID_PERSONA, ID_FICHA_MEDICA) VALUES
                            (TO_DATE('2020-02-10','YYYY-MM-DD'), 3, '00872', 872);
INSERT INTO EX.SINTOMAS(FECHA_INICIO, ID_SINTOMA, ID_PERSONA, ID_FICHA_MEDICA) VALUES
                            (TO_DATE('2020-06-06','YYYY-MM-DD'), 4, '00872', 872);
INSERT INTO EX.SINTOMAS(FECHA_INICIO, ID_SINTOMA, ID_PERSONA, ID_FICHA_MEDICA) VALUES
                            (TO_DATE('2020-03-09','YYYY-MM-DD'), 5, '00872', 872);
INSERT INTO EX.SINTOMAS(FECHA_INICIO, ID_SINTOMA, ID_PERSONA, ID_FICHA_MEDICA) VALUES
                            (TO_DATE('2020-05-22','YYYY-MM-DD'), 6, '00872', 872);
INSERT INTO EX.SINTOMAS(FECHA_INICIO, ID_SINTOMA, ID_PERSONA, ID_FICHA_MEDICA) VALUES
                            (TO_DATE('2020-02-07','YYYY-MM-DD'), 7, '00872', 872);
INSERT INTO EX.SINTOMAS(FECHA_INICIO, ID_SINTOMA, ID_PERSONA, ID_FICHA_MEDICA) VALUES
                            (TO_DATE('2020-03-06','YYYY-MM-DD'), 8, '00872', 872);
INSERT INTO EX.SINTOMAS(FECHA_INICIO, ID_SINTOMA, ID_PERSONA, ID_FICHA_MEDICA) VALUES
                            (TO_DATE('2020-04-09','YYYY-MM-DD'), 9, '00872', 872);
INSERT INTO EX.SINTOMAS(FECHA_INICIO, ID_SINTOMA, ID_PERSONA, ID_FICHA_MEDICA) VALUES
                            (TO_DATE('2020-03-23','YYYY-MM-DD'), 10, '00872', 872);
INSERT INTO EX.PERSONA(DOC_IDENTIDAD, NOMBRE, NOMBRE1, APELLIDO, APELLIDO1, FECHA_NAC, GENERO, FOTO) VALUES
                  ('00873', 'Jerry', 'Andrew', 'Cox', 'Lewis', TO_DATE('2001-05-25','YYYY-MM-DD'), 'f', NULL);
INSERT INTO EX.HISTORICO_RESIDENCIA(FECHA_INICIO, ID_LUGAR, ID_PERSONA, FECHA_FIN) VALUES
                  (TO_DATE('2004-10-15','YYYY-MM-DD'), 27, '00873', NULL);
INSERT INTO EX.FICHA_MEDICA(ID, ID_PERSONA, ID_CENTRO_SALUD, ID_LUGAR, ESTADO, FECHA_INFECCION, FECHA_RECUPERACION) VALUES
                                             (873, '00873', 12, 27, 'desconido', NULL, NULL);
INSERT INTO EX.SINTOMAS(FECHA_INICIO, ID_SINTOMA, ID_PERSONA, ID_FICHA_MEDICA) VALUES
                            (TO_DATE('2020-02-15','YYYY-MM-DD'), 1, '00873', 873);
INSERT INTO EX.SINTOMAS(FECHA_INICIO, ID_SINTOMA, ID_PERSONA, ID_FICHA_MEDICA) VALUES
                            (TO_DATE('2020-02-26','YYYY-MM-DD'), 2, '00873', 873);
INSERT INTO EX.SINTOMAS(FECHA_INICIO, ID_SINTOMA, ID_PERSONA, ID_FICHA_MEDICA) VALUES
                            (TO_DATE('2020-01-28','YYYY-MM-DD'), 3, '00873', 873);
INSERT INTO EX.SINTOMAS(FECHA_INICIO, ID_SINTOMA, ID_PERSONA, ID_FICHA_MEDICA) VALUES
                            (TO_DATE('2020-03-21','YYYY-MM-DD'), 4, '00873', 873);
INSERT INTO EX.SINTOMAS(FECHA_INICIO, ID_SINTOMA, ID_PERSONA, ID_FICHA_MEDICA) VALUES
                            (TO_DATE('2020-01-03','YYYY-MM-DD'), 5, '00873', 873);
INSERT INTO EX.SINTOMAS(FECHA_INICIO, ID_SINTOMA, ID_PERSONA, ID_FICHA_MEDICA) VALUES
                            (TO_DATE('2020-04-29','YYYY-MM-DD'), 6, '00873', 873);
INSERT INTO EX.SINTOMAS(FECHA_INICIO, ID_SINTOMA, ID_PERSONA, ID_FICHA_MEDICA) VALUES
                            (TO_DATE('2020-01-26','YYYY-MM-DD'), 7, '00873', 873);
INSERT INTO EX.SINTOMAS(FECHA_INICIO, ID_SINTOMA, ID_PERSONA, ID_FICHA_MEDICA) VALUES
                            (TO_DATE('2020-05-30','YYYY-MM-DD'), 8, '00873', 873);
INSERT INTO EX.SINTOMAS(FECHA_INICIO, ID_SINTOMA, ID_PERSONA, ID_FICHA_MEDICA) VALUES
                            (TO_DATE('2020-05-09','YYYY-MM-DD'), 9, '00873', 873);
INSERT INTO EX.SINTOMAS(FECHA_INICIO, ID_SINTOMA, ID_PERSONA, ID_FICHA_MEDICA) VALUES
                            (TO_DATE('2020-01-20','YYYY-MM-DD'), 10, '00873', 873);
INSERT INTO EX.SINTOMAS(FECHA_INICIO, ID_SINTOMA, ID_PERSONA, ID_FICHA_MEDICA) VALUES
                            (TO_DATE('2020-05-18','YYYY-MM-DD'), 11, '00873', 873);
INSERT INTO EX.SINTOMAS(FECHA_INICIO, ID_SINTOMA, ID_PERSONA, ID_FICHA_MEDICA) VALUES
                            (TO_DATE('2020-05-02','YYYY-MM-DD'), 12, '00873', 873);
INSERT INTO EX.SINTOMAS(FECHA_INICIO, ID_SINTOMA, ID_PERSONA, ID_FICHA_MEDICA) VALUES
                            (TO_DATE('2020-04-03','YYYY-MM-DD'), 13, '00873', 873);
INSERT INTO EX.SINTOMAS(FECHA_INICIO, ID_SINTOMA, ID_PERSONA, ID_FICHA_MEDICA) VALUES
                            (TO_DATE('2020-04-11','YYYY-MM-DD'), 14, '00873', 873);
INSERT INTO EX.SINTOMAS(FECHA_INICIO, ID_SINTOMA, ID_PERSONA, ID_FICHA_MEDICA) VALUES
                            (TO_DATE('2020-06-01','YYYY-MM-DD'), 15, '00873', 873);
INSERT INTO EX.SINTOMAS(FECHA_INICIO, ID_SINTOMA, ID_PERSONA, ID_FICHA_MEDICA) VALUES
                            (TO_DATE('2020-01-15','YYYY-MM-DD'), 16, '00873', 873);
INSERT INTO EX.SINTOMAS(FECHA_INICIO, ID_SINTOMA, ID_PERSONA, ID_FICHA_MEDICA) VALUES
                            (TO_DATE('2020-05-03','YYYY-MM-DD'), 17, '00873', 873);
INSERT INTO EX.SINTOMAS(FECHA_INICIO, ID_SINTOMA, ID_PERSONA, ID_FICHA_MEDICA) VALUES
                            (TO_DATE('2020-06-16','YYYY-MM-DD'), 18, '00873', 873);
INSERT INTO EX.SINTOMAS(FECHA_INICIO, ID_SINTOMA, ID_PERSONA, ID_FICHA_MEDICA) VALUES
                            (TO_DATE('2020-02-05','YYYY-MM-DD'), 19, '00873', 873);
INSERT INTO EX.PERSONA(DOC_IDENTIDAD, NOMBRE, NOMBRE1, APELLIDO, APELLIDO1, FECHA_NAC, GENERO, FOTO) VALUES
                  ('00874', 'James', 'Patrick', 'Clark', 'Lopez', TO_DATE('1971-02-01','YYYY-MM-DD'), 'm', NULL);
INSERT INTO EX.HISTORICO_RESIDENCIA(FECHA_INICIO, ID_LUGAR, ID_PERSONA, FECHA_FIN) VALUES
                  (TO_DATE('1987-04-23','YYYY-MM-DD'), 38, '00874', NULL);
INSERT INTO EX.FICHA_MEDICA(ID, ID_PERSONA, ID_CENTRO_SALUD, ID_LUGAR, ESTADO, FECHA_INFECCION, FECHA_RECUPERACION) VALUES
                                             (874, '00874', 23, 38, 'desconido', NULL, NULL);
INSERT INTO EX.PADECIMIENTOS(ID_PATOLOGIA, ID_PERSONA, ID_FICHA_MEDICA) VALUES
                            (1, '00874', 874);
INSERT INTO EX.PADECIMIENTOS(ID_PATOLOGIA, ID_PERSONA, ID_FICHA_MEDICA) VALUES
                            (2, '00874', 874);
INSERT INTO EX.PADECIMIENTOS(ID_PATOLOGIA, ID_PERSONA, ID_FICHA_MEDICA) VALUES
                            (3, '00874', 874);
INSERT INTO EX.PADECIMIENTOS(ID_PATOLOGIA, ID_PERSONA, ID_FICHA_MEDICA) VALUES
                            (4, '00874', 874);
INSERT INTO EX.PADECIMIENTOS(ID_PATOLOGIA, ID_PERSONA, ID_FICHA_MEDICA) VALUES
                            (5, '00874', 874);
INSERT INTO EX.PADECIMIENTOS(ID_PATOLOGIA, ID_PERSONA, ID_FICHA_MEDICA) VALUES
                            (6, '00874', 874);
INSERT INTO EX.PADECIMIENTOS(ID_PATOLOGIA, ID_PERSONA, ID_FICHA_MEDICA) VALUES
                            (7, '00874', 874);
INSERT INTO EX.PADECIMIENTOS(ID_PATOLOGIA, ID_PERSONA, ID_FICHA_MEDICA) VALUES
                            (8, '00874', 874);
INSERT INTO EX.PADECIMIENTOS(ID_PATOLOGIA, ID_PERSONA, ID_FICHA_MEDICA) VALUES
                            (9, '00874', 874);
INSERT INTO EX.PADECIMIENTOS(ID_PATOLOGIA, ID_PERSONA, ID_FICHA_MEDICA) VALUES
                            (10, '00874', 874);
INSERT INTO EX.SINTOMAS(FECHA_INICIO, ID_SINTOMA, ID_PERSONA, ID_FICHA_MEDICA) VALUES
                            (TO_DATE('2020-04-27','YYYY-MM-DD'), 1, '00874', 874);
INSERT INTO EX.SINTOMAS(FECHA_INICIO, ID_SINTOMA, ID_PERSONA, ID_FICHA_MEDICA) VALUES
                            (TO_DATE('2020-05-26','YYYY-MM-DD'), 2, '00874', 874);
INSERT INTO EX.SINTOMAS(FECHA_INICIO, ID_SINTOMA, ID_PERSONA, ID_FICHA_MEDICA) VALUES
                            (TO_DATE('2020-04-13','YYYY-MM-DD'), 3, '00874', 874);
INSERT INTO EX.SINTOMAS(FECHA_INICIO, ID_SINTOMA, ID_PERSONA, ID_FICHA_MEDICA) VALUES
                            (TO_DATE('2020-03-10','YYYY-MM-DD'), 4, '00874', 874);
INSERT INTO EX.SINTOMAS(FECHA_INICIO, ID_SINTOMA, ID_PERSONA, ID_FICHA_MEDICA) VALUES
                            (TO_DATE('2020-03-06','YYYY-MM-DD'), 5, '00874', 874);
INSERT INTO EX.SINTOMAS(FECHA_INICIO, ID_SINTOMA, ID_PERSONA, ID_FICHA_MEDICA) VALUES
                            (TO_DATE('2020-05-30','YYYY-MM-DD'), 6, '00874', 874);
INSERT INTO EX.SINTOMAS(FECHA_INICIO, ID_SINTOMA, ID_PERSONA, ID_FICHA_MEDICA) VALUES
                            (TO_DATE('2020-04-21','YYYY-MM-DD'), 7, '00874', 874);
INSERT INTO EX.SINTOMAS(FECHA_INICIO, ID_SINTOMA, ID_PERSONA, ID_FICHA_MEDICA) VALUES
                            (TO_DATE('2020-03-11','YYYY-MM-DD'), 8, '00874', 874);
INSERT INTO EX.SINTOMAS(FECHA_INICIO, ID_SINTOMA, ID_PERSONA, ID_FICHA_MEDICA) VALUES
                            (TO_DATE('2020-06-06','YYYY-MM-DD'), 9, '00874', 874);
INSERT INTO EX.SINTOMAS(FECHA_INICIO, ID_SINTOMA, ID_PERSONA, ID_FICHA_MEDICA) VALUES
                            (TO_DATE('2020-06-15','YYYY-MM-DD'), 10, '00874', 874);
INSERT INTO EX.SINTOMAS(FECHA_INICIO, ID_SINTOMA, ID_PERSONA, ID_FICHA_MEDICA) VALUES
                            (TO_DATE('2020-02-10','YYYY-MM-DD'), 11, '00874', 874);
INSERT INTO EX.SINTOMAS(FECHA_INICIO, ID_SINTOMA, ID_PERSONA, ID_FICHA_MEDICA) VALUES
                            (TO_DATE('2020-06-02','YYYY-MM-DD'), 12, '00874', 874);
INSERT INTO EX.PERSONA(DOC_IDENTIDAD, NOMBRE, NOMBRE1, APELLIDO, APELLIDO1, FECHA_NAC, GENERO, FOTO) VALUES
                  ('00875', 'Eddie', 'Steven', 'Roberts', 'Lutz', TO_DATE('1991-01-23','YYYY-MM-DD'), 'f', NULL);
INSERT INTO EX.HISTORICO_RESIDENCIA(FECHA_INICIO, ID_LUGAR, ID_PERSONA, FECHA_FIN) VALUES
                  (TO_DATE('1985-05-03','YYYY-MM-DD'), 45, '00875', NULL);
INSERT INTO EX.FICHA_MEDICA(ID, ID_PERSONA, ID_CENTRO_SALUD, ID_LUGAR, ESTADO, FECHA_INFECCION, FECHA_RECUPERACION) VALUES
                                             (875, '00875', 30, 45, 'desconido', NULL, NULL);
INSERT INTO EX.PERSONA(DOC_IDENTIDAD, NOMBRE, NOMBRE1, APELLIDO, APELLIDO1, FECHA_NAC, GENERO, FOTO) VALUES
                  ('00876', 'Katherine', 'Keith', 'Cole', 'Hendricks', TO_DATE('1993-10-08','YYYY-MM-DD'), 'm', NULL);
INSERT INTO EX.HISTORICO_RESIDENCIA(FECHA_INICIO, ID_LUGAR, ID_PERSONA, FECHA_FIN) VALUES
                  (TO_DATE('1978-04-05','YYYY-MM-DD'), 28, '00876', NULL);
INSERT INTO EX.FICHA_MEDICA(ID, ID_PERSONA, ID_CENTRO_SALUD, ID_LUGAR, ESTADO, FECHA_INFECCION, FECHA_RECUPERACION) VALUES
                                             (876, '00876', 13, 28, 'desconido', NULL, NULL);
INSERT INTO EX.PERSONA(DOC_IDENTIDAD, NOMBRE, NOMBRE1, APELLIDO, APELLIDO1, FECHA_NAC, GENERO, FOTO) VALUES
                  ('00877', 'Paul', 'Michael', 'Fuentes', 'Wright', TO_DATE('2004-09-14','YYYY-MM-DD'), 'f', NULL);
INSERT INTO EX.HISTORICO_RESIDENCIA(FECHA_INICIO, ID_LUGAR, ID_PERSONA, FECHA_FIN) VALUES
                  (TO_DATE('2005-10-02','YYYY-MM-DD'), 18, '00877', NULL);
INSERT INTO EX.FICHA_MEDICA(ID, ID_PERSONA, ID_CENTRO_SALUD, ID_LUGAR, ESTADO, FECHA_INFECCION, FECHA_RECUPERACION) VALUES
                                             (877, '00877', 3, 18, 'desconido', NULL, NULL);
INSERT INTO EX.SINTOMAS(FECHA_INICIO, ID_SINTOMA, ID_PERSONA, ID_FICHA_MEDICA) VALUES
                            (TO_DATE('2020-04-24','YYYY-MM-DD'), 1, '00877', 877);
INSERT INTO EX.SINTOMAS(FECHA_INICIO, ID_SINTOMA, ID_PERSONA, ID_FICHA_MEDICA) VALUES
                            (TO_DATE('2020-05-13','YYYY-MM-DD'), 2, '00877', 877);
INSERT INTO EX.SINTOMAS(FECHA_INICIO, ID_SINTOMA, ID_PERSONA, ID_FICHA_MEDICA) VALUES
                            (TO_DATE('2020-04-04','YYYY-MM-DD'), 3, '00877', 877);
INSERT INTO EX.SINTOMAS(FECHA_INICIO, ID_SINTOMA, ID_PERSONA, ID_FICHA_MEDICA) VALUES
                            (TO_DATE('2020-01-11','YYYY-MM-DD'), 4, '00877', 877);
INSERT INTO EX.SINTOMAS(FECHA_INICIO, ID_SINTOMA, ID_PERSONA, ID_FICHA_MEDICA) VALUES
                            (TO_DATE('2020-03-13','YYYY-MM-DD'), 5, '00877', 877);
INSERT INTO EX.SINTOMAS(FECHA_INICIO, ID_SINTOMA, ID_PERSONA, ID_FICHA_MEDICA) VALUES
                            (TO_DATE('2020-03-19','YYYY-MM-DD'), 6, '00877', 877);
INSERT INTO EX.SINTOMAS(FECHA_INICIO, ID_SINTOMA, ID_PERSONA, ID_FICHA_MEDICA) VALUES
                            (TO_DATE('2020-03-23','YYYY-MM-DD'), 7, '00877', 877);
INSERT INTO EX.SINTOMAS(FECHA_INICIO, ID_SINTOMA, ID_PERSONA, ID_FICHA_MEDICA) VALUES
                            (TO_DATE('2020-03-25','YYYY-MM-DD'), 8, '00877', 877);
INSERT INTO EX.SINTOMAS(FECHA_INICIO, ID_SINTOMA, ID_PERSONA, ID_FICHA_MEDICA) VALUES
                            (TO_DATE('2020-05-10','YYYY-MM-DD'), 9, '00877', 877);
INSERT INTO EX.PERSONA(DOC_IDENTIDAD, NOMBRE, NOMBRE1, APELLIDO, APELLIDO1, FECHA_NAC, GENERO, FOTO) VALUES
                  ('00878', 'Gina', 'Riley', 'Aguilar', 'White', TO_DATE('1978-01-01','YYYY-MM-DD'), 'm', NULL);
INSERT INTO EX.HISTORICO_RESIDENCIA(FECHA_INICIO, ID_LUGAR, ID_PERSONA, FECHA_FIN) VALUES
                  (TO_DATE('1994-08-13','YYYY-MM-DD'), 20, '00878', NULL);
INSERT INTO EX.FICHA_MEDICA(ID, ID_PERSONA, ID_CENTRO_SALUD, ID_LUGAR, ESTADO, FECHA_INFECCION, FECHA_RECUPERACION) VALUES
                                             (878, '00878', 5, 20, 'desconido', NULL, NULL);
INSERT INTO EX.PADECIMIENTOS(ID_PATOLOGIA, ID_PERSONA, ID_FICHA_MEDICA) VALUES
                            (1, '00878', 878);
INSERT INTO EX.PADECIMIENTOS(ID_PATOLOGIA, ID_PERSONA, ID_FICHA_MEDICA) VALUES
                            (2, '00878', 878);
INSERT INTO EX.PADECIMIENTOS(ID_PATOLOGIA, ID_PERSONA, ID_FICHA_MEDICA) VALUES
                            (3, '00878', 878);
INSERT INTO EX.PADECIMIENTOS(ID_PATOLOGIA, ID_PERSONA, ID_FICHA_MEDICA) VALUES
                            (4, '00878', 878);
INSERT INTO EX.PADECIMIENTOS(ID_PATOLOGIA, ID_PERSONA, ID_FICHA_MEDICA) VALUES
                            (5, '00878', 878);
INSERT INTO EX.PADECIMIENTOS(ID_PATOLOGIA, ID_PERSONA, ID_FICHA_MEDICA) VALUES
                            (6, '00878', 878);
INSERT INTO EX.PADECIMIENTOS(ID_PATOLOGIA, ID_PERSONA, ID_FICHA_MEDICA) VALUES
                            (7, '00878', 878);
INSERT INTO EX.PADECIMIENTOS(ID_PATOLOGIA, ID_PERSONA, ID_FICHA_MEDICA) VALUES
                            (8, '00878', 878);
INSERT INTO EX.PADECIMIENTOS(ID_PATOLOGIA, ID_PERSONA, ID_FICHA_MEDICA) VALUES
                            (9, '00878', 878);
INSERT INTO EX.PADECIMIENTOS(ID_PATOLOGIA, ID_PERSONA, ID_FICHA_MEDICA) VALUES
                            (10, '00878', 878);
INSERT INTO EX.PADECIMIENTOS(ID_PATOLOGIA, ID_PERSONA, ID_FICHA_MEDICA) VALUES
                            (11, '00878', 878);
INSERT INTO EX.PADECIMIENTOS(ID_PATOLOGIA, ID_PERSONA, ID_FICHA_MEDICA) VALUES
                            (12, '00878', 878);
INSERT INTO EX.PADECIMIENTOS(ID_PATOLOGIA, ID_PERSONA, ID_FICHA_MEDICA) VALUES
                            (13, '00878', 878);
INSERT INTO EX.PADECIMIENTOS(ID_PATOLOGIA, ID_PERSONA, ID_FICHA_MEDICA) VALUES
                            (14, '00878', 878);
INSERT INTO EX.PADECIMIENTOS(ID_PATOLOGIA, ID_PERSONA, ID_FICHA_MEDICA) VALUES
                            (15, '00878', 878);
INSERT INTO EX.PERSONA(DOC_IDENTIDAD, NOMBRE, NOMBRE1, APELLIDO, APELLIDO1, FECHA_NAC, GENERO, FOTO) VALUES
                  ('00879', 'Justin', 'Christine', 'Spencer', 'Harrison', TO_DATE('1985-08-27','YYYY-MM-DD'), 'f', NULL);
INSERT INTO EX.HISTORICO_RESIDENCIA(FECHA_INICIO, ID_LUGAR, ID_PERSONA, FECHA_FIN) VALUES
                  (TO_DATE('1995-01-19','YYYY-MM-DD'), 36, '00879', NULL);
INSERT INTO EX.FICHA_MEDICA(ID, ID_PERSONA, ID_CENTRO_SALUD, ID_LUGAR, ESTADO, FECHA_INFECCION, FECHA_RECUPERACION) VALUES
                                             (879, '00879', 21, 36, 'desconido', NULL, NULL);
INSERT INTO EX.PADECIMIENTOS(ID_PATOLOGIA, ID_PERSONA, ID_FICHA_MEDICA) VALUES
                            (1, '00879', 879);
INSERT INTO EX.PADECIMIENTOS(ID_PATOLOGIA, ID_PERSONA, ID_FICHA_MEDICA) VALUES
                            (2, '00879', 879);
INSERT INTO EX.PADECIMIENTOS(ID_PATOLOGIA, ID_PERSONA, ID_FICHA_MEDICA) VALUES
                            (3, '00879', 879);
INSERT INTO EX.PADECIMIENTOS(ID_PATOLOGIA, ID_PERSONA, ID_FICHA_MEDICA) VALUES
                            (4, '00879', 879);
INSERT INTO EX.PADECIMIENTOS(ID_PATOLOGIA, ID_PERSONA, ID_FICHA_MEDICA) VALUES
                            (5, '00879', 879);
INSERT INTO EX.PADECIMIENTOS(ID_PATOLOGIA, ID_PERSONA, ID_FICHA_MEDICA) VALUES
                            (6, '00879', 879);
INSERT INTO EX.PADECIMIENTOS(ID_PATOLOGIA, ID_PERSONA, ID_FICHA_MEDICA) VALUES
                            (7, '00879', 879);
INSERT INTO EX.PADECIMIENTOS(ID_PATOLOGIA, ID_PERSONA, ID_FICHA_MEDICA) VALUES
                            (8, '00879', 879);
INSERT INTO EX.SINTOMAS(FECHA_INICIO, ID_SINTOMA, ID_PERSONA, ID_FICHA_MEDICA) VALUES
                            (TO_DATE('2020-05-23','YYYY-MM-DD'), 1, '00879', 879);
INSERT INTO EX.SINTOMAS(FECHA_INICIO, ID_SINTOMA, ID_PERSONA, ID_FICHA_MEDICA) VALUES
                            (TO_DATE('2020-05-30','YYYY-MM-DD'), 2, '00879', 879);
INSERT INTO EX.SINTOMAS(FECHA_INICIO, ID_SINTOMA, ID_PERSONA, ID_FICHA_MEDICA) VALUES
                            (TO_DATE('2020-04-16','YYYY-MM-DD'), 3, '00879', 879);
INSERT INTO EX.PERSONA(DOC_IDENTIDAD, NOMBRE, NOMBRE1, APELLIDO, APELLIDO1, FECHA_NAC, GENERO, FOTO) VALUES
                  ('00880', 'Edward', 'Adrian', 'Norton', 'Miller', TO_DATE('1983-02-09','YYYY-MM-DD'), 'm', NULL);
INSERT INTO EX.HISTORICO_RESIDENCIA(FECHA_INICIO, ID_LUGAR, ID_PERSONA, FECHA_FIN) VALUES
                  (TO_DATE('1991-08-07','YYYY-MM-DD'), 37, '00880', NULL);
INSERT INTO EX.FICHA_MEDICA(ID, ID_PERSONA, ID_CENTRO_SALUD, ID_LUGAR, ESTADO, FECHA_INFECCION, FECHA_RECUPERACION) VALUES
                                             (880, '00880', 22, 37, 'desconido', NULL, NULL);
INSERT INTO EX.PERSONA(DOC_IDENTIDAD, NOMBRE, NOMBRE1, APELLIDO, APELLIDO1, FECHA_NAC, GENERO, FOTO) VALUES
                  ('00881', 'David', 'Kelly', 'Ortega', 'Carpenter', TO_DATE('1991-11-08','YYYY-MM-DD'), 'f', NULL);
INSERT INTO EX.HISTORICO_RESIDENCIA(FECHA_INICIO, ID_LUGAR, ID_PERSONA, FECHA_FIN) VALUES
                  (TO_DATE('1989-06-24','YYYY-MM-DD'), 27, '00881', NULL);
INSERT INTO EX.FICHA_MEDICA(ID, ID_PERSONA, ID_CENTRO_SALUD, ID_LUGAR, ESTADO, FECHA_INFECCION, FECHA_RECUPERACION) VALUES
                                             (881, '00881', 12, 27, 'desconido', NULL, NULL);
INSERT INTO EX.PERSONA(DOC_IDENTIDAD, NOMBRE, NOMBRE1, APELLIDO, APELLIDO1, FECHA_NAC, GENERO, FOTO) VALUES
                  ('00882', 'Jamie', 'Angela', 'Thornton', 'Camacho', TO_DATE('1972-03-09','YYYY-MM-DD'), 'm', NULL);
INSERT INTO EX.HISTORICO_RESIDENCIA(FECHA_INICIO, ID_LUGAR, ID_PERSONA, FECHA_FIN) VALUES
                  (TO_DATE('2016-03-29','YYYY-MM-DD'), 37, '00882', NULL);
INSERT INTO EX.FICHA_MEDICA(ID, ID_PERSONA, ID_CENTRO_SALUD, ID_LUGAR, ESTADO, FECHA_INFECCION, FECHA_RECUPERACION) VALUES
                                             (882, '00882', 22, 37, 'desconido', NULL, NULL);
INSERT INTO EX.PERSONA(DOC_IDENTIDAD, NOMBRE, NOMBRE1, APELLIDO, APELLIDO1, FECHA_NAC, GENERO, FOTO) VALUES
                  ('00883', 'David', 'William', 'Greene', 'Carroll', TO_DATE('1977-06-18','YYYY-MM-DD'), 'f', NULL);
INSERT INTO EX.HISTORICO_RESIDENCIA(FECHA_INICIO, ID_LUGAR, ID_PERSONA, FECHA_FIN) VALUES
                  (TO_DATE('1996-09-17','YYYY-MM-DD'), 34, '00883', NULL);
INSERT INTO EX.FICHA_MEDICA(ID, ID_PERSONA, ID_CENTRO_SALUD, ID_LUGAR, ESTADO, FECHA_INFECCION, FECHA_RECUPERACION) VALUES
                                             (883, '00883', 19, 34, 'desconido', NULL, NULL);
INSERT INTO EX.PERSONA(DOC_IDENTIDAD, NOMBRE, NOMBRE1, APELLIDO, APELLIDO1, FECHA_NAC, GENERO, FOTO) VALUES
                  ('00884', 'Timothy', 'Edwin', 'Carter', 'Peterson', TO_DATE('1983-09-02','YYYY-MM-DD'), 'm', NULL);
INSERT INTO EX.HISTORICO_RESIDENCIA(FECHA_INICIO, ID_LUGAR, ID_PERSONA, FECHA_FIN) VALUES
                  (TO_DATE('2003-01-18','YYYY-MM-DD'), 41, '00884', NULL);
INSERT INTO EX.FICHA_MEDICA(ID, ID_PERSONA, ID_CENTRO_SALUD, ID_LUGAR, ESTADO, FECHA_INFECCION, FECHA_RECUPERACION) VALUES
                                             (884, '00884', 26, 41, 'desconido', NULL, NULL);
INSERT INTO EX.PADECIMIENTOS(ID_PATOLOGIA, ID_PERSONA, ID_FICHA_MEDICA) VALUES
                            (1, '00884', 884);
INSERT INTO EX.PADECIMIENTOS(ID_PATOLOGIA, ID_PERSONA, ID_FICHA_MEDICA) VALUES
                            (2, '00884', 884);
INSERT INTO EX.PADECIMIENTOS(ID_PATOLOGIA, ID_PERSONA, ID_FICHA_MEDICA) VALUES
                            (3, '00884', 884);
INSERT INTO EX.PADECIMIENTOS(ID_PATOLOGIA, ID_PERSONA, ID_FICHA_MEDICA) VALUES
                            (4, '00884', 884);
INSERT INTO EX.PADECIMIENTOS(ID_PATOLOGIA, ID_PERSONA, ID_FICHA_MEDICA) VALUES
                            (5, '00884', 884);
INSERT INTO EX.PADECIMIENTOS(ID_PATOLOGIA, ID_PERSONA, ID_FICHA_MEDICA) VALUES
                            (6, '00884', 884);
INSERT INTO EX.PERSONA(DOC_IDENTIDAD, NOMBRE, NOMBRE1, APELLIDO, APELLIDO1, FECHA_NAC, GENERO, FOTO) VALUES
                  ('00885', 'Alexander', 'Timothy', 'Fowler', 'Parker', TO_DATE('1978-01-11','YYYY-MM-DD'), 'f', NULL);
INSERT INTO EX.HISTORICO_RESIDENCIA(FECHA_INICIO, ID_LUGAR, ID_PERSONA, FECHA_FIN) VALUES
                  (TO_DATE('2001-12-05','YYYY-MM-DD'), 31, '00885', NULL);
INSERT INTO EX.FICHA_MEDICA(ID, ID_PERSONA, ID_CENTRO_SALUD, ID_LUGAR, ESTADO, FECHA_INFECCION, FECHA_RECUPERACION) VALUES
                                             (885, '00885', 16, 31, 'desconido', NULL, NULL);
INSERT INTO EX.SINTOMAS(FECHA_INICIO, ID_SINTOMA, ID_PERSONA, ID_FICHA_MEDICA) VALUES
                            (TO_DATE('2020-06-07','YYYY-MM-DD'), 1, '00885', 885);
INSERT INTO EX.SINTOMAS(FECHA_INICIO, ID_SINTOMA, ID_PERSONA, ID_FICHA_MEDICA) VALUES
                            (TO_DATE('2020-05-09','YYYY-MM-DD'), 2, '00885', 885);
INSERT INTO EX.SINTOMAS(FECHA_INICIO, ID_SINTOMA, ID_PERSONA, ID_FICHA_MEDICA) VALUES
                            (TO_DATE('2020-05-11','YYYY-MM-DD'), 3, '00885', 885);
INSERT INTO EX.PERSONA(DOC_IDENTIDAD, NOMBRE, NOMBRE1, APELLIDO, APELLIDO1, FECHA_NAC, GENERO, FOTO) VALUES
                  ('00886', 'Kylie', 'Tamara', 'Rojas', 'Horne', TO_DATE('1999-03-08','YYYY-MM-DD'), 'm', NULL);
INSERT INTO EX.HISTORICO_RESIDENCIA(FECHA_INICIO, ID_LUGAR, ID_PERSONA, FECHA_FIN) VALUES
                  (TO_DATE('1973-09-11','YYYY-MM-DD'), 22, '00886', NULL);
INSERT INTO EX.FICHA_MEDICA(ID, ID_PERSONA, ID_CENTRO_SALUD, ID_LUGAR, ESTADO, FECHA_INFECCION, FECHA_RECUPERACION) VALUES
                                             (886, '00886', 7, 22, 'desconido', NULL, NULL);
INSERT INTO EX.SINTOMAS(FECHA_INICIO, ID_SINTOMA, ID_PERSONA, ID_FICHA_MEDICA) VALUES
                            (TO_DATE('2020-04-09','YYYY-MM-DD'), 1, '00886', 886);
INSERT INTO EX.PERSONA(DOC_IDENTIDAD, NOMBRE, NOMBRE1, APELLIDO, APELLIDO1, FECHA_NAC, GENERO, FOTO) VALUES
                  ('00887', 'Cynthia', 'Michelle', 'Galvan', 'Jones', TO_DATE('2018-06-07','YYYY-MM-DD'), 'f', NULL);
INSERT INTO EX.HISTORICO_RESIDENCIA(FECHA_INICIO, ID_LUGAR, ID_PERSONA, FECHA_FIN) VALUES
                  (TO_DATE('1972-01-20','YYYY-MM-DD'), 20, '00887', NULL);
INSERT INTO EX.FICHA_MEDICA(ID, ID_PERSONA, ID_CENTRO_SALUD, ID_LUGAR, ESTADO, FECHA_INFECCION, FECHA_RECUPERACION) VALUES
                                             (887, '00887', 5, 20, 'desconido', NULL, NULL);
INSERT INTO EX.SINTOMAS(FECHA_INICIO, ID_SINTOMA, ID_PERSONA, ID_FICHA_MEDICA) VALUES
                            (TO_DATE('2020-02-05','YYYY-MM-DD'), 1, '00887', 887);
INSERT INTO EX.SINTOMAS(FECHA_INICIO, ID_SINTOMA, ID_PERSONA, ID_FICHA_MEDICA) VALUES
                            (TO_DATE('2020-04-28','YYYY-MM-DD'), 2, '00887', 887);
INSERT INTO EX.SINTOMAS(FECHA_INICIO, ID_SINTOMA, ID_PERSONA, ID_FICHA_MEDICA) VALUES
                            (TO_DATE('2020-05-25','YYYY-MM-DD'), 3, '00887', 887);
INSERT INTO EX.SINTOMAS(FECHA_INICIO, ID_SINTOMA, ID_PERSONA, ID_FICHA_MEDICA) VALUES
                            (TO_DATE('2020-04-05','YYYY-MM-DD'), 4, '00887', 887);
INSERT INTO EX.SINTOMAS(FECHA_INICIO, ID_SINTOMA, ID_PERSONA, ID_FICHA_MEDICA) VALUES
                            (TO_DATE('2020-03-01','YYYY-MM-DD'), 5, '00887', 887);
INSERT INTO EX.SINTOMAS(FECHA_INICIO, ID_SINTOMA, ID_PERSONA, ID_FICHA_MEDICA) VALUES
                            (TO_DATE('2020-02-14','YYYY-MM-DD'), 6, '00887', 887);
INSERT INTO EX.SINTOMAS(FECHA_INICIO, ID_SINTOMA, ID_PERSONA, ID_FICHA_MEDICA) VALUES
                            (TO_DATE('2020-03-07','YYYY-MM-DD'), 7, '00887', 887);
INSERT INTO EX.SINTOMAS(FECHA_INICIO, ID_SINTOMA, ID_PERSONA, ID_FICHA_MEDICA) VALUES
                            (TO_DATE('2020-03-09','YYYY-MM-DD'), 8, '00887', 887);
INSERT INTO EX.PERSONA(DOC_IDENTIDAD, NOMBRE, NOMBRE1, APELLIDO, APELLIDO1, FECHA_NAC, GENERO, FOTO) VALUES
                  ('00888', 'Jessica', 'Kathleen', 'Hall', 'Byrd', TO_DATE('2014-07-31','YYYY-MM-DD'), 'm', NULL);
INSERT INTO EX.HISTORICO_RESIDENCIA(FECHA_INICIO, ID_LUGAR, ID_PERSONA, FECHA_FIN) VALUES
                  (TO_DATE('1974-09-07','YYYY-MM-DD'), 37, '00888', NULL);
INSERT INTO EX.FICHA_MEDICA(ID, ID_PERSONA, ID_CENTRO_SALUD, ID_LUGAR, ESTADO, FECHA_INFECCION, FECHA_RECUPERACION) VALUES
                                             (888, '00888', 22, 37, 'desconido', NULL, NULL);
INSERT INTO EX.PERSONA(DOC_IDENTIDAD, NOMBRE, NOMBRE1, APELLIDO, APELLIDO1, FECHA_NAC, GENERO, FOTO) VALUES
                  ('00889', 'Angela', 'Erin', 'Barber', 'Griffin', TO_DATE('1984-05-26','YYYY-MM-DD'), 'f', NULL);
INSERT INTO EX.HISTORICO_RESIDENCIA(FECHA_INICIO, ID_LUGAR, ID_PERSONA, FECHA_FIN) VALUES
                  (TO_DATE('1984-12-28','YYYY-MM-DD'), 24, '00889', NULL);
INSERT INTO EX.FICHA_MEDICA(ID, ID_PERSONA, ID_CENTRO_SALUD, ID_LUGAR, ESTADO, FECHA_INFECCION, FECHA_RECUPERACION) VALUES
                                             (889, '00889', 9, 24, 'desconido', NULL, NULL);
INSERT INTO EX.PADECIMIENTOS(ID_PATOLOGIA, ID_PERSONA, ID_FICHA_MEDICA) VALUES
                            (1, '00889', 889);
INSERT INTO EX.PADECIMIENTOS(ID_PATOLOGIA, ID_PERSONA, ID_FICHA_MEDICA) VALUES
                            (2, '00889', 889);
INSERT INTO EX.PERSONA(DOC_IDENTIDAD, NOMBRE, NOMBRE1, APELLIDO, APELLIDO1, FECHA_NAC, GENERO, FOTO) VALUES
                  ('00890', 'Gregory', 'Donald', 'Christensen', 'Smith', TO_DATE('1986-04-02','YYYY-MM-DD'), 'm', NULL);
INSERT INTO EX.HISTORICO_RESIDENCIA(FECHA_INICIO, ID_LUGAR, ID_PERSONA, FECHA_FIN) VALUES
                  (TO_DATE('2001-03-12','YYYY-MM-DD'), 30, '00890', NULL);
INSERT INTO EX.FICHA_MEDICA(ID, ID_PERSONA, ID_CENTRO_SALUD, ID_LUGAR, ESTADO, FECHA_INFECCION, FECHA_RECUPERACION) VALUES
                                             (890, '00890', 15, 30, 'desconido', NULL, NULL);
INSERT INTO EX.PERSONA(DOC_IDENTIDAD, NOMBRE, NOMBRE1, APELLIDO, APELLIDO1, FECHA_NAC, GENERO, FOTO) VALUES
                  ('00891', 'Linda', 'Monica', 'Gutierrez', 'Jones', TO_DATE('1990-09-14','YYYY-MM-DD'), 'f', NULL);
INSERT INTO EX.HISTORICO_RESIDENCIA(FECHA_INICIO, ID_LUGAR, ID_PERSONA, FECHA_FIN) VALUES
                  (TO_DATE('2011-12-21','YYYY-MM-DD'), 34, '00891', NULL);
INSERT INTO EX.FICHA_MEDICA(ID, ID_PERSONA, ID_CENTRO_SALUD, ID_LUGAR, ESTADO, FECHA_INFECCION, FECHA_RECUPERACION) VALUES
                                             (891, '00891', 19, 34, 'desconido', NULL, NULL);
INSERT INTO EX.PERSONA(DOC_IDENTIDAD, NOMBRE, NOMBRE1, APELLIDO, APELLIDO1, FECHA_NAC, GENERO, FOTO) VALUES
                  ('00892', 'David', 'Russell', 'Ramirez', 'Blake', TO_DATE('1993-11-18','YYYY-MM-DD'), 'm', NULL);
INSERT INTO EX.HISTORICO_RESIDENCIA(FECHA_INICIO, ID_LUGAR, ID_PERSONA, FECHA_FIN) VALUES
                  (TO_DATE('1990-10-20','YYYY-MM-DD'), 44, '00892', NULL);
INSERT INTO EX.FICHA_MEDICA(ID, ID_PERSONA, ID_CENTRO_SALUD, ID_LUGAR, ESTADO, FECHA_INFECCION, FECHA_RECUPERACION) VALUES
                                             (892, '00892', 29, 44, 'desconido', NULL, NULL);
INSERT INTO EX.PADECIMIENTOS(ID_PATOLOGIA, ID_PERSONA, ID_FICHA_MEDICA) VALUES
                            (1, '00892', 892);
INSERT INTO EX.PADECIMIENTOS(ID_PATOLOGIA, ID_PERSONA, ID_FICHA_MEDICA) VALUES
                            (2, '00892', 892);
INSERT INTO EX.PADECIMIENTOS(ID_PATOLOGIA, ID_PERSONA, ID_FICHA_MEDICA) VALUES
                            (3, '00892', 892);
INSERT INTO EX.PADECIMIENTOS(ID_PATOLOGIA, ID_PERSONA, ID_FICHA_MEDICA) VALUES
                            (4, '00892', 892);
INSERT INTO EX.PADECIMIENTOS(ID_PATOLOGIA, ID_PERSONA, ID_FICHA_MEDICA) VALUES
                            (5, '00892', 892);
INSERT INTO EX.PADECIMIENTOS(ID_PATOLOGIA, ID_PERSONA, ID_FICHA_MEDICA) VALUES
                            (6, '00892', 892);
INSERT INTO EX.PADECIMIENTOS(ID_PATOLOGIA, ID_PERSONA, ID_FICHA_MEDICA) VALUES
                            (7, '00892', 892);
INSERT INTO EX.SINTOMAS(FECHA_INICIO, ID_SINTOMA, ID_PERSONA, ID_FICHA_MEDICA) VALUES
                            (TO_DATE('2020-02-24','YYYY-MM-DD'), 1, '00892', 892);
INSERT INTO EX.SINTOMAS(FECHA_INICIO, ID_SINTOMA, ID_PERSONA, ID_FICHA_MEDICA) VALUES
                            (TO_DATE('2020-01-21','YYYY-MM-DD'), 2, '00892', 892);
INSERT INTO EX.SINTOMAS(FECHA_INICIO, ID_SINTOMA, ID_PERSONA, ID_FICHA_MEDICA) VALUES
                            (TO_DATE('2020-02-27','YYYY-MM-DD'), 3, '00892', 892);
INSERT INTO EX.SINTOMAS(FECHA_INICIO, ID_SINTOMA, ID_PERSONA, ID_FICHA_MEDICA) VALUES
                            (TO_DATE('2020-06-05','YYYY-MM-DD'), 4, '00892', 892);
INSERT INTO EX.SINTOMAS(FECHA_INICIO, ID_SINTOMA, ID_PERSONA, ID_FICHA_MEDICA) VALUES
                            (TO_DATE('2020-04-20','YYYY-MM-DD'), 5, '00892', 892);
INSERT INTO EX.SINTOMAS(FECHA_INICIO, ID_SINTOMA, ID_PERSONA, ID_FICHA_MEDICA) VALUES
                            (TO_DATE('2020-04-05','YYYY-MM-DD'), 6, '00892', 892);
INSERT INTO EX.SINTOMAS(FECHA_INICIO, ID_SINTOMA, ID_PERSONA, ID_FICHA_MEDICA) VALUES
                            (TO_DATE('2020-01-15','YYYY-MM-DD'), 7, '00892', 892);
INSERT INTO EX.SINTOMAS(FECHA_INICIO, ID_SINTOMA, ID_PERSONA, ID_FICHA_MEDICA) VALUES
                            (TO_DATE('2020-01-14','YYYY-MM-DD'), 8, '00892', 892);
INSERT INTO EX.SINTOMAS(FECHA_INICIO, ID_SINTOMA, ID_PERSONA, ID_FICHA_MEDICA) VALUES
                            (TO_DATE('2020-06-13','YYYY-MM-DD'), 9, '00892', 892);
INSERT INTO EX.SINTOMAS(FECHA_INICIO, ID_SINTOMA, ID_PERSONA, ID_FICHA_MEDICA) VALUES
                            (TO_DATE('2020-03-29','YYYY-MM-DD'), 10, '00892', 892);
INSERT INTO EX.SINTOMAS(FECHA_INICIO, ID_SINTOMA, ID_PERSONA, ID_FICHA_MEDICA) VALUES
                            (TO_DATE('2020-05-29','YYYY-MM-DD'), 11, '00892', 892);
INSERT INTO EX.SINTOMAS(FECHA_INICIO, ID_SINTOMA, ID_PERSONA, ID_FICHA_MEDICA) VALUES
                            (TO_DATE('2020-06-18','YYYY-MM-DD'), 12, '00892', 892);
INSERT INTO EX.SINTOMAS(FECHA_INICIO, ID_SINTOMA, ID_PERSONA, ID_FICHA_MEDICA) VALUES
                            (TO_DATE('2020-06-10','YYYY-MM-DD'), 13, '00892', 892);
INSERT INTO EX.SINTOMAS(FECHA_INICIO, ID_SINTOMA, ID_PERSONA, ID_FICHA_MEDICA) VALUES
                            (TO_DATE('2020-01-19','YYYY-MM-DD'), 14, '00892', 892);
INSERT INTO EX.SINTOMAS(FECHA_INICIO, ID_SINTOMA, ID_PERSONA, ID_FICHA_MEDICA) VALUES
                            (TO_DATE('2020-06-03','YYYY-MM-DD'), 15, '00892', 892);
INSERT INTO EX.SINTOMAS(FECHA_INICIO, ID_SINTOMA, ID_PERSONA, ID_FICHA_MEDICA) VALUES
                            (TO_DATE('2020-01-14','YYYY-MM-DD'), 16, '00892', 892);
INSERT INTO EX.SINTOMAS(FECHA_INICIO, ID_SINTOMA, ID_PERSONA, ID_FICHA_MEDICA) VALUES
                            (TO_DATE('2020-05-25','YYYY-MM-DD'), 17, '00892', 892);
INSERT INTO EX.PERSONA(DOC_IDENTIDAD, NOMBRE, NOMBRE1, APELLIDO, APELLIDO1, FECHA_NAC, GENERO, FOTO) VALUES
                  ('00893', 'Joseph', 'Joseph', 'Green', 'Williams', TO_DATE('2013-04-06','YYYY-MM-DD'), 'f', NULL);
INSERT INTO EX.HISTORICO_RESIDENCIA(FECHA_INICIO, ID_LUGAR, ID_PERSONA, FECHA_FIN) VALUES
                  (TO_DATE('1989-05-05','YYYY-MM-DD'), 24, '00893', NULL);
INSERT INTO EX.FICHA_MEDICA(ID, ID_PERSONA, ID_CENTRO_SALUD, ID_LUGAR, ESTADO, FECHA_INFECCION, FECHA_RECUPERACION) VALUES
                                             (893, '00893', 9, 24, 'desconido', NULL, NULL);
INSERT INTO EX.PADECIMIENTOS(ID_PATOLOGIA, ID_PERSONA, ID_FICHA_MEDICA) VALUES
                            (1, '00893', 893);
INSERT INTO EX.SINTOMAS(FECHA_INICIO, ID_SINTOMA, ID_PERSONA, ID_FICHA_MEDICA) VALUES
                            (TO_DATE('2020-04-14','YYYY-MM-DD'), 1, '00893', 893);
INSERT INTO EX.SINTOMAS(FECHA_INICIO, ID_SINTOMA, ID_PERSONA, ID_FICHA_MEDICA) VALUES
                            (TO_DATE('2020-04-16','YYYY-MM-DD'), 2, '00893', 893);
INSERT INTO EX.SINTOMAS(FECHA_INICIO, ID_SINTOMA, ID_PERSONA, ID_FICHA_MEDICA) VALUES
                            (TO_DATE('2020-01-17','YYYY-MM-DD'), 3, '00893', 893);
INSERT INTO EX.SINTOMAS(FECHA_INICIO, ID_SINTOMA, ID_PERSONA, ID_FICHA_MEDICA) VALUES
                            (TO_DATE('2020-05-12','YYYY-MM-DD'), 4, '00893', 893);
INSERT INTO EX.SINTOMAS(FECHA_INICIO, ID_SINTOMA, ID_PERSONA, ID_FICHA_MEDICA) VALUES
                            (TO_DATE('2020-02-13','YYYY-MM-DD'), 5, '00893', 893);
INSERT INTO EX.SINTOMAS(FECHA_INICIO, ID_SINTOMA, ID_PERSONA, ID_FICHA_MEDICA) VALUES
                            (TO_DATE('2020-06-26','YYYY-MM-DD'), 6, '00893', 893);
INSERT INTO EX.SINTOMAS(FECHA_INICIO, ID_SINTOMA, ID_PERSONA, ID_FICHA_MEDICA) VALUES
                            (TO_DATE('2020-04-17','YYYY-MM-DD'), 7, '00893', 893);
INSERT INTO EX.SINTOMAS(FECHA_INICIO, ID_SINTOMA, ID_PERSONA, ID_FICHA_MEDICA) VALUES
                            (TO_DATE('2020-05-28','YYYY-MM-DD'), 8, '00893', 893);
INSERT INTO EX.SINTOMAS(FECHA_INICIO, ID_SINTOMA, ID_PERSONA, ID_FICHA_MEDICA) VALUES
                            (TO_DATE('2020-05-10','YYYY-MM-DD'), 9, '00893', 893);
INSERT INTO EX.SINTOMAS(FECHA_INICIO, ID_SINTOMA, ID_PERSONA, ID_FICHA_MEDICA) VALUES
                            (TO_DATE('2020-04-03','YYYY-MM-DD'), 10, '00893', 893);
INSERT INTO EX.PERSONA(DOC_IDENTIDAD, NOMBRE, NOMBRE1, APELLIDO, APELLIDO1, FECHA_NAC, GENERO, FOTO) VALUES
                  ('00894', 'Shannon', 'Daniel', 'Powell', 'Barajas', TO_DATE('1977-02-17','YYYY-MM-DD'), 'm', NULL);
INSERT INTO EX.HISTORICO_RESIDENCIA(FECHA_INICIO, ID_LUGAR, ID_PERSONA, FECHA_FIN) VALUES
                  (TO_DATE('2014-08-20','YYYY-MM-DD'), 18, '00894', NULL);
INSERT INTO EX.FICHA_MEDICA(ID, ID_PERSONA, ID_CENTRO_SALUD, ID_LUGAR, ESTADO, FECHA_INFECCION, FECHA_RECUPERACION) VALUES
                                             (894, '00894', 3, 18, 'desconido', NULL, NULL);
INSERT INTO EX.SINTOMAS(FECHA_INICIO, ID_SINTOMA, ID_PERSONA, ID_FICHA_MEDICA) VALUES
                            (TO_DATE('2020-04-03','YYYY-MM-DD'), 1, '00894', 894);
INSERT INTO EX.SINTOMAS(FECHA_INICIO, ID_SINTOMA, ID_PERSONA, ID_FICHA_MEDICA) VALUES
                            (TO_DATE('2020-03-18','YYYY-MM-DD'), 2, '00894', 894);
INSERT INTO EX.SINTOMAS(FECHA_INICIO, ID_SINTOMA, ID_PERSONA, ID_FICHA_MEDICA) VALUES
                            (TO_DATE('2020-01-05','YYYY-MM-DD'), 3, '00894', 894);
INSERT INTO EX.SINTOMAS(FECHA_INICIO, ID_SINTOMA, ID_PERSONA, ID_FICHA_MEDICA) VALUES
                            (TO_DATE('2020-05-14','YYYY-MM-DD'), 4, '00894', 894);
INSERT INTO EX.SINTOMAS(FECHA_INICIO, ID_SINTOMA, ID_PERSONA, ID_FICHA_MEDICA) VALUES
                            (TO_DATE('2020-03-17','YYYY-MM-DD'), 5, '00894', 894);
INSERT INTO EX.SINTOMAS(FECHA_INICIO, ID_SINTOMA, ID_PERSONA, ID_FICHA_MEDICA) VALUES
                            (TO_DATE('2020-02-02','YYYY-MM-DD'), 6, '00894', 894);
INSERT INTO EX.PERSONA(DOC_IDENTIDAD, NOMBRE, NOMBRE1, APELLIDO, APELLIDO1, FECHA_NAC, GENERO, FOTO) VALUES
                  ('00895', 'Matthew', 'Elizabeth', 'Harris', 'Brown', TO_DATE('2006-02-15','YYYY-MM-DD'), 'f', NULL);
INSERT INTO EX.HISTORICO_RESIDENCIA(FECHA_INICIO, ID_LUGAR, ID_PERSONA, FECHA_FIN) VALUES
                  (TO_DATE('1992-07-08','YYYY-MM-DD'), 28, '00895', NULL);
INSERT INTO EX.FICHA_MEDICA(ID, ID_PERSONA, ID_CENTRO_SALUD, ID_LUGAR, ESTADO, FECHA_INFECCION, FECHA_RECUPERACION) VALUES
                                             (895, '00895', 13, 28, 'desconido', NULL, NULL);
INSERT INTO EX.PADECIMIENTOS(ID_PATOLOGIA, ID_PERSONA, ID_FICHA_MEDICA) VALUES
                            (1, '00895', 895);
INSERT INTO EX.PADECIMIENTOS(ID_PATOLOGIA, ID_PERSONA, ID_FICHA_MEDICA) VALUES
                            (2, '00895', 895);
INSERT INTO EX.PADECIMIENTOS(ID_PATOLOGIA, ID_PERSONA, ID_FICHA_MEDICA) VALUES
                            (3, '00895', 895);
INSERT INTO EX.PADECIMIENTOS(ID_PATOLOGIA, ID_PERSONA, ID_FICHA_MEDICA) VALUES
                            (4, '00895', 895);
INSERT INTO EX.PADECIMIENTOS(ID_PATOLOGIA, ID_PERSONA, ID_FICHA_MEDICA) VALUES
                            (5, '00895', 895);
INSERT INTO EX.PADECIMIENTOS(ID_PATOLOGIA, ID_PERSONA, ID_FICHA_MEDICA) VALUES
                            (6, '00895', 895);
INSERT INTO EX.PADECIMIENTOS(ID_PATOLOGIA, ID_PERSONA, ID_FICHA_MEDICA) VALUES
                            (7, '00895', 895);
INSERT INTO EX.SINTOMAS(FECHA_INICIO, ID_SINTOMA, ID_PERSONA, ID_FICHA_MEDICA) VALUES
                            (TO_DATE('2020-01-11','YYYY-MM-DD'), 1, '00895', 895);
INSERT INTO EX.SINTOMAS(FECHA_INICIO, ID_SINTOMA, ID_PERSONA, ID_FICHA_MEDICA) VALUES
                            (TO_DATE('2020-03-11','YYYY-MM-DD'), 2, '00895', 895);
INSERT INTO EX.SINTOMAS(FECHA_INICIO, ID_SINTOMA, ID_PERSONA, ID_FICHA_MEDICA) VALUES
                            (TO_DATE('2020-05-17','YYYY-MM-DD'), 3, '00895', 895);
INSERT INTO EX.SINTOMAS(FECHA_INICIO, ID_SINTOMA, ID_PERSONA, ID_FICHA_MEDICA) VALUES
                            (TO_DATE('2020-06-29','YYYY-MM-DD'), 4, '00895', 895);
INSERT INTO EX.SINTOMAS(FECHA_INICIO, ID_SINTOMA, ID_PERSONA, ID_FICHA_MEDICA) VALUES
                            (TO_DATE('2020-06-25','YYYY-MM-DD'), 5, '00895', 895);
INSERT INTO EX.SINTOMAS(FECHA_INICIO, ID_SINTOMA, ID_PERSONA, ID_FICHA_MEDICA) VALUES
                            (TO_DATE('2020-01-02','YYYY-MM-DD'), 6, '00895', 895);
INSERT INTO EX.SINTOMAS(FECHA_INICIO, ID_SINTOMA, ID_PERSONA, ID_FICHA_MEDICA) VALUES
                            (TO_DATE('2020-05-17','YYYY-MM-DD'), 7, '00895', 895);
INSERT INTO EX.SINTOMAS(FECHA_INICIO, ID_SINTOMA, ID_PERSONA, ID_FICHA_MEDICA) VALUES
                            (TO_DATE('2020-02-27','YYYY-MM-DD'), 8, '00895', 895);
INSERT INTO EX.SINTOMAS(FECHA_INICIO, ID_SINTOMA, ID_PERSONA, ID_FICHA_MEDICA) VALUES
                            (TO_DATE('2020-06-22','YYYY-MM-DD'), 9, '00895', 895);
INSERT INTO EX.SINTOMAS(FECHA_INICIO, ID_SINTOMA, ID_PERSONA, ID_FICHA_MEDICA) VALUES
                            (TO_DATE('2020-05-19','YYYY-MM-DD'), 10, '00895', 895);
INSERT INTO EX.SINTOMAS(FECHA_INICIO, ID_SINTOMA, ID_PERSONA, ID_FICHA_MEDICA) VALUES
                            (TO_DATE('2020-01-31','YYYY-MM-DD'), 11, '00895', 895);
INSERT INTO EX.SINTOMAS(FECHA_INICIO, ID_SINTOMA, ID_PERSONA, ID_FICHA_MEDICA) VALUES
                            (TO_DATE('2020-01-06','YYYY-MM-DD'), 12, '00895', 895);
INSERT INTO EX.SINTOMAS(FECHA_INICIO, ID_SINTOMA, ID_PERSONA, ID_FICHA_MEDICA) VALUES
                            (TO_DATE('2020-01-01','YYYY-MM-DD'), 13, '00895', 895);
INSERT INTO EX.SINTOMAS(FECHA_INICIO, ID_SINTOMA, ID_PERSONA, ID_FICHA_MEDICA) VALUES
                            (TO_DATE('2020-06-15','YYYY-MM-DD'), 14, '00895', 895);
INSERT INTO EX.SINTOMAS(FECHA_INICIO, ID_SINTOMA, ID_PERSONA, ID_FICHA_MEDICA) VALUES
                            (TO_DATE('2020-02-17','YYYY-MM-DD'), 15, '00895', 895);
INSERT INTO EX.SINTOMAS(FECHA_INICIO, ID_SINTOMA, ID_PERSONA, ID_FICHA_MEDICA) VALUES
                            (TO_DATE('2020-03-01','YYYY-MM-DD'), 16, '00895', 895);
INSERT INTO EX.SINTOMAS(FECHA_INICIO, ID_SINTOMA, ID_PERSONA, ID_FICHA_MEDICA) VALUES
                            (TO_DATE('2020-05-04','YYYY-MM-DD'), 17, '00895', 895);
INSERT INTO EX.PERSONA(DOC_IDENTIDAD, NOMBRE, NOMBRE1, APELLIDO, APELLIDO1, FECHA_NAC, GENERO, FOTO) VALUES
                  ('00896', 'Tracey', 'Gwendolyn', 'Gonzalez', 'Baker', TO_DATE('1985-05-17','YYYY-MM-DD'), 'm', NULL);
INSERT INTO EX.HISTORICO_RESIDENCIA(FECHA_INICIO, ID_LUGAR, ID_PERSONA, FECHA_FIN) VALUES
                  (TO_DATE('1992-02-04','YYYY-MM-DD'), 26, '00896', NULL);
INSERT INTO EX.FICHA_MEDICA(ID, ID_PERSONA, ID_CENTRO_SALUD, ID_LUGAR, ESTADO, FECHA_INFECCION, FECHA_RECUPERACION) VALUES
                                             (896, '00896', 11, 26, 'desconido', NULL, NULL);
INSERT INTO EX.PADECIMIENTOS(ID_PATOLOGIA, ID_PERSONA, ID_FICHA_MEDICA) VALUES
                            (1, '00896', 896);
INSERT INTO EX.PADECIMIENTOS(ID_PATOLOGIA, ID_PERSONA, ID_FICHA_MEDICA) VALUES
                            (2, '00896', 896);
INSERT INTO EX.PADECIMIENTOS(ID_PATOLOGIA, ID_PERSONA, ID_FICHA_MEDICA) VALUES
                            (3, '00896', 896);
INSERT INTO EX.PADECIMIENTOS(ID_PATOLOGIA, ID_PERSONA, ID_FICHA_MEDICA) VALUES
                            (4, '00896', 896);
INSERT INTO EX.PADECIMIENTOS(ID_PATOLOGIA, ID_PERSONA, ID_FICHA_MEDICA) VALUES
                            (5, '00896', 896);
INSERT INTO EX.PADECIMIENTOS(ID_PATOLOGIA, ID_PERSONA, ID_FICHA_MEDICA) VALUES
                            (6, '00896', 896);
INSERT INTO EX.PADECIMIENTOS(ID_PATOLOGIA, ID_PERSONA, ID_FICHA_MEDICA) VALUES
                            (7, '00896', 896);
INSERT INTO EX.PADECIMIENTOS(ID_PATOLOGIA, ID_PERSONA, ID_FICHA_MEDICA) VALUES
                            (8, '00896', 896);
INSERT INTO EX.PADECIMIENTOS(ID_PATOLOGIA, ID_PERSONA, ID_FICHA_MEDICA) VALUES
                            (9, '00896', 896);
INSERT INTO EX.PADECIMIENTOS(ID_PATOLOGIA, ID_PERSONA, ID_FICHA_MEDICA) VALUES
                            (10, '00896', 896);
INSERT INTO EX.PADECIMIENTOS(ID_PATOLOGIA, ID_PERSONA, ID_FICHA_MEDICA) VALUES
                            (11, '00896', 896);
INSERT INTO EX.PADECIMIENTOS(ID_PATOLOGIA, ID_PERSONA, ID_FICHA_MEDICA) VALUES
                            (12, '00896', 896);
INSERT INTO EX.PADECIMIENTOS(ID_PATOLOGIA, ID_PERSONA, ID_FICHA_MEDICA) VALUES
                            (13, '00896', 896);
INSERT INTO EX.SINTOMAS(FECHA_INICIO, ID_SINTOMA, ID_PERSONA, ID_FICHA_MEDICA) VALUES
                            (TO_DATE('2020-06-04','YYYY-MM-DD'), 1, '00896', 896);
INSERT INTO EX.SINTOMAS(FECHA_INICIO, ID_SINTOMA, ID_PERSONA, ID_FICHA_MEDICA) VALUES
                            (TO_DATE('2020-06-22','YYYY-MM-DD'), 2, '00896', 896);
INSERT INTO EX.SINTOMAS(FECHA_INICIO, ID_SINTOMA, ID_PERSONA, ID_FICHA_MEDICA) VALUES
                            (TO_DATE('2020-03-28','YYYY-MM-DD'), 3, '00896', 896);
INSERT INTO EX.SINTOMAS(FECHA_INICIO, ID_SINTOMA, ID_PERSONA, ID_FICHA_MEDICA) VALUES
                            (TO_DATE('2020-06-28','YYYY-MM-DD'), 4, '00896', 896);
INSERT INTO EX.SINTOMAS(FECHA_INICIO, ID_SINTOMA, ID_PERSONA, ID_FICHA_MEDICA) VALUES
                            (TO_DATE('2020-05-20','YYYY-MM-DD'), 5, '00896', 896);
INSERT INTO EX.SINTOMAS(FECHA_INICIO, ID_SINTOMA, ID_PERSONA, ID_FICHA_MEDICA) VALUES
                            (TO_DATE('2020-04-25','YYYY-MM-DD'), 6, '00896', 896);
INSERT INTO EX.SINTOMAS(FECHA_INICIO, ID_SINTOMA, ID_PERSONA, ID_FICHA_MEDICA) VALUES
                            (TO_DATE('2020-01-14','YYYY-MM-DD'), 7, '00896', 896);
INSERT INTO EX.SINTOMAS(FECHA_INICIO, ID_SINTOMA, ID_PERSONA, ID_FICHA_MEDICA) VALUES
                            (TO_DATE('2020-03-28','YYYY-MM-DD'), 8, '00896', 896);
INSERT INTO EX.SINTOMAS(FECHA_INICIO, ID_SINTOMA, ID_PERSONA, ID_FICHA_MEDICA) VALUES
                            (TO_DATE('2020-05-25','YYYY-MM-DD'), 9, '00896', 896);
INSERT INTO EX.PERSONA(DOC_IDENTIDAD, NOMBRE, NOMBRE1, APELLIDO, APELLIDO1, FECHA_NAC, GENERO, FOTO) VALUES
                  ('00897', 'Jeffrey', 'Gina', 'Hardy', 'Rodriguez', TO_DATE('1977-08-01','YYYY-MM-DD'), 'f', NULL);
INSERT INTO EX.HISTORICO_RESIDENCIA(FECHA_INICIO, ID_LUGAR, ID_PERSONA, FECHA_FIN) VALUES
                  (TO_DATE('1997-11-18','YYYY-MM-DD'), 18, '00897', NULL);
INSERT INTO EX.FICHA_MEDICA(ID, ID_PERSONA, ID_CENTRO_SALUD, ID_LUGAR, ESTADO, FECHA_INFECCION, FECHA_RECUPERACION) VALUES
                                             (897, '00897', 3, 18, 'desconido', NULL, NULL);
INSERT INTO EX.SINTOMAS(FECHA_INICIO, ID_SINTOMA, ID_PERSONA, ID_FICHA_MEDICA) VALUES
                            (TO_DATE('2020-01-09','YYYY-MM-DD'), 1, '00897', 897);
INSERT INTO EX.SINTOMAS(FECHA_INICIO, ID_SINTOMA, ID_PERSONA, ID_FICHA_MEDICA) VALUES
                            (TO_DATE('2020-01-21','YYYY-MM-DD'), 2, '00897', 897);
INSERT INTO EX.SINTOMAS(FECHA_INICIO, ID_SINTOMA, ID_PERSONA, ID_FICHA_MEDICA) VALUES
                            (TO_DATE('2020-06-10','YYYY-MM-DD'), 3, '00897', 897);
INSERT INTO EX.SINTOMAS(FECHA_INICIO, ID_SINTOMA, ID_PERSONA, ID_FICHA_MEDICA) VALUES
                            (TO_DATE('2020-04-05','YYYY-MM-DD'), 4, '00897', 897);
INSERT INTO EX.SINTOMAS(FECHA_INICIO, ID_SINTOMA, ID_PERSONA, ID_FICHA_MEDICA) VALUES
                            (TO_DATE('2020-05-10','YYYY-MM-DD'), 5, '00897', 897);
INSERT INTO EX.SINTOMAS(FECHA_INICIO, ID_SINTOMA, ID_PERSONA, ID_FICHA_MEDICA) VALUES
                            (TO_DATE('2020-01-15','YYYY-MM-DD'), 6, '00897', 897);
INSERT INTO EX.SINTOMAS(FECHA_INICIO, ID_SINTOMA, ID_PERSONA, ID_FICHA_MEDICA) VALUES
                            (TO_DATE('2020-06-29','YYYY-MM-DD'), 7, '00897', 897);
INSERT INTO EX.SINTOMAS(FECHA_INICIO, ID_SINTOMA, ID_PERSONA, ID_FICHA_MEDICA) VALUES
                            (TO_DATE('2020-02-27','YYYY-MM-DD'), 8, '00897', 897);
INSERT INTO EX.SINTOMAS(FECHA_INICIO, ID_SINTOMA, ID_PERSONA, ID_FICHA_MEDICA) VALUES
                            (TO_DATE('2020-01-12','YYYY-MM-DD'), 9, '00897', 897);
INSERT INTO EX.SINTOMAS(FECHA_INICIO, ID_SINTOMA, ID_PERSONA, ID_FICHA_MEDICA) VALUES
                            (TO_DATE('2020-01-26','YYYY-MM-DD'), 10, '00897', 897);
INSERT INTO EX.SINTOMAS(FECHA_INICIO, ID_SINTOMA, ID_PERSONA, ID_FICHA_MEDICA) VALUES
                            (TO_DATE('2020-01-24','YYYY-MM-DD'), 11, '00897', 897);
INSERT INTO EX.SINTOMAS(FECHA_INICIO, ID_SINTOMA, ID_PERSONA, ID_FICHA_MEDICA) VALUES
                            (TO_DATE('2020-03-10','YYYY-MM-DD'), 12, '00897', 897);
INSERT INTO EX.SINTOMAS(FECHA_INICIO, ID_SINTOMA, ID_PERSONA, ID_FICHA_MEDICA) VALUES
                            (TO_DATE('2020-02-20','YYYY-MM-DD'), 13, '00897', 897);
INSERT INTO EX.SINTOMAS(FECHA_INICIO, ID_SINTOMA, ID_PERSONA, ID_FICHA_MEDICA) VALUES
                            (TO_DATE('2020-02-07','YYYY-MM-DD'), 14, '00897', 897);
INSERT INTO EX.SINTOMAS(FECHA_INICIO, ID_SINTOMA, ID_PERSONA, ID_FICHA_MEDICA) VALUES
                            (TO_DATE('2020-01-07','YYYY-MM-DD'), 15, '00897', 897);
INSERT INTO EX.SINTOMAS(FECHA_INICIO, ID_SINTOMA, ID_PERSONA, ID_FICHA_MEDICA) VALUES
                            (TO_DATE('2020-02-14','YYYY-MM-DD'), 16, '00897', 897);
INSERT INTO EX.PERSONA(DOC_IDENTIDAD, NOMBRE, NOMBRE1, APELLIDO, APELLIDO1, FECHA_NAC, GENERO, FOTO) VALUES
                  ('00898', 'Taylor', 'Lindsay', 'Roach', 'Young', TO_DATE('1981-07-24','YYYY-MM-DD'), 'm', NULL);
INSERT INTO EX.HISTORICO_RESIDENCIA(FECHA_INICIO, ID_LUGAR, ID_PERSONA, FECHA_FIN) VALUES
                  (TO_DATE('1971-01-20','YYYY-MM-DD'), 25, '00898', NULL);
INSERT INTO EX.FICHA_MEDICA(ID, ID_PERSONA, ID_CENTRO_SALUD, ID_LUGAR, ESTADO, FECHA_INFECCION, FECHA_RECUPERACION) VALUES
                                             (898, '00898', 10, 25, 'desconido', NULL, NULL);
INSERT INTO EX.SINTOMAS(FECHA_INICIO, ID_SINTOMA, ID_PERSONA, ID_FICHA_MEDICA) VALUES
                            (TO_DATE('2020-01-27','YYYY-MM-DD'), 1, '00898', 898);
INSERT INTO EX.SINTOMAS(FECHA_INICIO, ID_SINTOMA, ID_PERSONA, ID_FICHA_MEDICA) VALUES
                            (TO_DATE('2020-03-12','YYYY-MM-DD'), 2, '00898', 898);
INSERT INTO EX.SINTOMAS(FECHA_INICIO, ID_SINTOMA, ID_PERSONA, ID_FICHA_MEDICA) VALUES
                            (TO_DATE('2020-05-18','YYYY-MM-DD'), 3, '00898', 898);
INSERT INTO EX.SINTOMAS(FECHA_INICIO, ID_SINTOMA, ID_PERSONA, ID_FICHA_MEDICA) VALUES
                            (TO_DATE('2020-01-06','YYYY-MM-DD'), 4, '00898', 898);
INSERT INTO EX.SINTOMAS(FECHA_INICIO, ID_SINTOMA, ID_PERSONA, ID_FICHA_MEDICA) VALUES
                            (TO_DATE('2020-04-14','YYYY-MM-DD'), 5, '00898', 898);
INSERT INTO EX.SINTOMAS(FECHA_INICIO, ID_SINTOMA, ID_PERSONA, ID_FICHA_MEDICA) VALUES
                            (TO_DATE('2020-01-19','YYYY-MM-DD'), 6, '00898', 898);
INSERT INTO EX.SINTOMAS(FECHA_INICIO, ID_SINTOMA, ID_PERSONA, ID_FICHA_MEDICA) VALUES
                            (TO_DATE('2020-05-17','YYYY-MM-DD'), 7, '00898', 898);
INSERT INTO EX.SINTOMAS(FECHA_INICIO, ID_SINTOMA, ID_PERSONA, ID_FICHA_MEDICA) VALUES
                            (TO_DATE('2020-02-08','YYYY-MM-DD'), 8, '00898', 898);
INSERT INTO EX.SINTOMAS(FECHA_INICIO, ID_SINTOMA, ID_PERSONA, ID_FICHA_MEDICA) VALUES
                            (TO_DATE('2020-06-09','YYYY-MM-DD'), 9, '00898', 898);
INSERT INTO EX.SINTOMAS(FECHA_INICIO, ID_SINTOMA, ID_PERSONA, ID_FICHA_MEDICA) VALUES
                            (TO_DATE('2020-04-12','YYYY-MM-DD'), 10, '00898', 898);
INSERT INTO EX.SINTOMAS(FECHA_INICIO, ID_SINTOMA, ID_PERSONA, ID_FICHA_MEDICA) VALUES
                            (TO_DATE('2020-01-24','YYYY-MM-DD'), 11, '00898', 898);
INSERT INTO EX.SINTOMAS(FECHA_INICIO, ID_SINTOMA, ID_PERSONA, ID_FICHA_MEDICA) VALUES
                            (TO_DATE('2020-06-29','YYYY-MM-DD'), 12, '00898', 898);
INSERT INTO EX.PERSONA(DOC_IDENTIDAD, NOMBRE, NOMBRE1, APELLIDO, APELLIDO1, FECHA_NAC, GENERO, FOTO) VALUES
                  ('00899', 'Robert', 'Adam', 'Hancock', 'Mcintosh', TO_DATE('2019-02-15','YYYY-MM-DD'), 'f', NULL);
INSERT INTO EX.HISTORICO_RESIDENCIA(FECHA_INICIO, ID_LUGAR, ID_PERSONA, FECHA_FIN) VALUES
                  (TO_DATE('1999-10-02','YYYY-MM-DD'), 35, '00899', NULL);
INSERT INTO EX.FICHA_MEDICA(ID, ID_PERSONA, ID_CENTRO_SALUD, ID_LUGAR, ESTADO, FECHA_INFECCION, FECHA_RECUPERACION) VALUES
                                             (899, '00899', 20, 35, 'desconido', NULL, NULL);
INSERT INTO EX.PADECIMIENTOS(ID_PATOLOGIA, ID_PERSONA, ID_FICHA_MEDICA) VALUES
                            (1, '00899', 899);
INSERT INTO EX.PADECIMIENTOS(ID_PATOLOGIA, ID_PERSONA, ID_FICHA_MEDICA) VALUES
                            (2, '00899', 899);
INSERT INTO EX.PADECIMIENTOS(ID_PATOLOGIA, ID_PERSONA, ID_FICHA_MEDICA) VALUES
                            (3, '00899', 899);
INSERT INTO EX.PADECIMIENTOS(ID_PATOLOGIA, ID_PERSONA, ID_FICHA_MEDICA) VALUES
                            (4, '00899', 899);
INSERT INTO EX.PADECIMIENTOS(ID_PATOLOGIA, ID_PERSONA, ID_FICHA_MEDICA) VALUES
                            (5, '00899', 899);
INSERT INTO EX.PADECIMIENTOS(ID_PATOLOGIA, ID_PERSONA, ID_FICHA_MEDICA) VALUES
                            (6, '00899', 899);
INSERT INTO EX.PADECIMIENTOS(ID_PATOLOGIA, ID_PERSONA, ID_FICHA_MEDICA) VALUES
                            (7, '00899', 899);
INSERT INTO EX.PADECIMIENTOS(ID_PATOLOGIA, ID_PERSONA, ID_FICHA_MEDICA) VALUES
                            (8, '00899', 899);
INSERT INTO EX.PADECIMIENTOS(ID_PATOLOGIA, ID_PERSONA, ID_FICHA_MEDICA) VALUES
                            (9, '00899', 899);
INSERT INTO EX.PADECIMIENTOS(ID_PATOLOGIA, ID_PERSONA, ID_FICHA_MEDICA) VALUES
                            (10, '00899', 899);
INSERT INTO EX.PADECIMIENTOS(ID_PATOLOGIA, ID_PERSONA, ID_FICHA_MEDICA) VALUES
                            (11, '00899', 899);
INSERT INTO EX.SINTOMAS(FECHA_INICIO, ID_SINTOMA, ID_PERSONA, ID_FICHA_MEDICA) VALUES
                            (TO_DATE('2020-06-25','YYYY-MM-DD'), 1, '00899', 899);
INSERT INTO EX.SINTOMAS(FECHA_INICIO, ID_SINTOMA, ID_PERSONA, ID_FICHA_MEDICA) VALUES
                            (TO_DATE('2020-02-27','YYYY-MM-DD'), 2, '00899', 899);
INSERT INTO EX.SINTOMAS(FECHA_INICIO, ID_SINTOMA, ID_PERSONA, ID_FICHA_MEDICA) VALUES
                            (TO_DATE('2020-03-01','YYYY-MM-DD'), 3, '00899', 899);
INSERT INTO EX.SINTOMAS(FECHA_INICIO, ID_SINTOMA, ID_PERSONA, ID_FICHA_MEDICA) VALUES
                            (TO_DATE('2020-01-18','YYYY-MM-DD'), 4, '00899', 899);
INSERT INTO EX.SINTOMAS(FECHA_INICIO, ID_SINTOMA, ID_PERSONA, ID_FICHA_MEDICA) VALUES
                            (TO_DATE('2020-06-29','YYYY-MM-DD'), 5, '00899', 899);
INSERT INTO EX.SINTOMAS(FECHA_INICIO, ID_SINTOMA, ID_PERSONA, ID_FICHA_MEDICA) VALUES
                            (TO_DATE('2020-01-19','YYYY-MM-DD'), 6, '00899', 899);
INSERT INTO EX.SINTOMAS(FECHA_INICIO, ID_SINTOMA, ID_PERSONA, ID_FICHA_MEDICA) VALUES
                            (TO_DATE('2020-06-26','YYYY-MM-DD'), 7, '00899', 899);
INSERT INTO EX.PERSONA(DOC_IDENTIDAD, NOMBRE, NOMBRE1, APELLIDO, APELLIDO1, FECHA_NAC, GENERO, FOTO) VALUES
                  ('00900', 'Michael', 'Patricia', 'Silva', 'Jackson', TO_DATE('1994-03-08','YYYY-MM-DD'), 'm', NULL);
INSERT INTO EX.HISTORICO_RESIDENCIA(FECHA_INICIO, ID_LUGAR, ID_PERSONA, FECHA_FIN) VALUES
                  (TO_DATE('1971-12-01','YYYY-MM-DD'), 45, '00900', NULL);
INSERT INTO EX.FICHA_MEDICA(ID, ID_PERSONA, ID_CENTRO_SALUD, ID_LUGAR, ESTADO, FECHA_INFECCION, FECHA_RECUPERACION) VALUES
                                             (900, '00900', 30, 45, 'desconido', NULL, NULL);
INSERT INTO EX.PADECIMIENTOS(ID_PATOLOGIA, ID_PERSONA, ID_FICHA_MEDICA) VALUES
                            (1, '00900', 900);
INSERT INTO EX.PADECIMIENTOS(ID_PATOLOGIA, ID_PERSONA, ID_FICHA_MEDICA) VALUES
                            (2, '00900', 900);
INSERT INTO EX.PADECIMIENTOS(ID_PATOLOGIA, ID_PERSONA, ID_FICHA_MEDICA) VALUES
                            (3, '00900', 900);
INSERT INTO EX.PADECIMIENTOS(ID_PATOLOGIA, ID_PERSONA, ID_FICHA_MEDICA) VALUES
                            (4, '00900', 900);
INSERT INTO EX.PADECIMIENTOS(ID_PATOLOGIA, ID_PERSONA, ID_FICHA_MEDICA) VALUES
                            (5, '00900', 900);
INSERT INTO EX.PADECIMIENTOS(ID_PATOLOGIA, ID_PERSONA, ID_FICHA_MEDICA) VALUES
                            (6, '00900', 900);
INSERT INTO EX.PADECIMIENTOS(ID_PATOLOGIA, ID_PERSONA, ID_FICHA_MEDICA) VALUES
                            (7, '00900', 900);
INSERT INTO EX.PERSONA(DOC_IDENTIDAD, NOMBRE, NOMBRE1, APELLIDO, APELLIDO1, FECHA_NAC, GENERO, FOTO) VALUES
                  ('00901', 'Krystal', 'Jill', 'Jones', 'Sanchez', TO_DATE('1977-08-16','YYYY-MM-DD'), 'f', NULL);
INSERT INTO EX.HISTORICO_RESIDENCIA(FECHA_INICIO, ID_LUGAR, ID_PERSONA, FECHA_FIN) VALUES
                  (TO_DATE('1970-06-21','YYYY-MM-DD'), 42, '00901', NULL);
INSERT INTO EX.FICHA_MEDICA(ID, ID_PERSONA, ID_CENTRO_SALUD, ID_LUGAR, ESTADO, FECHA_INFECCION, FECHA_RECUPERACION) VALUES
                                             (901, '00901', 27, 42, 'desconido', NULL, NULL);
INSERT INTO EX.PERSONA(DOC_IDENTIDAD, NOMBRE, NOMBRE1, APELLIDO, APELLIDO1, FECHA_NAC, GENERO, FOTO) VALUES
                  ('00902', 'Andrew', 'Laura', 'Kerr', 'Cameron', TO_DATE('2008-03-09','YYYY-MM-DD'), 'm', NULL);
INSERT INTO EX.HISTORICO_RESIDENCIA(FECHA_INICIO, ID_LUGAR, ID_PERSONA, FECHA_FIN) VALUES
                  (TO_DATE('1988-09-14','YYYY-MM-DD'), 43, '00902', NULL);
INSERT INTO EX.FICHA_MEDICA(ID, ID_PERSONA, ID_CENTRO_SALUD, ID_LUGAR, ESTADO, FECHA_INFECCION, FECHA_RECUPERACION) VALUES
                                             (902, '00902', 28, 43, 'desconido', NULL, NULL);
INSERT INTO EX.SINTOMAS(FECHA_INICIO, ID_SINTOMA, ID_PERSONA, ID_FICHA_MEDICA) VALUES
                            (TO_DATE('2020-04-09','YYYY-MM-DD'), 1, '00902', 902);
INSERT INTO EX.SINTOMAS(FECHA_INICIO, ID_SINTOMA, ID_PERSONA, ID_FICHA_MEDICA) VALUES
                            (TO_DATE('2020-05-18','YYYY-MM-DD'), 2, '00902', 902);
INSERT INTO EX.SINTOMAS(FECHA_INICIO, ID_SINTOMA, ID_PERSONA, ID_FICHA_MEDICA) VALUES
                            (TO_DATE('2020-03-19','YYYY-MM-DD'), 3, '00902', 902);
INSERT INTO EX.SINTOMAS(FECHA_INICIO, ID_SINTOMA, ID_PERSONA, ID_FICHA_MEDICA) VALUES
                            (TO_DATE('2020-03-30','YYYY-MM-DD'), 4, '00902', 902);
INSERT INTO EX.SINTOMAS(FECHA_INICIO, ID_SINTOMA, ID_PERSONA, ID_FICHA_MEDICA) VALUES
                            (TO_DATE('2020-06-14','YYYY-MM-DD'), 5, '00902', 902);
INSERT INTO EX.SINTOMAS(FECHA_INICIO, ID_SINTOMA, ID_PERSONA, ID_FICHA_MEDICA) VALUES
                            (TO_DATE('2020-01-24','YYYY-MM-DD'), 6, '00902', 902);
INSERT INTO EX.SINTOMAS(FECHA_INICIO, ID_SINTOMA, ID_PERSONA, ID_FICHA_MEDICA) VALUES
                            (TO_DATE('2020-02-11','YYYY-MM-DD'), 7, '00902', 902);
INSERT INTO EX.SINTOMAS(FECHA_INICIO, ID_SINTOMA, ID_PERSONA, ID_FICHA_MEDICA) VALUES
                            (TO_DATE('2020-04-19','YYYY-MM-DD'), 8, '00902', 902);
INSERT INTO EX.SINTOMAS(FECHA_INICIO, ID_SINTOMA, ID_PERSONA, ID_FICHA_MEDICA) VALUES
                            (TO_DATE('2020-04-06','YYYY-MM-DD'), 9, '00902', 902);
INSERT INTO EX.PERSONA(DOC_IDENTIDAD, NOMBRE, NOMBRE1, APELLIDO, APELLIDO1, FECHA_NAC, GENERO, FOTO) VALUES
                  ('00903', 'David', 'Diane', 'Collins', 'Jensen', TO_DATE('1980-06-10','YYYY-MM-DD'), 'f', NULL);
INSERT INTO EX.HISTORICO_RESIDENCIA(FECHA_INICIO, ID_LUGAR, ID_PERSONA, FECHA_FIN) VALUES
                  (TO_DATE('1976-08-08','YYYY-MM-DD'), 27, '00903', NULL);
INSERT INTO EX.FICHA_MEDICA(ID, ID_PERSONA, ID_CENTRO_SALUD, ID_LUGAR, ESTADO, FECHA_INFECCION, FECHA_RECUPERACION) VALUES
                                             (903, '00903', 12, 27, 'desconido', NULL, NULL);
INSERT INTO EX.PADECIMIENTOS(ID_PATOLOGIA, ID_PERSONA, ID_FICHA_MEDICA) VALUES
                            (1, '00903', 903);
INSERT INTO EX.PADECIMIENTOS(ID_PATOLOGIA, ID_PERSONA, ID_FICHA_MEDICA) VALUES
                            (2, '00903', 903);
INSERT INTO EX.PADECIMIENTOS(ID_PATOLOGIA, ID_PERSONA, ID_FICHA_MEDICA) VALUES
                            (3, '00903', 903);
INSERT INTO EX.PADECIMIENTOS(ID_PATOLOGIA, ID_PERSONA, ID_FICHA_MEDICA) VALUES
                            (4, '00903', 903);
INSERT INTO EX.PADECIMIENTOS(ID_PATOLOGIA, ID_PERSONA, ID_FICHA_MEDICA) VALUES
                            (5, '00903', 903);
INSERT INTO EX.PADECIMIENTOS(ID_PATOLOGIA, ID_PERSONA, ID_FICHA_MEDICA) VALUES
                            (6, '00903', 903);
INSERT INTO EX.PERSONA(DOC_IDENTIDAD, NOMBRE, NOMBRE1, APELLIDO, APELLIDO1, FECHA_NAC, GENERO, FOTO) VALUES
                  ('00904', 'Eric', 'Michael', 'Hubbard', 'Horton', TO_DATE('2015-07-26','YYYY-MM-DD'), 'm', NULL);
INSERT INTO EX.HISTORICO_RESIDENCIA(FECHA_INICIO, ID_LUGAR, ID_PERSONA, FECHA_FIN) VALUES
                  (TO_DATE('2004-11-15','YYYY-MM-DD'), 34, '00904', NULL);
INSERT INTO EX.FICHA_MEDICA(ID, ID_PERSONA, ID_CENTRO_SALUD, ID_LUGAR, ESTADO, FECHA_INFECCION, FECHA_RECUPERACION) VALUES
                                             (904, '00904', 19, 34, 'desconido', NULL, NULL);
INSERT INTO EX.SINTOMAS(FECHA_INICIO, ID_SINTOMA, ID_PERSONA, ID_FICHA_MEDICA) VALUES
                            (TO_DATE('2020-06-01','YYYY-MM-DD'), 1, '00904', 904);
INSERT INTO EX.SINTOMAS(FECHA_INICIO, ID_SINTOMA, ID_PERSONA, ID_FICHA_MEDICA) VALUES
                            (TO_DATE('2020-01-04','YYYY-MM-DD'), 2, '00904', 904);
INSERT INTO EX.SINTOMAS(FECHA_INICIO, ID_SINTOMA, ID_PERSONA, ID_FICHA_MEDICA) VALUES
                            (TO_DATE('2020-01-11','YYYY-MM-DD'), 3, '00904', 904);
INSERT INTO EX.SINTOMAS(FECHA_INICIO, ID_SINTOMA, ID_PERSONA, ID_FICHA_MEDICA) VALUES
                            (TO_DATE('2020-05-14','YYYY-MM-DD'), 4, '00904', 904);
INSERT INTO EX.SINTOMAS(FECHA_INICIO, ID_SINTOMA, ID_PERSONA, ID_FICHA_MEDICA) VALUES
                            (TO_DATE('2020-01-20','YYYY-MM-DD'), 5, '00904', 904);
INSERT INTO EX.SINTOMAS(FECHA_INICIO, ID_SINTOMA, ID_PERSONA, ID_FICHA_MEDICA) VALUES
                            (TO_DATE('2020-02-03','YYYY-MM-DD'), 6, '00904', 904);
INSERT INTO EX.SINTOMAS(FECHA_INICIO, ID_SINTOMA, ID_PERSONA, ID_FICHA_MEDICA) VALUES
                            (TO_DATE('2020-04-10','YYYY-MM-DD'), 7, '00904', 904);
INSERT INTO EX.SINTOMAS(FECHA_INICIO, ID_SINTOMA, ID_PERSONA, ID_FICHA_MEDICA) VALUES
                            (TO_DATE('2020-06-22','YYYY-MM-DD'), 8, '00904', 904);
INSERT INTO EX.SINTOMAS(FECHA_INICIO, ID_SINTOMA, ID_PERSONA, ID_FICHA_MEDICA) VALUES
                            (TO_DATE('2020-04-07','YYYY-MM-DD'), 9, '00904', 904);
INSERT INTO EX.SINTOMAS(FECHA_INICIO, ID_SINTOMA, ID_PERSONA, ID_FICHA_MEDICA) VALUES
                            (TO_DATE('2020-03-11','YYYY-MM-DD'), 10, '00904', 904);
INSERT INTO EX.SINTOMAS(FECHA_INICIO, ID_SINTOMA, ID_PERSONA, ID_FICHA_MEDICA) VALUES
                            (TO_DATE('2020-01-12','YYYY-MM-DD'), 11, '00904', 904);
INSERT INTO EX.SINTOMAS(FECHA_INICIO, ID_SINTOMA, ID_PERSONA, ID_FICHA_MEDICA) VALUES
                            (TO_DATE('2020-04-27','YYYY-MM-DD'), 12, '00904', 904);
INSERT INTO EX.SINTOMAS(FECHA_INICIO, ID_SINTOMA, ID_PERSONA, ID_FICHA_MEDICA) VALUES
                            (TO_DATE('2020-06-13','YYYY-MM-DD'), 13, '00904', 904);
INSERT INTO EX.SINTOMAS(FECHA_INICIO, ID_SINTOMA, ID_PERSONA, ID_FICHA_MEDICA) VALUES
                            (TO_DATE('2020-01-13','YYYY-MM-DD'), 14, '00904', 904);
INSERT INTO EX.SINTOMAS(FECHA_INICIO, ID_SINTOMA, ID_PERSONA, ID_FICHA_MEDICA) VALUES
                            (TO_DATE('2020-03-20','YYYY-MM-DD'), 15, '00904', 904);
INSERT INTO EX.SINTOMAS(FECHA_INICIO, ID_SINTOMA, ID_PERSONA, ID_FICHA_MEDICA) VALUES
                            (TO_DATE('2020-05-11','YYYY-MM-DD'), 16, '00904', 904);
INSERT INTO EX.PERSONA(DOC_IDENTIDAD, NOMBRE, NOMBRE1, APELLIDO, APELLIDO1, FECHA_NAC, GENERO, FOTO) VALUES
                  ('00905', 'Christopher', 'Marie', 'Brown', 'Lowe', TO_DATE('1987-12-05','YYYY-MM-DD'), 'f', NULL);
INSERT INTO EX.HISTORICO_RESIDENCIA(FECHA_INICIO, ID_LUGAR, ID_PERSONA, FECHA_FIN) VALUES
                  (TO_DATE('1976-01-09','YYYY-MM-DD'), 44, '00905', NULL);
INSERT INTO EX.FICHA_MEDICA(ID, ID_PERSONA, ID_CENTRO_SALUD, ID_LUGAR, ESTADO, FECHA_INFECCION, FECHA_RECUPERACION) VALUES
                                             (905, '00905', 29, 44, 'desconido', NULL, NULL);
INSERT INTO EX.PERSONA(DOC_IDENTIDAD, NOMBRE, NOMBRE1, APELLIDO, APELLIDO1, FECHA_NAC, GENERO, FOTO) VALUES
                  ('00906', 'Susan', 'Meagan', 'Acosta', 'Eaton', TO_DATE('1984-06-02','YYYY-MM-DD'), 'm', NULL);
INSERT INTO EX.HISTORICO_RESIDENCIA(FECHA_INICIO, ID_LUGAR, ID_PERSONA, FECHA_FIN) VALUES
                  (TO_DATE('2014-10-26','YYYY-MM-DD'), 31, '00906', NULL);
INSERT INTO EX.FICHA_MEDICA(ID, ID_PERSONA, ID_CENTRO_SALUD, ID_LUGAR, ESTADO, FECHA_INFECCION, FECHA_RECUPERACION) VALUES
                                             (906, '00906', 16, 31, 'desconido', NULL, NULL);
INSERT INTO EX.PADECIMIENTOS(ID_PATOLOGIA, ID_PERSONA, ID_FICHA_MEDICA) VALUES
                            (1, '00906', 906);
INSERT INTO EX.PADECIMIENTOS(ID_PATOLOGIA, ID_PERSONA, ID_FICHA_MEDICA) VALUES
                            (2, '00906', 906);
INSERT INTO EX.PADECIMIENTOS(ID_PATOLOGIA, ID_PERSONA, ID_FICHA_MEDICA) VALUES
                            (3, '00906', 906);
INSERT INTO EX.PADECIMIENTOS(ID_PATOLOGIA, ID_PERSONA, ID_FICHA_MEDICA) VALUES
                            (4, '00906', 906);
INSERT INTO EX.PADECIMIENTOS(ID_PATOLOGIA, ID_PERSONA, ID_FICHA_MEDICA) VALUES
                            (5, '00906', 906);
INSERT INTO EX.PADECIMIENTOS(ID_PATOLOGIA, ID_PERSONA, ID_FICHA_MEDICA) VALUES
                            (6, '00906', 906);
INSERT INTO EX.PADECIMIENTOS(ID_PATOLOGIA, ID_PERSONA, ID_FICHA_MEDICA) VALUES
                            (7, '00906', 906);
INSERT INTO EX.PERSONA(DOC_IDENTIDAD, NOMBRE, NOMBRE1, APELLIDO, APELLIDO1, FECHA_NAC, GENERO, FOTO) VALUES
                  ('00907', 'Gwendolyn', 'Brian', 'Alvarez', 'Terry', TO_DATE('1994-10-16','YYYY-MM-DD'), 'f', NULL);
INSERT INTO EX.HISTORICO_RESIDENCIA(FECHA_INICIO, ID_LUGAR, ID_PERSONA, FECHA_FIN) VALUES
                  (TO_DATE('1970-11-14','YYYY-MM-DD'), 31, '00907', NULL);
INSERT INTO EX.FICHA_MEDICA(ID, ID_PERSONA, ID_CENTRO_SALUD, ID_LUGAR, ESTADO, FECHA_INFECCION, FECHA_RECUPERACION) VALUES
                                             (907, '00907', 16, 31, 'desconido', NULL, NULL);
INSERT INTO EX.SINTOMAS(FECHA_INICIO, ID_SINTOMA, ID_PERSONA, ID_FICHA_MEDICA) VALUES
                            (TO_DATE('2020-02-29','YYYY-MM-DD'), 1, '00907', 907);
INSERT INTO EX.SINTOMAS(FECHA_INICIO, ID_SINTOMA, ID_PERSONA, ID_FICHA_MEDICA) VALUES
                            (TO_DATE('2020-01-14','YYYY-MM-DD'), 2, '00907', 907);
INSERT INTO EX.SINTOMAS(FECHA_INICIO, ID_SINTOMA, ID_PERSONA, ID_FICHA_MEDICA) VALUES
                            (TO_DATE('2020-02-27','YYYY-MM-DD'), 3, '00907', 907);
INSERT INTO EX.SINTOMAS(FECHA_INICIO, ID_SINTOMA, ID_PERSONA, ID_FICHA_MEDICA) VALUES
                            (TO_DATE('2020-01-25','YYYY-MM-DD'), 4, '00907', 907);
INSERT INTO EX.SINTOMAS(FECHA_INICIO, ID_SINTOMA, ID_PERSONA, ID_FICHA_MEDICA) VALUES
                            (TO_DATE('2020-05-25','YYYY-MM-DD'), 5, '00907', 907);
INSERT INTO EX.SINTOMAS(FECHA_INICIO, ID_SINTOMA, ID_PERSONA, ID_FICHA_MEDICA) VALUES
                            (TO_DATE('2020-02-14','YYYY-MM-DD'), 6, '00907', 907);
INSERT INTO EX.SINTOMAS(FECHA_INICIO, ID_SINTOMA, ID_PERSONA, ID_FICHA_MEDICA) VALUES
                            (TO_DATE('2020-01-09','YYYY-MM-DD'), 7, '00907', 907);
INSERT INTO EX.SINTOMAS(FECHA_INICIO, ID_SINTOMA, ID_PERSONA, ID_FICHA_MEDICA) VALUES
                            (TO_DATE('2020-05-27','YYYY-MM-DD'), 8, '00907', 907);
INSERT INTO EX.SINTOMAS(FECHA_INICIO, ID_SINTOMA, ID_PERSONA, ID_FICHA_MEDICA) VALUES
                            (TO_DATE('2020-05-17','YYYY-MM-DD'), 9, '00907', 907);
INSERT INTO EX.SINTOMAS(FECHA_INICIO, ID_SINTOMA, ID_PERSONA, ID_FICHA_MEDICA) VALUES
                            (TO_DATE('2020-04-05','YYYY-MM-DD'), 10, '00907', 907);
INSERT INTO EX.SINTOMAS(FECHA_INICIO, ID_SINTOMA, ID_PERSONA, ID_FICHA_MEDICA) VALUES
                            (TO_DATE('2020-01-29','YYYY-MM-DD'), 11, '00907', 907);
INSERT INTO EX.SINTOMAS(FECHA_INICIO, ID_SINTOMA, ID_PERSONA, ID_FICHA_MEDICA) VALUES
                            (TO_DATE('2020-02-29','YYYY-MM-DD'), 12, '00907', 907);
INSERT INTO EX.SINTOMAS(FECHA_INICIO, ID_SINTOMA, ID_PERSONA, ID_FICHA_MEDICA) VALUES
                            (TO_DATE('2020-02-22','YYYY-MM-DD'), 13, '00907', 907);
INSERT INTO EX.SINTOMAS(FECHA_INICIO, ID_SINTOMA, ID_PERSONA, ID_FICHA_MEDICA) VALUES
                            (TO_DATE('2020-03-15','YYYY-MM-DD'), 14, '00907', 907);
INSERT INTO EX.SINTOMAS(FECHA_INICIO, ID_SINTOMA, ID_PERSONA, ID_FICHA_MEDICA) VALUES
                            (TO_DATE('2020-03-19','YYYY-MM-DD'), 15, '00907', 907);
INSERT INTO EX.SINTOMAS(FECHA_INICIO, ID_SINTOMA, ID_PERSONA, ID_FICHA_MEDICA) VALUES
                            (TO_DATE('2020-06-26','YYYY-MM-DD'), 16, '00907', 907);
INSERT INTO EX.SINTOMAS(FECHA_INICIO, ID_SINTOMA, ID_PERSONA, ID_FICHA_MEDICA) VALUES
                            (TO_DATE('2020-03-02','YYYY-MM-DD'), 17, '00907', 907);
INSERT INTO EX.SINTOMAS(FECHA_INICIO, ID_SINTOMA, ID_PERSONA, ID_FICHA_MEDICA) VALUES
                            (TO_DATE('2020-06-03','YYYY-MM-DD'), 18, '00907', 907);
INSERT INTO EX.PERSONA(DOC_IDENTIDAD, NOMBRE, NOMBRE1, APELLIDO, APELLIDO1, FECHA_NAC, GENERO, FOTO) VALUES
                  ('00908', 'Janice', 'Austin', 'Ingram', 'Medina', TO_DATE('1972-04-27','YYYY-MM-DD'), 'm', NULL);
INSERT INTO EX.HISTORICO_RESIDENCIA(FECHA_INICIO, ID_LUGAR, ID_PERSONA, FECHA_FIN) VALUES
                  (TO_DATE('2008-03-14','YYYY-MM-DD'), 26, '00908', NULL);
INSERT INTO EX.FICHA_MEDICA(ID, ID_PERSONA, ID_CENTRO_SALUD, ID_LUGAR, ESTADO, FECHA_INFECCION, FECHA_RECUPERACION) VALUES
                                             (908, '00908', 11, 26, 'desconido', NULL, NULL);
INSERT INTO EX.PERSONA(DOC_IDENTIDAD, NOMBRE, NOMBRE1, APELLIDO, APELLIDO1, FECHA_NAC, GENERO, FOTO) VALUES
                  ('00909', 'Justin', 'Leslie', 'Ryan', 'Donovan', TO_DATE('1979-06-10','YYYY-MM-DD'), 'f', NULL);
INSERT INTO EX.HISTORICO_RESIDENCIA(FECHA_INICIO, ID_LUGAR, ID_PERSONA, FECHA_FIN) VALUES
                  (TO_DATE('2014-08-27','YYYY-MM-DD'), 37, '00909', NULL);
INSERT INTO EX.FICHA_MEDICA(ID, ID_PERSONA, ID_CENTRO_SALUD, ID_LUGAR, ESTADO, FECHA_INFECCION, FECHA_RECUPERACION) VALUES
                                             (909, '00909', 22, 37, 'desconido', NULL, NULL);
INSERT INTO EX.PADECIMIENTOS(ID_PATOLOGIA, ID_PERSONA, ID_FICHA_MEDICA) VALUES
                            (1, '00909', 909);
INSERT INTO EX.PADECIMIENTOS(ID_PATOLOGIA, ID_PERSONA, ID_FICHA_MEDICA) VALUES
                            (2, '00909', 909);
INSERT INTO EX.PADECIMIENTOS(ID_PATOLOGIA, ID_PERSONA, ID_FICHA_MEDICA) VALUES
                            (3, '00909', 909);
INSERT INTO EX.PADECIMIENTOS(ID_PATOLOGIA, ID_PERSONA, ID_FICHA_MEDICA) VALUES
                            (4, '00909', 909);
INSERT INTO EX.PADECIMIENTOS(ID_PATOLOGIA, ID_PERSONA, ID_FICHA_MEDICA) VALUES
                            (5, '00909', 909);
INSERT INTO EX.PADECIMIENTOS(ID_PATOLOGIA, ID_PERSONA, ID_FICHA_MEDICA) VALUES
                            (6, '00909', 909);
INSERT INTO EX.PADECIMIENTOS(ID_PATOLOGIA, ID_PERSONA, ID_FICHA_MEDICA) VALUES
                            (7, '00909', 909);
INSERT INTO EX.PADECIMIENTOS(ID_PATOLOGIA, ID_PERSONA, ID_FICHA_MEDICA) VALUES
                            (8, '00909', 909);
INSERT INTO EX.PADECIMIENTOS(ID_PATOLOGIA, ID_PERSONA, ID_FICHA_MEDICA) VALUES
                            (9, '00909', 909);
INSERT INTO EX.PERSONA(DOC_IDENTIDAD, NOMBRE, NOMBRE1, APELLIDO, APELLIDO1, FECHA_NAC, GENERO, FOTO) VALUES
                  ('00910', 'Jonathan', 'Nancy', 'White', 'Gonzalez', TO_DATE('1995-08-25','YYYY-MM-DD'), 'm', NULL);
INSERT INTO EX.HISTORICO_RESIDENCIA(FECHA_INICIO, ID_LUGAR, ID_PERSONA, FECHA_FIN) VALUES
                  (TO_DATE('1988-08-02','YYYY-MM-DD'), 37, '00910', NULL);
INSERT INTO EX.FICHA_MEDICA(ID, ID_PERSONA, ID_CENTRO_SALUD, ID_LUGAR, ESTADO, FECHA_INFECCION, FECHA_RECUPERACION) VALUES
                                             (910, '00910', 22, 37, 'desconido', NULL, NULL);
INSERT INTO EX.PADECIMIENTOS(ID_PATOLOGIA, ID_PERSONA, ID_FICHA_MEDICA) VALUES
                            (1, '00910', 910);
INSERT INTO EX.PADECIMIENTOS(ID_PATOLOGIA, ID_PERSONA, ID_FICHA_MEDICA) VALUES
                            (2, '00910', 910);
INSERT INTO EX.PADECIMIENTOS(ID_PATOLOGIA, ID_PERSONA, ID_FICHA_MEDICA) VALUES
                            (3, '00910', 910);
INSERT INTO EX.PADECIMIENTOS(ID_PATOLOGIA, ID_PERSONA, ID_FICHA_MEDICA) VALUES
                            (4, '00910', 910);
INSERT INTO EX.PADECIMIENTOS(ID_PATOLOGIA, ID_PERSONA, ID_FICHA_MEDICA) VALUES
                            (5, '00910', 910);
INSERT INTO EX.PADECIMIENTOS(ID_PATOLOGIA, ID_PERSONA, ID_FICHA_MEDICA) VALUES
                            (6, '00910', 910);
INSERT INTO EX.PADECIMIENTOS(ID_PATOLOGIA, ID_PERSONA, ID_FICHA_MEDICA) VALUES
                            (7, '00910', 910);
INSERT INTO EX.PADECIMIENTOS(ID_PATOLOGIA, ID_PERSONA, ID_FICHA_MEDICA) VALUES
                            (8, '00910', 910);
INSERT INTO EX.PADECIMIENTOS(ID_PATOLOGIA, ID_PERSONA, ID_FICHA_MEDICA) VALUES
                            (9, '00910', 910);
INSERT INTO EX.SINTOMAS(FECHA_INICIO, ID_SINTOMA, ID_PERSONA, ID_FICHA_MEDICA) VALUES
                            (TO_DATE('2020-02-10','YYYY-MM-DD'), 1, '00910', 910);
INSERT INTO EX.SINTOMAS(FECHA_INICIO, ID_SINTOMA, ID_PERSONA, ID_FICHA_MEDICA) VALUES
                            (TO_DATE('2020-01-21','YYYY-MM-DD'), 2, '00910', 910);
INSERT INTO EX.SINTOMAS(FECHA_INICIO, ID_SINTOMA, ID_PERSONA, ID_FICHA_MEDICA) VALUES
                            (TO_DATE('2020-05-10','YYYY-MM-DD'), 3, '00910', 910);
INSERT INTO EX.SINTOMAS(FECHA_INICIO, ID_SINTOMA, ID_PERSONA, ID_FICHA_MEDICA) VALUES
                            (TO_DATE('2020-01-02','YYYY-MM-DD'), 4, '00910', 910);
INSERT INTO EX.SINTOMAS(FECHA_INICIO, ID_SINTOMA, ID_PERSONA, ID_FICHA_MEDICA) VALUES
                            (TO_DATE('2020-01-28','YYYY-MM-DD'), 5, '00910', 910);
INSERT INTO EX.SINTOMAS(FECHA_INICIO, ID_SINTOMA, ID_PERSONA, ID_FICHA_MEDICA) VALUES
                            (TO_DATE('2020-06-14','YYYY-MM-DD'), 6, '00910', 910);
INSERT INTO EX.SINTOMAS(FECHA_INICIO, ID_SINTOMA, ID_PERSONA, ID_FICHA_MEDICA) VALUES
                            (TO_DATE('2020-03-04','YYYY-MM-DD'), 7, '00910', 910);
INSERT INTO EX.SINTOMAS(FECHA_INICIO, ID_SINTOMA, ID_PERSONA, ID_FICHA_MEDICA) VALUES
                            (TO_DATE('2020-01-08','YYYY-MM-DD'), 8, '00910', 910);
INSERT INTO EX.SINTOMAS(FECHA_INICIO, ID_SINTOMA, ID_PERSONA, ID_FICHA_MEDICA) VALUES
                            (TO_DATE('2020-03-01','YYYY-MM-DD'), 9, '00910', 910);
INSERT INTO EX.SINTOMAS(FECHA_INICIO, ID_SINTOMA, ID_PERSONA, ID_FICHA_MEDICA) VALUES
                            (TO_DATE('2020-04-29','YYYY-MM-DD'), 10, '00910', 910);
INSERT INTO EX.SINTOMAS(FECHA_INICIO, ID_SINTOMA, ID_PERSONA, ID_FICHA_MEDICA) VALUES
                            (TO_DATE('2020-06-04','YYYY-MM-DD'), 11, '00910', 910);
INSERT INTO EX.SINTOMAS(FECHA_INICIO, ID_SINTOMA, ID_PERSONA, ID_FICHA_MEDICA) VALUES
                            (TO_DATE('2020-05-17','YYYY-MM-DD'), 12, '00910', 910);
INSERT INTO EX.SINTOMAS(FECHA_INICIO, ID_SINTOMA, ID_PERSONA, ID_FICHA_MEDICA) VALUES
                            (TO_DATE('2020-03-07','YYYY-MM-DD'), 13, '00910', 910);
INSERT INTO EX.SINTOMAS(FECHA_INICIO, ID_SINTOMA, ID_PERSONA, ID_FICHA_MEDICA) VALUES
                            (TO_DATE('2020-02-20','YYYY-MM-DD'), 14, '00910', 910);
INSERT INTO EX.SINTOMAS(FECHA_INICIO, ID_SINTOMA, ID_PERSONA, ID_FICHA_MEDICA) VALUES
                            (TO_DATE('2020-02-16','YYYY-MM-DD'), 15, '00910', 910);
INSERT INTO EX.PERSONA(DOC_IDENTIDAD, NOMBRE, NOMBRE1, APELLIDO, APELLIDO1, FECHA_NAC, GENERO, FOTO) VALUES
                  ('00911', 'Sandra', 'Joshua', 'Maxwell', 'Davis', TO_DATE('1990-03-31','YYYY-MM-DD'), 'f', NULL);
INSERT INTO EX.HISTORICO_RESIDENCIA(FECHA_INICIO, ID_LUGAR, ID_PERSONA, FECHA_FIN) VALUES
                  (TO_DATE('1979-11-08','YYYY-MM-DD'), 18, '00911', NULL);
INSERT INTO EX.FICHA_MEDICA(ID, ID_PERSONA, ID_CENTRO_SALUD, ID_LUGAR, ESTADO, FECHA_INFECCION, FECHA_RECUPERACION) VALUES
                                             (911, '00911', 3, 18, 'desconido', NULL, NULL);
INSERT INTO EX.PADECIMIENTOS(ID_PATOLOGIA, ID_PERSONA, ID_FICHA_MEDICA) VALUES
                            (1, '00911', 911);
INSERT INTO EX.PADECIMIENTOS(ID_PATOLOGIA, ID_PERSONA, ID_FICHA_MEDICA) VALUES
                            (2, '00911', 911);
INSERT INTO EX.PADECIMIENTOS(ID_PATOLOGIA, ID_PERSONA, ID_FICHA_MEDICA) VALUES
                            (3, '00911', 911);
INSERT INTO EX.PADECIMIENTOS(ID_PATOLOGIA, ID_PERSONA, ID_FICHA_MEDICA) VALUES
                            (4, '00911', 911);
INSERT INTO EX.SINTOMAS(FECHA_INICIO, ID_SINTOMA, ID_PERSONA, ID_FICHA_MEDICA) VALUES
                            (TO_DATE('2020-01-02','YYYY-MM-DD'), 1, '00911', 911);
INSERT INTO EX.SINTOMAS(FECHA_INICIO, ID_SINTOMA, ID_PERSONA, ID_FICHA_MEDICA) VALUES
                            (TO_DATE('2020-06-08','YYYY-MM-DD'), 2, '00911', 911);
INSERT INTO EX.SINTOMAS(FECHA_INICIO, ID_SINTOMA, ID_PERSONA, ID_FICHA_MEDICA) VALUES
                            (TO_DATE('2020-04-30','YYYY-MM-DD'), 3, '00911', 911);
INSERT INTO EX.SINTOMAS(FECHA_INICIO, ID_SINTOMA, ID_PERSONA, ID_FICHA_MEDICA) VALUES
                            (TO_DATE('2020-01-21','YYYY-MM-DD'), 4, '00911', 911);
INSERT INTO EX.SINTOMAS(FECHA_INICIO, ID_SINTOMA, ID_PERSONA, ID_FICHA_MEDICA) VALUES
                            (TO_DATE('2020-04-28','YYYY-MM-DD'), 5, '00911', 911);
INSERT INTO EX.SINTOMAS(FECHA_INICIO, ID_SINTOMA, ID_PERSONA, ID_FICHA_MEDICA) VALUES
                            (TO_DATE('2020-01-08','YYYY-MM-DD'), 6, '00911', 911);
INSERT INTO EX.SINTOMAS(FECHA_INICIO, ID_SINTOMA, ID_PERSONA, ID_FICHA_MEDICA) VALUES
                            (TO_DATE('2020-06-10','YYYY-MM-DD'), 7, '00911', 911);
INSERT INTO EX.SINTOMAS(FECHA_INICIO, ID_SINTOMA, ID_PERSONA, ID_FICHA_MEDICA) VALUES
                            (TO_DATE('2020-05-26','YYYY-MM-DD'), 8, '00911', 911);
INSERT INTO EX.SINTOMAS(FECHA_INICIO, ID_SINTOMA, ID_PERSONA, ID_FICHA_MEDICA) VALUES
                            (TO_DATE('2020-05-01','YYYY-MM-DD'), 9, '00911', 911);
INSERT INTO EX.SINTOMAS(FECHA_INICIO, ID_SINTOMA, ID_PERSONA, ID_FICHA_MEDICA) VALUES
                            (TO_DATE('2020-04-12','YYYY-MM-DD'), 10, '00911', 911);
INSERT INTO EX.SINTOMAS(FECHA_INICIO, ID_SINTOMA, ID_PERSONA, ID_FICHA_MEDICA) VALUES
                            (TO_DATE('2020-01-14','YYYY-MM-DD'), 11, '00911', 911);
INSERT INTO EX.SINTOMAS(FECHA_INICIO, ID_SINTOMA, ID_PERSONA, ID_FICHA_MEDICA) VALUES
                            (TO_DATE('2020-06-24','YYYY-MM-DD'), 12, '00911', 911);
INSERT INTO EX.PERSONA(DOC_IDENTIDAD, NOMBRE, NOMBRE1, APELLIDO, APELLIDO1, FECHA_NAC, GENERO, FOTO) VALUES
                  ('00912', 'Kyle', 'Nicholas', 'Escobar', 'Matthews', TO_DATE('2013-06-15','YYYY-MM-DD'), 'm', NULL);
INSERT INTO EX.HISTORICO_RESIDENCIA(FECHA_INICIO, ID_LUGAR, ID_PERSONA, FECHA_FIN) VALUES
                  (TO_DATE('2017-09-25','YYYY-MM-DD'), 32, '00912', NULL);
INSERT INTO EX.FICHA_MEDICA(ID, ID_PERSONA, ID_CENTRO_SALUD, ID_LUGAR, ESTADO, FECHA_INFECCION, FECHA_RECUPERACION) VALUES
                                             (912, '00912', 17, 32, 'desconido', NULL, NULL);
INSERT INTO EX.PERSONA(DOC_IDENTIDAD, NOMBRE, NOMBRE1, APELLIDO, APELLIDO1, FECHA_NAC, GENERO, FOTO) VALUES
                  ('00913', 'Marissa', 'Jimmy', 'Cox', 'Heath', TO_DATE('2003-04-06','YYYY-MM-DD'), 'f', NULL);
INSERT INTO EX.HISTORICO_RESIDENCIA(FECHA_INICIO, ID_LUGAR, ID_PERSONA, FECHA_FIN) VALUES
                  (TO_DATE('1989-07-08','YYYY-MM-DD'), 31, '00913', NULL);
INSERT INTO EX.FICHA_MEDICA(ID, ID_PERSONA, ID_CENTRO_SALUD, ID_LUGAR, ESTADO, FECHA_INFECCION, FECHA_RECUPERACION) VALUES
                                             (913, '00913', 16, 31, 'desconido', NULL, NULL);
INSERT INTO EX.PADECIMIENTOS(ID_PATOLOGIA, ID_PERSONA, ID_FICHA_MEDICA) VALUES
                            (1, '00913', 913);
INSERT INTO EX.PADECIMIENTOS(ID_PATOLOGIA, ID_PERSONA, ID_FICHA_MEDICA) VALUES
                            (2, '00913', 913);
INSERT INTO EX.PADECIMIENTOS(ID_PATOLOGIA, ID_PERSONA, ID_FICHA_MEDICA) VALUES
                            (3, '00913', 913);
INSERT INTO EX.PADECIMIENTOS(ID_PATOLOGIA, ID_PERSONA, ID_FICHA_MEDICA) VALUES
                            (4, '00913', 913);
INSERT INTO EX.PADECIMIENTOS(ID_PATOLOGIA, ID_PERSONA, ID_FICHA_MEDICA) VALUES
                            (5, '00913', 913);
INSERT INTO EX.PADECIMIENTOS(ID_PATOLOGIA, ID_PERSONA, ID_FICHA_MEDICA) VALUES
                            (6, '00913', 913);
INSERT INTO EX.PADECIMIENTOS(ID_PATOLOGIA, ID_PERSONA, ID_FICHA_MEDICA) VALUES
                            (7, '00913', 913);
INSERT INTO EX.PADECIMIENTOS(ID_PATOLOGIA, ID_PERSONA, ID_FICHA_MEDICA) VALUES
                            (8, '00913', 913);
INSERT INTO EX.PADECIMIENTOS(ID_PATOLOGIA, ID_PERSONA, ID_FICHA_MEDICA) VALUES
                            (9, '00913', 913);
INSERT INTO EX.PADECIMIENTOS(ID_PATOLOGIA, ID_PERSONA, ID_FICHA_MEDICA) VALUES
                            (10, '00913', 913);
INSERT INTO EX.PADECIMIENTOS(ID_PATOLOGIA, ID_PERSONA, ID_FICHA_MEDICA) VALUES
                            (11, '00913', 913);
INSERT INTO EX.PADECIMIENTOS(ID_PATOLOGIA, ID_PERSONA, ID_FICHA_MEDICA) VALUES
                            (12, '00913', 913);
INSERT INTO EX.PADECIMIENTOS(ID_PATOLOGIA, ID_PERSONA, ID_FICHA_MEDICA) VALUES
                            (13, '00913', 913);
INSERT INTO EX.PADECIMIENTOS(ID_PATOLOGIA, ID_PERSONA, ID_FICHA_MEDICA) VALUES
                            (14, '00913', 913);
INSERT INTO EX.PADECIMIENTOS(ID_PATOLOGIA, ID_PERSONA, ID_FICHA_MEDICA) VALUES
                            (15, '00913', 913);
INSERT INTO EX.SINTOMAS(FECHA_INICIO, ID_SINTOMA, ID_PERSONA, ID_FICHA_MEDICA) VALUES
                            (TO_DATE('2020-03-08','YYYY-MM-DD'), 1, '00913', 913);
INSERT INTO EX.SINTOMAS(FECHA_INICIO, ID_SINTOMA, ID_PERSONA, ID_FICHA_MEDICA) VALUES
                            (TO_DATE('2020-04-19','YYYY-MM-DD'), 2, '00913', 913);
INSERT INTO EX.SINTOMAS(FECHA_INICIO, ID_SINTOMA, ID_PERSONA, ID_FICHA_MEDICA) VALUES
                            (TO_DATE('2020-04-02','YYYY-MM-DD'), 3, '00913', 913);
INSERT INTO EX.SINTOMAS(FECHA_INICIO, ID_SINTOMA, ID_PERSONA, ID_FICHA_MEDICA) VALUES
                            (TO_DATE('2020-06-02','YYYY-MM-DD'), 4, '00913', 913);
INSERT INTO EX.SINTOMAS(FECHA_INICIO, ID_SINTOMA, ID_PERSONA, ID_FICHA_MEDICA) VALUES
                            (TO_DATE('2020-02-10','YYYY-MM-DD'), 5, '00913', 913);
INSERT INTO EX.SINTOMAS(FECHA_INICIO, ID_SINTOMA, ID_PERSONA, ID_FICHA_MEDICA) VALUES
                            (TO_DATE('2020-03-11','YYYY-MM-DD'), 6, '00913', 913);
INSERT INTO EX.SINTOMAS(FECHA_INICIO, ID_SINTOMA, ID_PERSONA, ID_FICHA_MEDICA) VALUES
                            (TO_DATE('2020-06-16','YYYY-MM-DD'), 7, '00913', 913);
INSERT INTO EX.SINTOMAS(FECHA_INICIO, ID_SINTOMA, ID_PERSONA, ID_FICHA_MEDICA) VALUES
                            (TO_DATE('2020-02-09','YYYY-MM-DD'), 8, '00913', 913);
INSERT INTO EX.SINTOMAS(FECHA_INICIO, ID_SINTOMA, ID_PERSONA, ID_FICHA_MEDICA) VALUES
                            (TO_DATE('2020-04-03','YYYY-MM-DD'), 9, '00913', 913);
INSERT INTO EX.SINTOMAS(FECHA_INICIO, ID_SINTOMA, ID_PERSONA, ID_FICHA_MEDICA) VALUES
                            (TO_DATE('2020-03-31','YYYY-MM-DD'), 10, '00913', 913);
INSERT INTO EX.SINTOMAS(FECHA_INICIO, ID_SINTOMA, ID_PERSONA, ID_FICHA_MEDICA) VALUES
                            (TO_DATE('2020-04-07','YYYY-MM-DD'), 11, '00913', 913);
INSERT INTO EX.SINTOMAS(FECHA_INICIO, ID_SINTOMA, ID_PERSONA, ID_FICHA_MEDICA) VALUES
                            (TO_DATE('2020-05-27','YYYY-MM-DD'), 12, '00913', 913);
INSERT INTO EX.SINTOMAS(FECHA_INICIO, ID_SINTOMA, ID_PERSONA, ID_FICHA_MEDICA) VALUES
                            (TO_DATE('2020-05-19','YYYY-MM-DD'), 13, '00913', 913);
INSERT INTO EX.SINTOMAS(FECHA_INICIO, ID_SINTOMA, ID_PERSONA, ID_FICHA_MEDICA) VALUES
                            (TO_DATE('2020-01-17','YYYY-MM-DD'), 14, '00913', 913);
INSERT INTO EX.SINTOMAS(FECHA_INICIO, ID_SINTOMA, ID_PERSONA, ID_FICHA_MEDICA) VALUES
                            (TO_DATE('2020-03-18','YYYY-MM-DD'), 15, '00913', 913);
INSERT INTO EX.SINTOMAS(FECHA_INICIO, ID_SINTOMA, ID_PERSONA, ID_FICHA_MEDICA) VALUES
                            (TO_DATE('2020-02-15','YYYY-MM-DD'), 16, '00913', 913);
INSERT INTO EX.SINTOMAS(FECHA_INICIO, ID_SINTOMA, ID_PERSONA, ID_FICHA_MEDICA) VALUES
                            (TO_DATE('2020-01-04','YYYY-MM-DD'), 17, '00913', 913);
INSERT INTO EX.SINTOMAS(FECHA_INICIO, ID_SINTOMA, ID_PERSONA, ID_FICHA_MEDICA) VALUES
                            (TO_DATE('2020-01-28','YYYY-MM-DD'), 18, '00913', 913);
INSERT INTO EX.PERSONA(DOC_IDENTIDAD, NOMBRE, NOMBRE1, APELLIDO, APELLIDO1, FECHA_NAC, GENERO, FOTO) VALUES
                  ('00914', 'Keith', 'Gregory', 'Bentley', 'Miller', TO_DATE('1983-01-22','YYYY-MM-DD'), 'm', NULL);
INSERT INTO EX.HISTORICO_RESIDENCIA(FECHA_INICIO, ID_LUGAR, ID_PERSONA, FECHA_FIN) VALUES
                  (TO_DATE('1972-07-17','YYYY-MM-DD'), 23, '00914', NULL);
INSERT INTO EX.FICHA_MEDICA(ID, ID_PERSONA, ID_CENTRO_SALUD, ID_LUGAR, ESTADO, FECHA_INFECCION, FECHA_RECUPERACION) VALUES
                                             (914, '00914', 8, 23, 'desconido', NULL, NULL);
INSERT INTO EX.PADECIMIENTOS(ID_PATOLOGIA, ID_PERSONA, ID_FICHA_MEDICA) VALUES
                            (1, '00914', 914);
INSERT INTO EX.PADECIMIENTOS(ID_PATOLOGIA, ID_PERSONA, ID_FICHA_MEDICA) VALUES
                            (2, '00914', 914);
INSERT INTO EX.PADECIMIENTOS(ID_PATOLOGIA, ID_PERSONA, ID_FICHA_MEDICA) VALUES
                            (3, '00914', 914);
INSERT INTO EX.PADECIMIENTOS(ID_PATOLOGIA, ID_PERSONA, ID_FICHA_MEDICA) VALUES
                            (4, '00914', 914);
INSERT INTO EX.PADECIMIENTOS(ID_PATOLOGIA, ID_PERSONA, ID_FICHA_MEDICA) VALUES
                            (5, '00914', 914);
INSERT INTO EX.PADECIMIENTOS(ID_PATOLOGIA, ID_PERSONA, ID_FICHA_MEDICA) VALUES
                            (6, '00914', 914);
INSERT INTO EX.PADECIMIENTOS(ID_PATOLOGIA, ID_PERSONA, ID_FICHA_MEDICA) VALUES
                            (7, '00914', 914);
INSERT INTO EX.PADECIMIENTOS(ID_PATOLOGIA, ID_PERSONA, ID_FICHA_MEDICA) VALUES
                            (8, '00914', 914);
INSERT INTO EX.SINTOMAS(FECHA_INICIO, ID_SINTOMA, ID_PERSONA, ID_FICHA_MEDICA) VALUES
                            (TO_DATE('2020-01-05','YYYY-MM-DD'), 1, '00914', 914);
INSERT INTO EX.SINTOMAS(FECHA_INICIO, ID_SINTOMA, ID_PERSONA, ID_FICHA_MEDICA) VALUES
                            (TO_DATE('2020-04-24','YYYY-MM-DD'), 2, '00914', 914);
INSERT INTO EX.SINTOMAS(FECHA_INICIO, ID_SINTOMA, ID_PERSONA, ID_FICHA_MEDICA) VALUES
                            (TO_DATE('2020-06-04','YYYY-MM-DD'), 3, '00914', 914);
INSERT INTO EX.SINTOMAS(FECHA_INICIO, ID_SINTOMA, ID_PERSONA, ID_FICHA_MEDICA) VALUES
                            (TO_DATE('2020-04-30','YYYY-MM-DD'), 4, '00914', 914);
INSERT INTO EX.SINTOMAS(FECHA_INICIO, ID_SINTOMA, ID_PERSONA, ID_FICHA_MEDICA) VALUES
                            (TO_DATE('2020-05-22','YYYY-MM-DD'), 5, '00914', 914);
INSERT INTO EX.SINTOMAS(FECHA_INICIO, ID_SINTOMA, ID_PERSONA, ID_FICHA_MEDICA) VALUES
                            (TO_DATE('2020-06-02','YYYY-MM-DD'), 6, '00914', 914);
INSERT INTO EX.SINTOMAS(FECHA_INICIO, ID_SINTOMA, ID_PERSONA, ID_FICHA_MEDICA) VALUES
                            (TO_DATE('2020-04-10','YYYY-MM-DD'), 7, '00914', 914);
INSERT INTO EX.SINTOMAS(FECHA_INICIO, ID_SINTOMA, ID_PERSONA, ID_FICHA_MEDICA) VALUES
                            (TO_DATE('2020-02-29','YYYY-MM-DD'), 8, '00914', 914);
INSERT INTO EX.SINTOMAS(FECHA_INICIO, ID_SINTOMA, ID_PERSONA, ID_FICHA_MEDICA) VALUES
                            (TO_DATE('2020-02-09','YYYY-MM-DD'), 9, '00914', 914);
INSERT INTO EX.SINTOMAS(FECHA_INICIO, ID_SINTOMA, ID_PERSONA, ID_FICHA_MEDICA) VALUES
                            (TO_DATE('2020-02-07','YYYY-MM-DD'), 10, '00914', 914);
INSERT INTO EX.PERSONA(DOC_IDENTIDAD, NOMBRE, NOMBRE1, APELLIDO, APELLIDO1, FECHA_NAC, GENERO, FOTO) VALUES
                  ('00915', 'Alejandro', 'Jenna', 'Lloyd', 'Booker', TO_DATE('2006-04-12','YYYY-MM-DD'), 'f', NULL);
INSERT INTO EX.HISTORICO_RESIDENCIA(FECHA_INICIO, ID_LUGAR, ID_PERSONA, FECHA_FIN) VALUES
                  (TO_DATE('1992-05-07','YYYY-MM-DD'), 35, '00915', NULL);
INSERT INTO EX.FICHA_MEDICA(ID, ID_PERSONA, ID_CENTRO_SALUD, ID_LUGAR, ESTADO, FECHA_INFECCION, FECHA_RECUPERACION) VALUES
                                             (915, '00915', 20, 35, 'desconido', NULL, NULL);
INSERT INTO EX.PADECIMIENTOS(ID_PATOLOGIA, ID_PERSONA, ID_FICHA_MEDICA) VALUES
                            (1, '00915', 915);
INSERT INTO EX.PADECIMIENTOS(ID_PATOLOGIA, ID_PERSONA, ID_FICHA_MEDICA) VALUES
                            (2, '00915', 915);
INSERT INTO EX.PADECIMIENTOS(ID_PATOLOGIA, ID_PERSONA, ID_FICHA_MEDICA) VALUES
                            (3, '00915', 915);
INSERT INTO EX.PADECIMIENTOS(ID_PATOLOGIA, ID_PERSONA, ID_FICHA_MEDICA) VALUES
                            (4, '00915', 915);
INSERT INTO EX.PADECIMIENTOS(ID_PATOLOGIA, ID_PERSONA, ID_FICHA_MEDICA) VALUES
                            (5, '00915', 915);
INSERT INTO EX.PADECIMIENTOS(ID_PATOLOGIA, ID_PERSONA, ID_FICHA_MEDICA) VALUES
                            (6, '00915', 915);
INSERT INTO EX.PADECIMIENTOS(ID_PATOLOGIA, ID_PERSONA, ID_FICHA_MEDICA) VALUES
                            (7, '00915', 915);
INSERT INTO EX.PADECIMIENTOS(ID_PATOLOGIA, ID_PERSONA, ID_FICHA_MEDICA) VALUES
                            (8, '00915', 915);
INSERT INTO EX.PERSONA(DOC_IDENTIDAD, NOMBRE, NOMBRE1, APELLIDO, APELLIDO1, FECHA_NAC, GENERO, FOTO) VALUES
                  ('00916', 'David', 'Andrew', 'Jefferson', 'Tucker', TO_DATE('2012-07-26','YYYY-MM-DD'), 'm', NULL);
INSERT INTO EX.HISTORICO_RESIDENCIA(FECHA_INICIO, ID_LUGAR, ID_PERSONA, FECHA_FIN) VALUES
                  (TO_DATE('2002-08-08','YYYY-MM-DD'), 36, '00916', NULL);
INSERT INTO EX.FICHA_MEDICA(ID, ID_PERSONA, ID_CENTRO_SALUD, ID_LUGAR, ESTADO, FECHA_INFECCION, FECHA_RECUPERACION) VALUES
                                             (916, '00916', 21, 36, 'desconido', NULL, NULL);
INSERT INTO EX.PADECIMIENTOS(ID_PATOLOGIA, ID_PERSONA, ID_FICHA_MEDICA) VALUES
                            (1, '00916', 916);
INSERT INTO EX.PADECIMIENTOS(ID_PATOLOGIA, ID_PERSONA, ID_FICHA_MEDICA) VALUES
                            (2, '00916', 916);
INSERT INTO EX.PADECIMIENTOS(ID_PATOLOGIA, ID_PERSONA, ID_FICHA_MEDICA) VALUES
                            (3, '00916', 916);
INSERT INTO EX.PADECIMIENTOS(ID_PATOLOGIA, ID_PERSONA, ID_FICHA_MEDICA) VALUES
                            (4, '00916', 916);
INSERT INTO EX.PERSONA(DOC_IDENTIDAD, NOMBRE, NOMBRE1, APELLIDO, APELLIDO1, FECHA_NAC, GENERO, FOTO) VALUES
                  ('00917', 'Jonathan', 'Peter', 'Mason', 'Patton', TO_DATE('2012-07-16','YYYY-MM-DD'), 'f', NULL);
INSERT INTO EX.HISTORICO_RESIDENCIA(FECHA_INICIO, ID_LUGAR, ID_PERSONA, FECHA_FIN) VALUES
                  (TO_DATE('1994-05-20','YYYY-MM-DD'), 33, '00917', NULL);
INSERT INTO EX.FICHA_MEDICA(ID, ID_PERSONA, ID_CENTRO_SALUD, ID_LUGAR, ESTADO, FECHA_INFECCION, FECHA_RECUPERACION) VALUES
                                             (917, '00917', 18, 33, 'desconido', NULL, NULL);
INSERT INTO EX.SINTOMAS(FECHA_INICIO, ID_SINTOMA, ID_PERSONA, ID_FICHA_MEDICA) VALUES
                            (TO_DATE('2020-06-15','YYYY-MM-DD'), 1, '00917', 917);
INSERT INTO EX.SINTOMAS(FECHA_INICIO, ID_SINTOMA, ID_PERSONA, ID_FICHA_MEDICA) VALUES
                            (TO_DATE('2020-06-16','YYYY-MM-DD'), 2, '00917', 917);
INSERT INTO EX.PERSONA(DOC_IDENTIDAD, NOMBRE, NOMBRE1, APELLIDO, APELLIDO1, FECHA_NAC, GENERO, FOTO) VALUES
                  ('00918', 'Natasha', 'Breanna', 'Smith', 'Mooney', TO_DATE('1985-06-09','YYYY-MM-DD'), 'm', NULL);
INSERT INTO EX.HISTORICO_RESIDENCIA(FECHA_INICIO, ID_LUGAR, ID_PERSONA, FECHA_FIN) VALUES
                  (TO_DATE('1983-06-30','YYYY-MM-DD'), 18, '00918', NULL);
INSERT INTO EX.FICHA_MEDICA(ID, ID_PERSONA, ID_CENTRO_SALUD, ID_LUGAR, ESTADO, FECHA_INFECCION, FECHA_RECUPERACION) VALUES
                                             (918, '00918', 3, 18, 'desconido', NULL, NULL);
INSERT INTO EX.PERSONA(DOC_IDENTIDAD, NOMBRE, NOMBRE1, APELLIDO, APELLIDO1, FECHA_NAC, GENERO, FOTO) VALUES
                  ('00919', 'Elizabeth', 'Jacob', 'Weber', 'Huff', TO_DATE('2015-02-22','YYYY-MM-DD'), 'f', NULL);
INSERT INTO EX.HISTORICO_RESIDENCIA(FECHA_INICIO, ID_LUGAR, ID_PERSONA, FECHA_FIN) VALUES
                  (TO_DATE('1975-09-21','YYYY-MM-DD'), 45, '00919', NULL);
INSERT INTO EX.FICHA_MEDICA(ID, ID_PERSONA, ID_CENTRO_SALUD, ID_LUGAR, ESTADO, FECHA_INFECCION, FECHA_RECUPERACION) VALUES
                                             (919, '00919', 30, 45, 'desconido', NULL, NULL);
INSERT INTO EX.PERSONA(DOC_IDENTIDAD, NOMBRE, NOMBRE1, APELLIDO, APELLIDO1, FECHA_NAC, GENERO, FOTO) VALUES
                  ('00920', 'Derrick', 'Jessica', 'Meyer', 'Dixon', TO_DATE('2005-08-07','YYYY-MM-DD'), 'm', NULL);
INSERT INTO EX.HISTORICO_RESIDENCIA(FECHA_INICIO, ID_LUGAR, ID_PERSONA, FECHA_FIN) VALUES
                  (TO_DATE('2004-06-06','YYYY-MM-DD'), 24, '00920', NULL);
INSERT INTO EX.FICHA_MEDICA(ID, ID_PERSONA, ID_CENTRO_SALUD, ID_LUGAR, ESTADO, FECHA_INFECCION, FECHA_RECUPERACION) VALUES
                                             (920, '00920', 9, 24, 'desconido', NULL, NULL);
INSERT INTO EX.PADECIMIENTOS(ID_PATOLOGIA, ID_PERSONA, ID_FICHA_MEDICA) VALUES
                            (1, '00920', 920);
INSERT INTO EX.PADECIMIENTOS(ID_PATOLOGIA, ID_PERSONA, ID_FICHA_MEDICA) VALUES
                            (2, '00920', 920);
INSERT INTO EX.PADECIMIENTOS(ID_PATOLOGIA, ID_PERSONA, ID_FICHA_MEDICA) VALUES
                            (3, '00920', 920);
INSERT INTO EX.PADECIMIENTOS(ID_PATOLOGIA, ID_PERSONA, ID_FICHA_MEDICA) VALUES
                            (4, '00920', 920);
INSERT INTO EX.PADECIMIENTOS(ID_PATOLOGIA, ID_PERSONA, ID_FICHA_MEDICA) VALUES
                            (5, '00920', 920);
INSERT INTO EX.PADECIMIENTOS(ID_PATOLOGIA, ID_PERSONA, ID_FICHA_MEDICA) VALUES
                            (6, '00920', 920);
INSERT INTO EX.PADECIMIENTOS(ID_PATOLOGIA, ID_PERSONA, ID_FICHA_MEDICA) VALUES
                            (7, '00920', 920);
INSERT INTO EX.PERSONA(DOC_IDENTIDAD, NOMBRE, NOMBRE1, APELLIDO, APELLIDO1, FECHA_NAC, GENERO, FOTO) VALUES
                  ('00921', 'Larry', 'Rachel', 'Kidd', 'Baldwin', TO_DATE('1997-05-14','YYYY-MM-DD'), 'f', NULL);
INSERT INTO EX.HISTORICO_RESIDENCIA(FECHA_INICIO, ID_LUGAR, ID_PERSONA, FECHA_FIN) VALUES
                  (TO_DATE('1991-06-16','YYYY-MM-DD'), 24, '00921', NULL);
INSERT INTO EX.FICHA_MEDICA(ID, ID_PERSONA, ID_CENTRO_SALUD, ID_LUGAR, ESTADO, FECHA_INFECCION, FECHA_RECUPERACION) VALUES
                                             (921, '00921', 9, 24, 'desconido', NULL, NULL);
INSERT INTO EX.PADECIMIENTOS(ID_PATOLOGIA, ID_PERSONA, ID_FICHA_MEDICA) VALUES
                            (1, '00921', 921);
INSERT INTO EX.PADECIMIENTOS(ID_PATOLOGIA, ID_PERSONA, ID_FICHA_MEDICA) VALUES
                            (2, '00921', 921);
INSERT INTO EX.PERSONA(DOC_IDENTIDAD, NOMBRE, NOMBRE1, APELLIDO, APELLIDO1, FECHA_NAC, GENERO, FOTO) VALUES
                  ('00922', 'Jason', 'Charles', 'Tucker', 'Davis', TO_DATE('1982-01-16','YYYY-MM-DD'), 'm', NULL);
INSERT INTO EX.HISTORICO_RESIDENCIA(FECHA_INICIO, ID_LUGAR, ID_PERSONA, FECHA_FIN) VALUES
                  (TO_DATE('1990-01-15','YYYY-MM-DD'), 34, '00922', NULL);
INSERT INTO EX.FICHA_MEDICA(ID, ID_PERSONA, ID_CENTRO_SALUD, ID_LUGAR, ESTADO, FECHA_INFECCION, FECHA_RECUPERACION) VALUES
                                             (922, '00922', 19, 34, 'desconido', NULL, NULL);
INSERT INTO EX.SINTOMAS(FECHA_INICIO, ID_SINTOMA, ID_PERSONA, ID_FICHA_MEDICA) VALUES
                            (TO_DATE('2020-03-01','YYYY-MM-DD'), 1, '00922', 922);
INSERT INTO EX.SINTOMAS(FECHA_INICIO, ID_SINTOMA, ID_PERSONA, ID_FICHA_MEDICA) VALUES
                            (TO_DATE('2020-02-14','YYYY-MM-DD'), 2, '00922', 922);
INSERT INTO EX.SINTOMAS(FECHA_INICIO, ID_SINTOMA, ID_PERSONA, ID_FICHA_MEDICA) VALUES
                            (TO_DATE('2020-02-16','YYYY-MM-DD'), 3, '00922', 922);
INSERT INTO EX.SINTOMAS(FECHA_INICIO, ID_SINTOMA, ID_PERSONA, ID_FICHA_MEDICA) VALUES
                            (TO_DATE('2020-05-02','YYYY-MM-DD'), 4, '00922', 922);
INSERT INTO EX.SINTOMAS(FECHA_INICIO, ID_SINTOMA, ID_PERSONA, ID_FICHA_MEDICA) VALUES
                            (TO_DATE('2020-05-02','YYYY-MM-DD'), 5, '00922', 922);
INSERT INTO EX.SINTOMAS(FECHA_INICIO, ID_SINTOMA, ID_PERSONA, ID_FICHA_MEDICA) VALUES
                            (TO_DATE('2020-02-04','YYYY-MM-DD'), 6, '00922', 922);
INSERT INTO EX.PERSONA(DOC_IDENTIDAD, NOMBRE, NOMBRE1, APELLIDO, APELLIDO1, FECHA_NAC, GENERO, FOTO) VALUES
                  ('00923', 'Colleen', 'Felicia', 'Garcia', 'Baker', TO_DATE('1986-02-18','YYYY-MM-DD'), 'f', NULL);
INSERT INTO EX.HISTORICO_RESIDENCIA(FECHA_INICIO, ID_LUGAR, ID_PERSONA, FECHA_FIN) VALUES
                  (TO_DATE('2005-09-19','YYYY-MM-DD'), 24, '00923', NULL);
INSERT INTO EX.FICHA_MEDICA(ID, ID_PERSONA, ID_CENTRO_SALUD, ID_LUGAR, ESTADO, FECHA_INFECCION, FECHA_RECUPERACION) VALUES
                                             (923, '00923', 9, 24, 'desconido', NULL, NULL);
INSERT INTO EX.PADECIMIENTOS(ID_PATOLOGIA, ID_PERSONA, ID_FICHA_MEDICA) VALUES
                            (1, '00923', 923);
INSERT INTO EX.PADECIMIENTOS(ID_PATOLOGIA, ID_PERSONA, ID_FICHA_MEDICA) VALUES
                            (2, '00923', 923);
INSERT INTO EX.PADECIMIENTOS(ID_PATOLOGIA, ID_PERSONA, ID_FICHA_MEDICA) VALUES
                            (3, '00923', 923);
INSERT INTO EX.PADECIMIENTOS(ID_PATOLOGIA, ID_PERSONA, ID_FICHA_MEDICA) VALUES
                            (4, '00923', 923);
INSERT INTO EX.PADECIMIENTOS(ID_PATOLOGIA, ID_PERSONA, ID_FICHA_MEDICA) VALUES
                            (5, '00923', 923);
INSERT INTO EX.PADECIMIENTOS(ID_PATOLOGIA, ID_PERSONA, ID_FICHA_MEDICA) VALUES
                            (6, '00923', 923);
INSERT INTO EX.PADECIMIENTOS(ID_PATOLOGIA, ID_PERSONA, ID_FICHA_MEDICA) VALUES
                            (7, '00923', 923);
INSERT INTO EX.PADECIMIENTOS(ID_PATOLOGIA, ID_PERSONA, ID_FICHA_MEDICA) VALUES
                            (8, '00923', 923);
INSERT INTO EX.PADECIMIENTOS(ID_PATOLOGIA, ID_PERSONA, ID_FICHA_MEDICA) VALUES
                            (9, '00923', 923);
INSERT INTO EX.PADECIMIENTOS(ID_PATOLOGIA, ID_PERSONA, ID_FICHA_MEDICA) VALUES
                            (10, '00923', 923);
INSERT INTO EX.PADECIMIENTOS(ID_PATOLOGIA, ID_PERSONA, ID_FICHA_MEDICA) VALUES
                            (11, '00923', 923);
INSERT INTO EX.PADECIMIENTOS(ID_PATOLOGIA, ID_PERSONA, ID_FICHA_MEDICA) VALUES
                            (12, '00923', 923);
INSERT INTO EX.PADECIMIENTOS(ID_PATOLOGIA, ID_PERSONA, ID_FICHA_MEDICA) VALUES
                            (13, '00923', 923);
INSERT INTO EX.PADECIMIENTOS(ID_PATOLOGIA, ID_PERSONA, ID_FICHA_MEDICA) VALUES
                            (14, '00923', 923);
INSERT INTO EX.PADECIMIENTOS(ID_PATOLOGIA, ID_PERSONA, ID_FICHA_MEDICA) VALUES
                            (15, '00923', 923);
INSERT INTO EX.SINTOMAS(FECHA_INICIO, ID_SINTOMA, ID_PERSONA, ID_FICHA_MEDICA) VALUES
                            (TO_DATE('2020-05-26','YYYY-MM-DD'), 1, '00923', 923);
INSERT INTO EX.SINTOMAS(FECHA_INICIO, ID_SINTOMA, ID_PERSONA, ID_FICHA_MEDICA) VALUES
                            (TO_DATE('2020-04-29','YYYY-MM-DD'), 2, '00923', 923);
INSERT INTO EX.SINTOMAS(FECHA_INICIO, ID_SINTOMA, ID_PERSONA, ID_FICHA_MEDICA) VALUES
                            (TO_DATE('2020-02-14','YYYY-MM-DD'), 3, '00923', 923);
INSERT INTO EX.PERSONA(DOC_IDENTIDAD, NOMBRE, NOMBRE1, APELLIDO, APELLIDO1, FECHA_NAC, GENERO, FOTO) VALUES
                  ('00924', 'Erin', 'Sheila', 'Mathis', 'Kim', TO_DATE('2020-05-29','YYYY-MM-DD'), 'm', NULL);
INSERT INTO EX.HISTORICO_RESIDENCIA(FECHA_INICIO, ID_LUGAR, ID_PERSONA, FECHA_FIN) VALUES
                  (TO_DATE('1981-09-26','YYYY-MM-DD'), 39, '00924', NULL);
INSERT INTO EX.FICHA_MEDICA(ID, ID_PERSONA, ID_CENTRO_SALUD, ID_LUGAR, ESTADO, FECHA_INFECCION, FECHA_RECUPERACION) VALUES
                                             (924, '00924', 24, 39, 'desconido', NULL, NULL);
INSERT INTO EX.PADECIMIENTOS(ID_PATOLOGIA, ID_PERSONA, ID_FICHA_MEDICA) VALUES
                            (1, '00924', 924);
INSERT INTO EX.PADECIMIENTOS(ID_PATOLOGIA, ID_PERSONA, ID_FICHA_MEDICA) VALUES
                            (2, '00924', 924);
INSERT INTO EX.PADECIMIENTOS(ID_PATOLOGIA, ID_PERSONA, ID_FICHA_MEDICA) VALUES
                            (3, '00924', 924);
INSERT INTO EX.PERSONA(DOC_IDENTIDAD, NOMBRE, NOMBRE1, APELLIDO, APELLIDO1, FECHA_NAC, GENERO, FOTO) VALUES
                  ('00925', 'Angela', 'Blake', 'Smith', 'Martin', TO_DATE('1993-08-06','YYYY-MM-DD'), 'f', NULL);
INSERT INTO EX.HISTORICO_RESIDENCIA(FECHA_INICIO, ID_LUGAR, ID_PERSONA, FECHA_FIN) VALUES
                  (TO_DATE('1977-10-31','YYYY-MM-DD'), 42, '00925', NULL);
INSERT INTO EX.FICHA_MEDICA(ID, ID_PERSONA, ID_CENTRO_SALUD, ID_LUGAR, ESTADO, FECHA_INFECCION, FECHA_RECUPERACION) VALUES
                                             (925, '00925', 27, 42, 'desconido', NULL, NULL);
INSERT INTO EX.PADECIMIENTOS(ID_PATOLOGIA, ID_PERSONA, ID_FICHA_MEDICA) VALUES
                            (1, '00925', 925);
INSERT INTO EX.SINTOMAS(FECHA_INICIO, ID_SINTOMA, ID_PERSONA, ID_FICHA_MEDICA) VALUES
                            (TO_DATE('2020-06-04','YYYY-MM-DD'), 1, '00925', 925);
INSERT INTO EX.SINTOMAS(FECHA_INICIO, ID_SINTOMA, ID_PERSONA, ID_FICHA_MEDICA) VALUES
                            (TO_DATE('2020-06-14','YYYY-MM-DD'), 2, '00925', 925);
INSERT INTO EX.SINTOMAS(FECHA_INICIO, ID_SINTOMA, ID_PERSONA, ID_FICHA_MEDICA) VALUES
                            (TO_DATE('2020-03-28','YYYY-MM-DD'), 3, '00925', 925);
INSERT INTO EX.SINTOMAS(FECHA_INICIO, ID_SINTOMA, ID_PERSONA, ID_FICHA_MEDICA) VALUES
                            (TO_DATE('2020-06-19','YYYY-MM-DD'), 4, '00925', 925);
INSERT INTO EX.PERSONA(DOC_IDENTIDAD, NOMBRE, NOMBRE1, APELLIDO, APELLIDO1, FECHA_NAC, GENERO, FOTO) VALUES
                  ('00926', 'Donna', 'Candace', 'Young', 'Collins', TO_DATE('1977-08-03','YYYY-MM-DD'), 'm', NULL);
INSERT INTO EX.HISTORICO_RESIDENCIA(FECHA_INICIO, ID_LUGAR, ID_PERSONA, FECHA_FIN) VALUES
                  (TO_DATE('1983-11-15','YYYY-MM-DD'), 45, '00926', NULL);
INSERT INTO EX.FICHA_MEDICA(ID, ID_PERSONA, ID_CENTRO_SALUD, ID_LUGAR, ESTADO, FECHA_INFECCION, FECHA_RECUPERACION) VALUES
                                             (926, '00926', 30, 45, 'desconido', NULL, NULL);
INSERT INTO EX.PERSONA(DOC_IDENTIDAD, NOMBRE, NOMBRE1, APELLIDO, APELLIDO1, FECHA_NAC, GENERO, FOTO) VALUES
                  ('00927', 'David', 'Molly', 'Myers', 'Clay', TO_DATE('1981-06-05','YYYY-MM-DD'), 'f', NULL);
INSERT INTO EX.HISTORICO_RESIDENCIA(FECHA_INICIO, ID_LUGAR, ID_PERSONA, FECHA_FIN) VALUES
                  (TO_DATE('1983-10-02','YYYY-MM-DD'), 40, '00927', NULL);
INSERT INTO EX.FICHA_MEDICA(ID, ID_PERSONA, ID_CENTRO_SALUD, ID_LUGAR, ESTADO, FECHA_INFECCION, FECHA_RECUPERACION) VALUES
                                             (927, '00927', 25, 40, 'desconido', NULL, NULL);
INSERT INTO EX.PADECIMIENTOS(ID_PATOLOGIA, ID_PERSONA, ID_FICHA_MEDICA) VALUES
                            (1, '00927', 927);
INSERT INTO EX.PADECIMIENTOS(ID_PATOLOGIA, ID_PERSONA, ID_FICHA_MEDICA) VALUES
                            (2, '00927', 927);
INSERT INTO EX.PERSONA(DOC_IDENTIDAD, NOMBRE, NOMBRE1, APELLIDO, APELLIDO1, FECHA_NAC, GENERO, FOTO) VALUES
                  ('00928', 'Luke', 'Megan', 'Russo', 'Gomez', TO_DATE('1982-07-23','YYYY-MM-DD'), 'm', NULL);
INSERT INTO EX.HISTORICO_RESIDENCIA(FECHA_INICIO, ID_LUGAR, ID_PERSONA, FECHA_FIN) VALUES
                  (TO_DATE('1982-04-21','YYYY-MM-DD'), 26, '00928', NULL);
INSERT INTO EX.FICHA_MEDICA(ID, ID_PERSONA, ID_CENTRO_SALUD, ID_LUGAR, ESTADO, FECHA_INFECCION, FECHA_RECUPERACION) VALUES
                                             (928, '00928', 11, 26, 'desconido', NULL, NULL);
INSERT INTO EX.SINTOMAS(FECHA_INICIO, ID_SINTOMA, ID_PERSONA, ID_FICHA_MEDICA) VALUES
                            (TO_DATE('2020-03-23','YYYY-MM-DD'), 1, '00928', 928);
INSERT INTO EX.SINTOMAS(FECHA_INICIO, ID_SINTOMA, ID_PERSONA, ID_FICHA_MEDICA) VALUES
                            (TO_DATE('2020-02-12','YYYY-MM-DD'), 2, '00928', 928);
INSERT INTO EX.SINTOMAS(FECHA_INICIO, ID_SINTOMA, ID_PERSONA, ID_FICHA_MEDICA) VALUES
                            (TO_DATE('2020-03-06','YYYY-MM-DD'), 3, '00928', 928);
INSERT INTO EX.PERSONA(DOC_IDENTIDAD, NOMBRE, NOMBRE1, APELLIDO, APELLIDO1, FECHA_NAC, GENERO, FOTO) VALUES
                  ('00929', 'Zachary', 'Cody', 'Thompson', 'Jenkins', TO_DATE('2009-08-14','YYYY-MM-DD'), 'f', NULL);
INSERT INTO EX.HISTORICO_RESIDENCIA(FECHA_INICIO, ID_LUGAR, ID_PERSONA, FECHA_FIN) VALUES
                  (TO_DATE('1971-05-11','YYYY-MM-DD'), 23, '00929', NULL);
INSERT INTO EX.FICHA_MEDICA(ID, ID_PERSONA, ID_CENTRO_SALUD, ID_LUGAR, ESTADO, FECHA_INFECCION, FECHA_RECUPERACION) VALUES
                                             (929, '00929', 8, 23, 'desconido', NULL, NULL);
INSERT INTO EX.SINTOMAS(FECHA_INICIO, ID_SINTOMA, ID_PERSONA, ID_FICHA_MEDICA) VALUES
                            (TO_DATE('2020-03-12','YYYY-MM-DD'), 1, '00929', 929);
INSERT INTO EX.SINTOMAS(FECHA_INICIO, ID_SINTOMA, ID_PERSONA, ID_FICHA_MEDICA) VALUES
                            (TO_DATE('2020-06-24','YYYY-MM-DD'), 2, '00929', 929);
INSERT INTO EX.SINTOMAS(FECHA_INICIO, ID_SINTOMA, ID_PERSONA, ID_FICHA_MEDICA) VALUES
                            (TO_DATE('2020-05-17','YYYY-MM-DD'), 3, '00929', 929);
INSERT INTO EX.SINTOMAS(FECHA_INICIO, ID_SINTOMA, ID_PERSONA, ID_FICHA_MEDICA) VALUES
                            (TO_DATE('2020-03-08','YYYY-MM-DD'), 4, '00929', 929);
INSERT INTO EX.SINTOMAS(FECHA_INICIO, ID_SINTOMA, ID_PERSONA, ID_FICHA_MEDICA) VALUES
                            (TO_DATE('2020-02-28','YYYY-MM-DD'), 5, '00929', 929);
INSERT INTO EX.PERSONA(DOC_IDENTIDAD, NOMBRE, NOMBRE1, APELLIDO, APELLIDO1, FECHA_NAC, GENERO, FOTO) VALUES
                  ('00930', 'Timothy', 'Sara', 'Finley', 'Wilkins', TO_DATE('1970-12-30','YYYY-MM-DD'), 'm', NULL);
INSERT INTO EX.HISTORICO_RESIDENCIA(FECHA_INICIO, ID_LUGAR, ID_PERSONA, FECHA_FIN) VALUES
                  (TO_DATE('2016-12-14','YYYY-MM-DD'), 36, '00930', NULL);
INSERT INTO EX.FICHA_MEDICA(ID, ID_PERSONA, ID_CENTRO_SALUD, ID_LUGAR, ESTADO, FECHA_INFECCION, FECHA_RECUPERACION) VALUES
                                             (930, '00930', 21, 36, 'desconido', NULL, NULL);
INSERT INTO EX.SINTOMAS(FECHA_INICIO, ID_SINTOMA, ID_PERSONA, ID_FICHA_MEDICA) VALUES
                            (TO_DATE('2020-04-03','YYYY-MM-DD'), 1, '00930', 930);
INSERT INTO EX.SINTOMAS(FECHA_INICIO, ID_SINTOMA, ID_PERSONA, ID_FICHA_MEDICA) VALUES
                            (TO_DATE('2020-01-12','YYYY-MM-DD'), 2, '00930', 930);
INSERT INTO EX.SINTOMAS(FECHA_INICIO, ID_SINTOMA, ID_PERSONA, ID_FICHA_MEDICA) VALUES
                            (TO_DATE('2020-02-02','YYYY-MM-DD'), 3, '00930', 930);
INSERT INTO EX.SINTOMAS(FECHA_INICIO, ID_SINTOMA, ID_PERSONA, ID_FICHA_MEDICA) VALUES
                            (TO_DATE('2020-04-29','YYYY-MM-DD'), 4, '00930', 930);
INSERT INTO EX.SINTOMAS(FECHA_INICIO, ID_SINTOMA, ID_PERSONA, ID_FICHA_MEDICA) VALUES
                            (TO_DATE('2020-06-26','YYYY-MM-DD'), 5, '00930', 930);
INSERT INTO EX.SINTOMAS(FECHA_INICIO, ID_SINTOMA, ID_PERSONA, ID_FICHA_MEDICA) VALUES
                            (TO_DATE('2020-04-12','YYYY-MM-DD'), 6, '00930', 930);
INSERT INTO EX.SINTOMAS(FECHA_INICIO, ID_SINTOMA, ID_PERSONA, ID_FICHA_MEDICA) VALUES
                            (TO_DATE('2020-02-28','YYYY-MM-DD'), 7, '00930', 930);
INSERT INTO EX.SINTOMAS(FECHA_INICIO, ID_SINTOMA, ID_PERSONA, ID_FICHA_MEDICA) VALUES
                            (TO_DATE('2020-05-06','YYYY-MM-DD'), 8, '00930', 930);
INSERT INTO EX.SINTOMAS(FECHA_INICIO, ID_SINTOMA, ID_PERSONA, ID_FICHA_MEDICA) VALUES
                            (TO_DATE('2020-02-02','YYYY-MM-DD'), 9, '00930', 930);
INSERT INTO EX.SINTOMAS(FECHA_INICIO, ID_SINTOMA, ID_PERSONA, ID_FICHA_MEDICA) VALUES
                            (TO_DATE('2020-06-14','YYYY-MM-DD'), 10, '00930', 930);
INSERT INTO EX.SINTOMAS(FECHA_INICIO, ID_SINTOMA, ID_PERSONA, ID_FICHA_MEDICA) VALUES
                            (TO_DATE('2020-03-17','YYYY-MM-DD'), 11, '00930', 930);
INSERT INTO EX.SINTOMAS(FECHA_INICIO, ID_SINTOMA, ID_PERSONA, ID_FICHA_MEDICA) VALUES
                            (TO_DATE('2020-03-30','YYYY-MM-DD'), 12, '00930', 930);
INSERT INTO EX.SINTOMAS(FECHA_INICIO, ID_SINTOMA, ID_PERSONA, ID_FICHA_MEDICA) VALUES
                            (TO_DATE('2020-03-08','YYYY-MM-DD'), 13, '00930', 930);
INSERT INTO EX.PERSONA(DOC_IDENTIDAD, NOMBRE, NOMBRE1, APELLIDO, APELLIDO1, FECHA_NAC, GENERO, FOTO) VALUES
                  ('00931', 'Jeremy', 'Samantha', 'Mullins', 'Church', TO_DATE('1971-02-19','YYYY-MM-DD'), 'f', NULL);
INSERT INTO EX.HISTORICO_RESIDENCIA(FECHA_INICIO, ID_LUGAR, ID_PERSONA, FECHA_FIN) VALUES
                  (TO_DATE('2017-10-29','YYYY-MM-DD'), 41, '00931', NULL);
INSERT INTO EX.FICHA_MEDICA(ID, ID_PERSONA, ID_CENTRO_SALUD, ID_LUGAR, ESTADO, FECHA_INFECCION, FECHA_RECUPERACION) VALUES
                                             (931, '00931', 26, 41, 'desconido', NULL, NULL);
INSERT INTO EX.PADECIMIENTOS(ID_PATOLOGIA, ID_PERSONA, ID_FICHA_MEDICA) VALUES
                            (1, '00931', 931);
INSERT INTO EX.PADECIMIENTOS(ID_PATOLOGIA, ID_PERSONA, ID_FICHA_MEDICA) VALUES
                            (2, '00931', 931);
INSERT INTO EX.PADECIMIENTOS(ID_PATOLOGIA, ID_PERSONA, ID_FICHA_MEDICA) VALUES
                            (3, '00931', 931);
INSERT INTO EX.PADECIMIENTOS(ID_PATOLOGIA, ID_PERSONA, ID_FICHA_MEDICA) VALUES
                            (4, '00931', 931);
INSERT INTO EX.PADECIMIENTOS(ID_PATOLOGIA, ID_PERSONA, ID_FICHA_MEDICA) VALUES
                            (5, '00931', 931);
INSERT INTO EX.PADECIMIENTOS(ID_PATOLOGIA, ID_PERSONA, ID_FICHA_MEDICA) VALUES
                            (6, '00931', 931);
INSERT INTO EX.PADECIMIENTOS(ID_PATOLOGIA, ID_PERSONA, ID_FICHA_MEDICA) VALUES
                            (7, '00931', 931);
INSERT INTO EX.PADECIMIENTOS(ID_PATOLOGIA, ID_PERSONA, ID_FICHA_MEDICA) VALUES
                            (8, '00931', 931);
INSERT INTO EX.PADECIMIENTOS(ID_PATOLOGIA, ID_PERSONA, ID_FICHA_MEDICA) VALUES
                            (9, '00931', 931);
INSERT INTO EX.PADECIMIENTOS(ID_PATOLOGIA, ID_PERSONA, ID_FICHA_MEDICA) VALUES
                            (10, '00931', 931);
INSERT INTO EX.PERSONA(DOC_IDENTIDAD, NOMBRE, NOMBRE1, APELLIDO, APELLIDO1, FECHA_NAC, GENERO, FOTO) VALUES
                  ('00932', 'John', 'Richard', 'Gonzalez', 'Espinoza', TO_DATE('1972-04-29','YYYY-MM-DD'), 'm', NULL);
INSERT INTO EX.HISTORICO_RESIDENCIA(FECHA_INICIO, ID_LUGAR, ID_PERSONA, FECHA_FIN) VALUES
                  (TO_DATE('1982-12-24','YYYY-MM-DD'), 24, '00932', NULL);
INSERT INTO EX.FICHA_MEDICA(ID, ID_PERSONA, ID_CENTRO_SALUD, ID_LUGAR, ESTADO, FECHA_INFECCION, FECHA_RECUPERACION) VALUES
                                             (932, '00932', 9, 24, 'desconido', NULL, NULL);
INSERT INTO EX.PADECIMIENTOS(ID_PATOLOGIA, ID_PERSONA, ID_FICHA_MEDICA) VALUES
                            (1, '00932', 932);
INSERT INTO EX.PADECIMIENTOS(ID_PATOLOGIA, ID_PERSONA, ID_FICHA_MEDICA) VALUES
                            (2, '00932', 932);
INSERT INTO EX.PADECIMIENTOS(ID_PATOLOGIA, ID_PERSONA, ID_FICHA_MEDICA) VALUES
                            (3, '00932', 932);
INSERT INTO EX.PADECIMIENTOS(ID_PATOLOGIA, ID_PERSONA, ID_FICHA_MEDICA) VALUES
                            (4, '00932', 932);
INSERT INTO EX.PADECIMIENTOS(ID_PATOLOGIA, ID_PERSONA, ID_FICHA_MEDICA) VALUES
                            (5, '00932', 932);
INSERT INTO EX.PADECIMIENTOS(ID_PATOLOGIA, ID_PERSONA, ID_FICHA_MEDICA) VALUES
                            (6, '00932', 932);
INSERT INTO EX.PADECIMIENTOS(ID_PATOLOGIA, ID_PERSONA, ID_FICHA_MEDICA) VALUES
                            (7, '00932', 932);
INSERT INTO EX.PADECIMIENTOS(ID_PATOLOGIA, ID_PERSONA, ID_FICHA_MEDICA) VALUES
                            (8, '00932', 932);
INSERT INTO EX.SINTOMAS(FECHA_INICIO, ID_SINTOMA, ID_PERSONA, ID_FICHA_MEDICA) VALUES
                            (TO_DATE('2020-06-19','YYYY-MM-DD'), 1, '00932', 932);
INSERT INTO EX.SINTOMAS(FECHA_INICIO, ID_SINTOMA, ID_PERSONA, ID_FICHA_MEDICA) VALUES
                            (TO_DATE('2020-01-08','YYYY-MM-DD'), 2, '00932', 932);
INSERT INTO EX.SINTOMAS(FECHA_INICIO, ID_SINTOMA, ID_PERSONA, ID_FICHA_MEDICA) VALUES
                            (TO_DATE('2020-03-13','YYYY-MM-DD'), 3, '00932', 932);
INSERT INTO EX.SINTOMAS(FECHA_INICIO, ID_SINTOMA, ID_PERSONA, ID_FICHA_MEDICA) VALUES
                            (TO_DATE('2020-02-06','YYYY-MM-DD'), 4, '00932', 932);
INSERT INTO EX.SINTOMAS(FECHA_INICIO, ID_SINTOMA, ID_PERSONA, ID_FICHA_MEDICA) VALUES
                            (TO_DATE('2020-04-08','YYYY-MM-DD'), 5, '00932', 932);
INSERT INTO EX.SINTOMAS(FECHA_INICIO, ID_SINTOMA, ID_PERSONA, ID_FICHA_MEDICA) VALUES
                            (TO_DATE('2020-03-19','YYYY-MM-DD'), 6, '00932', 932);
INSERT INTO EX.SINTOMAS(FECHA_INICIO, ID_SINTOMA, ID_PERSONA, ID_FICHA_MEDICA) VALUES
                            (TO_DATE('2020-04-20','YYYY-MM-DD'), 7, '00932', 932);
INSERT INTO EX.SINTOMAS(FECHA_INICIO, ID_SINTOMA, ID_PERSONA, ID_FICHA_MEDICA) VALUES
                            (TO_DATE('2020-05-23','YYYY-MM-DD'), 8, '00932', 932);
INSERT INTO EX.SINTOMAS(FECHA_INICIO, ID_SINTOMA, ID_PERSONA, ID_FICHA_MEDICA) VALUES
                            (TO_DATE('2020-03-13','YYYY-MM-DD'), 9, '00932', 932);
INSERT INTO EX.SINTOMAS(FECHA_INICIO, ID_SINTOMA, ID_PERSONA, ID_FICHA_MEDICA) VALUES
                            (TO_DATE('2020-05-24','YYYY-MM-DD'), 10, '00932', 932);
INSERT INTO EX.SINTOMAS(FECHA_INICIO, ID_SINTOMA, ID_PERSONA, ID_FICHA_MEDICA) VALUES
                            (TO_DATE('2020-04-02','YYYY-MM-DD'), 11, '00932', 932);
INSERT INTO EX.SINTOMAS(FECHA_INICIO, ID_SINTOMA, ID_PERSONA, ID_FICHA_MEDICA) VALUES
                            (TO_DATE('2020-02-25','YYYY-MM-DD'), 12, '00932', 932);
INSERT INTO EX.SINTOMAS(FECHA_INICIO, ID_SINTOMA, ID_PERSONA, ID_FICHA_MEDICA) VALUES
                            (TO_DATE('2020-06-06','YYYY-MM-DD'), 13, '00932', 932);
INSERT INTO EX.SINTOMAS(FECHA_INICIO, ID_SINTOMA, ID_PERSONA, ID_FICHA_MEDICA) VALUES
                            (TO_DATE('2020-06-29','YYYY-MM-DD'), 14, '00932', 932);
INSERT INTO EX.SINTOMAS(FECHA_INICIO, ID_SINTOMA, ID_PERSONA, ID_FICHA_MEDICA) VALUES
                            (TO_DATE('2020-01-31','YYYY-MM-DD'), 15, '00932', 932);
INSERT INTO EX.SINTOMAS(FECHA_INICIO, ID_SINTOMA, ID_PERSONA, ID_FICHA_MEDICA) VALUES
                            (TO_DATE('2020-04-17','YYYY-MM-DD'), 16, '00932', 932);
INSERT INTO EX.SINTOMAS(FECHA_INICIO, ID_SINTOMA, ID_PERSONA, ID_FICHA_MEDICA) VALUES
                            (TO_DATE('2020-05-30','YYYY-MM-DD'), 17, '00932', 932);
INSERT INTO EX.SINTOMAS(FECHA_INICIO, ID_SINTOMA, ID_PERSONA, ID_FICHA_MEDICA) VALUES
                            (TO_DATE('2020-05-22','YYYY-MM-DD'), 18, '00932', 932);
INSERT INTO EX.PERSONA(DOC_IDENTIDAD, NOMBRE, NOMBRE1, APELLIDO, APELLIDO1, FECHA_NAC, GENERO, FOTO) VALUES
                  ('00933', 'John', 'Luis', 'Jones', 'Rivas', TO_DATE('2002-12-23','YYYY-MM-DD'), 'f', NULL);
INSERT INTO EX.HISTORICO_RESIDENCIA(FECHA_INICIO, ID_LUGAR, ID_PERSONA, FECHA_FIN) VALUES
                  (TO_DATE('2016-02-09','YYYY-MM-DD'), 18, '00933', NULL);
INSERT INTO EX.FICHA_MEDICA(ID, ID_PERSONA, ID_CENTRO_SALUD, ID_LUGAR, ESTADO, FECHA_INFECCION, FECHA_RECUPERACION) VALUES
                                             (933, '00933', 3, 18, 'desconido', NULL, NULL);
INSERT INTO EX.PADECIMIENTOS(ID_PATOLOGIA, ID_PERSONA, ID_FICHA_MEDICA) VALUES
                            (1, '00933', 933);
INSERT INTO EX.SINTOMAS(FECHA_INICIO, ID_SINTOMA, ID_PERSONA, ID_FICHA_MEDICA) VALUES
                            (TO_DATE('2020-06-06','YYYY-MM-DD'), 1, '00933', 933);
INSERT INTO EX.PERSONA(DOC_IDENTIDAD, NOMBRE, NOMBRE1, APELLIDO, APELLIDO1, FECHA_NAC, GENERO, FOTO) VALUES
                  ('00934', 'Brandon', 'Christine', 'Burns', 'Lopez', TO_DATE('1976-10-10','YYYY-MM-DD'), 'm', NULL);
INSERT INTO EX.HISTORICO_RESIDENCIA(FECHA_INICIO, ID_LUGAR, ID_PERSONA, FECHA_FIN) VALUES
                  (TO_DATE('1971-07-26','YYYY-MM-DD'), 23, '00934', NULL);
INSERT INTO EX.FICHA_MEDICA(ID, ID_PERSONA, ID_CENTRO_SALUD, ID_LUGAR, ESTADO, FECHA_INFECCION, FECHA_RECUPERACION) VALUES
                                             (934, '00934', 8, 23, 'desconido', NULL, NULL);
INSERT INTO EX.PADECIMIENTOS(ID_PATOLOGIA, ID_PERSONA, ID_FICHA_MEDICA) VALUES
                            (1, '00934', 934);
INSERT INTO EX.PADECIMIENTOS(ID_PATOLOGIA, ID_PERSONA, ID_FICHA_MEDICA) VALUES
                            (2, '00934', 934);
INSERT INTO EX.PADECIMIENTOS(ID_PATOLOGIA, ID_PERSONA, ID_FICHA_MEDICA) VALUES
                            (3, '00934', 934);
INSERT INTO EX.SINTOMAS(FECHA_INICIO, ID_SINTOMA, ID_PERSONA, ID_FICHA_MEDICA) VALUES
                            (TO_DATE('2020-01-30','YYYY-MM-DD'), 1, '00934', 934);
INSERT INTO EX.SINTOMAS(FECHA_INICIO, ID_SINTOMA, ID_PERSONA, ID_FICHA_MEDICA) VALUES
                            (TO_DATE('2020-02-06','YYYY-MM-DD'), 2, '00934', 934);
INSERT INTO EX.SINTOMAS(FECHA_INICIO, ID_SINTOMA, ID_PERSONA, ID_FICHA_MEDICA) VALUES
                            (TO_DATE('2020-02-26','YYYY-MM-DD'), 3, '00934', 934);
INSERT INTO EX.SINTOMAS(FECHA_INICIO, ID_SINTOMA, ID_PERSONA, ID_FICHA_MEDICA) VALUES
                            (TO_DATE('2020-04-14','YYYY-MM-DD'), 4, '00934', 934);
INSERT INTO EX.SINTOMAS(FECHA_INICIO, ID_SINTOMA, ID_PERSONA, ID_FICHA_MEDICA) VALUES
                            (TO_DATE('2020-04-03','YYYY-MM-DD'), 5, '00934', 934);
INSERT INTO EX.SINTOMAS(FECHA_INICIO, ID_SINTOMA, ID_PERSONA, ID_FICHA_MEDICA) VALUES
                            (TO_DATE('2020-02-04','YYYY-MM-DD'), 6, '00934', 934);
INSERT INTO EX.SINTOMAS(FECHA_INICIO, ID_SINTOMA, ID_PERSONA, ID_FICHA_MEDICA) VALUES
                            (TO_DATE('2020-03-27','YYYY-MM-DD'), 7, '00934', 934);
INSERT INTO EX.SINTOMAS(FECHA_INICIO, ID_SINTOMA, ID_PERSONA, ID_FICHA_MEDICA) VALUES
                            (TO_DATE('2020-01-24','YYYY-MM-DD'), 8, '00934', 934);
INSERT INTO EX.SINTOMAS(FECHA_INICIO, ID_SINTOMA, ID_PERSONA, ID_FICHA_MEDICA) VALUES
                            (TO_DATE('2020-02-24','YYYY-MM-DD'), 9, '00934', 934);
INSERT INTO EX.SINTOMAS(FECHA_INICIO, ID_SINTOMA, ID_PERSONA, ID_FICHA_MEDICA) VALUES
                            (TO_DATE('2020-05-18','YYYY-MM-DD'), 10, '00934', 934);
INSERT INTO EX.SINTOMAS(FECHA_INICIO, ID_SINTOMA, ID_PERSONA, ID_FICHA_MEDICA) VALUES
                            (TO_DATE('2020-01-10','YYYY-MM-DD'), 11, '00934', 934);
INSERT INTO EX.SINTOMAS(FECHA_INICIO, ID_SINTOMA, ID_PERSONA, ID_FICHA_MEDICA) VALUES
                            (TO_DATE('2020-05-18','YYYY-MM-DD'), 12, '00934', 934);
INSERT INTO EX.SINTOMAS(FECHA_INICIO, ID_SINTOMA, ID_PERSONA, ID_FICHA_MEDICA) VALUES
                            (TO_DATE('2020-03-05','YYYY-MM-DD'), 13, '00934', 934);
INSERT INTO EX.SINTOMAS(FECHA_INICIO, ID_SINTOMA, ID_PERSONA, ID_FICHA_MEDICA) VALUES
                            (TO_DATE('2020-01-01','YYYY-MM-DD'), 14, '00934', 934);
INSERT INTO EX.SINTOMAS(FECHA_INICIO, ID_SINTOMA, ID_PERSONA, ID_FICHA_MEDICA) VALUES
                            (TO_DATE('2020-01-04','YYYY-MM-DD'), 15, '00934', 934);
INSERT INTO EX.SINTOMAS(FECHA_INICIO, ID_SINTOMA, ID_PERSONA, ID_FICHA_MEDICA) VALUES
                            (TO_DATE('2020-03-14','YYYY-MM-DD'), 16, '00934', 934);
INSERT INTO EX.SINTOMAS(FECHA_INICIO, ID_SINTOMA, ID_PERSONA, ID_FICHA_MEDICA) VALUES
                            (TO_DATE('2020-01-28','YYYY-MM-DD'), 17, '00934', 934);
INSERT INTO EX.SINTOMAS(FECHA_INICIO, ID_SINTOMA, ID_PERSONA, ID_FICHA_MEDICA) VALUES
                            (TO_DATE('2020-01-16','YYYY-MM-DD'), 18, '00934', 934);
INSERT INTO EX.PERSONA(DOC_IDENTIDAD, NOMBRE, NOMBRE1, APELLIDO, APELLIDO1, FECHA_NAC, GENERO, FOTO) VALUES
                  ('00935', 'Paul', 'Donna', 'Chavez', 'Jennings', TO_DATE('2003-08-31','YYYY-MM-DD'), 'f', NULL);
INSERT INTO EX.HISTORICO_RESIDENCIA(FECHA_INICIO, ID_LUGAR, ID_PERSONA, FECHA_FIN) VALUES
                  (TO_DATE('1993-11-21','YYYY-MM-DD'), 44, '00935', NULL);
INSERT INTO EX.FICHA_MEDICA(ID, ID_PERSONA, ID_CENTRO_SALUD, ID_LUGAR, ESTADO, FECHA_INFECCION, FECHA_RECUPERACION) VALUES
                                             (935, '00935', 29, 44, 'desconido', NULL, NULL);
INSERT INTO EX.PADECIMIENTOS(ID_PATOLOGIA, ID_PERSONA, ID_FICHA_MEDICA) VALUES
                            (1, '00935', 935);
INSERT INTO EX.PADECIMIENTOS(ID_PATOLOGIA, ID_PERSONA, ID_FICHA_MEDICA) VALUES
                            (2, '00935', 935);
INSERT INTO EX.PADECIMIENTOS(ID_PATOLOGIA, ID_PERSONA, ID_FICHA_MEDICA) VALUES
                            (3, '00935', 935);
INSERT INTO EX.SINTOMAS(FECHA_INICIO, ID_SINTOMA, ID_PERSONA, ID_FICHA_MEDICA) VALUES
                            (TO_DATE('2020-01-03','YYYY-MM-DD'), 1, '00935', 935);
INSERT INTO EX.SINTOMAS(FECHA_INICIO, ID_SINTOMA, ID_PERSONA, ID_FICHA_MEDICA) VALUES
                            (TO_DATE('2020-04-24','YYYY-MM-DD'), 2, '00935', 935);
INSERT INTO EX.SINTOMAS(FECHA_INICIO, ID_SINTOMA, ID_PERSONA, ID_FICHA_MEDICA) VALUES
                            (TO_DATE('2020-04-26','YYYY-MM-DD'), 3, '00935', 935);
INSERT INTO EX.SINTOMAS(FECHA_INICIO, ID_SINTOMA, ID_PERSONA, ID_FICHA_MEDICA) VALUES
                            (TO_DATE('2020-01-07','YYYY-MM-DD'), 4, '00935', 935);
INSERT INTO EX.SINTOMAS(FECHA_INICIO, ID_SINTOMA, ID_PERSONA, ID_FICHA_MEDICA) VALUES
                            (TO_DATE('2020-01-12','YYYY-MM-DD'), 5, '00935', 935);
INSERT INTO EX.SINTOMAS(FECHA_INICIO, ID_SINTOMA, ID_PERSONA, ID_FICHA_MEDICA) VALUES
                            (TO_DATE('2020-04-11','YYYY-MM-DD'), 6, '00935', 935);
INSERT INTO EX.SINTOMAS(FECHA_INICIO, ID_SINTOMA, ID_PERSONA, ID_FICHA_MEDICA) VALUES
                            (TO_DATE('2020-04-18','YYYY-MM-DD'), 7, '00935', 935);
INSERT INTO EX.SINTOMAS(FECHA_INICIO, ID_SINTOMA, ID_PERSONA, ID_FICHA_MEDICA) VALUES
                            (TO_DATE('2020-02-10','YYYY-MM-DD'), 8, '00935', 935);
INSERT INTO EX.SINTOMAS(FECHA_INICIO, ID_SINTOMA, ID_PERSONA, ID_FICHA_MEDICA) VALUES
                            (TO_DATE('2020-06-18','YYYY-MM-DD'), 9, '00935', 935);
INSERT INTO EX.SINTOMAS(FECHA_INICIO, ID_SINTOMA, ID_PERSONA, ID_FICHA_MEDICA) VALUES
                            (TO_DATE('2020-01-21','YYYY-MM-DD'), 10, '00935', 935);
INSERT INTO EX.PERSONA(DOC_IDENTIDAD, NOMBRE, NOMBRE1, APELLIDO, APELLIDO1, FECHA_NAC, GENERO, FOTO) VALUES
                  ('00936', 'Brandy', 'David', 'Murray', 'Obrien', TO_DATE('1971-03-15','YYYY-MM-DD'), 'm', NULL);
INSERT INTO EX.HISTORICO_RESIDENCIA(FECHA_INICIO, ID_LUGAR, ID_PERSONA, FECHA_FIN) VALUES
                  (TO_DATE('1970-05-07','YYYY-MM-DD'), 22, '00936', NULL);
INSERT INTO EX.FICHA_MEDICA(ID, ID_PERSONA, ID_CENTRO_SALUD, ID_LUGAR, ESTADO, FECHA_INFECCION, FECHA_RECUPERACION) VALUES
                                             (936, '00936', 7, 22, 'desconido', NULL, NULL);
INSERT INTO EX.PADECIMIENTOS(ID_PATOLOGIA, ID_PERSONA, ID_FICHA_MEDICA) VALUES
                            (1, '00936', 936);
INSERT INTO EX.PERSONA(DOC_IDENTIDAD, NOMBRE, NOMBRE1, APELLIDO, APELLIDO1, FECHA_NAC, GENERO, FOTO) VALUES
                  ('00937', 'Jennifer', 'Todd', 'Carey', 'Lee', TO_DATE('2006-03-11','YYYY-MM-DD'), 'f', NULL);
INSERT INTO EX.HISTORICO_RESIDENCIA(FECHA_INICIO, ID_LUGAR, ID_PERSONA, FECHA_FIN) VALUES
                  (TO_DATE('1988-05-21','YYYY-MM-DD'), 30, '00937', NULL);
INSERT INTO EX.FICHA_MEDICA(ID, ID_PERSONA, ID_CENTRO_SALUD, ID_LUGAR, ESTADO, FECHA_INFECCION, FECHA_RECUPERACION) VALUES
                                             (937, '00937', 15, 30, 'desconido', NULL, NULL);
INSERT INTO EX.SINTOMAS(FECHA_INICIO, ID_SINTOMA, ID_PERSONA, ID_FICHA_MEDICA) VALUES
                            (TO_DATE('2020-05-25','YYYY-MM-DD'), 1, '00937', 937);
INSERT INTO EX.SINTOMAS(FECHA_INICIO, ID_SINTOMA, ID_PERSONA, ID_FICHA_MEDICA) VALUES
                            (TO_DATE('2020-02-14','YYYY-MM-DD'), 2, '00937', 937);
INSERT INTO EX.SINTOMAS(FECHA_INICIO, ID_SINTOMA, ID_PERSONA, ID_FICHA_MEDICA) VALUES
                            (TO_DATE('2020-05-16','YYYY-MM-DD'), 3, '00937', 937);
INSERT INTO EX.SINTOMAS(FECHA_INICIO, ID_SINTOMA, ID_PERSONA, ID_FICHA_MEDICA) VALUES
                            (TO_DATE('2020-05-28','YYYY-MM-DD'), 4, '00937', 937);
INSERT INTO EX.SINTOMAS(FECHA_INICIO, ID_SINTOMA, ID_PERSONA, ID_FICHA_MEDICA) VALUES
                            (TO_DATE('2020-01-13','YYYY-MM-DD'), 5, '00937', 937);
INSERT INTO EX.SINTOMAS(FECHA_INICIO, ID_SINTOMA, ID_PERSONA, ID_FICHA_MEDICA) VALUES
                            (TO_DATE('2020-01-17','YYYY-MM-DD'), 6, '00937', 937);
INSERT INTO EX.PERSONA(DOC_IDENTIDAD, NOMBRE, NOMBRE1, APELLIDO, APELLIDO1, FECHA_NAC, GENERO, FOTO) VALUES
                  ('00938', 'Vanessa', 'William', 'Bell', 'Green', TO_DATE('2007-02-28','YYYY-MM-DD'), 'm', NULL);
INSERT INTO EX.HISTORICO_RESIDENCIA(FECHA_INICIO, ID_LUGAR, ID_PERSONA, FECHA_FIN) VALUES
                  (TO_DATE('2000-12-24','YYYY-MM-DD'), 31, '00938', NULL);
INSERT INTO EX.FICHA_MEDICA(ID, ID_PERSONA, ID_CENTRO_SALUD, ID_LUGAR, ESTADO, FECHA_INFECCION, FECHA_RECUPERACION) VALUES
                                             (938, '00938', 16, 31, 'desconido', NULL, NULL);
INSERT INTO EX.SINTOMAS(FECHA_INICIO, ID_SINTOMA, ID_PERSONA, ID_FICHA_MEDICA) VALUES
                            (TO_DATE('2020-02-20','YYYY-MM-DD'), 1, '00938', 938);
INSERT INTO EX.SINTOMAS(FECHA_INICIO, ID_SINTOMA, ID_PERSONA, ID_FICHA_MEDICA) VALUES
                            (TO_DATE('2020-04-14','YYYY-MM-DD'), 2, '00938', 938);
INSERT INTO EX.SINTOMAS(FECHA_INICIO, ID_SINTOMA, ID_PERSONA, ID_FICHA_MEDICA) VALUES
                            (TO_DATE('2020-05-16','YYYY-MM-DD'), 3, '00938', 938);
INSERT INTO EX.SINTOMAS(FECHA_INICIO, ID_SINTOMA, ID_PERSONA, ID_FICHA_MEDICA) VALUES
                            (TO_DATE('2020-03-14','YYYY-MM-DD'), 4, '00938', 938);
INSERT INTO EX.SINTOMAS(FECHA_INICIO, ID_SINTOMA, ID_PERSONA, ID_FICHA_MEDICA) VALUES
                            (TO_DATE('2020-06-25','YYYY-MM-DD'), 5, '00938', 938);
INSERT INTO EX.SINTOMAS(FECHA_INICIO, ID_SINTOMA, ID_PERSONA, ID_FICHA_MEDICA) VALUES
                            (TO_DATE('2020-03-21','YYYY-MM-DD'), 6, '00938', 938);
INSERT INTO EX.PERSONA(DOC_IDENTIDAD, NOMBRE, NOMBRE1, APELLIDO, APELLIDO1, FECHA_NAC, GENERO, FOTO) VALUES
                  ('00939', 'Johnny', 'Angela', 'Bryant', 'Smith', TO_DATE('1973-09-22','YYYY-MM-DD'), 'f', NULL);
INSERT INTO EX.HISTORICO_RESIDENCIA(FECHA_INICIO, ID_LUGAR, ID_PERSONA, FECHA_FIN) VALUES
                  (TO_DATE('1981-11-09','YYYY-MM-DD'), 19, '00939', NULL);
INSERT INTO EX.FICHA_MEDICA(ID, ID_PERSONA, ID_CENTRO_SALUD, ID_LUGAR, ESTADO, FECHA_INFECCION, FECHA_RECUPERACION) VALUES
                                             (939, '00939', 4, 19, 'desconido', NULL, NULL);
INSERT INTO EX.SINTOMAS(FECHA_INICIO, ID_SINTOMA, ID_PERSONA, ID_FICHA_MEDICA) VALUES
                            (TO_DATE('2020-02-10','YYYY-MM-DD'), 1, '00939', 939);
INSERT INTO EX.PERSONA(DOC_IDENTIDAD, NOMBRE, NOMBRE1, APELLIDO, APELLIDO1, FECHA_NAC, GENERO, FOTO) VALUES
                  ('00940', 'Todd', 'Dennis', 'Ingram', 'Mullen', TO_DATE('2011-01-17','YYYY-MM-DD'), 'm', NULL);
INSERT INTO EX.HISTORICO_RESIDENCIA(FECHA_INICIO, ID_LUGAR, ID_PERSONA, FECHA_FIN) VALUES
                  (TO_DATE('1975-10-18','YYYY-MM-DD'), 21, '00940', NULL);
INSERT INTO EX.FICHA_MEDICA(ID, ID_PERSONA, ID_CENTRO_SALUD, ID_LUGAR, ESTADO, FECHA_INFECCION, FECHA_RECUPERACION) VALUES
                                             (940, '00940', 6, 21, 'desconido', NULL, NULL);
INSERT INTO EX.PADECIMIENTOS(ID_PATOLOGIA, ID_PERSONA, ID_FICHA_MEDICA) VALUES
                            (1, '00940', 940);
INSERT INTO EX.PADECIMIENTOS(ID_PATOLOGIA, ID_PERSONA, ID_FICHA_MEDICA) VALUES
                            (2, '00940', 940);
INSERT INTO EX.PADECIMIENTOS(ID_PATOLOGIA, ID_PERSONA, ID_FICHA_MEDICA) VALUES
                            (3, '00940', 940);
INSERT INTO EX.PADECIMIENTOS(ID_PATOLOGIA, ID_PERSONA, ID_FICHA_MEDICA) VALUES
                            (4, '00940', 940);
INSERT INTO EX.PADECIMIENTOS(ID_PATOLOGIA, ID_PERSONA, ID_FICHA_MEDICA) VALUES
                            (5, '00940', 940);
INSERT INTO EX.PADECIMIENTOS(ID_PATOLOGIA, ID_PERSONA, ID_FICHA_MEDICA) VALUES
                            (6, '00940', 940);
INSERT INTO EX.PADECIMIENTOS(ID_PATOLOGIA, ID_PERSONA, ID_FICHA_MEDICA) VALUES
                            (7, '00940', 940);
INSERT INTO EX.PERSONA(DOC_IDENTIDAD, NOMBRE, NOMBRE1, APELLIDO, APELLIDO1, FECHA_NAC, GENERO, FOTO) VALUES
                  ('00941', 'Cassie', 'Taylor', 'Washington', 'Torres', TO_DATE('2003-06-06','YYYY-MM-DD'), 'f', NULL);
INSERT INTO EX.HISTORICO_RESIDENCIA(FECHA_INICIO, ID_LUGAR, ID_PERSONA, FECHA_FIN) VALUES
                  (TO_DATE('2009-09-11','YYYY-MM-DD'), 24, '00941', NULL);
INSERT INTO EX.FICHA_MEDICA(ID, ID_PERSONA, ID_CENTRO_SALUD, ID_LUGAR, ESTADO, FECHA_INFECCION, FECHA_RECUPERACION) VALUES
                                             (941, '00941', 9, 24, 'desconido', NULL, NULL);
INSERT INTO EX.SINTOMAS(FECHA_INICIO, ID_SINTOMA, ID_PERSONA, ID_FICHA_MEDICA) VALUES
                            (TO_DATE('2020-06-20','YYYY-MM-DD'), 1, '00941', 941);
INSERT INTO EX.SINTOMAS(FECHA_INICIO, ID_SINTOMA, ID_PERSONA, ID_FICHA_MEDICA) VALUES
                            (TO_DATE('2020-04-20','YYYY-MM-DD'), 2, '00941', 941);
INSERT INTO EX.SINTOMAS(FECHA_INICIO, ID_SINTOMA, ID_PERSONA, ID_FICHA_MEDICA) VALUES
                            (TO_DATE('2020-02-07','YYYY-MM-DD'), 3, '00941', 941);
INSERT INTO EX.SINTOMAS(FECHA_INICIO, ID_SINTOMA, ID_PERSONA, ID_FICHA_MEDICA) VALUES
                            (TO_DATE('2020-06-14','YYYY-MM-DD'), 4, '00941', 941);
INSERT INTO EX.SINTOMAS(FECHA_INICIO, ID_SINTOMA, ID_PERSONA, ID_FICHA_MEDICA) VALUES
                            (TO_DATE('2020-03-29','YYYY-MM-DD'), 5, '00941', 941);
INSERT INTO EX.SINTOMAS(FECHA_INICIO, ID_SINTOMA, ID_PERSONA, ID_FICHA_MEDICA) VALUES
                            (TO_DATE('2020-05-11','YYYY-MM-DD'), 6, '00941', 941);
INSERT INTO EX.SINTOMAS(FECHA_INICIO, ID_SINTOMA, ID_PERSONA, ID_FICHA_MEDICA) VALUES
                            (TO_DATE('2020-03-15','YYYY-MM-DD'), 7, '00941', 941);
INSERT INTO EX.SINTOMAS(FECHA_INICIO, ID_SINTOMA, ID_PERSONA, ID_FICHA_MEDICA) VALUES
                            (TO_DATE('2020-06-16','YYYY-MM-DD'), 8, '00941', 941);
INSERT INTO EX.SINTOMAS(FECHA_INICIO, ID_SINTOMA, ID_PERSONA, ID_FICHA_MEDICA) VALUES
                            (TO_DATE('2020-01-04','YYYY-MM-DD'), 9, '00941', 941);
INSERT INTO EX.SINTOMAS(FECHA_INICIO, ID_SINTOMA, ID_PERSONA, ID_FICHA_MEDICA) VALUES
                            (TO_DATE('2020-02-01','YYYY-MM-DD'), 10, '00941', 941);
INSERT INTO EX.SINTOMAS(FECHA_INICIO, ID_SINTOMA, ID_PERSONA, ID_FICHA_MEDICA) VALUES
                            (TO_DATE('2020-05-21','YYYY-MM-DD'), 11, '00941', 941);
INSERT INTO EX.SINTOMAS(FECHA_INICIO, ID_SINTOMA, ID_PERSONA, ID_FICHA_MEDICA) VALUES
                            (TO_DATE('2020-05-06','YYYY-MM-DD'), 12, '00941', 941);
INSERT INTO EX.SINTOMAS(FECHA_INICIO, ID_SINTOMA, ID_PERSONA, ID_FICHA_MEDICA) VALUES
                            (TO_DATE('2020-02-20','YYYY-MM-DD'), 13, '00941', 941);
INSERT INTO EX.SINTOMAS(FECHA_INICIO, ID_SINTOMA, ID_PERSONA, ID_FICHA_MEDICA) VALUES
                            (TO_DATE('2020-03-11','YYYY-MM-DD'), 14, '00941', 941);
INSERT INTO EX.SINTOMAS(FECHA_INICIO, ID_SINTOMA, ID_PERSONA, ID_FICHA_MEDICA) VALUES
                            (TO_DATE('2020-02-20','YYYY-MM-DD'), 15, '00941', 941);
INSERT INTO EX.PERSONA(DOC_IDENTIDAD, NOMBRE, NOMBRE1, APELLIDO, APELLIDO1, FECHA_NAC, GENERO, FOTO) VALUES
                  ('00942', 'John', 'Scott', 'Hull', 'Austin', TO_DATE('1993-08-13','YYYY-MM-DD'), 'm', NULL);
INSERT INTO EX.HISTORICO_RESIDENCIA(FECHA_INICIO, ID_LUGAR, ID_PERSONA, FECHA_FIN) VALUES
                  (TO_DATE('1998-01-30','YYYY-MM-DD'), 44, '00942', NULL);
INSERT INTO EX.FICHA_MEDICA(ID, ID_PERSONA, ID_CENTRO_SALUD, ID_LUGAR, ESTADO, FECHA_INFECCION, FECHA_RECUPERACION) VALUES
                                             (942, '00942', 29, 44, 'desconido', NULL, NULL);
INSERT INTO EX.PADECIMIENTOS(ID_PATOLOGIA, ID_PERSONA, ID_FICHA_MEDICA) VALUES
                            (1, '00942', 942);
INSERT INTO EX.PADECIMIENTOS(ID_PATOLOGIA, ID_PERSONA, ID_FICHA_MEDICA) VALUES
                            (2, '00942', 942);
INSERT INTO EX.PERSONA(DOC_IDENTIDAD, NOMBRE, NOMBRE1, APELLIDO, APELLIDO1, FECHA_NAC, GENERO, FOTO) VALUES
                  ('00943', 'Grace', 'Janet', 'Martinez', 'Barrera', TO_DATE('1998-09-11','YYYY-MM-DD'), 'f', NULL);
INSERT INTO EX.HISTORICO_RESIDENCIA(FECHA_INICIO, ID_LUGAR, ID_PERSONA, FECHA_FIN) VALUES
                  (TO_DATE('2001-09-10','YYYY-MM-DD'), 25, '00943', NULL);
INSERT INTO EX.FICHA_MEDICA(ID, ID_PERSONA, ID_CENTRO_SALUD, ID_LUGAR, ESTADO, FECHA_INFECCION, FECHA_RECUPERACION) VALUES
                                             (943, '00943', 10, 25, 'desconido', NULL, NULL);
INSERT INTO EX.PERSONA(DOC_IDENTIDAD, NOMBRE, NOMBRE1, APELLIDO, APELLIDO1, FECHA_NAC, GENERO, FOTO) VALUES
                  ('00944', 'Jack', 'Michelle', 'Adams', 'Hopkins', TO_DATE('1987-06-25','YYYY-MM-DD'), 'm', NULL);
INSERT INTO EX.HISTORICO_RESIDENCIA(FECHA_INICIO, ID_LUGAR, ID_PERSONA, FECHA_FIN) VALUES
                  (TO_DATE('2017-05-07','YYYY-MM-DD'), 19, '00944', NULL);
INSERT INTO EX.FICHA_MEDICA(ID, ID_PERSONA, ID_CENTRO_SALUD, ID_LUGAR, ESTADO, FECHA_INFECCION, FECHA_RECUPERACION) VALUES
                                             (944, '00944', 4, 19, 'desconido', NULL, NULL);
INSERT INTO EX.PERSONA(DOC_IDENTIDAD, NOMBRE, NOMBRE1, APELLIDO, APELLIDO1, FECHA_NAC, GENERO, FOTO) VALUES
                  ('00945', 'Earl', 'Michele', 'Lee', 'Reid', TO_DATE('2012-11-05','YYYY-MM-DD'), 'f', NULL);
INSERT INTO EX.HISTORICO_RESIDENCIA(FECHA_INICIO, ID_LUGAR, ID_PERSONA, FECHA_FIN) VALUES
                  (TO_DATE('2013-10-25','YYYY-MM-DD'), 19, '00945', NULL);
INSERT INTO EX.FICHA_MEDICA(ID, ID_PERSONA, ID_CENTRO_SALUD, ID_LUGAR, ESTADO, FECHA_INFECCION, FECHA_RECUPERACION) VALUES
                                             (945, '00945', 4, 19, 'desconido', NULL, NULL);
INSERT INTO EX.SINTOMAS(FECHA_INICIO, ID_SINTOMA, ID_PERSONA, ID_FICHA_MEDICA) VALUES
                            (TO_DATE('2020-05-18','YYYY-MM-DD'), 1, '00945', 945);
INSERT INTO EX.SINTOMAS(FECHA_INICIO, ID_SINTOMA, ID_PERSONA, ID_FICHA_MEDICA) VALUES
                            (TO_DATE('2020-02-06','YYYY-MM-DD'), 2, '00945', 945);
INSERT INTO EX.SINTOMAS(FECHA_INICIO, ID_SINTOMA, ID_PERSONA, ID_FICHA_MEDICA) VALUES
                            (TO_DATE('2020-02-12','YYYY-MM-DD'), 3, '00945', 945);
INSERT INTO EX.SINTOMAS(FECHA_INICIO, ID_SINTOMA, ID_PERSONA, ID_FICHA_MEDICA) VALUES
                            (TO_DATE('2020-01-09','YYYY-MM-DD'), 4, '00945', 945);
INSERT INTO EX.SINTOMAS(FECHA_INICIO, ID_SINTOMA, ID_PERSONA, ID_FICHA_MEDICA) VALUES
                            (TO_DATE('2020-05-29','YYYY-MM-DD'), 5, '00945', 945);
INSERT INTO EX.SINTOMAS(FECHA_INICIO, ID_SINTOMA, ID_PERSONA, ID_FICHA_MEDICA) VALUES
                            (TO_DATE('2020-05-14','YYYY-MM-DD'), 6, '00945', 945);
INSERT INTO EX.SINTOMAS(FECHA_INICIO, ID_SINTOMA, ID_PERSONA, ID_FICHA_MEDICA) VALUES
                            (TO_DATE('2020-05-03','YYYY-MM-DD'), 7, '00945', 945);
INSERT INTO EX.SINTOMAS(FECHA_INICIO, ID_SINTOMA, ID_PERSONA, ID_FICHA_MEDICA) VALUES
                            (TO_DATE('2020-02-02','YYYY-MM-DD'), 8, '00945', 945);
INSERT INTO EX.PERSONA(DOC_IDENTIDAD, NOMBRE, NOMBRE1, APELLIDO, APELLIDO1, FECHA_NAC, GENERO, FOTO) VALUES
                  ('00946', 'Daniel', 'Kelly', 'Cohen', 'Lopez', TO_DATE('2012-02-28','YYYY-MM-DD'), 'm', NULL);
INSERT INTO EX.HISTORICO_RESIDENCIA(FECHA_INICIO, ID_LUGAR, ID_PERSONA, FECHA_FIN) VALUES
                  (TO_DATE('1999-03-10','YYYY-MM-DD'), 25, '00946', NULL);
INSERT INTO EX.FICHA_MEDICA(ID, ID_PERSONA, ID_CENTRO_SALUD, ID_LUGAR, ESTADO, FECHA_INFECCION, FECHA_RECUPERACION) VALUES
                                             (946, '00946', 10, 25, 'desconido', NULL, NULL);
INSERT INTO EX.SINTOMAS(FECHA_INICIO, ID_SINTOMA, ID_PERSONA, ID_FICHA_MEDICA) VALUES
                            (TO_DATE('2020-06-17','YYYY-MM-DD'), 1, '00946', 946);
INSERT INTO EX.SINTOMAS(FECHA_INICIO, ID_SINTOMA, ID_PERSONA, ID_FICHA_MEDICA) VALUES
                            (TO_DATE('2020-02-12','YYYY-MM-DD'), 2, '00946', 946);
INSERT INTO EX.SINTOMAS(FECHA_INICIO, ID_SINTOMA, ID_PERSONA, ID_FICHA_MEDICA) VALUES
                            (TO_DATE('2020-06-22','YYYY-MM-DD'), 3, '00946', 946);
INSERT INTO EX.SINTOMAS(FECHA_INICIO, ID_SINTOMA, ID_PERSONA, ID_FICHA_MEDICA) VALUES
                            (TO_DATE('2020-05-05','YYYY-MM-DD'), 4, '00946', 946);
INSERT INTO EX.SINTOMAS(FECHA_INICIO, ID_SINTOMA, ID_PERSONA, ID_FICHA_MEDICA) VALUES
                            (TO_DATE('2020-04-17','YYYY-MM-DD'), 5, '00946', 946);
INSERT INTO EX.SINTOMAS(FECHA_INICIO, ID_SINTOMA, ID_PERSONA, ID_FICHA_MEDICA) VALUES
                            (TO_DATE('2020-05-31','YYYY-MM-DD'), 6, '00946', 946);
INSERT INTO EX.SINTOMAS(FECHA_INICIO, ID_SINTOMA, ID_PERSONA, ID_FICHA_MEDICA) VALUES
                            (TO_DATE('2020-03-25','YYYY-MM-DD'), 7, '00946', 946);
INSERT INTO EX.SINTOMAS(FECHA_INICIO, ID_SINTOMA, ID_PERSONA, ID_FICHA_MEDICA) VALUES
                            (TO_DATE('2020-02-12','YYYY-MM-DD'), 8, '00946', 946);
INSERT INTO EX.PERSONA(DOC_IDENTIDAD, NOMBRE, NOMBRE1, APELLIDO, APELLIDO1, FECHA_NAC, GENERO, FOTO) VALUES
                  ('00947', 'Clinton', 'Thomas', 'Hill', 'Frazier', TO_DATE('1970-12-12','YYYY-MM-DD'), 'f', NULL);
INSERT INTO EX.HISTORICO_RESIDENCIA(FECHA_INICIO, ID_LUGAR, ID_PERSONA, FECHA_FIN) VALUES
                  (TO_DATE('1985-04-05','YYYY-MM-DD'), 18, '00947', NULL);
INSERT INTO EX.FICHA_MEDICA(ID, ID_PERSONA, ID_CENTRO_SALUD, ID_LUGAR, ESTADO, FECHA_INFECCION, FECHA_RECUPERACION) VALUES
                                             (947, '00947', 3, 18, 'desconido', NULL, NULL);
INSERT INTO EX.PERSONA(DOC_IDENTIDAD, NOMBRE, NOMBRE1, APELLIDO, APELLIDO1, FECHA_NAC, GENERO, FOTO) VALUES
                  ('00948', 'Victoria', 'Carrie', 'Kelley', 'Edwards', TO_DATE('2002-06-02','YYYY-MM-DD'), 'm', NULL);
INSERT INTO EX.HISTORICO_RESIDENCIA(FECHA_INICIO, ID_LUGAR, ID_PERSONA, FECHA_FIN) VALUES
                  (TO_DATE('2003-04-06','YYYY-MM-DD'), 22, '00948', NULL);
INSERT INTO EX.FICHA_MEDICA(ID, ID_PERSONA, ID_CENTRO_SALUD, ID_LUGAR, ESTADO, FECHA_INFECCION, FECHA_RECUPERACION) VALUES
                                             (948, '00948', 7, 22, 'desconido', NULL, NULL);
INSERT INTO EX.PERSONA(DOC_IDENTIDAD, NOMBRE, NOMBRE1, APELLIDO, APELLIDO1, FECHA_NAC, GENERO, FOTO) VALUES
                  ('00949', 'Theresa', 'Juan', 'Stone', 'Frazier', TO_DATE('1996-11-23','YYYY-MM-DD'), 'f', NULL);
INSERT INTO EX.HISTORICO_RESIDENCIA(FECHA_INICIO, ID_LUGAR, ID_PERSONA, FECHA_FIN) VALUES
                  (TO_DATE('2018-05-23','YYYY-MM-DD'), 33, '00949', NULL);
INSERT INTO EX.FICHA_MEDICA(ID, ID_PERSONA, ID_CENTRO_SALUD, ID_LUGAR, ESTADO, FECHA_INFECCION, FECHA_RECUPERACION) VALUES
                                             (949, '00949', 18, 33, 'desconido', NULL, NULL);
INSERT INTO EX.PADECIMIENTOS(ID_PATOLOGIA, ID_PERSONA, ID_FICHA_MEDICA) VALUES
                            (1, '00949', 949);
INSERT INTO EX.PADECIMIENTOS(ID_PATOLOGIA, ID_PERSONA, ID_FICHA_MEDICA) VALUES
                            (2, '00949', 949);
INSERT INTO EX.PADECIMIENTOS(ID_PATOLOGIA, ID_PERSONA, ID_FICHA_MEDICA) VALUES
                            (3, '00949', 949);
INSERT INTO EX.PADECIMIENTOS(ID_PATOLOGIA, ID_PERSONA, ID_FICHA_MEDICA) VALUES
                            (4, '00949', 949);
INSERT INTO EX.PADECIMIENTOS(ID_PATOLOGIA, ID_PERSONA, ID_FICHA_MEDICA) VALUES
                            (5, '00949', 949);
INSERT INTO EX.PADECIMIENTOS(ID_PATOLOGIA, ID_PERSONA, ID_FICHA_MEDICA) VALUES
                            (6, '00949', 949);
INSERT INTO EX.PADECIMIENTOS(ID_PATOLOGIA, ID_PERSONA, ID_FICHA_MEDICA) VALUES
                            (7, '00949', 949);
INSERT INTO EX.PADECIMIENTOS(ID_PATOLOGIA, ID_PERSONA, ID_FICHA_MEDICA) VALUES
                            (8, '00949', 949);
INSERT INTO EX.PERSONA(DOC_IDENTIDAD, NOMBRE, NOMBRE1, APELLIDO, APELLIDO1, FECHA_NAC, GENERO, FOTO) VALUES
                  ('00950', 'Sarah', 'John', 'Ramirez', 'Schroeder', TO_DATE('2018-12-27','YYYY-MM-DD'), 'm', NULL);
INSERT INTO EX.HISTORICO_RESIDENCIA(FECHA_INICIO, ID_LUGAR, ID_PERSONA, FECHA_FIN) VALUES
                  (TO_DATE('1989-06-08','YYYY-MM-DD'), 43, '00950', NULL);
INSERT INTO EX.FICHA_MEDICA(ID, ID_PERSONA, ID_CENTRO_SALUD, ID_LUGAR, ESTADO, FECHA_INFECCION, FECHA_RECUPERACION) VALUES
                                             (950, '00950', 28, 43, 'desconido', NULL, NULL);
INSERT INTO EX.SINTOMAS(FECHA_INICIO, ID_SINTOMA, ID_PERSONA, ID_FICHA_MEDICA) VALUES
                            (TO_DATE('2020-03-20','YYYY-MM-DD'), 1, '00950', 950);
INSERT INTO EX.SINTOMAS(FECHA_INICIO, ID_SINTOMA, ID_PERSONA, ID_FICHA_MEDICA) VALUES
                            (TO_DATE('2020-06-02','YYYY-MM-DD'), 2, '00950', 950);
INSERT INTO EX.SINTOMAS(FECHA_INICIO, ID_SINTOMA, ID_PERSONA, ID_FICHA_MEDICA) VALUES
                            (TO_DATE('2020-02-23','YYYY-MM-DD'), 3, '00950', 950);
INSERT INTO EX.SINTOMAS(FECHA_INICIO, ID_SINTOMA, ID_PERSONA, ID_FICHA_MEDICA) VALUES
                            (TO_DATE('2020-02-22','YYYY-MM-DD'), 4, '00950', 950);
INSERT INTO EX.SINTOMAS(FECHA_INICIO, ID_SINTOMA, ID_PERSONA, ID_FICHA_MEDICA) VALUES
                            (TO_DATE('2020-06-03','YYYY-MM-DD'), 5, '00950', 950);
INSERT INTO EX.SINTOMAS(FECHA_INICIO, ID_SINTOMA, ID_PERSONA, ID_FICHA_MEDICA) VALUES
                            (TO_DATE('2020-05-25','YYYY-MM-DD'), 6, '00950', 950);
INSERT INTO EX.SINTOMAS(FECHA_INICIO, ID_SINTOMA, ID_PERSONA, ID_FICHA_MEDICA) VALUES
                            (TO_DATE('2020-01-27','YYYY-MM-DD'), 7, '00950', 950);
INSERT INTO EX.SINTOMAS(FECHA_INICIO, ID_SINTOMA, ID_PERSONA, ID_FICHA_MEDICA) VALUES
                            (TO_DATE('2020-01-26','YYYY-MM-DD'), 8, '00950', 950);
INSERT INTO EX.SINTOMAS(FECHA_INICIO, ID_SINTOMA, ID_PERSONA, ID_FICHA_MEDICA) VALUES
                            (TO_DATE('2020-05-23','YYYY-MM-DD'), 9, '00950', 950);
INSERT INTO EX.SINTOMAS(FECHA_INICIO, ID_SINTOMA, ID_PERSONA, ID_FICHA_MEDICA) VALUES
                            (TO_DATE('2020-04-19','YYYY-MM-DD'), 10, '00950', 950);
INSERT INTO EX.SINTOMAS(FECHA_INICIO, ID_SINTOMA, ID_PERSONA, ID_FICHA_MEDICA) VALUES
                            (TO_DATE('2020-06-17','YYYY-MM-DD'), 11, '00950', 950);
INSERT INTO EX.PERSONA(DOC_IDENTIDAD, NOMBRE, NOMBRE1, APELLIDO, APELLIDO1, FECHA_NAC, GENERO, FOTO) VALUES
                  ('00951', 'Anthony', 'Dawn', 'Johnson', 'Smith', TO_DATE('1990-04-06','YYYY-MM-DD'), 'f', NULL);
INSERT INTO EX.HISTORICO_RESIDENCIA(FECHA_INICIO, ID_LUGAR, ID_PERSONA, FECHA_FIN) VALUES
                  (TO_DATE('1989-07-04','YYYY-MM-DD'), 43, '00951', NULL);
INSERT INTO EX.FICHA_MEDICA(ID, ID_PERSONA, ID_CENTRO_SALUD, ID_LUGAR, ESTADO, FECHA_INFECCION, FECHA_RECUPERACION) VALUES
                                             (951, '00951', 28, 43, 'desconido', NULL, NULL);
INSERT INTO EX.PADECIMIENTOS(ID_PATOLOGIA, ID_PERSONA, ID_FICHA_MEDICA) VALUES
                            (1, '00951', 951);
INSERT INTO EX.PADECIMIENTOS(ID_PATOLOGIA, ID_PERSONA, ID_FICHA_MEDICA) VALUES
                            (2, '00951', 951);
INSERT INTO EX.PADECIMIENTOS(ID_PATOLOGIA, ID_PERSONA, ID_FICHA_MEDICA) VALUES
                            (3, '00951', 951);
INSERT INTO EX.PADECIMIENTOS(ID_PATOLOGIA, ID_PERSONA, ID_FICHA_MEDICA) VALUES
                            (4, '00951', 951);
INSERT INTO EX.PERSONA(DOC_IDENTIDAD, NOMBRE, NOMBRE1, APELLIDO, APELLIDO1, FECHA_NAC, GENERO, FOTO) VALUES
                  ('00952', 'Catherine', 'James', 'Bell', 'Oliver', TO_DATE('1970-03-23','YYYY-MM-DD'), 'm', NULL);
INSERT INTO EX.HISTORICO_RESIDENCIA(FECHA_INICIO, ID_LUGAR, ID_PERSONA, FECHA_FIN) VALUES
                  (TO_DATE('2008-01-06','YYYY-MM-DD'), 30, '00952', NULL);
INSERT INTO EX.FICHA_MEDICA(ID, ID_PERSONA, ID_CENTRO_SALUD, ID_LUGAR, ESTADO, FECHA_INFECCION, FECHA_RECUPERACION) VALUES
                                             (952, '00952', 15, 30, 'desconido', NULL, NULL);
INSERT INTO EX.PERSONA(DOC_IDENTIDAD, NOMBRE, NOMBRE1, APELLIDO, APELLIDO1, FECHA_NAC, GENERO, FOTO) VALUES
                  ('00953', 'Debbie', 'Tara', 'Garner', 'Clark', TO_DATE('1971-05-24','YYYY-MM-DD'), 'f', NULL);
INSERT INTO EX.HISTORICO_RESIDENCIA(FECHA_INICIO, ID_LUGAR, ID_PERSONA, FECHA_FIN) VALUES
                  (TO_DATE('2012-01-04','YYYY-MM-DD'), 29, '00953', NULL);
INSERT INTO EX.FICHA_MEDICA(ID, ID_PERSONA, ID_CENTRO_SALUD, ID_LUGAR, ESTADO, FECHA_INFECCION, FECHA_RECUPERACION) VALUES
                                             (953, '00953', 14, 29, 'desconido', NULL, NULL);
INSERT INTO EX.SINTOMAS(FECHA_INICIO, ID_SINTOMA, ID_PERSONA, ID_FICHA_MEDICA) VALUES
                            (TO_DATE('2020-04-26','YYYY-MM-DD'), 1, '00953', 953);
INSERT INTO EX.SINTOMAS(FECHA_INICIO, ID_SINTOMA, ID_PERSONA, ID_FICHA_MEDICA) VALUES
                            (TO_DATE('2020-04-22','YYYY-MM-DD'), 2, '00953', 953);
INSERT INTO EX.SINTOMAS(FECHA_INICIO, ID_SINTOMA, ID_PERSONA, ID_FICHA_MEDICA) VALUES
                            (TO_DATE('2020-01-27','YYYY-MM-DD'), 3, '00953', 953);
INSERT INTO EX.SINTOMAS(FECHA_INICIO, ID_SINTOMA, ID_PERSONA, ID_FICHA_MEDICA) VALUES
                            (TO_DATE('2020-02-19','YYYY-MM-DD'), 4, '00953', 953);
INSERT INTO EX.SINTOMAS(FECHA_INICIO, ID_SINTOMA, ID_PERSONA, ID_FICHA_MEDICA) VALUES
                            (TO_DATE('2020-01-06','YYYY-MM-DD'), 5, '00953', 953);
INSERT INTO EX.SINTOMAS(FECHA_INICIO, ID_SINTOMA, ID_PERSONA, ID_FICHA_MEDICA) VALUES
                            (TO_DATE('2020-02-09','YYYY-MM-DD'), 6, '00953', 953);
INSERT INTO EX.SINTOMAS(FECHA_INICIO, ID_SINTOMA, ID_PERSONA, ID_FICHA_MEDICA) VALUES
                            (TO_DATE('2020-02-12','YYYY-MM-DD'), 7, '00953', 953);
INSERT INTO EX.SINTOMAS(FECHA_INICIO, ID_SINTOMA, ID_PERSONA, ID_FICHA_MEDICA) VALUES
                            (TO_DATE('2020-06-20','YYYY-MM-DD'), 8, '00953', 953);
INSERT INTO EX.SINTOMAS(FECHA_INICIO, ID_SINTOMA, ID_PERSONA, ID_FICHA_MEDICA) VALUES
                            (TO_DATE('2020-03-12','YYYY-MM-DD'), 9, '00953', 953);
INSERT INTO EX.SINTOMAS(FECHA_INICIO, ID_SINTOMA, ID_PERSONA, ID_FICHA_MEDICA) VALUES
                            (TO_DATE('2020-01-05','YYYY-MM-DD'), 10, '00953', 953);
INSERT INTO EX.SINTOMAS(FECHA_INICIO, ID_SINTOMA, ID_PERSONA, ID_FICHA_MEDICA) VALUES
                            (TO_DATE('2020-04-03','YYYY-MM-DD'), 11, '00953', 953);
INSERT INTO EX.SINTOMAS(FECHA_INICIO, ID_SINTOMA, ID_PERSONA, ID_FICHA_MEDICA) VALUES
                            (TO_DATE('2020-01-07','YYYY-MM-DD'), 12, '00953', 953);
INSERT INTO EX.SINTOMAS(FECHA_INICIO, ID_SINTOMA, ID_PERSONA, ID_FICHA_MEDICA) VALUES
                            (TO_DATE('2020-01-25','YYYY-MM-DD'), 13, '00953', 953);
INSERT INTO EX.SINTOMAS(FECHA_INICIO, ID_SINTOMA, ID_PERSONA, ID_FICHA_MEDICA) VALUES
                            (TO_DATE('2020-06-29','YYYY-MM-DD'), 14, '00953', 953);
INSERT INTO EX.PERSONA(DOC_IDENTIDAD, NOMBRE, NOMBRE1, APELLIDO, APELLIDO1, FECHA_NAC, GENERO, FOTO) VALUES
                  ('00954', 'Scott', 'Lisa', 'Hanna', 'Cardenas', TO_DATE('1986-09-16','YYYY-MM-DD'), 'm', NULL);
INSERT INTO EX.HISTORICO_RESIDENCIA(FECHA_INICIO, ID_LUGAR, ID_PERSONA, FECHA_FIN) VALUES
                  (TO_DATE('1995-08-05','YYYY-MM-DD'), 45, '00954', NULL);
INSERT INTO EX.FICHA_MEDICA(ID, ID_PERSONA, ID_CENTRO_SALUD, ID_LUGAR, ESTADO, FECHA_INFECCION, FECHA_RECUPERACION) VALUES
                                             (954, '00954', 30, 45, 'desconido', NULL, NULL);
INSERT INTO EX.PERSONA(DOC_IDENTIDAD, NOMBRE, NOMBRE1, APELLIDO, APELLIDO1, FECHA_NAC, GENERO, FOTO) VALUES
                  ('00955', 'Kelly', 'Gerald', 'Baxter', 'Romero', TO_DATE('1987-12-11','YYYY-MM-DD'), 'f', NULL);
INSERT INTO EX.HISTORICO_RESIDENCIA(FECHA_INICIO, ID_LUGAR, ID_PERSONA, FECHA_FIN) VALUES
                  (TO_DATE('2000-06-24','YYYY-MM-DD'), 26, '00955', NULL);
INSERT INTO EX.FICHA_MEDICA(ID, ID_PERSONA, ID_CENTRO_SALUD, ID_LUGAR, ESTADO, FECHA_INFECCION, FECHA_RECUPERACION) VALUES
                                             (955, '00955', 11, 26, 'desconido', NULL, NULL);
INSERT INTO EX.SINTOMAS(FECHA_INICIO, ID_SINTOMA, ID_PERSONA, ID_FICHA_MEDICA) VALUES
                            (TO_DATE('2020-03-30','YYYY-MM-DD'), 1, '00955', 955);
INSERT INTO EX.SINTOMAS(FECHA_INICIO, ID_SINTOMA, ID_PERSONA, ID_FICHA_MEDICA) VALUES
                            (TO_DATE('2020-05-19','YYYY-MM-DD'), 2, '00955', 955);
INSERT INTO EX.SINTOMAS(FECHA_INICIO, ID_SINTOMA, ID_PERSONA, ID_FICHA_MEDICA) VALUES
                            (TO_DATE('2020-01-03','YYYY-MM-DD'), 3, '00955', 955);
INSERT INTO EX.SINTOMAS(FECHA_INICIO, ID_SINTOMA, ID_PERSONA, ID_FICHA_MEDICA) VALUES
                            (TO_DATE('2020-04-10','YYYY-MM-DD'), 4, '00955', 955);
INSERT INTO EX.SINTOMAS(FECHA_INICIO, ID_SINTOMA, ID_PERSONA, ID_FICHA_MEDICA) VALUES
                            (TO_DATE('2020-06-29','YYYY-MM-DD'), 5, '00955', 955);
INSERT INTO EX.SINTOMAS(FECHA_INICIO, ID_SINTOMA, ID_PERSONA, ID_FICHA_MEDICA) VALUES
                            (TO_DATE('2020-02-18','YYYY-MM-DD'), 6, '00955', 955);
INSERT INTO EX.SINTOMAS(FECHA_INICIO, ID_SINTOMA, ID_PERSONA, ID_FICHA_MEDICA) VALUES
                            (TO_DATE('2020-02-25','YYYY-MM-DD'), 7, '00955', 955);
INSERT INTO EX.SINTOMAS(FECHA_INICIO, ID_SINTOMA, ID_PERSONA, ID_FICHA_MEDICA) VALUES
                            (TO_DATE('2020-05-24','YYYY-MM-DD'), 8, '00955', 955);
INSERT INTO EX.SINTOMAS(FECHA_INICIO, ID_SINTOMA, ID_PERSONA, ID_FICHA_MEDICA) VALUES
                            (TO_DATE('2020-03-22','YYYY-MM-DD'), 9, '00955', 955);
INSERT INTO EX.SINTOMAS(FECHA_INICIO, ID_SINTOMA, ID_PERSONA, ID_FICHA_MEDICA) VALUES
                            (TO_DATE('2020-05-20','YYYY-MM-DD'), 10, '00955', 955);
INSERT INTO EX.SINTOMAS(FECHA_INICIO, ID_SINTOMA, ID_PERSONA, ID_FICHA_MEDICA) VALUES
                            (TO_DATE('2020-03-29','YYYY-MM-DD'), 11, '00955', 955);
INSERT INTO EX.SINTOMAS(FECHA_INICIO, ID_SINTOMA, ID_PERSONA, ID_FICHA_MEDICA) VALUES
                            (TO_DATE('2020-01-01','YYYY-MM-DD'), 12, '00955', 955);
INSERT INTO EX.SINTOMAS(FECHA_INICIO, ID_SINTOMA, ID_PERSONA, ID_FICHA_MEDICA) VALUES
                            (TO_DATE('2020-03-18','YYYY-MM-DD'), 13, '00955', 955);
INSERT INTO EX.SINTOMAS(FECHA_INICIO, ID_SINTOMA, ID_PERSONA, ID_FICHA_MEDICA) VALUES
                            (TO_DATE('2020-05-10','YYYY-MM-DD'), 14, '00955', 955);
INSERT INTO EX.SINTOMAS(FECHA_INICIO, ID_SINTOMA, ID_PERSONA, ID_FICHA_MEDICA) VALUES
                            (TO_DATE('2020-03-09','YYYY-MM-DD'), 15, '00955', 955);
INSERT INTO EX.SINTOMAS(FECHA_INICIO, ID_SINTOMA, ID_PERSONA, ID_FICHA_MEDICA) VALUES
                            (TO_DATE('2020-03-22','YYYY-MM-DD'), 16, '00955', 955);
INSERT INTO EX.SINTOMAS(FECHA_INICIO, ID_SINTOMA, ID_PERSONA, ID_FICHA_MEDICA) VALUES
                            (TO_DATE('2020-03-19','YYYY-MM-DD'), 17, '00955', 955);
INSERT INTO EX.SINTOMAS(FECHA_INICIO, ID_SINTOMA, ID_PERSONA, ID_FICHA_MEDICA) VALUES
                            (TO_DATE('2020-06-20','YYYY-MM-DD'), 18, '00955', 955);
INSERT INTO EX.PERSONA(DOC_IDENTIDAD, NOMBRE, NOMBRE1, APELLIDO, APELLIDO1, FECHA_NAC, GENERO, FOTO) VALUES
                  ('00956', 'Ryan', 'Charles', 'Morales', 'Solis', TO_DATE('2005-07-07','YYYY-MM-DD'), 'm', NULL);
INSERT INTO EX.HISTORICO_RESIDENCIA(FECHA_INICIO, ID_LUGAR, ID_PERSONA, FECHA_FIN) VALUES
                  (TO_DATE('1986-12-05','YYYY-MM-DD'), 38, '00956', NULL);
INSERT INTO EX.FICHA_MEDICA(ID, ID_PERSONA, ID_CENTRO_SALUD, ID_LUGAR, ESTADO, FECHA_INFECCION, FECHA_RECUPERACION) VALUES
                                             (956, '00956', 23, 38, 'desconido', NULL, NULL);
INSERT INTO EX.PADECIMIENTOS(ID_PATOLOGIA, ID_PERSONA, ID_FICHA_MEDICA) VALUES
                            (1, '00956', 956);
INSERT INTO EX.PADECIMIENTOS(ID_PATOLOGIA, ID_PERSONA, ID_FICHA_MEDICA) VALUES
                            (2, '00956', 956);
INSERT INTO EX.PADECIMIENTOS(ID_PATOLOGIA, ID_PERSONA, ID_FICHA_MEDICA) VALUES
                            (3, '00956', 956);
INSERT INTO EX.PADECIMIENTOS(ID_PATOLOGIA, ID_PERSONA, ID_FICHA_MEDICA) VALUES
                            (4, '00956', 956);
INSERT INTO EX.PADECIMIENTOS(ID_PATOLOGIA, ID_PERSONA, ID_FICHA_MEDICA) VALUES
                            (5, '00956', 956);
INSERT INTO EX.PADECIMIENTOS(ID_PATOLOGIA, ID_PERSONA, ID_FICHA_MEDICA) VALUES
                            (6, '00956', 956);
INSERT INTO EX.PADECIMIENTOS(ID_PATOLOGIA, ID_PERSONA, ID_FICHA_MEDICA) VALUES
                            (7, '00956', 956);
INSERT INTO EX.PADECIMIENTOS(ID_PATOLOGIA, ID_PERSONA, ID_FICHA_MEDICA) VALUES
                            (8, '00956', 956);
INSERT INTO EX.PADECIMIENTOS(ID_PATOLOGIA, ID_PERSONA, ID_FICHA_MEDICA) VALUES
                            (9, '00956', 956);
INSERT INTO EX.PADECIMIENTOS(ID_PATOLOGIA, ID_PERSONA, ID_FICHA_MEDICA) VALUES
                            (10, '00956', 956);
INSERT INTO EX.PADECIMIENTOS(ID_PATOLOGIA, ID_PERSONA, ID_FICHA_MEDICA) VALUES
                            (11, '00956', 956);
INSERT INTO EX.PADECIMIENTOS(ID_PATOLOGIA, ID_PERSONA, ID_FICHA_MEDICA) VALUES
                            (12, '00956', 956);
INSERT INTO EX.PADECIMIENTOS(ID_PATOLOGIA, ID_PERSONA, ID_FICHA_MEDICA) VALUES
                            (13, '00956', 956);
INSERT INTO EX.PADECIMIENTOS(ID_PATOLOGIA, ID_PERSONA, ID_FICHA_MEDICA) VALUES
                            (14, '00956', 956);
INSERT INTO EX.PADECIMIENTOS(ID_PATOLOGIA, ID_PERSONA, ID_FICHA_MEDICA) VALUES
                            (15, '00956', 956);
INSERT INTO EX.PERSONA(DOC_IDENTIDAD, NOMBRE, NOMBRE1, APELLIDO, APELLIDO1, FECHA_NAC, GENERO, FOTO) VALUES
                  ('00957', 'Michael', 'Martin', 'Park', 'Thompson', TO_DATE('2013-11-27','YYYY-MM-DD'), 'f', NULL);
INSERT INTO EX.HISTORICO_RESIDENCIA(FECHA_INICIO, ID_LUGAR, ID_PERSONA, FECHA_FIN) VALUES
                  (TO_DATE('2019-03-18','YYYY-MM-DD'), 35, '00957', NULL);
INSERT INTO EX.FICHA_MEDICA(ID, ID_PERSONA, ID_CENTRO_SALUD, ID_LUGAR, ESTADO, FECHA_INFECCION, FECHA_RECUPERACION) VALUES
                                             (957, '00957', 20, 35, 'desconido', NULL, NULL);
INSERT INTO EX.PADECIMIENTOS(ID_PATOLOGIA, ID_PERSONA, ID_FICHA_MEDICA) VALUES
                            (1, '00957', 957);
INSERT INTO EX.PADECIMIENTOS(ID_PATOLOGIA, ID_PERSONA, ID_FICHA_MEDICA) VALUES
                            (2, '00957', 957);
INSERT INTO EX.SINTOMAS(FECHA_INICIO, ID_SINTOMA, ID_PERSONA, ID_FICHA_MEDICA) VALUES
                            (TO_DATE('2020-06-10','YYYY-MM-DD'), 1, '00957', 957);
INSERT INTO EX.SINTOMAS(FECHA_INICIO, ID_SINTOMA, ID_PERSONA, ID_FICHA_MEDICA) VALUES
                            (TO_DATE('2020-04-21','YYYY-MM-DD'), 2, '00957', 957);
INSERT INTO EX.SINTOMAS(FECHA_INICIO, ID_SINTOMA, ID_PERSONA, ID_FICHA_MEDICA) VALUES
                            (TO_DATE('2020-05-03','YYYY-MM-DD'), 3, '00957', 957);
INSERT INTO EX.PERSONA(DOC_IDENTIDAD, NOMBRE, NOMBRE1, APELLIDO, APELLIDO1, FECHA_NAC, GENERO, FOTO) VALUES
                  ('00958', 'Zachary', 'Victoria', 'Gomez', 'Williams', TO_DATE('1970-11-06','YYYY-MM-DD'), 'm', NULL);
INSERT INTO EX.HISTORICO_RESIDENCIA(FECHA_INICIO, ID_LUGAR, ID_PERSONA, FECHA_FIN) VALUES
                  (TO_DATE('1993-07-25','YYYY-MM-DD'), 22, '00958', NULL);
INSERT INTO EX.FICHA_MEDICA(ID, ID_PERSONA, ID_CENTRO_SALUD, ID_LUGAR, ESTADO, FECHA_INFECCION, FECHA_RECUPERACION) VALUES
                                             (958, '00958', 7, 22, 'desconido', NULL, NULL);
INSERT INTO EX.PERSONA(DOC_IDENTIDAD, NOMBRE, NOMBRE1, APELLIDO, APELLIDO1, FECHA_NAC, GENERO, FOTO) VALUES
                  ('00959', 'Lisa', 'Jessica', 'Mendoza', 'Beck', TO_DATE('2015-08-21','YYYY-MM-DD'), 'f', NULL);
INSERT INTO EX.HISTORICO_RESIDENCIA(FECHA_INICIO, ID_LUGAR, ID_PERSONA, FECHA_FIN) VALUES
                  (TO_DATE('1978-04-04','YYYY-MM-DD'), 35, '00959', NULL);
INSERT INTO EX.FICHA_MEDICA(ID, ID_PERSONA, ID_CENTRO_SALUD, ID_LUGAR, ESTADO, FECHA_INFECCION, FECHA_RECUPERACION) VALUES
                                             (959, '00959', 20, 35, 'desconido', NULL, NULL);
INSERT INTO EX.PADECIMIENTOS(ID_PATOLOGIA, ID_PERSONA, ID_FICHA_MEDICA) VALUES
                            (1, '00959', 959);
INSERT INTO EX.PADECIMIENTOS(ID_PATOLOGIA, ID_PERSONA, ID_FICHA_MEDICA) VALUES
                            (2, '00959', 959);
INSERT INTO EX.PADECIMIENTOS(ID_PATOLOGIA, ID_PERSONA, ID_FICHA_MEDICA) VALUES
                            (3, '00959', 959);
INSERT INTO EX.PADECIMIENTOS(ID_PATOLOGIA, ID_PERSONA, ID_FICHA_MEDICA) VALUES
                            (4, '00959', 959);
INSERT INTO EX.PADECIMIENTOS(ID_PATOLOGIA, ID_PERSONA, ID_FICHA_MEDICA) VALUES
                            (5, '00959', 959);
INSERT INTO EX.PADECIMIENTOS(ID_PATOLOGIA, ID_PERSONA, ID_FICHA_MEDICA) VALUES
                            (6, '00959', 959);
INSERT INTO EX.PADECIMIENTOS(ID_PATOLOGIA, ID_PERSONA, ID_FICHA_MEDICA) VALUES
                            (7, '00959', 959);
INSERT INTO EX.PADECIMIENTOS(ID_PATOLOGIA, ID_PERSONA, ID_FICHA_MEDICA) VALUES
                            (8, '00959', 959);
INSERT INTO EX.PADECIMIENTOS(ID_PATOLOGIA, ID_PERSONA, ID_FICHA_MEDICA) VALUES
                            (9, '00959', 959);
INSERT INTO EX.PADECIMIENTOS(ID_PATOLOGIA, ID_PERSONA, ID_FICHA_MEDICA) VALUES
                            (10, '00959', 959);
INSERT INTO EX.PADECIMIENTOS(ID_PATOLOGIA, ID_PERSONA, ID_FICHA_MEDICA) VALUES
                            (11, '00959', 959);
INSERT INTO EX.SINTOMAS(FECHA_INICIO, ID_SINTOMA, ID_PERSONA, ID_FICHA_MEDICA) VALUES
                            (TO_DATE('2020-05-13','YYYY-MM-DD'), 1, '00959', 959);
INSERT INTO EX.SINTOMAS(FECHA_INICIO, ID_SINTOMA, ID_PERSONA, ID_FICHA_MEDICA) VALUES
                            (TO_DATE('2020-06-05','YYYY-MM-DD'), 2, '00959', 959);
INSERT INTO EX.SINTOMAS(FECHA_INICIO, ID_SINTOMA, ID_PERSONA, ID_FICHA_MEDICA) VALUES
                            (TO_DATE('2020-04-24','YYYY-MM-DD'), 3, '00959', 959);
INSERT INTO EX.SINTOMAS(FECHA_INICIO, ID_SINTOMA, ID_PERSONA, ID_FICHA_MEDICA) VALUES
                            (TO_DATE('2020-06-28','YYYY-MM-DD'), 4, '00959', 959);
INSERT INTO EX.SINTOMAS(FECHA_INICIO, ID_SINTOMA, ID_PERSONA, ID_FICHA_MEDICA) VALUES
                            (TO_DATE('2020-02-21','YYYY-MM-DD'), 5, '00959', 959);
INSERT INTO EX.SINTOMAS(FECHA_INICIO, ID_SINTOMA, ID_PERSONA, ID_FICHA_MEDICA) VALUES
                            (TO_DATE('2020-02-28','YYYY-MM-DD'), 6, '00959', 959);
INSERT INTO EX.SINTOMAS(FECHA_INICIO, ID_SINTOMA, ID_PERSONA, ID_FICHA_MEDICA) VALUES
                            (TO_DATE('2020-02-14','YYYY-MM-DD'), 7, '00959', 959);
INSERT INTO EX.SINTOMAS(FECHA_INICIO, ID_SINTOMA, ID_PERSONA, ID_FICHA_MEDICA) VALUES
                            (TO_DATE('2020-01-11','YYYY-MM-DD'), 8, '00959', 959);
INSERT INTO EX.SINTOMAS(FECHA_INICIO, ID_SINTOMA, ID_PERSONA, ID_FICHA_MEDICA) VALUES
                            (TO_DATE('2020-02-14','YYYY-MM-DD'), 9, '00959', 959);
INSERT INTO EX.SINTOMAS(FECHA_INICIO, ID_SINTOMA, ID_PERSONA, ID_FICHA_MEDICA) VALUES
                            (TO_DATE('2020-06-01','YYYY-MM-DD'), 10, '00959', 959);
INSERT INTO EX.SINTOMAS(FECHA_INICIO, ID_SINTOMA, ID_PERSONA, ID_FICHA_MEDICA) VALUES
                            (TO_DATE('2020-06-02','YYYY-MM-DD'), 11, '00959', 959);
INSERT INTO EX.SINTOMAS(FECHA_INICIO, ID_SINTOMA, ID_PERSONA, ID_FICHA_MEDICA) VALUES
                            (TO_DATE('2020-03-29','YYYY-MM-DD'), 12, '00959', 959);
INSERT INTO EX.SINTOMAS(FECHA_INICIO, ID_SINTOMA, ID_PERSONA, ID_FICHA_MEDICA) VALUES
                            (TO_DATE('2020-05-23','YYYY-MM-DD'), 13, '00959', 959);
INSERT INTO EX.SINTOMAS(FECHA_INICIO, ID_SINTOMA, ID_PERSONA, ID_FICHA_MEDICA) VALUES
                            (TO_DATE('2020-05-19','YYYY-MM-DD'), 14, '00959', 959);
INSERT INTO EX.PERSONA(DOC_IDENTIDAD, NOMBRE, NOMBRE1, APELLIDO, APELLIDO1, FECHA_NAC, GENERO, FOTO) VALUES
                  ('00960', 'Christine', 'Savannah', 'Jackson', 'Carter', TO_DATE('2010-04-05','YYYY-MM-DD'), 'm', NULL);
INSERT INTO EX.HISTORICO_RESIDENCIA(FECHA_INICIO, ID_LUGAR, ID_PERSONA, FECHA_FIN) VALUES
                  (TO_DATE('2016-03-09','YYYY-MM-DD'), 29, '00960', NULL);
INSERT INTO EX.FICHA_MEDICA(ID, ID_PERSONA, ID_CENTRO_SALUD, ID_LUGAR, ESTADO, FECHA_INFECCION, FECHA_RECUPERACION) VALUES
                                             (960, '00960', 14, 29, 'desconido', NULL, NULL);
INSERT INTO EX.PERSONA(DOC_IDENTIDAD, NOMBRE, NOMBRE1, APELLIDO, APELLIDO1, FECHA_NAC, GENERO, FOTO) VALUES
                  ('00961', 'Larry', 'Amanda', 'Collins', 'Rodriguez', TO_DATE('2014-11-11','YYYY-MM-DD'), 'f', NULL);
INSERT INTO EX.HISTORICO_RESIDENCIA(FECHA_INICIO, ID_LUGAR, ID_PERSONA, FECHA_FIN) VALUES
                  (TO_DATE('1994-10-20','YYYY-MM-DD'), 30, '00961', NULL);
INSERT INTO EX.FICHA_MEDICA(ID, ID_PERSONA, ID_CENTRO_SALUD, ID_LUGAR, ESTADO, FECHA_INFECCION, FECHA_RECUPERACION) VALUES
                                             (961, '00961', 15, 30, 'desconido', NULL, NULL);
INSERT INTO EX.SINTOMAS(FECHA_INICIO, ID_SINTOMA, ID_PERSONA, ID_FICHA_MEDICA) VALUES
                            (TO_DATE('2020-01-15','YYYY-MM-DD'), 1, '00961', 961);
INSERT INTO EX.SINTOMAS(FECHA_INICIO, ID_SINTOMA, ID_PERSONA, ID_FICHA_MEDICA) VALUES
                            (TO_DATE('2020-05-11','YYYY-MM-DD'), 2, '00961', 961);
INSERT INTO EX.SINTOMAS(FECHA_INICIO, ID_SINTOMA, ID_PERSONA, ID_FICHA_MEDICA) VALUES
                            (TO_DATE('2020-02-27','YYYY-MM-DD'), 3, '00961', 961);
INSERT INTO EX.SINTOMAS(FECHA_INICIO, ID_SINTOMA, ID_PERSONA, ID_FICHA_MEDICA) VALUES
                            (TO_DATE('2020-04-20','YYYY-MM-DD'), 4, '00961', 961);
INSERT INTO EX.SINTOMAS(FECHA_INICIO, ID_SINTOMA, ID_PERSONA, ID_FICHA_MEDICA) VALUES
                            (TO_DATE('2020-02-09','YYYY-MM-DD'), 5, '00961', 961);
INSERT INTO EX.SINTOMAS(FECHA_INICIO, ID_SINTOMA, ID_PERSONA, ID_FICHA_MEDICA) VALUES
                            (TO_DATE('2020-04-29','YYYY-MM-DD'), 6, '00961', 961);
INSERT INTO EX.SINTOMAS(FECHA_INICIO, ID_SINTOMA, ID_PERSONA, ID_FICHA_MEDICA) VALUES
                            (TO_DATE('2020-02-09','YYYY-MM-DD'), 7, '00961', 961);
INSERT INTO EX.SINTOMAS(FECHA_INICIO, ID_SINTOMA, ID_PERSONA, ID_FICHA_MEDICA) VALUES
                            (TO_DATE('2020-06-25','YYYY-MM-DD'), 8, '00961', 961);
INSERT INTO EX.PERSONA(DOC_IDENTIDAD, NOMBRE, NOMBRE1, APELLIDO, APELLIDO1, FECHA_NAC, GENERO, FOTO) VALUES
                  ('00962', 'Sierra', 'Megan', 'Baker', 'Ortiz', TO_DATE('1973-06-29','YYYY-MM-DD'), 'm', NULL);
INSERT INTO EX.HISTORICO_RESIDENCIA(FECHA_INICIO, ID_LUGAR, ID_PERSONA, FECHA_FIN) VALUES
                  (TO_DATE('2001-05-06','YYYY-MM-DD'), 25, '00962', NULL);
INSERT INTO EX.FICHA_MEDICA(ID, ID_PERSONA, ID_CENTRO_SALUD, ID_LUGAR, ESTADO, FECHA_INFECCION, FECHA_RECUPERACION) VALUES
                                             (962, '00962', 10, 25, 'desconido', NULL, NULL);
INSERT INTO EX.SINTOMAS(FECHA_INICIO, ID_SINTOMA, ID_PERSONA, ID_FICHA_MEDICA) VALUES
                            (TO_DATE('2020-01-03','YYYY-MM-DD'), 1, '00962', 962);
INSERT INTO EX.SINTOMAS(FECHA_INICIO, ID_SINTOMA, ID_PERSONA, ID_FICHA_MEDICA) VALUES
                            (TO_DATE('2020-05-30','YYYY-MM-DD'), 2, '00962', 962);
INSERT INTO EX.SINTOMAS(FECHA_INICIO, ID_SINTOMA, ID_PERSONA, ID_FICHA_MEDICA) VALUES
                            (TO_DATE('2020-02-20','YYYY-MM-DD'), 3, '00962', 962);
INSERT INTO EX.SINTOMAS(FECHA_INICIO, ID_SINTOMA, ID_PERSONA, ID_FICHA_MEDICA) VALUES
                            (TO_DATE('2020-06-14','YYYY-MM-DD'), 4, '00962', 962);
INSERT INTO EX.SINTOMAS(FECHA_INICIO, ID_SINTOMA, ID_PERSONA, ID_FICHA_MEDICA) VALUES
                            (TO_DATE('2020-05-20','YYYY-MM-DD'), 5, '00962', 962);
INSERT INTO EX.SINTOMAS(FECHA_INICIO, ID_SINTOMA, ID_PERSONA, ID_FICHA_MEDICA) VALUES
                            (TO_DATE('2020-03-28','YYYY-MM-DD'), 6, '00962', 962);
INSERT INTO EX.SINTOMAS(FECHA_INICIO, ID_SINTOMA, ID_PERSONA, ID_FICHA_MEDICA) VALUES
                            (TO_DATE('2020-03-19','YYYY-MM-DD'), 7, '00962', 962);
INSERT INTO EX.SINTOMAS(FECHA_INICIO, ID_SINTOMA, ID_PERSONA, ID_FICHA_MEDICA) VALUES
                            (TO_DATE('2020-04-22','YYYY-MM-DD'), 8, '00962', 962);
INSERT INTO EX.PERSONA(DOC_IDENTIDAD, NOMBRE, NOMBRE1, APELLIDO, APELLIDO1, FECHA_NAC, GENERO, FOTO) VALUES
                  ('00963', 'Amanda', 'Diane', 'Gomez', 'Davenport', TO_DATE('1999-11-08','YYYY-MM-DD'), 'f', NULL);
INSERT INTO EX.HISTORICO_RESIDENCIA(FECHA_INICIO, ID_LUGAR, ID_PERSONA, FECHA_FIN) VALUES
                  (TO_DATE('1991-07-23','YYYY-MM-DD'), 44, '00963', NULL);
INSERT INTO EX.FICHA_MEDICA(ID, ID_PERSONA, ID_CENTRO_SALUD, ID_LUGAR, ESTADO, FECHA_INFECCION, FECHA_RECUPERACION) VALUES
                                             (963, '00963', 29, 44, 'desconido', NULL, NULL);
INSERT INTO EX.SINTOMAS(FECHA_INICIO, ID_SINTOMA, ID_PERSONA, ID_FICHA_MEDICA) VALUES
                            (TO_DATE('2020-01-26','YYYY-MM-DD'), 1, '00963', 963);
INSERT INTO EX.SINTOMAS(FECHA_INICIO, ID_SINTOMA, ID_PERSONA, ID_FICHA_MEDICA) VALUES
                            (TO_DATE('2020-05-04','YYYY-MM-DD'), 2, '00963', 963);
INSERT INTO EX.SINTOMAS(FECHA_INICIO, ID_SINTOMA, ID_PERSONA, ID_FICHA_MEDICA) VALUES
                            (TO_DATE('2020-01-05','YYYY-MM-DD'), 3, '00963', 963);
INSERT INTO EX.SINTOMAS(FECHA_INICIO, ID_SINTOMA, ID_PERSONA, ID_FICHA_MEDICA) VALUES
                            (TO_DATE('2020-03-10','YYYY-MM-DD'), 4, '00963', 963);
INSERT INTO EX.SINTOMAS(FECHA_INICIO, ID_SINTOMA, ID_PERSONA, ID_FICHA_MEDICA) VALUES
                            (TO_DATE('2020-02-03','YYYY-MM-DD'), 5, '00963', 963);
INSERT INTO EX.PERSONA(DOC_IDENTIDAD, NOMBRE, NOMBRE1, APELLIDO, APELLIDO1, FECHA_NAC, GENERO, FOTO) VALUES
                  ('00964', 'Robert', 'Kevin', 'Stone', 'Mcneil', TO_DATE('1982-09-14','YYYY-MM-DD'), 'm', NULL);
INSERT INTO EX.HISTORICO_RESIDENCIA(FECHA_INICIO, ID_LUGAR, ID_PERSONA, FECHA_FIN) VALUES
                  (TO_DATE('1988-05-13','YYYY-MM-DD'), 44, '00964', NULL);
INSERT INTO EX.FICHA_MEDICA(ID, ID_PERSONA, ID_CENTRO_SALUD, ID_LUGAR, ESTADO, FECHA_INFECCION, FECHA_RECUPERACION) VALUES
                                             (964, '00964', 29, 44, 'desconido', NULL, NULL);
INSERT INTO EX.SINTOMAS(FECHA_INICIO, ID_SINTOMA, ID_PERSONA, ID_FICHA_MEDICA) VALUES
                            (TO_DATE('2020-04-15','YYYY-MM-DD'), 1, '00964', 964);
INSERT INTO EX.SINTOMAS(FECHA_INICIO, ID_SINTOMA, ID_PERSONA, ID_FICHA_MEDICA) VALUES
                            (TO_DATE('2020-01-26','YYYY-MM-DD'), 2, '00964', 964);
INSERT INTO EX.SINTOMAS(FECHA_INICIO, ID_SINTOMA, ID_PERSONA, ID_FICHA_MEDICA) VALUES
                            (TO_DATE('2020-04-09','YYYY-MM-DD'), 3, '00964', 964);
INSERT INTO EX.SINTOMAS(FECHA_INICIO, ID_SINTOMA, ID_PERSONA, ID_FICHA_MEDICA) VALUES
                            (TO_DATE('2020-02-06','YYYY-MM-DD'), 4, '00964', 964);
INSERT INTO EX.SINTOMAS(FECHA_INICIO, ID_SINTOMA, ID_PERSONA, ID_FICHA_MEDICA) VALUES
                            (TO_DATE('2020-05-01','YYYY-MM-DD'), 5, '00964', 964);
INSERT INTO EX.SINTOMAS(FECHA_INICIO, ID_SINTOMA, ID_PERSONA, ID_FICHA_MEDICA) VALUES
                            (TO_DATE('2020-04-19','YYYY-MM-DD'), 6, '00964', 964);
INSERT INTO EX.SINTOMAS(FECHA_INICIO, ID_SINTOMA, ID_PERSONA, ID_FICHA_MEDICA) VALUES
                            (TO_DATE('2020-01-31','YYYY-MM-DD'), 7, '00964', 964);
INSERT INTO EX.SINTOMAS(FECHA_INICIO, ID_SINTOMA, ID_PERSONA, ID_FICHA_MEDICA) VALUES
                            (TO_DATE('2020-02-06','YYYY-MM-DD'), 8, '00964', 964);
INSERT INTO EX.SINTOMAS(FECHA_INICIO, ID_SINTOMA, ID_PERSONA, ID_FICHA_MEDICA) VALUES
                            (TO_DATE('2020-02-03','YYYY-MM-DD'), 9, '00964', 964);
INSERT INTO EX.SINTOMAS(FECHA_INICIO, ID_SINTOMA, ID_PERSONA, ID_FICHA_MEDICA) VALUES
                            (TO_DATE('2020-05-03','YYYY-MM-DD'), 10, '00964', 964);
INSERT INTO EX.SINTOMAS(FECHA_INICIO, ID_SINTOMA, ID_PERSONA, ID_FICHA_MEDICA) VALUES
                            (TO_DATE('2020-03-11','YYYY-MM-DD'), 11, '00964', 964);
INSERT INTO EX.SINTOMAS(FECHA_INICIO, ID_SINTOMA, ID_PERSONA, ID_FICHA_MEDICA) VALUES
                            (TO_DATE('2020-06-05','YYYY-MM-DD'), 12, '00964', 964);
INSERT INTO EX.SINTOMAS(FECHA_INICIO, ID_SINTOMA, ID_PERSONA, ID_FICHA_MEDICA) VALUES
                            (TO_DATE('2020-06-17','YYYY-MM-DD'), 13, '00964', 964);
INSERT INTO EX.SINTOMAS(FECHA_INICIO, ID_SINTOMA, ID_PERSONA, ID_FICHA_MEDICA) VALUES
                            (TO_DATE('2020-03-08','YYYY-MM-DD'), 14, '00964', 964);
INSERT INTO EX.SINTOMAS(FECHA_INICIO, ID_SINTOMA, ID_PERSONA, ID_FICHA_MEDICA) VALUES
                            (TO_DATE('2020-05-15','YYYY-MM-DD'), 15, '00964', 964);
INSERT INTO EX.SINTOMAS(FECHA_INICIO, ID_SINTOMA, ID_PERSONA, ID_FICHA_MEDICA) VALUES
                            (TO_DATE('2020-06-26','YYYY-MM-DD'), 16, '00964', 964);
INSERT INTO EX.SINTOMAS(FECHA_INICIO, ID_SINTOMA, ID_PERSONA, ID_FICHA_MEDICA) VALUES
                            (TO_DATE('2020-02-04','YYYY-MM-DD'), 17, '00964', 964);
INSERT INTO EX.SINTOMAS(FECHA_INICIO, ID_SINTOMA, ID_PERSONA, ID_FICHA_MEDICA) VALUES
                            (TO_DATE('2020-02-12','YYYY-MM-DD'), 18, '00964', 964);
INSERT INTO EX.SINTOMAS(FECHA_INICIO, ID_SINTOMA, ID_PERSONA, ID_FICHA_MEDICA) VALUES
                            (TO_DATE('2020-05-23','YYYY-MM-DD'), 19, '00964', 964);
INSERT INTO EX.PERSONA(DOC_IDENTIDAD, NOMBRE, NOMBRE1, APELLIDO, APELLIDO1, FECHA_NAC, GENERO, FOTO) VALUES
                  ('00965', 'Elizabeth', 'Sharon', 'Nelson', 'Rios', TO_DATE('1993-02-23','YYYY-MM-DD'), 'f', NULL);
INSERT INTO EX.HISTORICO_RESIDENCIA(FECHA_INICIO, ID_LUGAR, ID_PERSONA, FECHA_FIN) VALUES
                  (TO_DATE('1984-06-24','YYYY-MM-DD'), 23, '00965', NULL);
INSERT INTO EX.FICHA_MEDICA(ID, ID_PERSONA, ID_CENTRO_SALUD, ID_LUGAR, ESTADO, FECHA_INFECCION, FECHA_RECUPERACION) VALUES
                                             (965, '00965', 8, 23, 'desconido', NULL, NULL);
INSERT INTO EX.PADECIMIENTOS(ID_PATOLOGIA, ID_PERSONA, ID_FICHA_MEDICA) VALUES
                            (1, '00965', 965);
INSERT INTO EX.PADECIMIENTOS(ID_PATOLOGIA, ID_PERSONA, ID_FICHA_MEDICA) VALUES
                            (2, '00965', 965);
INSERT INTO EX.PADECIMIENTOS(ID_PATOLOGIA, ID_PERSONA, ID_FICHA_MEDICA) VALUES
                            (3, '00965', 965);
INSERT INTO EX.PADECIMIENTOS(ID_PATOLOGIA, ID_PERSONA, ID_FICHA_MEDICA) VALUES
                            (4, '00965', 965);
INSERT INTO EX.PERSONA(DOC_IDENTIDAD, NOMBRE, NOMBRE1, APELLIDO, APELLIDO1, FECHA_NAC, GENERO, FOTO) VALUES
                  ('00966', 'Sean', 'Erica', 'Rubio', 'Burns', TO_DATE('1980-02-23','YYYY-MM-DD'), 'm', NULL);
INSERT INTO EX.HISTORICO_RESIDENCIA(FECHA_INICIO, ID_LUGAR, ID_PERSONA, FECHA_FIN) VALUES
                  (TO_DATE('2002-10-20','YYYY-MM-DD'), 26, '00966', NULL);
INSERT INTO EX.FICHA_MEDICA(ID, ID_PERSONA, ID_CENTRO_SALUD, ID_LUGAR, ESTADO, FECHA_INFECCION, FECHA_RECUPERACION) VALUES
                                             (966, '00966', 11, 26, 'desconido', NULL, NULL);
INSERT INTO EX.PADECIMIENTOS(ID_PATOLOGIA, ID_PERSONA, ID_FICHA_MEDICA) VALUES
                            (1, '00966', 966);
INSERT INTO EX.PADECIMIENTOS(ID_PATOLOGIA, ID_PERSONA, ID_FICHA_MEDICA) VALUES
                            (2, '00966', 966);
INSERT INTO EX.PADECIMIENTOS(ID_PATOLOGIA, ID_PERSONA, ID_FICHA_MEDICA) VALUES
                            (3, '00966', 966);
INSERT INTO EX.PERSONA(DOC_IDENTIDAD, NOMBRE, NOMBRE1, APELLIDO, APELLIDO1, FECHA_NAC, GENERO, FOTO) VALUES
                  ('00967', 'Jessica', 'Michael', 'Wilson', 'Hughes', TO_DATE('2013-04-16','YYYY-MM-DD'), 'f', NULL);
INSERT INTO EX.HISTORICO_RESIDENCIA(FECHA_INICIO, ID_LUGAR, ID_PERSONA, FECHA_FIN) VALUES
                  (TO_DATE('2003-10-31','YYYY-MM-DD'), 36, '00967', NULL);
INSERT INTO EX.FICHA_MEDICA(ID, ID_PERSONA, ID_CENTRO_SALUD, ID_LUGAR, ESTADO, FECHA_INFECCION, FECHA_RECUPERACION) VALUES
                                             (967, '00967', 21, 36, 'desconido', NULL, NULL);
INSERT INTO EX.SINTOMAS(FECHA_INICIO, ID_SINTOMA, ID_PERSONA, ID_FICHA_MEDICA) VALUES
                            (TO_DATE('2020-05-25','YYYY-MM-DD'), 1, '00967', 967);
INSERT INTO EX.SINTOMAS(FECHA_INICIO, ID_SINTOMA, ID_PERSONA, ID_FICHA_MEDICA) VALUES
                            (TO_DATE('2020-04-13','YYYY-MM-DD'), 2, '00967', 967);
INSERT INTO EX.SINTOMAS(FECHA_INICIO, ID_SINTOMA, ID_PERSONA, ID_FICHA_MEDICA) VALUES
                            (TO_DATE('2020-01-06','YYYY-MM-DD'), 3, '00967', 967);
INSERT INTO EX.SINTOMAS(FECHA_INICIO, ID_SINTOMA, ID_PERSONA, ID_FICHA_MEDICA) VALUES
                            (TO_DATE('2020-06-29','YYYY-MM-DD'), 4, '00967', 967);
INSERT INTO EX.SINTOMAS(FECHA_INICIO, ID_SINTOMA, ID_PERSONA, ID_FICHA_MEDICA) VALUES
                            (TO_DATE('2020-03-09','YYYY-MM-DD'), 5, '00967', 967);
INSERT INTO EX.SINTOMAS(FECHA_INICIO, ID_SINTOMA, ID_PERSONA, ID_FICHA_MEDICA) VALUES
                            (TO_DATE('2020-06-18','YYYY-MM-DD'), 6, '00967', 967);
INSERT INTO EX.SINTOMAS(FECHA_INICIO, ID_SINTOMA, ID_PERSONA, ID_FICHA_MEDICA) VALUES
                            (TO_DATE('2020-04-21','YYYY-MM-DD'), 7, '00967', 967);
INSERT INTO EX.SINTOMAS(FECHA_INICIO, ID_SINTOMA, ID_PERSONA, ID_FICHA_MEDICA) VALUES
                            (TO_DATE('2020-06-04','YYYY-MM-DD'), 8, '00967', 967);
INSERT INTO EX.SINTOMAS(FECHA_INICIO, ID_SINTOMA, ID_PERSONA, ID_FICHA_MEDICA) VALUES
                            (TO_DATE('2020-05-20','YYYY-MM-DD'), 9, '00967', 967);
INSERT INTO EX.SINTOMAS(FECHA_INICIO, ID_SINTOMA, ID_PERSONA, ID_FICHA_MEDICA) VALUES
                            (TO_DATE('2020-04-18','YYYY-MM-DD'), 10, '00967', 967);
INSERT INTO EX.SINTOMAS(FECHA_INICIO, ID_SINTOMA, ID_PERSONA, ID_FICHA_MEDICA) VALUES
                            (TO_DATE('2020-05-30','YYYY-MM-DD'), 11, '00967', 967);
INSERT INTO EX.SINTOMAS(FECHA_INICIO, ID_SINTOMA, ID_PERSONA, ID_FICHA_MEDICA) VALUES
                            (TO_DATE('2020-02-15','YYYY-MM-DD'), 12, '00967', 967);
INSERT INTO EX.SINTOMAS(FECHA_INICIO, ID_SINTOMA, ID_PERSONA, ID_FICHA_MEDICA) VALUES
                            (TO_DATE('2020-06-23','YYYY-MM-DD'), 13, '00967', 967);
INSERT INTO EX.SINTOMAS(FECHA_INICIO, ID_SINTOMA, ID_PERSONA, ID_FICHA_MEDICA) VALUES
                            (TO_DATE('2020-03-08','YYYY-MM-DD'), 14, '00967', 967);
INSERT INTO EX.SINTOMAS(FECHA_INICIO, ID_SINTOMA, ID_PERSONA, ID_FICHA_MEDICA) VALUES
                            (TO_DATE('2020-06-24','YYYY-MM-DD'), 15, '00967', 967);
INSERT INTO EX.PERSONA(DOC_IDENTIDAD, NOMBRE, NOMBRE1, APELLIDO, APELLIDO1, FECHA_NAC, GENERO, FOTO) VALUES
                  ('00968', 'John', 'Margaret', 'Morton', 'Flores', TO_DATE('2015-04-10','YYYY-MM-DD'), 'm', NULL);
INSERT INTO EX.HISTORICO_RESIDENCIA(FECHA_INICIO, ID_LUGAR, ID_PERSONA, FECHA_FIN) VALUES
                  (TO_DATE('1999-07-28','YYYY-MM-DD'), 39, '00968', NULL);
INSERT INTO EX.FICHA_MEDICA(ID, ID_PERSONA, ID_CENTRO_SALUD, ID_LUGAR, ESTADO, FECHA_INFECCION, FECHA_RECUPERACION) VALUES
                                             (968, '00968', 24, 39, 'desconido', NULL, NULL);
INSERT INTO EX.PERSONA(DOC_IDENTIDAD, NOMBRE, NOMBRE1, APELLIDO, APELLIDO1, FECHA_NAC, GENERO, FOTO) VALUES
                  ('00969', 'Mary', 'Amy', 'Rodriguez', 'Miles', TO_DATE('1984-01-16','YYYY-MM-DD'), 'f', NULL);
INSERT INTO EX.HISTORICO_RESIDENCIA(FECHA_INICIO, ID_LUGAR, ID_PERSONA, FECHA_FIN) VALUES
                  (TO_DATE('2011-01-27','YYYY-MM-DD'), 33, '00969', NULL);
INSERT INTO EX.FICHA_MEDICA(ID, ID_PERSONA, ID_CENTRO_SALUD, ID_LUGAR, ESTADO, FECHA_INFECCION, FECHA_RECUPERACION) VALUES
                                             (969, '00969', 18, 33, 'desconido', NULL, NULL);
INSERT INTO EX.SINTOMAS(FECHA_INICIO, ID_SINTOMA, ID_PERSONA, ID_FICHA_MEDICA) VALUES
                            (TO_DATE('2020-05-16','YYYY-MM-DD'), 1, '00969', 969);
INSERT INTO EX.SINTOMAS(FECHA_INICIO, ID_SINTOMA, ID_PERSONA, ID_FICHA_MEDICA) VALUES
                            (TO_DATE('2020-06-28','YYYY-MM-DD'), 2, '00969', 969);
INSERT INTO EX.SINTOMAS(FECHA_INICIO, ID_SINTOMA, ID_PERSONA, ID_FICHA_MEDICA) VALUES
                            (TO_DATE('2020-05-25','YYYY-MM-DD'), 3, '00969', 969);
INSERT INTO EX.SINTOMAS(FECHA_INICIO, ID_SINTOMA, ID_PERSONA, ID_FICHA_MEDICA) VALUES
                            (TO_DATE('2020-06-20','YYYY-MM-DD'), 4, '00969', 969);
INSERT INTO EX.SINTOMAS(FECHA_INICIO, ID_SINTOMA, ID_PERSONA, ID_FICHA_MEDICA) VALUES
                            (TO_DATE('2020-03-24','YYYY-MM-DD'), 5, '00969', 969);
INSERT INTO EX.SINTOMAS(FECHA_INICIO, ID_SINTOMA, ID_PERSONA, ID_FICHA_MEDICA) VALUES
                            (TO_DATE('2020-04-03','YYYY-MM-DD'), 6, '00969', 969);
INSERT INTO EX.SINTOMAS(FECHA_INICIO, ID_SINTOMA, ID_PERSONA, ID_FICHA_MEDICA) VALUES
                            (TO_DATE('2020-01-23','YYYY-MM-DD'), 7, '00969', 969);
INSERT INTO EX.SINTOMAS(FECHA_INICIO, ID_SINTOMA, ID_PERSONA, ID_FICHA_MEDICA) VALUES
                            (TO_DATE('2020-05-02','YYYY-MM-DD'), 8, '00969', 969);
INSERT INTO EX.SINTOMAS(FECHA_INICIO, ID_SINTOMA, ID_PERSONA, ID_FICHA_MEDICA) VALUES
                            (TO_DATE('2020-03-02','YYYY-MM-DD'), 9, '00969', 969);
INSERT INTO EX.SINTOMAS(FECHA_INICIO, ID_SINTOMA, ID_PERSONA, ID_FICHA_MEDICA) VALUES
                            (TO_DATE('2020-06-18','YYYY-MM-DD'), 10, '00969', 969);
INSERT INTO EX.SINTOMAS(FECHA_INICIO, ID_SINTOMA, ID_PERSONA, ID_FICHA_MEDICA) VALUES
                            (TO_DATE('2020-06-06','YYYY-MM-DD'), 11, '00969', 969);
INSERT INTO EX.SINTOMAS(FECHA_INICIO, ID_SINTOMA, ID_PERSONA, ID_FICHA_MEDICA) VALUES
                            (TO_DATE('2020-06-14','YYYY-MM-DD'), 12, '00969', 969);
INSERT INTO EX.SINTOMAS(FECHA_INICIO, ID_SINTOMA, ID_PERSONA, ID_FICHA_MEDICA) VALUES
                            (TO_DATE('2020-01-26','YYYY-MM-DD'), 13, '00969', 969);
INSERT INTO EX.SINTOMAS(FECHA_INICIO, ID_SINTOMA, ID_PERSONA, ID_FICHA_MEDICA) VALUES
                            (TO_DATE('2020-03-12','YYYY-MM-DD'), 14, '00969', 969);
INSERT INTO EX.PERSONA(DOC_IDENTIDAD, NOMBRE, NOMBRE1, APELLIDO, APELLIDO1, FECHA_NAC, GENERO, FOTO) VALUES
                  ('00970', 'Charles', 'Kimberly', 'Jordan', 'Estes', TO_DATE('1988-03-19','YYYY-MM-DD'), 'm', NULL);
INSERT INTO EX.HISTORICO_RESIDENCIA(FECHA_INICIO, ID_LUGAR, ID_PERSONA, FECHA_FIN) VALUES
                  (TO_DATE('2000-06-17','YYYY-MM-DD'), 28, '00970', NULL);
INSERT INTO EX.FICHA_MEDICA(ID, ID_PERSONA, ID_CENTRO_SALUD, ID_LUGAR, ESTADO, FECHA_INFECCION, FECHA_RECUPERACION) VALUES
                                             (970, '00970', 13, 28, 'desconido', NULL, NULL);
INSERT INTO EX.PERSONA(DOC_IDENTIDAD, NOMBRE, NOMBRE1, APELLIDO, APELLIDO1, FECHA_NAC, GENERO, FOTO) VALUES
                  ('00971', 'Steven', 'Julie', 'Jacobson', 'Ellis', TO_DATE('2001-08-16','YYYY-MM-DD'), 'f', NULL);
INSERT INTO EX.HISTORICO_RESIDENCIA(FECHA_INICIO, ID_LUGAR, ID_PERSONA, FECHA_FIN) VALUES
                  (TO_DATE('1987-06-17','YYYY-MM-DD'), 31, '00971', NULL);
INSERT INTO EX.FICHA_MEDICA(ID, ID_PERSONA, ID_CENTRO_SALUD, ID_LUGAR, ESTADO, FECHA_INFECCION, FECHA_RECUPERACION) VALUES
                                             (971, '00971', 16, 31, 'desconido', NULL, NULL);
INSERT INTO EX.PADECIMIENTOS(ID_PATOLOGIA, ID_PERSONA, ID_FICHA_MEDICA) VALUES
                            (1, '00971', 971);
INSERT INTO EX.PADECIMIENTOS(ID_PATOLOGIA, ID_PERSONA, ID_FICHA_MEDICA) VALUES
                            (2, '00971', 971);
INSERT INTO EX.PADECIMIENTOS(ID_PATOLOGIA, ID_PERSONA, ID_FICHA_MEDICA) VALUES
                            (3, '00971', 971);
INSERT INTO EX.PADECIMIENTOS(ID_PATOLOGIA, ID_PERSONA, ID_FICHA_MEDICA) VALUES
                            (4, '00971', 971);
INSERT INTO EX.PADECIMIENTOS(ID_PATOLOGIA, ID_PERSONA, ID_FICHA_MEDICA) VALUES
                            (5, '00971', 971);
INSERT INTO EX.PADECIMIENTOS(ID_PATOLOGIA, ID_PERSONA, ID_FICHA_MEDICA) VALUES
                            (6, '00971', 971);
INSERT INTO EX.PADECIMIENTOS(ID_PATOLOGIA, ID_PERSONA, ID_FICHA_MEDICA) VALUES
                            (7, '00971', 971);
INSERT INTO EX.PADECIMIENTOS(ID_PATOLOGIA, ID_PERSONA, ID_FICHA_MEDICA) VALUES
                            (8, '00971', 971);
INSERT INTO EX.PADECIMIENTOS(ID_PATOLOGIA, ID_PERSONA, ID_FICHA_MEDICA) VALUES
                            (9, '00971', 971);
INSERT INTO EX.PADECIMIENTOS(ID_PATOLOGIA, ID_PERSONA, ID_FICHA_MEDICA) VALUES
                            (10, '00971', 971);
INSERT INTO EX.PADECIMIENTOS(ID_PATOLOGIA, ID_PERSONA, ID_FICHA_MEDICA) VALUES
                            (11, '00971', 971);
INSERT INTO EX.PADECIMIENTOS(ID_PATOLOGIA, ID_PERSONA, ID_FICHA_MEDICA) VALUES
                            (12, '00971', 971);
INSERT INTO EX.SINTOMAS(FECHA_INICIO, ID_SINTOMA, ID_PERSONA, ID_FICHA_MEDICA) VALUES
                            (TO_DATE('2020-05-09','YYYY-MM-DD'), 1, '00971', 971);
INSERT INTO EX.SINTOMAS(FECHA_INICIO, ID_SINTOMA, ID_PERSONA, ID_FICHA_MEDICA) VALUES
                            (TO_DATE('2020-06-05','YYYY-MM-DD'), 2, '00971', 971);
INSERT INTO EX.SINTOMAS(FECHA_INICIO, ID_SINTOMA, ID_PERSONA, ID_FICHA_MEDICA) VALUES
                            (TO_DATE('2020-06-18','YYYY-MM-DD'), 3, '00971', 971);
INSERT INTO EX.SINTOMAS(FECHA_INICIO, ID_SINTOMA, ID_PERSONA, ID_FICHA_MEDICA) VALUES
                            (TO_DATE('2020-04-24','YYYY-MM-DD'), 4, '00971', 971);
INSERT INTO EX.SINTOMAS(FECHA_INICIO, ID_SINTOMA, ID_PERSONA, ID_FICHA_MEDICA) VALUES
                            (TO_DATE('2020-04-20','YYYY-MM-DD'), 5, '00971', 971);
INSERT INTO EX.SINTOMAS(FECHA_INICIO, ID_SINTOMA, ID_PERSONA, ID_FICHA_MEDICA) VALUES
                            (TO_DATE('2020-01-18','YYYY-MM-DD'), 6, '00971', 971);
INSERT INTO EX.SINTOMAS(FECHA_INICIO, ID_SINTOMA, ID_PERSONA, ID_FICHA_MEDICA) VALUES
                            (TO_DATE('2020-04-16','YYYY-MM-DD'), 7, '00971', 971);
INSERT INTO EX.SINTOMAS(FECHA_INICIO, ID_SINTOMA, ID_PERSONA, ID_FICHA_MEDICA) VALUES
                            (TO_DATE('2020-05-03','YYYY-MM-DD'), 8, '00971', 971);
INSERT INTO EX.SINTOMAS(FECHA_INICIO, ID_SINTOMA, ID_PERSONA, ID_FICHA_MEDICA) VALUES
                            (TO_DATE('2020-04-18','YYYY-MM-DD'), 9, '00971', 971);
INSERT INTO EX.SINTOMAS(FECHA_INICIO, ID_SINTOMA, ID_PERSONA, ID_FICHA_MEDICA) VALUES
                            (TO_DATE('2020-01-01','YYYY-MM-DD'), 10, '00971', 971);
INSERT INTO EX.SINTOMAS(FECHA_INICIO, ID_SINTOMA, ID_PERSONA, ID_FICHA_MEDICA) VALUES
                            (TO_DATE('2020-01-14','YYYY-MM-DD'), 11, '00971', 971);
INSERT INTO EX.PERSONA(DOC_IDENTIDAD, NOMBRE, NOMBRE1, APELLIDO, APELLIDO1, FECHA_NAC, GENERO, FOTO) VALUES
                  ('00972', 'Stephanie', 'Samantha', 'Dennis', 'Smith', TO_DATE('1999-06-27','YYYY-MM-DD'), 'm', NULL);
INSERT INTO EX.HISTORICO_RESIDENCIA(FECHA_INICIO, ID_LUGAR, ID_PERSONA, FECHA_FIN) VALUES
                  (TO_DATE('2001-07-28','YYYY-MM-DD'), 24, '00972', NULL);
INSERT INTO EX.FICHA_MEDICA(ID, ID_PERSONA, ID_CENTRO_SALUD, ID_LUGAR, ESTADO, FECHA_INFECCION, FECHA_RECUPERACION) VALUES
                                             (972, '00972', 9, 24, 'desconido', NULL, NULL);
INSERT INTO EX.PADECIMIENTOS(ID_PATOLOGIA, ID_PERSONA, ID_FICHA_MEDICA) VALUES
                            (1, '00972', 972);
INSERT INTO EX.PADECIMIENTOS(ID_PATOLOGIA, ID_PERSONA, ID_FICHA_MEDICA) VALUES
                            (2, '00972', 972);
INSERT INTO EX.SINTOMAS(FECHA_INICIO, ID_SINTOMA, ID_PERSONA, ID_FICHA_MEDICA) VALUES
                            (TO_DATE('2020-06-13','YYYY-MM-DD'), 1, '00972', 972);
INSERT INTO EX.SINTOMAS(FECHA_INICIO, ID_SINTOMA, ID_PERSONA, ID_FICHA_MEDICA) VALUES
                            (TO_DATE('2020-04-02','YYYY-MM-DD'), 2, '00972', 972);
INSERT INTO EX.SINTOMAS(FECHA_INICIO, ID_SINTOMA, ID_PERSONA, ID_FICHA_MEDICA) VALUES
                            (TO_DATE('2020-04-08','YYYY-MM-DD'), 3, '00972', 972);
INSERT INTO EX.SINTOMAS(FECHA_INICIO, ID_SINTOMA, ID_PERSONA, ID_FICHA_MEDICA) VALUES
                            (TO_DATE('2020-05-27','YYYY-MM-DD'), 4, '00972', 972);
INSERT INTO EX.SINTOMAS(FECHA_INICIO, ID_SINTOMA, ID_PERSONA, ID_FICHA_MEDICA) VALUES
                            (TO_DATE('2020-05-16','YYYY-MM-DD'), 5, '00972', 972);
INSERT INTO EX.SINTOMAS(FECHA_INICIO, ID_SINTOMA, ID_PERSONA, ID_FICHA_MEDICA) VALUES
                            (TO_DATE('2020-01-31','YYYY-MM-DD'), 6, '00972', 972);
INSERT INTO EX.SINTOMAS(FECHA_INICIO, ID_SINTOMA, ID_PERSONA, ID_FICHA_MEDICA) VALUES
                            (TO_DATE('2020-04-14','YYYY-MM-DD'), 7, '00972', 972);
INSERT INTO EX.SINTOMAS(FECHA_INICIO, ID_SINTOMA, ID_PERSONA, ID_FICHA_MEDICA) VALUES
                            (TO_DATE('2020-02-09','YYYY-MM-DD'), 8, '00972', 972);
INSERT INTO EX.SINTOMAS(FECHA_INICIO, ID_SINTOMA, ID_PERSONA, ID_FICHA_MEDICA) VALUES
                            (TO_DATE('2020-03-02','YYYY-MM-DD'), 9, '00972', 972);
INSERT INTO EX.SINTOMAS(FECHA_INICIO, ID_SINTOMA, ID_PERSONA, ID_FICHA_MEDICA) VALUES
                            (TO_DATE('2020-04-03','YYYY-MM-DD'), 10, '00972', 972);
INSERT INTO EX.SINTOMAS(FECHA_INICIO, ID_SINTOMA, ID_PERSONA, ID_FICHA_MEDICA) VALUES
                            (TO_DATE('2020-06-21','YYYY-MM-DD'), 11, '00972', 972);
INSERT INTO EX.SINTOMAS(FECHA_INICIO, ID_SINTOMA, ID_PERSONA, ID_FICHA_MEDICA) VALUES
                            (TO_DATE('2020-04-16','YYYY-MM-DD'), 12, '00972', 972);
INSERT INTO EX.SINTOMAS(FECHA_INICIO, ID_SINTOMA, ID_PERSONA, ID_FICHA_MEDICA) VALUES
                            (TO_DATE('2020-04-20','YYYY-MM-DD'), 13, '00972', 972);
INSERT INTO EX.SINTOMAS(FECHA_INICIO, ID_SINTOMA, ID_PERSONA, ID_FICHA_MEDICA) VALUES
                            (TO_DATE('2020-02-04','YYYY-MM-DD'), 14, '00972', 972);
INSERT INTO EX.SINTOMAS(FECHA_INICIO, ID_SINTOMA, ID_PERSONA, ID_FICHA_MEDICA) VALUES
                            (TO_DATE('2020-03-26','YYYY-MM-DD'), 15, '00972', 972);
INSERT INTO EX.SINTOMAS(FECHA_INICIO, ID_SINTOMA, ID_PERSONA, ID_FICHA_MEDICA) VALUES
                            (TO_DATE('2020-06-04','YYYY-MM-DD'), 16, '00972', 972);
INSERT INTO EX.SINTOMAS(FECHA_INICIO, ID_SINTOMA, ID_PERSONA, ID_FICHA_MEDICA) VALUES
                            (TO_DATE('2020-06-25','YYYY-MM-DD'), 17, '00972', 972);
INSERT INTO EX.SINTOMAS(FECHA_INICIO, ID_SINTOMA, ID_PERSONA, ID_FICHA_MEDICA) VALUES
                            (TO_DATE('2020-05-18','YYYY-MM-DD'), 18, '00972', 972);
INSERT INTO EX.SINTOMAS(FECHA_INICIO, ID_SINTOMA, ID_PERSONA, ID_FICHA_MEDICA) VALUES
                            (TO_DATE('2020-02-07','YYYY-MM-DD'), 19, '00972', 972);
INSERT INTO EX.PERSONA(DOC_IDENTIDAD, NOMBRE, NOMBRE1, APELLIDO, APELLIDO1, FECHA_NAC, GENERO, FOTO) VALUES
                  ('00973', 'Brandon', 'Donald', 'Fletcher', 'Hunt', TO_DATE('2018-08-14','YYYY-MM-DD'), 'f', NULL);
INSERT INTO EX.HISTORICO_RESIDENCIA(FECHA_INICIO, ID_LUGAR, ID_PERSONA, FECHA_FIN) VALUES
                  (TO_DATE('2003-08-26','YYYY-MM-DD'), 21, '00973', NULL);
INSERT INTO EX.FICHA_MEDICA(ID, ID_PERSONA, ID_CENTRO_SALUD, ID_LUGAR, ESTADO, FECHA_INFECCION, FECHA_RECUPERACION) VALUES
                                             (973, '00973', 6, 21, 'desconido', NULL, NULL);
INSERT INTO EX.PADECIMIENTOS(ID_PATOLOGIA, ID_PERSONA, ID_FICHA_MEDICA) VALUES
                            (1, '00973', 973);
INSERT INTO EX.PADECIMIENTOS(ID_PATOLOGIA, ID_PERSONA, ID_FICHA_MEDICA) VALUES
                            (2, '00973', 973);
INSERT INTO EX.PADECIMIENTOS(ID_PATOLOGIA, ID_PERSONA, ID_FICHA_MEDICA) VALUES
                            (3, '00973', 973);
INSERT INTO EX.PADECIMIENTOS(ID_PATOLOGIA, ID_PERSONA, ID_FICHA_MEDICA) VALUES
                            (4, '00973', 973);
INSERT INTO EX.PADECIMIENTOS(ID_PATOLOGIA, ID_PERSONA, ID_FICHA_MEDICA) VALUES
                            (5, '00973', 973);
INSERT INTO EX.PADECIMIENTOS(ID_PATOLOGIA, ID_PERSONA, ID_FICHA_MEDICA) VALUES
                            (6, '00973', 973);
INSERT INTO EX.PADECIMIENTOS(ID_PATOLOGIA, ID_PERSONA, ID_FICHA_MEDICA) VALUES
                            (7, '00973', 973);
INSERT INTO EX.PADECIMIENTOS(ID_PATOLOGIA, ID_PERSONA, ID_FICHA_MEDICA) VALUES
                            (8, '00973', 973);
INSERT INTO EX.SINTOMAS(FECHA_INICIO, ID_SINTOMA, ID_PERSONA, ID_FICHA_MEDICA) VALUES
                            (TO_DATE('2020-06-24','YYYY-MM-DD'), 1, '00973', 973);
INSERT INTO EX.SINTOMAS(FECHA_INICIO, ID_SINTOMA, ID_PERSONA, ID_FICHA_MEDICA) VALUES
                            (TO_DATE('2020-06-07','YYYY-MM-DD'), 2, '00973', 973);
INSERT INTO EX.SINTOMAS(FECHA_INICIO, ID_SINTOMA, ID_PERSONA, ID_FICHA_MEDICA) VALUES
                            (TO_DATE('2020-06-25','YYYY-MM-DD'), 3, '00973', 973);
INSERT INTO EX.SINTOMAS(FECHA_INICIO, ID_SINTOMA, ID_PERSONA, ID_FICHA_MEDICA) VALUES
                            (TO_DATE('2020-02-21','YYYY-MM-DD'), 4, '00973', 973);
INSERT INTO EX.SINTOMAS(FECHA_INICIO, ID_SINTOMA, ID_PERSONA, ID_FICHA_MEDICA) VALUES
                            (TO_DATE('2020-06-20','YYYY-MM-DD'), 5, '00973', 973);
INSERT INTO EX.PERSONA(DOC_IDENTIDAD, NOMBRE, NOMBRE1, APELLIDO, APELLIDO1, FECHA_NAC, GENERO, FOTO) VALUES
                  ('00974', 'Michael', 'Cynthia', 'Nelson', 'Wright', TO_DATE('1973-04-27','YYYY-MM-DD'), 'm', NULL);
INSERT INTO EX.HISTORICO_RESIDENCIA(FECHA_INICIO, ID_LUGAR, ID_PERSONA, FECHA_FIN) VALUES
                  (TO_DATE('2006-10-01','YYYY-MM-DD'), 33, '00974', NULL);
INSERT INTO EX.FICHA_MEDICA(ID, ID_PERSONA, ID_CENTRO_SALUD, ID_LUGAR, ESTADO, FECHA_INFECCION, FECHA_RECUPERACION) VALUES
                                             (974, '00974', 18, 33, 'desconido', NULL, NULL);
INSERT INTO EX.SINTOMAS(FECHA_INICIO, ID_SINTOMA, ID_PERSONA, ID_FICHA_MEDICA) VALUES
                            (TO_DATE('2020-02-09','YYYY-MM-DD'), 1, '00974', 974);
INSERT INTO EX.SINTOMAS(FECHA_INICIO, ID_SINTOMA, ID_PERSONA, ID_FICHA_MEDICA) VALUES
                            (TO_DATE('2020-05-09','YYYY-MM-DD'), 2, '00974', 974);
INSERT INTO EX.SINTOMAS(FECHA_INICIO, ID_SINTOMA, ID_PERSONA, ID_FICHA_MEDICA) VALUES
                            (TO_DATE('2020-01-12','YYYY-MM-DD'), 3, '00974', 974);
INSERT INTO EX.SINTOMAS(FECHA_INICIO, ID_SINTOMA, ID_PERSONA, ID_FICHA_MEDICA) VALUES
                            (TO_DATE('2020-04-25','YYYY-MM-DD'), 4, '00974', 974);
INSERT INTO EX.SINTOMAS(FECHA_INICIO, ID_SINTOMA, ID_PERSONA, ID_FICHA_MEDICA) VALUES
                            (TO_DATE('2020-05-16','YYYY-MM-DD'), 5, '00974', 974);
INSERT INTO EX.SINTOMAS(FECHA_INICIO, ID_SINTOMA, ID_PERSONA, ID_FICHA_MEDICA) VALUES
                            (TO_DATE('2020-06-01','YYYY-MM-DD'), 6, '00974', 974);
INSERT INTO EX.SINTOMAS(FECHA_INICIO, ID_SINTOMA, ID_PERSONA, ID_FICHA_MEDICA) VALUES
                            (TO_DATE('2020-02-06','YYYY-MM-DD'), 7, '00974', 974);
INSERT INTO EX.SINTOMAS(FECHA_INICIO, ID_SINTOMA, ID_PERSONA, ID_FICHA_MEDICA) VALUES
                            (TO_DATE('2020-06-19','YYYY-MM-DD'), 8, '00974', 974);
INSERT INTO EX.SINTOMAS(FECHA_INICIO, ID_SINTOMA, ID_PERSONA, ID_FICHA_MEDICA) VALUES
                            (TO_DATE('2020-01-19','YYYY-MM-DD'), 9, '00974', 974);
INSERT INTO EX.SINTOMAS(FECHA_INICIO, ID_SINTOMA, ID_PERSONA, ID_FICHA_MEDICA) VALUES
                            (TO_DATE('2020-02-21','YYYY-MM-DD'), 10, '00974', 974);
INSERT INTO EX.SINTOMAS(FECHA_INICIO, ID_SINTOMA, ID_PERSONA, ID_FICHA_MEDICA) VALUES
                            (TO_DATE('2020-06-09','YYYY-MM-DD'), 11, '00974', 974);
INSERT INTO EX.SINTOMAS(FECHA_INICIO, ID_SINTOMA, ID_PERSONA, ID_FICHA_MEDICA) VALUES
                            (TO_DATE('2020-06-20','YYYY-MM-DD'), 12, '00974', 974);
INSERT INTO EX.SINTOMAS(FECHA_INICIO, ID_SINTOMA, ID_PERSONA, ID_FICHA_MEDICA) VALUES
                            (TO_DATE('2020-04-11','YYYY-MM-DD'), 13, '00974', 974);
INSERT INTO EX.SINTOMAS(FECHA_INICIO, ID_SINTOMA, ID_PERSONA, ID_FICHA_MEDICA) VALUES
                            (TO_DATE('2020-02-28','YYYY-MM-DD'), 14, '00974', 974);
INSERT INTO EX.SINTOMAS(FECHA_INICIO, ID_SINTOMA, ID_PERSONA, ID_FICHA_MEDICA) VALUES
                            (TO_DATE('2020-04-29','YYYY-MM-DD'), 15, '00974', 974);
INSERT INTO EX.PERSONA(DOC_IDENTIDAD, NOMBRE, NOMBRE1, APELLIDO, APELLIDO1, FECHA_NAC, GENERO, FOTO) VALUES
                  ('00975', 'Cassie', 'Amy', 'Robles', 'Cherry', TO_DATE('2016-05-10','YYYY-MM-DD'), 'f', NULL);
INSERT INTO EX.HISTORICO_RESIDENCIA(FECHA_INICIO, ID_LUGAR, ID_PERSONA, FECHA_FIN) VALUES
                  (TO_DATE('1974-06-18','YYYY-MM-DD'), 32, '00975', NULL);
INSERT INTO EX.FICHA_MEDICA(ID, ID_PERSONA, ID_CENTRO_SALUD, ID_LUGAR, ESTADO, FECHA_INFECCION, FECHA_RECUPERACION) VALUES
                                             (975, '00975', 17, 32, 'desconido', NULL, NULL);
INSERT INTO EX.PADECIMIENTOS(ID_PATOLOGIA, ID_PERSONA, ID_FICHA_MEDICA) VALUES
                            (1, '00975', 975);
INSERT INTO EX.PADECIMIENTOS(ID_PATOLOGIA, ID_PERSONA, ID_FICHA_MEDICA) VALUES
                            (2, '00975', 975);
INSERT INTO EX.PADECIMIENTOS(ID_PATOLOGIA, ID_PERSONA, ID_FICHA_MEDICA) VALUES
                            (3, '00975', 975);
INSERT INTO EX.PADECIMIENTOS(ID_PATOLOGIA, ID_PERSONA, ID_FICHA_MEDICA) VALUES
                            (4, '00975', 975);
INSERT INTO EX.PADECIMIENTOS(ID_PATOLOGIA, ID_PERSONA, ID_FICHA_MEDICA) VALUES
                            (5, '00975', 975);
INSERT INTO EX.PADECIMIENTOS(ID_PATOLOGIA, ID_PERSONA, ID_FICHA_MEDICA) VALUES
                            (6, '00975', 975);
INSERT INTO EX.PADECIMIENTOS(ID_PATOLOGIA, ID_PERSONA, ID_FICHA_MEDICA) VALUES
                            (7, '00975', 975);
INSERT INTO EX.PADECIMIENTOS(ID_PATOLOGIA, ID_PERSONA, ID_FICHA_MEDICA) VALUES
                            (8, '00975', 975);
INSERT INTO EX.PADECIMIENTOS(ID_PATOLOGIA, ID_PERSONA, ID_FICHA_MEDICA) VALUES
                            (9, '00975', 975);
INSERT INTO EX.PADECIMIENTOS(ID_PATOLOGIA, ID_PERSONA, ID_FICHA_MEDICA) VALUES
                            (10, '00975', 975);
INSERT INTO EX.SINTOMAS(FECHA_INICIO, ID_SINTOMA, ID_PERSONA, ID_FICHA_MEDICA) VALUES
                            (TO_DATE('2020-06-23','YYYY-MM-DD'), 1, '00975', 975);
INSERT INTO EX.SINTOMAS(FECHA_INICIO, ID_SINTOMA, ID_PERSONA, ID_FICHA_MEDICA) VALUES
                            (TO_DATE('2020-01-25','YYYY-MM-DD'), 2, '00975', 975);
INSERT INTO EX.PERSONA(DOC_IDENTIDAD, NOMBRE, NOMBRE1, APELLIDO, APELLIDO1, FECHA_NAC, GENERO, FOTO) VALUES
                  ('00976', 'Katie', 'Steven', 'Byrd', 'Kirby', TO_DATE('1989-07-18','YYYY-MM-DD'), 'm', NULL);
INSERT INTO EX.HISTORICO_RESIDENCIA(FECHA_INICIO, ID_LUGAR, ID_PERSONA, FECHA_FIN) VALUES
                  (TO_DATE('1978-03-08','YYYY-MM-DD'), 25, '00976', NULL);
INSERT INTO EX.FICHA_MEDICA(ID, ID_PERSONA, ID_CENTRO_SALUD, ID_LUGAR, ESTADO, FECHA_INFECCION, FECHA_RECUPERACION) VALUES
                                             (976, '00976', 10, 25, 'desconido', NULL, NULL);
INSERT INTO EX.SINTOMAS(FECHA_INICIO, ID_SINTOMA, ID_PERSONA, ID_FICHA_MEDICA) VALUES
                            (TO_DATE('2020-05-04','YYYY-MM-DD'), 1, '00976', 976);
INSERT INTO EX.SINTOMAS(FECHA_INICIO, ID_SINTOMA, ID_PERSONA, ID_FICHA_MEDICA) VALUES
                            (TO_DATE('2020-01-07','YYYY-MM-DD'), 2, '00976', 976);
INSERT INTO EX.SINTOMAS(FECHA_INICIO, ID_SINTOMA, ID_PERSONA, ID_FICHA_MEDICA) VALUES
                            (TO_DATE('2020-02-29','YYYY-MM-DD'), 3, '00976', 976);
INSERT INTO EX.SINTOMAS(FECHA_INICIO, ID_SINTOMA, ID_PERSONA, ID_FICHA_MEDICA) VALUES
                            (TO_DATE('2020-01-19','YYYY-MM-DD'), 4, '00976', 976);
INSERT INTO EX.SINTOMAS(FECHA_INICIO, ID_SINTOMA, ID_PERSONA, ID_FICHA_MEDICA) VALUES
                            (TO_DATE('2020-05-13','YYYY-MM-DD'), 5, '00976', 976);
INSERT INTO EX.SINTOMAS(FECHA_INICIO, ID_SINTOMA, ID_PERSONA, ID_FICHA_MEDICA) VALUES
                            (TO_DATE('2020-03-20','YYYY-MM-DD'), 6, '00976', 976);
INSERT INTO EX.SINTOMAS(FECHA_INICIO, ID_SINTOMA, ID_PERSONA, ID_FICHA_MEDICA) VALUES
                            (TO_DATE('2020-06-19','YYYY-MM-DD'), 7, '00976', 976);
INSERT INTO EX.SINTOMAS(FECHA_INICIO, ID_SINTOMA, ID_PERSONA, ID_FICHA_MEDICA) VALUES
                            (TO_DATE('2020-02-29','YYYY-MM-DD'), 8, '00976', 976);
INSERT INTO EX.SINTOMAS(FECHA_INICIO, ID_SINTOMA, ID_PERSONA, ID_FICHA_MEDICA) VALUES
                            (TO_DATE('2020-01-28','YYYY-MM-DD'), 9, '00976', 976);
INSERT INTO EX.SINTOMAS(FECHA_INICIO, ID_SINTOMA, ID_PERSONA, ID_FICHA_MEDICA) VALUES
                            (TO_DATE('2020-04-30','YYYY-MM-DD'), 10, '00976', 976);
INSERT INTO EX.SINTOMAS(FECHA_INICIO, ID_SINTOMA, ID_PERSONA, ID_FICHA_MEDICA) VALUES
                            (TO_DATE('2020-01-03','YYYY-MM-DD'), 11, '00976', 976);
INSERT INTO EX.SINTOMAS(FECHA_INICIO, ID_SINTOMA, ID_PERSONA, ID_FICHA_MEDICA) VALUES
                            (TO_DATE('2020-02-15','YYYY-MM-DD'), 12, '00976', 976);
INSERT INTO EX.SINTOMAS(FECHA_INICIO, ID_SINTOMA, ID_PERSONA, ID_FICHA_MEDICA) VALUES
                            (TO_DATE('2020-06-25','YYYY-MM-DD'), 13, '00976', 976);
INSERT INTO EX.SINTOMAS(FECHA_INICIO, ID_SINTOMA, ID_PERSONA, ID_FICHA_MEDICA) VALUES
                            (TO_DATE('2020-03-18','YYYY-MM-DD'), 14, '00976', 976);
INSERT INTO EX.SINTOMAS(FECHA_INICIO, ID_SINTOMA, ID_PERSONA, ID_FICHA_MEDICA) VALUES
                            (TO_DATE('2020-01-30','YYYY-MM-DD'), 15, '00976', 976);
INSERT INTO EX.SINTOMAS(FECHA_INICIO, ID_SINTOMA, ID_PERSONA, ID_FICHA_MEDICA) VALUES
                            (TO_DATE('2020-05-13','YYYY-MM-DD'), 16, '00976', 976);
INSERT INTO EX.PERSONA(DOC_IDENTIDAD, NOMBRE, NOMBRE1, APELLIDO, APELLIDO1, FECHA_NAC, GENERO, FOTO) VALUES
                  ('00977', 'Jeffrey', 'Jermaine', 'Crawford', 'Willis', TO_DATE('2018-08-31','YYYY-MM-DD'), 'f', NULL);
INSERT INTO EX.HISTORICO_RESIDENCIA(FECHA_INICIO, ID_LUGAR, ID_PERSONA, FECHA_FIN) VALUES
                  (TO_DATE('2006-01-29','YYYY-MM-DD'), 20, '00977', NULL);
INSERT INTO EX.FICHA_MEDICA(ID, ID_PERSONA, ID_CENTRO_SALUD, ID_LUGAR, ESTADO, FECHA_INFECCION, FECHA_RECUPERACION) VALUES
                                             (977, '00977', 5, 20, 'desconido', NULL, NULL);
INSERT INTO EX.SINTOMAS(FECHA_INICIO, ID_SINTOMA, ID_PERSONA, ID_FICHA_MEDICA) VALUES
                            (TO_DATE('2020-06-14','YYYY-MM-DD'), 1, '00977', 977);
INSERT INTO EX.SINTOMAS(FECHA_INICIO, ID_SINTOMA, ID_PERSONA, ID_FICHA_MEDICA) VALUES
                            (TO_DATE('2020-06-30','YYYY-MM-DD'), 2, '00977', 977);
INSERT INTO EX.SINTOMAS(FECHA_INICIO, ID_SINTOMA, ID_PERSONA, ID_FICHA_MEDICA) VALUES
                            (TO_DATE('2020-05-24','YYYY-MM-DD'), 3, '00977', 977);
INSERT INTO EX.SINTOMAS(FECHA_INICIO, ID_SINTOMA, ID_PERSONA, ID_FICHA_MEDICA) VALUES
                            (TO_DATE('2020-04-26','YYYY-MM-DD'), 4, '00977', 977);
INSERT INTO EX.SINTOMAS(FECHA_INICIO, ID_SINTOMA, ID_PERSONA, ID_FICHA_MEDICA) VALUES
                            (TO_DATE('2020-04-19','YYYY-MM-DD'), 5, '00977', 977);
INSERT INTO EX.SINTOMAS(FECHA_INICIO, ID_SINTOMA, ID_PERSONA, ID_FICHA_MEDICA) VALUES
                            (TO_DATE('2020-06-28','YYYY-MM-DD'), 6, '00977', 977);
INSERT INTO EX.SINTOMAS(FECHA_INICIO, ID_SINTOMA, ID_PERSONA, ID_FICHA_MEDICA) VALUES
                            (TO_DATE('2020-02-15','YYYY-MM-DD'), 7, '00977', 977);
INSERT INTO EX.PERSONA(DOC_IDENTIDAD, NOMBRE, NOMBRE1, APELLIDO, APELLIDO1, FECHA_NAC, GENERO, FOTO) VALUES
                  ('00978', 'Sean', 'Stephanie', 'Richardson', 'Jones', TO_DATE('1976-07-15','YYYY-MM-DD'), 'm', NULL);
INSERT INTO EX.HISTORICO_RESIDENCIA(FECHA_INICIO, ID_LUGAR, ID_PERSONA, FECHA_FIN) VALUES
                  (TO_DATE('1977-04-28','YYYY-MM-DD'), 21, '00978', NULL);
INSERT INTO EX.FICHA_MEDICA(ID, ID_PERSONA, ID_CENTRO_SALUD, ID_LUGAR, ESTADO, FECHA_INFECCION, FECHA_RECUPERACION) VALUES
                                             (978, '00978', 6, 21, 'desconido', NULL, NULL);
INSERT INTO EX.PADECIMIENTOS(ID_PATOLOGIA, ID_PERSONA, ID_FICHA_MEDICA) VALUES
                            (1, '00978', 978);
INSERT INTO EX.PADECIMIENTOS(ID_PATOLOGIA, ID_PERSONA, ID_FICHA_MEDICA) VALUES
                            (2, '00978', 978);
INSERT INTO EX.PERSONA(DOC_IDENTIDAD, NOMBRE, NOMBRE1, APELLIDO, APELLIDO1, FECHA_NAC, GENERO, FOTO) VALUES
                  ('00979', 'Amy', 'Samuel', 'Fowler', 'Scott', TO_DATE('1974-07-01','YYYY-MM-DD'), 'f', NULL);
INSERT INTO EX.HISTORICO_RESIDENCIA(FECHA_INICIO, ID_LUGAR, ID_PERSONA, FECHA_FIN) VALUES
                  (TO_DATE('2015-06-25','YYYY-MM-DD'), 21, '00979', NULL);
INSERT INTO EX.FICHA_MEDICA(ID, ID_PERSONA, ID_CENTRO_SALUD, ID_LUGAR, ESTADO, FECHA_INFECCION, FECHA_RECUPERACION) VALUES
                                             (979, '00979', 6, 21, 'desconido', NULL, NULL);
INSERT INTO EX.PERSONA(DOC_IDENTIDAD, NOMBRE, NOMBRE1, APELLIDO, APELLIDO1, FECHA_NAC, GENERO, FOTO) VALUES
                  ('00980', 'Michael', 'Rose', 'Castaneda', 'Brock', TO_DATE('1996-08-07','YYYY-MM-DD'), 'm', NULL);
INSERT INTO EX.HISTORICO_RESIDENCIA(FECHA_INICIO, ID_LUGAR, ID_PERSONA, FECHA_FIN) VALUES
                  (TO_DATE('1987-02-10','YYYY-MM-DD'), 41, '00980', NULL);
INSERT INTO EX.FICHA_MEDICA(ID, ID_PERSONA, ID_CENTRO_SALUD, ID_LUGAR, ESTADO, FECHA_INFECCION, FECHA_RECUPERACION) VALUES
                                             (980, '00980', 26, 41, 'desconido', NULL, NULL);
INSERT INTO EX.PADECIMIENTOS(ID_PATOLOGIA, ID_PERSONA, ID_FICHA_MEDICA) VALUES
                            (1, '00980', 980);
INSERT INTO EX.PADECIMIENTOS(ID_PATOLOGIA, ID_PERSONA, ID_FICHA_MEDICA) VALUES
                            (2, '00980', 980);
INSERT INTO EX.PADECIMIENTOS(ID_PATOLOGIA, ID_PERSONA, ID_FICHA_MEDICA) VALUES
                            (3, '00980', 980);
INSERT INTO EX.PADECIMIENTOS(ID_PATOLOGIA, ID_PERSONA, ID_FICHA_MEDICA) VALUES
                            (4, '00980', 980);
INSERT INTO EX.PADECIMIENTOS(ID_PATOLOGIA, ID_PERSONA, ID_FICHA_MEDICA) VALUES
                            (5, '00980', 980);
INSERT INTO EX.PADECIMIENTOS(ID_PATOLOGIA, ID_PERSONA, ID_FICHA_MEDICA) VALUES
                            (6, '00980', 980);
INSERT INTO EX.PADECIMIENTOS(ID_PATOLOGIA, ID_PERSONA, ID_FICHA_MEDICA) VALUES
                            (7, '00980', 980);
INSERT INTO EX.PADECIMIENTOS(ID_PATOLOGIA, ID_PERSONA, ID_FICHA_MEDICA) VALUES
                            (8, '00980', 980);
INSERT INTO EX.PADECIMIENTOS(ID_PATOLOGIA, ID_PERSONA, ID_FICHA_MEDICA) VALUES
                            (9, '00980', 980);
INSERT INTO EX.PADECIMIENTOS(ID_PATOLOGIA, ID_PERSONA, ID_FICHA_MEDICA) VALUES
                            (10, '00980', 980);
INSERT INTO EX.PADECIMIENTOS(ID_PATOLOGIA, ID_PERSONA, ID_FICHA_MEDICA) VALUES
                            (11, '00980', 980);
INSERT INTO EX.PADECIMIENTOS(ID_PATOLOGIA, ID_PERSONA, ID_FICHA_MEDICA) VALUES
                            (12, '00980', 980);
INSERT INTO EX.PADECIMIENTOS(ID_PATOLOGIA, ID_PERSONA, ID_FICHA_MEDICA) VALUES
                            (13, '00980', 980);
INSERT INTO EX.PADECIMIENTOS(ID_PATOLOGIA, ID_PERSONA, ID_FICHA_MEDICA) VALUES
                            (14, '00980', 980);
INSERT INTO EX.SINTOMAS(FECHA_INICIO, ID_SINTOMA, ID_PERSONA, ID_FICHA_MEDICA) VALUES
                            (TO_DATE('2020-04-19','YYYY-MM-DD'), 1, '00980', 980);
INSERT INTO EX.SINTOMAS(FECHA_INICIO, ID_SINTOMA, ID_PERSONA, ID_FICHA_MEDICA) VALUES
                            (TO_DATE('2020-06-05','YYYY-MM-DD'), 2, '00980', 980);
INSERT INTO EX.SINTOMAS(FECHA_INICIO, ID_SINTOMA, ID_PERSONA, ID_FICHA_MEDICA) VALUES
                            (TO_DATE('2020-03-13','YYYY-MM-DD'), 3, '00980', 980);
INSERT INTO EX.SINTOMAS(FECHA_INICIO, ID_SINTOMA, ID_PERSONA, ID_FICHA_MEDICA) VALUES
                            (TO_DATE('2020-01-05','YYYY-MM-DD'), 4, '00980', 980);
INSERT INTO EX.SINTOMAS(FECHA_INICIO, ID_SINTOMA, ID_PERSONA, ID_FICHA_MEDICA) VALUES
                            (TO_DATE('2020-05-04','YYYY-MM-DD'), 5, '00980', 980);
INSERT INTO EX.SINTOMAS(FECHA_INICIO, ID_SINTOMA, ID_PERSONA, ID_FICHA_MEDICA) VALUES
                            (TO_DATE('2020-02-02','YYYY-MM-DD'), 6, '00980', 980);
INSERT INTO EX.SINTOMAS(FECHA_INICIO, ID_SINTOMA, ID_PERSONA, ID_FICHA_MEDICA) VALUES
                            (TO_DATE('2020-06-13','YYYY-MM-DD'), 7, '00980', 980);
INSERT INTO EX.SINTOMAS(FECHA_INICIO, ID_SINTOMA, ID_PERSONA, ID_FICHA_MEDICA) VALUES
                            (TO_DATE('2020-02-12','YYYY-MM-DD'), 8, '00980', 980);
INSERT INTO EX.SINTOMAS(FECHA_INICIO, ID_SINTOMA, ID_PERSONA, ID_FICHA_MEDICA) VALUES
                            (TO_DATE('2020-03-11','YYYY-MM-DD'), 9, '00980', 980);
INSERT INTO EX.SINTOMAS(FECHA_INICIO, ID_SINTOMA, ID_PERSONA, ID_FICHA_MEDICA) VALUES
                            (TO_DATE('2020-04-17','YYYY-MM-DD'), 10, '00980', 980);
INSERT INTO EX.SINTOMAS(FECHA_INICIO, ID_SINTOMA, ID_PERSONA, ID_FICHA_MEDICA) VALUES
                            (TO_DATE('2020-01-23','YYYY-MM-DD'), 11, '00980', 980);
INSERT INTO EX.SINTOMAS(FECHA_INICIO, ID_SINTOMA, ID_PERSONA, ID_FICHA_MEDICA) VALUES
                            (TO_DATE('2020-03-26','YYYY-MM-DD'), 12, '00980', 980);
INSERT INTO EX.SINTOMAS(FECHA_INICIO, ID_SINTOMA, ID_PERSONA, ID_FICHA_MEDICA) VALUES
                            (TO_DATE('2020-05-14','YYYY-MM-DD'), 13, '00980', 980);
INSERT INTO EX.PERSONA(DOC_IDENTIDAD, NOMBRE, NOMBRE1, APELLIDO, APELLIDO1, FECHA_NAC, GENERO, FOTO) VALUES
                  ('00981', 'Lynn', 'Robin', 'Freeman', 'Knight', TO_DATE('1981-12-17','YYYY-MM-DD'), 'f', NULL);
INSERT INTO EX.HISTORICO_RESIDENCIA(FECHA_INICIO, ID_LUGAR, ID_PERSONA, FECHA_FIN) VALUES
                  (TO_DATE('1979-01-24','YYYY-MM-DD'), 40, '00981', NULL);
INSERT INTO EX.FICHA_MEDICA(ID, ID_PERSONA, ID_CENTRO_SALUD, ID_LUGAR, ESTADO, FECHA_INFECCION, FECHA_RECUPERACION) VALUES
                                             (981, '00981', 25, 40, 'desconido', NULL, NULL);
INSERT INTO EX.SINTOMAS(FECHA_INICIO, ID_SINTOMA, ID_PERSONA, ID_FICHA_MEDICA) VALUES
                            (TO_DATE('2020-05-03','YYYY-MM-DD'), 1, '00981', 981);
INSERT INTO EX.SINTOMAS(FECHA_INICIO, ID_SINTOMA, ID_PERSONA, ID_FICHA_MEDICA) VALUES
                            (TO_DATE('2020-02-28','YYYY-MM-DD'), 2, '00981', 981);
INSERT INTO EX.SINTOMAS(FECHA_INICIO, ID_SINTOMA, ID_PERSONA, ID_FICHA_MEDICA) VALUES
                            (TO_DATE('2020-02-18','YYYY-MM-DD'), 3, '00981', 981);
INSERT INTO EX.SINTOMAS(FECHA_INICIO, ID_SINTOMA, ID_PERSONA, ID_FICHA_MEDICA) VALUES
                            (TO_DATE('2020-03-05','YYYY-MM-DD'), 4, '00981', 981);
INSERT INTO EX.SINTOMAS(FECHA_INICIO, ID_SINTOMA, ID_PERSONA, ID_FICHA_MEDICA) VALUES
                            (TO_DATE('2020-05-01','YYYY-MM-DD'), 5, '00981', 981);
INSERT INTO EX.SINTOMAS(FECHA_INICIO, ID_SINTOMA, ID_PERSONA, ID_FICHA_MEDICA) VALUES
                            (TO_DATE('2020-04-13','YYYY-MM-DD'), 6, '00981', 981);
INSERT INTO EX.SINTOMAS(FECHA_INICIO, ID_SINTOMA, ID_PERSONA, ID_FICHA_MEDICA) VALUES
                            (TO_DATE('2020-01-04','YYYY-MM-DD'), 7, '00981', 981);
INSERT INTO EX.SINTOMAS(FECHA_INICIO, ID_SINTOMA, ID_PERSONA, ID_FICHA_MEDICA) VALUES
                            (TO_DATE('2020-05-15','YYYY-MM-DD'), 8, '00981', 981);
INSERT INTO EX.SINTOMAS(FECHA_INICIO, ID_SINTOMA, ID_PERSONA, ID_FICHA_MEDICA) VALUES
                            (TO_DATE('2020-05-28','YYYY-MM-DD'), 9, '00981', 981);
INSERT INTO EX.SINTOMAS(FECHA_INICIO, ID_SINTOMA, ID_PERSONA, ID_FICHA_MEDICA) VALUES
                            (TO_DATE('2020-04-30','YYYY-MM-DD'), 10, '00981', 981);
INSERT INTO EX.SINTOMAS(FECHA_INICIO, ID_SINTOMA, ID_PERSONA, ID_FICHA_MEDICA) VALUES
                            (TO_DATE('2020-04-02','YYYY-MM-DD'), 11, '00981', 981);
INSERT INTO EX.SINTOMAS(FECHA_INICIO, ID_SINTOMA, ID_PERSONA, ID_FICHA_MEDICA) VALUES
                            (TO_DATE('2020-05-23','YYYY-MM-DD'), 12, '00981', 981);
INSERT INTO EX.SINTOMAS(FECHA_INICIO, ID_SINTOMA, ID_PERSONA, ID_FICHA_MEDICA) VALUES
                            (TO_DATE('2020-01-26','YYYY-MM-DD'), 13, '00981', 981);
INSERT INTO EX.PERSONA(DOC_IDENTIDAD, NOMBRE, NOMBRE1, APELLIDO, APELLIDO1, FECHA_NAC, GENERO, FOTO) VALUES
                  ('00982', 'Patricia', 'Joanne', 'Orozco', 'Carter', TO_DATE('1998-10-26','YYYY-MM-DD'), 'm', NULL);
INSERT INTO EX.HISTORICO_RESIDENCIA(FECHA_INICIO, ID_LUGAR, ID_PERSONA, FECHA_FIN) VALUES
                  (TO_DATE('2013-05-01','YYYY-MM-DD'), 31, '00982', NULL);
INSERT INTO EX.FICHA_MEDICA(ID, ID_PERSONA, ID_CENTRO_SALUD, ID_LUGAR, ESTADO, FECHA_INFECCION, FECHA_RECUPERACION) VALUES
                                             (982, '00982', 16, 31, 'desconido', NULL, NULL);
INSERT INTO EX.SINTOMAS(FECHA_INICIO, ID_SINTOMA, ID_PERSONA, ID_FICHA_MEDICA) VALUES
                            (TO_DATE('2020-06-03','YYYY-MM-DD'), 1, '00982', 982);
INSERT INTO EX.SINTOMAS(FECHA_INICIO, ID_SINTOMA, ID_PERSONA, ID_FICHA_MEDICA) VALUES
                            (TO_DATE('2020-05-11','YYYY-MM-DD'), 2, '00982', 982);
INSERT INTO EX.SINTOMAS(FECHA_INICIO, ID_SINTOMA, ID_PERSONA, ID_FICHA_MEDICA) VALUES
                            (TO_DATE('2020-03-09','YYYY-MM-DD'), 3, '00982', 982);
INSERT INTO EX.SINTOMAS(FECHA_INICIO, ID_SINTOMA, ID_PERSONA, ID_FICHA_MEDICA) VALUES
                            (TO_DATE('2020-04-04','YYYY-MM-DD'), 4, '00982', 982);
INSERT INTO EX.SINTOMAS(FECHA_INICIO, ID_SINTOMA, ID_PERSONA, ID_FICHA_MEDICA) VALUES
                            (TO_DATE('2020-04-04','YYYY-MM-DD'), 5, '00982', 982);
INSERT INTO EX.SINTOMAS(FECHA_INICIO, ID_SINTOMA, ID_PERSONA, ID_FICHA_MEDICA) VALUES
                            (TO_DATE('2020-03-15','YYYY-MM-DD'), 6, '00982', 982);
INSERT INTO EX.SINTOMAS(FECHA_INICIO, ID_SINTOMA, ID_PERSONA, ID_FICHA_MEDICA) VALUES
                            (TO_DATE('2020-05-21','YYYY-MM-DD'), 7, '00982', 982);
INSERT INTO EX.PERSONA(DOC_IDENTIDAD, NOMBRE, NOMBRE1, APELLIDO, APELLIDO1, FECHA_NAC, GENERO, FOTO) VALUES
                  ('00983', 'Cheryl', 'Jessica', 'Humphrey', 'Gentry', TO_DATE('1981-09-23','YYYY-MM-DD'), 'f', NULL);
INSERT INTO EX.HISTORICO_RESIDENCIA(FECHA_INICIO, ID_LUGAR, ID_PERSONA, FECHA_FIN) VALUES
                  (TO_DATE('2014-01-15','YYYY-MM-DD'), 41, '00983', NULL);
INSERT INTO EX.FICHA_MEDICA(ID, ID_PERSONA, ID_CENTRO_SALUD, ID_LUGAR, ESTADO, FECHA_INFECCION, FECHA_RECUPERACION) VALUES
                                             (983, '00983', 26, 41, 'desconido', NULL, NULL);
INSERT INTO EX.SINTOMAS(FECHA_INICIO, ID_SINTOMA, ID_PERSONA, ID_FICHA_MEDICA) VALUES
                            (TO_DATE('2020-01-14','YYYY-MM-DD'), 1, '00983', 983);
INSERT INTO EX.SINTOMAS(FECHA_INICIO, ID_SINTOMA, ID_PERSONA, ID_FICHA_MEDICA) VALUES
                            (TO_DATE('2020-02-02','YYYY-MM-DD'), 2, '00983', 983);
INSERT INTO EX.SINTOMAS(FECHA_INICIO, ID_SINTOMA, ID_PERSONA, ID_FICHA_MEDICA) VALUES
                            (TO_DATE('2020-02-17','YYYY-MM-DD'), 3, '00983', 983);
INSERT INTO EX.SINTOMAS(FECHA_INICIO, ID_SINTOMA, ID_PERSONA, ID_FICHA_MEDICA) VALUES
                            (TO_DATE('2020-01-18','YYYY-MM-DD'), 4, '00983', 983);
INSERT INTO EX.SINTOMAS(FECHA_INICIO, ID_SINTOMA, ID_PERSONA, ID_FICHA_MEDICA) VALUES
                            (TO_DATE('2020-01-17','YYYY-MM-DD'), 5, '00983', 983);
INSERT INTO EX.SINTOMAS(FECHA_INICIO, ID_SINTOMA, ID_PERSONA, ID_FICHA_MEDICA) VALUES
                            (TO_DATE('2020-05-05','YYYY-MM-DD'), 6, '00983', 983);
INSERT INTO EX.PERSONA(DOC_IDENTIDAD, NOMBRE, NOMBRE1, APELLIDO, APELLIDO1, FECHA_NAC, GENERO, FOTO) VALUES
                  ('00984', 'Adrienne', 'Hannah', 'Liu', 'Whitney', TO_DATE('1990-12-20','YYYY-MM-DD'), 'm', NULL);
INSERT INTO EX.HISTORICO_RESIDENCIA(FECHA_INICIO, ID_LUGAR, ID_PERSONA, FECHA_FIN) VALUES
                  (TO_DATE('2001-03-09','YYYY-MM-DD'), 39, '00984', NULL);
INSERT INTO EX.FICHA_MEDICA(ID, ID_PERSONA, ID_CENTRO_SALUD, ID_LUGAR, ESTADO, FECHA_INFECCION, FECHA_RECUPERACION) VALUES
                                             (984, '00984', 24, 39, 'desconido', NULL, NULL);
INSERT INTO EX.PADECIMIENTOS(ID_PATOLOGIA, ID_PERSONA, ID_FICHA_MEDICA) VALUES
                            (1, '00984', 984);
INSERT INTO EX.PADECIMIENTOS(ID_PATOLOGIA, ID_PERSONA, ID_FICHA_MEDICA) VALUES
                            (2, '00984', 984);
INSERT INTO EX.PADECIMIENTOS(ID_PATOLOGIA, ID_PERSONA, ID_FICHA_MEDICA) VALUES
                            (3, '00984', 984);
INSERT INTO EX.PADECIMIENTOS(ID_PATOLOGIA, ID_PERSONA, ID_FICHA_MEDICA) VALUES
                            (4, '00984', 984);
INSERT INTO EX.PADECIMIENTOS(ID_PATOLOGIA, ID_PERSONA, ID_FICHA_MEDICA) VALUES
                            (5, '00984', 984);
INSERT INTO EX.PADECIMIENTOS(ID_PATOLOGIA, ID_PERSONA, ID_FICHA_MEDICA) VALUES
                            (6, '00984', 984);
INSERT INTO EX.PADECIMIENTOS(ID_PATOLOGIA, ID_PERSONA, ID_FICHA_MEDICA) VALUES
                            (7, '00984', 984);
INSERT INTO EX.PADECIMIENTOS(ID_PATOLOGIA, ID_PERSONA, ID_FICHA_MEDICA) VALUES
                            (8, '00984', 984);
INSERT INTO EX.PADECIMIENTOS(ID_PATOLOGIA, ID_PERSONA, ID_FICHA_MEDICA) VALUES
                            (9, '00984', 984);
INSERT INTO EX.PADECIMIENTOS(ID_PATOLOGIA, ID_PERSONA, ID_FICHA_MEDICA) VALUES
                            (10, '00984', 984);
INSERT INTO EX.PADECIMIENTOS(ID_PATOLOGIA, ID_PERSONA, ID_FICHA_MEDICA) VALUES
                            (11, '00984', 984);
INSERT INTO EX.SINTOMAS(FECHA_INICIO, ID_SINTOMA, ID_PERSONA, ID_FICHA_MEDICA) VALUES
                            (TO_DATE('2020-04-04','YYYY-MM-DD'), 1, '00984', 984);
INSERT INTO EX.SINTOMAS(FECHA_INICIO, ID_SINTOMA, ID_PERSONA, ID_FICHA_MEDICA) VALUES
                            (TO_DATE('2020-01-30','YYYY-MM-DD'), 2, '00984', 984);
INSERT INTO EX.SINTOMAS(FECHA_INICIO, ID_SINTOMA, ID_PERSONA, ID_FICHA_MEDICA) VALUES
                            (TO_DATE('2020-02-19','YYYY-MM-DD'), 3, '00984', 984);
INSERT INTO EX.SINTOMAS(FECHA_INICIO, ID_SINTOMA, ID_PERSONA, ID_FICHA_MEDICA) VALUES
                            (TO_DATE('2020-05-09','YYYY-MM-DD'), 4, '00984', 984);
INSERT INTO EX.SINTOMAS(FECHA_INICIO, ID_SINTOMA, ID_PERSONA, ID_FICHA_MEDICA) VALUES
                            (TO_DATE('2020-04-02','YYYY-MM-DD'), 5, '00984', 984);
INSERT INTO EX.SINTOMAS(FECHA_INICIO, ID_SINTOMA, ID_PERSONA, ID_FICHA_MEDICA) VALUES
                            (TO_DATE('2020-06-10','YYYY-MM-DD'), 6, '00984', 984);
INSERT INTO EX.SINTOMAS(FECHA_INICIO, ID_SINTOMA, ID_PERSONA, ID_FICHA_MEDICA) VALUES
                            (TO_DATE('2020-01-29','YYYY-MM-DD'), 7, '00984', 984);
INSERT INTO EX.SINTOMAS(FECHA_INICIO, ID_SINTOMA, ID_PERSONA, ID_FICHA_MEDICA) VALUES
                            (TO_DATE('2020-03-06','YYYY-MM-DD'), 8, '00984', 984);
INSERT INTO EX.SINTOMAS(FECHA_INICIO, ID_SINTOMA, ID_PERSONA, ID_FICHA_MEDICA) VALUES
                            (TO_DATE('2020-02-19','YYYY-MM-DD'), 9, '00984', 984);
INSERT INTO EX.SINTOMAS(FECHA_INICIO, ID_SINTOMA, ID_PERSONA, ID_FICHA_MEDICA) VALUES
                            (TO_DATE('2020-05-22','YYYY-MM-DD'), 10, '00984', 984);
INSERT INTO EX.SINTOMAS(FECHA_INICIO, ID_SINTOMA, ID_PERSONA, ID_FICHA_MEDICA) VALUES
                            (TO_DATE('2020-02-11','YYYY-MM-DD'), 11, '00984', 984);
INSERT INTO EX.SINTOMAS(FECHA_INICIO, ID_SINTOMA, ID_PERSONA, ID_FICHA_MEDICA) VALUES
                            (TO_DATE('2020-01-29','YYYY-MM-DD'), 12, '00984', 984);
INSERT INTO EX.SINTOMAS(FECHA_INICIO, ID_SINTOMA, ID_PERSONA, ID_FICHA_MEDICA) VALUES
                            (TO_DATE('2020-05-03','YYYY-MM-DD'), 13, '00984', 984);
INSERT INTO EX.SINTOMAS(FECHA_INICIO, ID_SINTOMA, ID_PERSONA, ID_FICHA_MEDICA) VALUES
                            (TO_DATE('2020-02-13','YYYY-MM-DD'), 14, '00984', 984);
INSERT INTO EX.SINTOMAS(FECHA_INICIO, ID_SINTOMA, ID_PERSONA, ID_FICHA_MEDICA) VALUES
                            (TO_DATE('2020-05-31','YYYY-MM-DD'), 15, '00984', 984);
INSERT INTO EX.SINTOMAS(FECHA_INICIO, ID_SINTOMA, ID_PERSONA, ID_FICHA_MEDICA) VALUES
                            (TO_DATE('2020-05-17','YYYY-MM-DD'), 16, '00984', 984);
INSERT INTO EX.SINTOMAS(FECHA_INICIO, ID_SINTOMA, ID_PERSONA, ID_FICHA_MEDICA) VALUES
                            (TO_DATE('2020-03-18','YYYY-MM-DD'), 17, '00984', 984);
INSERT INTO EX.SINTOMAS(FECHA_INICIO, ID_SINTOMA, ID_PERSONA, ID_FICHA_MEDICA) VALUES
                            (TO_DATE('2020-01-23','YYYY-MM-DD'), 18, '00984', 984);
INSERT INTO EX.PERSONA(DOC_IDENTIDAD, NOMBRE, NOMBRE1, APELLIDO, APELLIDO1, FECHA_NAC, GENERO, FOTO) VALUES
                  ('00985', 'William', 'Mary', 'Ortiz', 'Ramos', TO_DATE('1974-07-06','YYYY-MM-DD'), 'f', NULL);
INSERT INTO EX.HISTORICO_RESIDENCIA(FECHA_INICIO, ID_LUGAR, ID_PERSONA, FECHA_FIN) VALUES
                  (TO_DATE('1998-09-18','YYYY-MM-DD'), 18, '00985', NULL);
INSERT INTO EX.FICHA_MEDICA(ID, ID_PERSONA, ID_CENTRO_SALUD, ID_LUGAR, ESTADO, FECHA_INFECCION, FECHA_RECUPERACION) VALUES
                                             (985, '00985', 3, 18, 'desconido', NULL, NULL);
INSERT INTO EX.PERSONA(DOC_IDENTIDAD, NOMBRE, NOMBRE1, APELLIDO, APELLIDO1, FECHA_NAC, GENERO, FOTO) VALUES
                  ('00986', 'Patrick', 'Laura', 'Tucker', 'Hester', TO_DATE('1991-06-04','YYYY-MM-DD'), 'm', NULL);
INSERT INTO EX.HISTORICO_RESIDENCIA(FECHA_INICIO, ID_LUGAR, ID_PERSONA, FECHA_FIN) VALUES
                  (TO_DATE('2014-05-01','YYYY-MM-DD'), 23, '00986', NULL);
INSERT INTO EX.FICHA_MEDICA(ID, ID_PERSONA, ID_CENTRO_SALUD, ID_LUGAR, ESTADO, FECHA_INFECCION, FECHA_RECUPERACION) VALUES
                                             (986, '00986', 8, 23, 'desconido', NULL, NULL);
INSERT INTO EX.PADECIMIENTOS(ID_PATOLOGIA, ID_PERSONA, ID_FICHA_MEDICA) VALUES
                            (1, '00986', 986);
INSERT INTO EX.PADECIMIENTOS(ID_PATOLOGIA, ID_PERSONA, ID_FICHA_MEDICA) VALUES
                            (2, '00986', 986);
INSERT INTO EX.PADECIMIENTOS(ID_PATOLOGIA, ID_PERSONA, ID_FICHA_MEDICA) VALUES
                            (3, '00986', 986);
INSERT INTO EX.PADECIMIENTOS(ID_PATOLOGIA, ID_PERSONA, ID_FICHA_MEDICA) VALUES
                            (4, '00986', 986);
INSERT INTO EX.PADECIMIENTOS(ID_PATOLOGIA, ID_PERSONA, ID_FICHA_MEDICA) VALUES
                            (5, '00986', 986);
INSERT INTO EX.PADECIMIENTOS(ID_PATOLOGIA, ID_PERSONA, ID_FICHA_MEDICA) VALUES
                            (6, '00986', 986);
INSERT INTO EX.PADECIMIENTOS(ID_PATOLOGIA, ID_PERSONA, ID_FICHA_MEDICA) VALUES
                            (7, '00986', 986);
INSERT INTO EX.PADECIMIENTOS(ID_PATOLOGIA, ID_PERSONA, ID_FICHA_MEDICA) VALUES
                            (8, '00986', 986);
INSERT INTO EX.SINTOMAS(FECHA_INICIO, ID_SINTOMA, ID_PERSONA, ID_FICHA_MEDICA) VALUES
                            (TO_DATE('2020-06-18','YYYY-MM-DD'), 1, '00986', 986);
INSERT INTO EX.SINTOMAS(FECHA_INICIO, ID_SINTOMA, ID_PERSONA, ID_FICHA_MEDICA) VALUES
                            (TO_DATE('2020-02-04','YYYY-MM-DD'), 2, '00986', 986);
INSERT INTO EX.SINTOMAS(FECHA_INICIO, ID_SINTOMA, ID_PERSONA, ID_FICHA_MEDICA) VALUES
                            (TO_DATE('2020-05-19','YYYY-MM-DD'), 3, '00986', 986);
INSERT INTO EX.SINTOMAS(FECHA_INICIO, ID_SINTOMA, ID_PERSONA, ID_FICHA_MEDICA) VALUES
                            (TO_DATE('2020-05-18','YYYY-MM-DD'), 4, '00986', 986);
INSERT INTO EX.SINTOMAS(FECHA_INICIO, ID_SINTOMA, ID_PERSONA, ID_FICHA_MEDICA) VALUES
                            (TO_DATE('2020-02-25','YYYY-MM-DD'), 5, '00986', 986);
INSERT INTO EX.SINTOMAS(FECHA_INICIO, ID_SINTOMA, ID_PERSONA, ID_FICHA_MEDICA) VALUES
                            (TO_DATE('2020-01-30','YYYY-MM-DD'), 6, '00986', 986);
INSERT INTO EX.SINTOMAS(FECHA_INICIO, ID_SINTOMA, ID_PERSONA, ID_FICHA_MEDICA) VALUES
                            (TO_DATE('2020-02-22','YYYY-MM-DD'), 7, '00986', 986);
INSERT INTO EX.SINTOMAS(FECHA_INICIO, ID_SINTOMA, ID_PERSONA, ID_FICHA_MEDICA) VALUES
                            (TO_DATE('2020-06-15','YYYY-MM-DD'), 8, '00986', 986);
INSERT INTO EX.SINTOMAS(FECHA_INICIO, ID_SINTOMA, ID_PERSONA, ID_FICHA_MEDICA) VALUES
                            (TO_DATE('2020-06-11','YYYY-MM-DD'), 9, '00986', 986);
INSERT INTO EX.SINTOMAS(FECHA_INICIO, ID_SINTOMA, ID_PERSONA, ID_FICHA_MEDICA) VALUES
                            (TO_DATE('2020-05-24','YYYY-MM-DD'), 10, '00986', 986);
INSERT INTO EX.SINTOMAS(FECHA_INICIO, ID_SINTOMA, ID_PERSONA, ID_FICHA_MEDICA) VALUES
                            (TO_DATE('2020-01-15','YYYY-MM-DD'), 11, '00986', 986);
INSERT INTO EX.SINTOMAS(FECHA_INICIO, ID_SINTOMA, ID_PERSONA, ID_FICHA_MEDICA) VALUES
                            (TO_DATE('2020-03-01','YYYY-MM-DD'), 12, '00986', 986);
INSERT INTO EX.SINTOMAS(FECHA_INICIO, ID_SINTOMA, ID_PERSONA, ID_FICHA_MEDICA) VALUES
                            (TO_DATE('2020-01-13','YYYY-MM-DD'), 13, '00986', 986);
INSERT INTO EX.SINTOMAS(FECHA_INICIO, ID_SINTOMA, ID_PERSONA, ID_FICHA_MEDICA) VALUES
                            (TO_DATE('2020-03-01','YYYY-MM-DD'), 14, '00986', 986);
INSERT INTO EX.SINTOMAS(FECHA_INICIO, ID_SINTOMA, ID_PERSONA, ID_FICHA_MEDICA) VALUES
                            (TO_DATE('2020-02-03','YYYY-MM-DD'), 15, '00986', 986);
INSERT INTO EX.SINTOMAS(FECHA_INICIO, ID_SINTOMA, ID_PERSONA, ID_FICHA_MEDICA) VALUES
                            (TO_DATE('2020-03-13','YYYY-MM-DD'), 16, '00986', 986);
INSERT INTO EX.SINTOMAS(FECHA_INICIO, ID_SINTOMA, ID_PERSONA, ID_FICHA_MEDICA) VALUES
                            (TO_DATE('2020-03-19','YYYY-MM-DD'), 17, '00986', 986);
INSERT INTO EX.SINTOMAS(FECHA_INICIO, ID_SINTOMA, ID_PERSONA, ID_FICHA_MEDICA) VALUES
                            (TO_DATE('2020-01-19','YYYY-MM-DD'), 18, '00986', 986);
INSERT INTO EX.SINTOMAS(FECHA_INICIO, ID_SINTOMA, ID_PERSONA, ID_FICHA_MEDICA) VALUES
                            (TO_DATE('2020-03-26','YYYY-MM-DD'), 19, '00986', 986);
INSERT INTO EX.PERSONA(DOC_IDENTIDAD, NOMBRE, NOMBRE1, APELLIDO, APELLIDO1, FECHA_NAC, GENERO, FOTO) VALUES
                  ('00987', 'Kenneth', 'William', 'Walker', 'Klein', TO_DATE('1979-09-29','YYYY-MM-DD'), 'f', NULL);
INSERT INTO EX.HISTORICO_RESIDENCIA(FECHA_INICIO, ID_LUGAR, ID_PERSONA, FECHA_FIN) VALUES
                  (TO_DATE('1988-11-21','YYYY-MM-DD'), 33, '00987', NULL);
INSERT INTO EX.FICHA_MEDICA(ID, ID_PERSONA, ID_CENTRO_SALUD, ID_LUGAR, ESTADO, FECHA_INFECCION, FECHA_RECUPERACION) VALUES
                                             (987, '00987', 18, 33, 'desconido', NULL, NULL);
INSERT INTO EX.PADECIMIENTOS(ID_PATOLOGIA, ID_PERSONA, ID_FICHA_MEDICA) VALUES
                            (1, '00987', 987);
INSERT INTO EX.PADECIMIENTOS(ID_PATOLOGIA, ID_PERSONA, ID_FICHA_MEDICA) VALUES
                            (2, '00987', 987);
INSERT INTO EX.PADECIMIENTOS(ID_PATOLOGIA, ID_PERSONA, ID_FICHA_MEDICA) VALUES
                            (3, '00987', 987);
INSERT INTO EX.PADECIMIENTOS(ID_PATOLOGIA, ID_PERSONA, ID_FICHA_MEDICA) VALUES
                            (4, '00987', 987);
INSERT INTO EX.PADECIMIENTOS(ID_PATOLOGIA, ID_PERSONA, ID_FICHA_MEDICA) VALUES
                            (5, '00987', 987);
INSERT INTO EX.PADECIMIENTOS(ID_PATOLOGIA, ID_PERSONA, ID_FICHA_MEDICA) VALUES
                            (6, '00987', 987);
INSERT INTO EX.PERSONA(DOC_IDENTIDAD, NOMBRE, NOMBRE1, APELLIDO, APELLIDO1, FECHA_NAC, GENERO, FOTO) VALUES
                  ('00988', 'Stephanie', 'Traci', 'Valentine', 'Anderson', TO_DATE('1994-04-14','YYYY-MM-DD'), 'm', NULL);
INSERT INTO EX.HISTORICO_RESIDENCIA(FECHA_INICIO, ID_LUGAR, ID_PERSONA, FECHA_FIN) VALUES
                  (TO_DATE('2015-02-13','YYYY-MM-DD'), 32, '00988', NULL);
INSERT INTO EX.FICHA_MEDICA(ID, ID_PERSONA, ID_CENTRO_SALUD, ID_LUGAR, ESTADO, FECHA_INFECCION, FECHA_RECUPERACION) VALUES
                                             (988, '00988', 17, 32, 'desconido', NULL, NULL);
INSERT INTO EX.SINTOMAS(FECHA_INICIO, ID_SINTOMA, ID_PERSONA, ID_FICHA_MEDICA) VALUES
                            (TO_DATE('2020-01-04','YYYY-MM-DD'), 1, '00988', 988);
INSERT INTO EX.SINTOMAS(FECHA_INICIO, ID_SINTOMA, ID_PERSONA, ID_FICHA_MEDICA) VALUES
                            (TO_DATE('2020-03-04','YYYY-MM-DD'), 2, '00988', 988);
INSERT INTO EX.SINTOMAS(FECHA_INICIO, ID_SINTOMA, ID_PERSONA, ID_FICHA_MEDICA) VALUES
                            (TO_DATE('2020-02-03','YYYY-MM-DD'), 3, '00988', 988);
INSERT INTO EX.SINTOMAS(FECHA_INICIO, ID_SINTOMA, ID_PERSONA, ID_FICHA_MEDICA) VALUES
                            (TO_DATE('2020-04-25','YYYY-MM-DD'), 4, '00988', 988);
INSERT INTO EX.SINTOMAS(FECHA_INICIO, ID_SINTOMA, ID_PERSONA, ID_FICHA_MEDICA) VALUES
                            (TO_DATE('2020-02-25','YYYY-MM-DD'), 5, '00988', 988);
INSERT INTO EX.SINTOMAS(FECHA_INICIO, ID_SINTOMA, ID_PERSONA, ID_FICHA_MEDICA) VALUES
                            (TO_DATE('2020-02-03','YYYY-MM-DD'), 6, '00988', 988);
INSERT INTO EX.SINTOMAS(FECHA_INICIO, ID_SINTOMA, ID_PERSONA, ID_FICHA_MEDICA) VALUES
                            (TO_DATE('2020-06-18','YYYY-MM-DD'), 7, '00988', 988);
INSERT INTO EX.SINTOMAS(FECHA_INICIO, ID_SINTOMA, ID_PERSONA, ID_FICHA_MEDICA) VALUES
                            (TO_DATE('2020-04-17','YYYY-MM-DD'), 8, '00988', 988);
INSERT INTO EX.SINTOMAS(FECHA_INICIO, ID_SINTOMA, ID_PERSONA, ID_FICHA_MEDICA) VALUES
                            (TO_DATE('2020-01-11','YYYY-MM-DD'), 9, '00988', 988);
INSERT INTO EX.SINTOMAS(FECHA_INICIO, ID_SINTOMA, ID_PERSONA, ID_FICHA_MEDICA) VALUES
                            (TO_DATE('2020-01-25','YYYY-MM-DD'), 10, '00988', 988);
INSERT INTO EX.SINTOMAS(FECHA_INICIO, ID_SINTOMA, ID_PERSONA, ID_FICHA_MEDICA) VALUES
                            (TO_DATE('2020-02-02','YYYY-MM-DD'), 11, '00988', 988);
INSERT INTO EX.SINTOMAS(FECHA_INICIO, ID_SINTOMA, ID_PERSONA, ID_FICHA_MEDICA) VALUES
                            (TO_DATE('2020-02-04','YYYY-MM-DD'), 12, '00988', 988);
INSERT INTO EX.SINTOMAS(FECHA_INICIO, ID_SINTOMA, ID_PERSONA, ID_FICHA_MEDICA) VALUES
                            (TO_DATE('2020-01-10','YYYY-MM-DD'), 13, '00988', 988);
INSERT INTO EX.SINTOMAS(FECHA_INICIO, ID_SINTOMA, ID_PERSONA, ID_FICHA_MEDICA) VALUES
                            (TO_DATE('2020-03-15','YYYY-MM-DD'), 14, '00988', 988);
INSERT INTO EX.PERSONA(DOC_IDENTIDAD, NOMBRE, NOMBRE1, APELLIDO, APELLIDO1, FECHA_NAC, GENERO, FOTO) VALUES
                  ('00989', 'Selena', 'Jamie', 'James', 'Jenkins', TO_DATE('2019-01-21','YYYY-MM-DD'), 'f', NULL);
INSERT INTO EX.HISTORICO_RESIDENCIA(FECHA_INICIO, ID_LUGAR, ID_PERSONA, FECHA_FIN) VALUES
                  (TO_DATE('1987-04-27','YYYY-MM-DD'), 38, '00989', NULL);
INSERT INTO EX.FICHA_MEDICA(ID, ID_PERSONA, ID_CENTRO_SALUD, ID_LUGAR, ESTADO, FECHA_INFECCION, FECHA_RECUPERACION) VALUES
                                             (989, '00989', 23, 38, 'desconido', NULL, NULL);
INSERT INTO EX.PADECIMIENTOS(ID_PATOLOGIA, ID_PERSONA, ID_FICHA_MEDICA) VALUES
                            (1, '00989', 989);
INSERT INTO EX.PADECIMIENTOS(ID_PATOLOGIA, ID_PERSONA, ID_FICHA_MEDICA) VALUES
                            (2, '00989', 989);
INSERT INTO EX.PADECIMIENTOS(ID_PATOLOGIA, ID_PERSONA, ID_FICHA_MEDICA) VALUES
                            (3, '00989', 989);
INSERT INTO EX.PADECIMIENTOS(ID_PATOLOGIA, ID_PERSONA, ID_FICHA_MEDICA) VALUES
                            (4, '00989', 989);
INSERT INTO EX.PADECIMIENTOS(ID_PATOLOGIA, ID_PERSONA, ID_FICHA_MEDICA) VALUES
                            (5, '00989', 989);
INSERT INTO EX.PADECIMIENTOS(ID_PATOLOGIA, ID_PERSONA, ID_FICHA_MEDICA) VALUES
                            (6, '00989', 989);
INSERT INTO EX.PADECIMIENTOS(ID_PATOLOGIA, ID_PERSONA, ID_FICHA_MEDICA) VALUES
                            (7, '00989', 989);
INSERT INTO EX.PADECIMIENTOS(ID_PATOLOGIA, ID_PERSONA, ID_FICHA_MEDICA) VALUES
                            (8, '00989', 989);
INSERT INTO EX.PADECIMIENTOS(ID_PATOLOGIA, ID_PERSONA, ID_FICHA_MEDICA) VALUES
                            (9, '00989', 989);
INSERT INTO EX.PADECIMIENTOS(ID_PATOLOGIA, ID_PERSONA, ID_FICHA_MEDICA) VALUES
                            (10, '00989', 989);
INSERT INTO EX.PERSONA(DOC_IDENTIDAD, NOMBRE, NOMBRE1, APELLIDO, APELLIDO1, FECHA_NAC, GENERO, FOTO) VALUES
                  ('00990', 'Ryan', 'Andrew', 'Gordon', 'Maldonado', TO_DATE('2019-04-13','YYYY-MM-DD'), 'm', NULL);
INSERT INTO EX.HISTORICO_RESIDENCIA(FECHA_INICIO, ID_LUGAR, ID_PERSONA, FECHA_FIN) VALUES
                  (TO_DATE('1984-04-21','YYYY-MM-DD'), 31, '00990', NULL);
INSERT INTO EX.FICHA_MEDICA(ID, ID_PERSONA, ID_CENTRO_SALUD, ID_LUGAR, ESTADO, FECHA_INFECCION, FECHA_RECUPERACION) VALUES
                                             (990, '00990', 16, 31, 'desconido', NULL, NULL);
INSERT INTO EX.PERSONA(DOC_IDENTIDAD, NOMBRE, NOMBRE1, APELLIDO, APELLIDO1, FECHA_NAC, GENERO, FOTO) VALUES
                  ('00991', 'Daniel', 'Alice', 'Morgan', 'Clark', TO_DATE('2001-05-16','YYYY-MM-DD'), 'f', NULL);
INSERT INTO EX.HISTORICO_RESIDENCIA(FECHA_INICIO, ID_LUGAR, ID_PERSONA, FECHA_FIN) VALUES
                  (TO_DATE('1973-08-02','YYYY-MM-DD'), 33, '00991', NULL);
INSERT INTO EX.FICHA_MEDICA(ID, ID_PERSONA, ID_CENTRO_SALUD, ID_LUGAR, ESTADO, FECHA_INFECCION, FECHA_RECUPERACION) VALUES
                                             (991, '00991', 18, 33, 'desconido', NULL, NULL);
INSERT INTO EX.SINTOMAS(FECHA_INICIO, ID_SINTOMA, ID_PERSONA, ID_FICHA_MEDICA) VALUES
                            (TO_DATE('2020-05-28','YYYY-MM-DD'), 1, '00991', 991);
INSERT INTO EX.SINTOMAS(FECHA_INICIO, ID_SINTOMA, ID_PERSONA, ID_FICHA_MEDICA) VALUES
                            (TO_DATE('2020-03-27','YYYY-MM-DD'), 2, '00991', 991);
INSERT INTO EX.SINTOMAS(FECHA_INICIO, ID_SINTOMA, ID_PERSONA, ID_FICHA_MEDICA) VALUES
                            (TO_DATE('2020-06-12','YYYY-MM-DD'), 3, '00991', 991);
INSERT INTO EX.SINTOMAS(FECHA_INICIO, ID_SINTOMA, ID_PERSONA, ID_FICHA_MEDICA) VALUES
                            (TO_DATE('2020-01-12','YYYY-MM-DD'), 4, '00991', 991);
INSERT INTO EX.PERSONA(DOC_IDENTIDAD, NOMBRE, NOMBRE1, APELLIDO, APELLIDO1, FECHA_NAC, GENERO, FOTO) VALUES
                  ('00992', 'Kyle', 'Richard', 'Mcgee', 'Ellis', TO_DATE('1974-01-28','YYYY-MM-DD'), 'm', NULL);
INSERT INTO EX.HISTORICO_RESIDENCIA(FECHA_INICIO, ID_LUGAR, ID_PERSONA, FECHA_FIN) VALUES
                  (TO_DATE('2010-01-19','YYYY-MM-DD'), 38, '00992', NULL);
INSERT INTO EX.FICHA_MEDICA(ID, ID_PERSONA, ID_CENTRO_SALUD, ID_LUGAR, ESTADO, FECHA_INFECCION, FECHA_RECUPERACION) VALUES
                                             (992, '00992', 23, 38, 'desconido', NULL, NULL);
INSERT INTO EX.PERSONA(DOC_IDENTIDAD, NOMBRE, NOMBRE1, APELLIDO, APELLIDO1, FECHA_NAC, GENERO, FOTO) VALUES
                  ('00993', 'Adam', 'Linda', 'Smith', 'Flowers', TO_DATE('2019-02-20','YYYY-MM-DD'), 'f', NULL);
INSERT INTO EX.HISTORICO_RESIDENCIA(FECHA_INICIO, ID_LUGAR, ID_PERSONA, FECHA_FIN) VALUES
                  (TO_DATE('1985-08-11','YYYY-MM-DD'), 41, '00993', NULL);
INSERT INTO EX.FICHA_MEDICA(ID, ID_PERSONA, ID_CENTRO_SALUD, ID_LUGAR, ESTADO, FECHA_INFECCION, FECHA_RECUPERACION) VALUES
                                             (993, '00993', 26, 41, 'desconido', NULL, NULL);
INSERT INTO EX.PADECIMIENTOS(ID_PATOLOGIA, ID_PERSONA, ID_FICHA_MEDICA) VALUES
                            (1, '00993', 993);
INSERT INTO EX.PADECIMIENTOS(ID_PATOLOGIA, ID_PERSONA, ID_FICHA_MEDICA) VALUES
                            (2, '00993', 993);
INSERT INTO EX.PERSONA(DOC_IDENTIDAD, NOMBRE, NOMBRE1, APELLIDO, APELLIDO1, FECHA_NAC, GENERO, FOTO) VALUES
                  ('00994', 'Allison', 'Jeffrey', 'Lopez', 'Nelson', TO_DATE('1974-12-25','YYYY-MM-DD'), 'm', NULL);
INSERT INTO EX.HISTORICO_RESIDENCIA(FECHA_INICIO, ID_LUGAR, ID_PERSONA, FECHA_FIN) VALUES
                  (TO_DATE('1977-09-28','YYYY-MM-DD'), 41, '00994', NULL);
INSERT INTO EX.FICHA_MEDICA(ID, ID_PERSONA, ID_CENTRO_SALUD, ID_LUGAR, ESTADO, FECHA_INFECCION, FECHA_RECUPERACION) VALUES
                                             (994, '00994', 26, 41, 'desconido', NULL, NULL);
INSERT INTO EX.PADECIMIENTOS(ID_PATOLOGIA, ID_PERSONA, ID_FICHA_MEDICA) VALUES
                            (1, '00994', 994);
INSERT INTO EX.PADECIMIENTOS(ID_PATOLOGIA, ID_PERSONA, ID_FICHA_MEDICA) VALUES
                            (2, '00994', 994);
INSERT INTO EX.PADECIMIENTOS(ID_PATOLOGIA, ID_PERSONA, ID_FICHA_MEDICA) VALUES
                            (3, '00994', 994);
INSERT INTO EX.PADECIMIENTOS(ID_PATOLOGIA, ID_PERSONA, ID_FICHA_MEDICA) VALUES
                            (4, '00994', 994);
INSERT INTO EX.PADECIMIENTOS(ID_PATOLOGIA, ID_PERSONA, ID_FICHA_MEDICA) VALUES
                            (5, '00994', 994);
INSERT INTO EX.PADECIMIENTOS(ID_PATOLOGIA, ID_PERSONA, ID_FICHA_MEDICA) VALUES
                            (6, '00994', 994);
INSERT INTO EX.PADECIMIENTOS(ID_PATOLOGIA, ID_PERSONA, ID_FICHA_MEDICA) VALUES
                            (7, '00994', 994);
INSERT INTO EX.PERSONA(DOC_IDENTIDAD, NOMBRE, NOMBRE1, APELLIDO, APELLIDO1, FECHA_NAC, GENERO, FOTO) VALUES
                  ('00995', 'Andrew', 'Alyssa', 'Watson', 'Rivera', TO_DATE('1983-01-11','YYYY-MM-DD'), 'f', NULL);
INSERT INTO EX.HISTORICO_RESIDENCIA(FECHA_INICIO, ID_LUGAR, ID_PERSONA, FECHA_FIN) VALUES
                  (TO_DATE('1986-07-15','YYYY-MM-DD'), 19, '00995', NULL);
INSERT INTO EX.FICHA_MEDICA(ID, ID_PERSONA, ID_CENTRO_SALUD, ID_LUGAR, ESTADO, FECHA_INFECCION, FECHA_RECUPERACION) VALUES
                                             (995, '00995', 4, 19, 'desconido', NULL, NULL);
INSERT INTO EX.SINTOMAS(FECHA_INICIO, ID_SINTOMA, ID_PERSONA, ID_FICHA_MEDICA) VALUES
                            (TO_DATE('2020-02-15','YYYY-MM-DD'), 1, '00995', 995);
INSERT INTO EX.SINTOMAS(FECHA_INICIO, ID_SINTOMA, ID_PERSONA, ID_FICHA_MEDICA) VALUES
                            (TO_DATE('2020-06-09','YYYY-MM-DD'), 2, '00995', 995);
INSERT INTO EX.SINTOMAS(FECHA_INICIO, ID_SINTOMA, ID_PERSONA, ID_FICHA_MEDICA) VALUES
                            (TO_DATE('2020-02-09','YYYY-MM-DD'), 3, '00995', 995);
INSERT INTO EX.SINTOMAS(FECHA_INICIO, ID_SINTOMA, ID_PERSONA, ID_FICHA_MEDICA) VALUES
                            (TO_DATE('2020-06-08','YYYY-MM-DD'), 4, '00995', 995);
INSERT INTO EX.SINTOMAS(FECHA_INICIO, ID_SINTOMA, ID_PERSONA, ID_FICHA_MEDICA) VALUES
                            (TO_DATE('2020-04-28','YYYY-MM-DD'), 5, '00995', 995);
INSERT INTO EX.SINTOMAS(FECHA_INICIO, ID_SINTOMA, ID_PERSONA, ID_FICHA_MEDICA) VALUES
                            (TO_DATE('2020-06-14','YYYY-MM-DD'), 6, '00995', 995);
INSERT INTO EX.SINTOMAS(FECHA_INICIO, ID_SINTOMA, ID_PERSONA, ID_FICHA_MEDICA) VALUES
                            (TO_DATE('2020-04-24','YYYY-MM-DD'), 7, '00995', 995);
INSERT INTO EX.SINTOMAS(FECHA_INICIO, ID_SINTOMA, ID_PERSONA, ID_FICHA_MEDICA) VALUES
                            (TO_DATE('2020-04-04','YYYY-MM-DD'), 8, '00995', 995);
INSERT INTO EX.SINTOMAS(FECHA_INICIO, ID_SINTOMA, ID_PERSONA, ID_FICHA_MEDICA) VALUES
                            (TO_DATE('2020-03-20','YYYY-MM-DD'), 9, '00995', 995);
INSERT INTO EX.PERSONA(DOC_IDENTIDAD, NOMBRE, NOMBRE1, APELLIDO, APELLIDO1, FECHA_NAC, GENERO, FOTO) VALUES
                  ('00996', 'Nathan', 'Amy', 'Jones', 'Soto', TO_DATE('1992-08-25','YYYY-MM-DD'), 'm', NULL);
INSERT INTO EX.HISTORICO_RESIDENCIA(FECHA_INICIO, ID_LUGAR, ID_PERSONA, FECHA_FIN) VALUES
                  (TO_DATE('1971-02-21','YYYY-MM-DD'), 44, '00996', NULL);
INSERT INTO EX.FICHA_MEDICA(ID, ID_PERSONA, ID_CENTRO_SALUD, ID_LUGAR, ESTADO, FECHA_INFECCION, FECHA_RECUPERACION) VALUES
                                             (996, '00996', 29, 44, 'desconido', NULL, NULL);
INSERT INTO EX.SINTOMAS(FECHA_INICIO, ID_SINTOMA, ID_PERSONA, ID_FICHA_MEDICA) VALUES
                            (TO_DATE('2020-05-17','YYYY-MM-DD'), 1, '00996', 996);
INSERT INTO EX.SINTOMAS(FECHA_INICIO, ID_SINTOMA, ID_PERSONA, ID_FICHA_MEDICA) VALUES
                            (TO_DATE('2020-03-31','YYYY-MM-DD'), 2, '00996', 996);
INSERT INTO EX.SINTOMAS(FECHA_INICIO, ID_SINTOMA, ID_PERSONA, ID_FICHA_MEDICA) VALUES
                            (TO_DATE('2020-05-24','YYYY-MM-DD'), 3, '00996', 996);
INSERT INTO EX.SINTOMAS(FECHA_INICIO, ID_SINTOMA, ID_PERSONA, ID_FICHA_MEDICA) VALUES
                            (TO_DATE('2020-02-27','YYYY-MM-DD'), 4, '00996', 996);
INSERT INTO EX.SINTOMAS(FECHA_INICIO, ID_SINTOMA, ID_PERSONA, ID_FICHA_MEDICA) VALUES
                            (TO_DATE('2020-05-11','YYYY-MM-DD'), 5, '00996', 996);
INSERT INTO EX.SINTOMAS(FECHA_INICIO, ID_SINTOMA, ID_PERSONA, ID_FICHA_MEDICA) VALUES
                            (TO_DATE('2020-05-14','YYYY-MM-DD'), 6, '00996', 996);
INSERT INTO EX.SINTOMAS(FECHA_INICIO, ID_SINTOMA, ID_PERSONA, ID_FICHA_MEDICA) VALUES
                            (TO_DATE('2020-05-02','YYYY-MM-DD'), 7, '00996', 996);
INSERT INTO EX.SINTOMAS(FECHA_INICIO, ID_SINTOMA, ID_PERSONA, ID_FICHA_MEDICA) VALUES
                            (TO_DATE('2020-04-16','YYYY-MM-DD'), 8, '00996', 996);
INSERT INTO EX.SINTOMAS(FECHA_INICIO, ID_SINTOMA, ID_PERSONA, ID_FICHA_MEDICA) VALUES
                            (TO_DATE('2020-05-25','YYYY-MM-DD'), 9, '00996', 996);
INSERT INTO EX.SINTOMAS(FECHA_INICIO, ID_SINTOMA, ID_PERSONA, ID_FICHA_MEDICA) VALUES
                            (TO_DATE('2020-01-08','YYYY-MM-DD'), 10, '00996', 996);
INSERT INTO EX.SINTOMAS(FECHA_INICIO, ID_SINTOMA, ID_PERSONA, ID_FICHA_MEDICA) VALUES
                            (TO_DATE('2020-05-16','YYYY-MM-DD'), 11, '00996', 996);
INSERT INTO EX.PERSONA(DOC_IDENTIDAD, NOMBRE, NOMBRE1, APELLIDO, APELLIDO1, FECHA_NAC, GENERO, FOTO) VALUES
                  ('00997', 'Julie', 'Natalie', 'Donaldson', 'Freeman', TO_DATE('1983-08-24','YYYY-MM-DD'), 'f', NULL);
INSERT INTO EX.HISTORICO_RESIDENCIA(FECHA_INICIO, ID_LUGAR, ID_PERSONA, FECHA_FIN) VALUES
                  (TO_DATE('1978-01-31','YYYY-MM-DD'), 43, '00997', NULL);
INSERT INTO EX.FICHA_MEDICA(ID, ID_PERSONA, ID_CENTRO_SALUD, ID_LUGAR, ESTADO, FECHA_INFECCION, FECHA_RECUPERACION) VALUES
                                             (997, '00997', 28, 43, 'desconido', NULL, NULL);
INSERT INTO EX.SINTOMAS(FECHA_INICIO, ID_SINTOMA, ID_PERSONA, ID_FICHA_MEDICA) VALUES
                            (TO_DATE('2020-05-08','YYYY-MM-DD'), 1, '00997', 997);
INSERT INTO EX.SINTOMAS(FECHA_INICIO, ID_SINTOMA, ID_PERSONA, ID_FICHA_MEDICA) VALUES
                            (TO_DATE('2020-05-19','YYYY-MM-DD'), 2, '00997', 997);
INSERT INTO EX.SINTOMAS(FECHA_INICIO, ID_SINTOMA, ID_PERSONA, ID_FICHA_MEDICA) VALUES
                            (TO_DATE('2020-04-24','YYYY-MM-DD'), 3, '00997', 997);
INSERT INTO EX.SINTOMAS(FECHA_INICIO, ID_SINTOMA, ID_PERSONA, ID_FICHA_MEDICA) VALUES
                            (TO_DATE('2020-03-11','YYYY-MM-DD'), 4, '00997', 997);
INSERT INTO EX.SINTOMAS(FECHA_INICIO, ID_SINTOMA, ID_PERSONA, ID_FICHA_MEDICA) VALUES
                            (TO_DATE('2020-05-18','YYYY-MM-DD'), 5, '00997', 997);
INSERT INTO EX.SINTOMAS(FECHA_INICIO, ID_SINTOMA, ID_PERSONA, ID_FICHA_MEDICA) VALUES
                            (TO_DATE('2020-04-01','YYYY-MM-DD'), 6, '00997', 997);
INSERT INTO EX.SINTOMAS(FECHA_INICIO, ID_SINTOMA, ID_PERSONA, ID_FICHA_MEDICA) VALUES
                            (TO_DATE('2020-06-20','YYYY-MM-DD'), 7, '00997', 997);
INSERT INTO EX.SINTOMAS(FECHA_INICIO, ID_SINTOMA, ID_PERSONA, ID_FICHA_MEDICA) VALUES
                            (TO_DATE('2020-01-19','YYYY-MM-DD'), 8, '00997', 997);
INSERT INTO EX.SINTOMAS(FECHA_INICIO, ID_SINTOMA, ID_PERSONA, ID_FICHA_MEDICA) VALUES
                            (TO_DATE('2020-02-18','YYYY-MM-DD'), 9, '00997', 997);
INSERT INTO EX.SINTOMAS(FECHA_INICIO, ID_SINTOMA, ID_PERSONA, ID_FICHA_MEDICA) VALUES
                            (TO_DATE('2020-04-30','YYYY-MM-DD'), 10, '00997', 997);
INSERT INTO EX.SINTOMAS(FECHA_INICIO, ID_SINTOMA, ID_PERSONA, ID_FICHA_MEDICA) VALUES
                            (TO_DATE('2020-03-14','YYYY-MM-DD'), 11, '00997', 997);
INSERT INTO EX.SINTOMAS(FECHA_INICIO, ID_SINTOMA, ID_PERSONA, ID_FICHA_MEDICA) VALUES
                            (TO_DATE('2020-03-17','YYYY-MM-DD'), 12, '00997', 997);
INSERT INTO EX.SINTOMAS(FECHA_INICIO, ID_SINTOMA, ID_PERSONA, ID_FICHA_MEDICA) VALUES
                            (TO_DATE('2020-06-07','YYYY-MM-DD'), 13, '00997', 997);
INSERT INTO EX.SINTOMAS(FECHA_INICIO, ID_SINTOMA, ID_PERSONA, ID_FICHA_MEDICA) VALUES
                            (TO_DATE('2020-02-24','YYYY-MM-DD'), 14, '00997', 997);
INSERT INTO EX.SINTOMAS(FECHA_INICIO, ID_SINTOMA, ID_PERSONA, ID_FICHA_MEDICA) VALUES
                            (TO_DATE('2020-01-14','YYYY-MM-DD'), 15, '00997', 997);
INSERT INTO EX.SINTOMAS(FECHA_INICIO, ID_SINTOMA, ID_PERSONA, ID_FICHA_MEDICA) VALUES
                            (TO_DATE('2020-05-24','YYYY-MM-DD'), 16, '00997', 997);
INSERT INTO EX.SINTOMAS(FECHA_INICIO, ID_SINTOMA, ID_PERSONA, ID_FICHA_MEDICA) VALUES
                            (TO_DATE('2020-06-23','YYYY-MM-DD'), 17, '00997', 997);
INSERT INTO EX.PERSONA(DOC_IDENTIDAD, NOMBRE, NOMBRE1, APELLIDO, APELLIDO1, FECHA_NAC, GENERO, FOTO) VALUES
                  ('00998', 'Jay', 'John', 'Snyder', 'Aguirre', TO_DATE('1996-12-04','YYYY-MM-DD'), 'm', NULL);
INSERT INTO EX.HISTORICO_RESIDENCIA(FECHA_INICIO, ID_LUGAR, ID_PERSONA, FECHA_FIN) VALUES
                  (TO_DATE('1977-10-30','YYYY-MM-DD'), 44, '00998', NULL);
INSERT INTO EX.FICHA_MEDICA(ID, ID_PERSONA, ID_CENTRO_SALUD, ID_LUGAR, ESTADO, FECHA_INFECCION, FECHA_RECUPERACION) VALUES
                                             (998, '00998', 29, 44, 'desconido', NULL, NULL);
INSERT INTO EX.SINTOMAS(FECHA_INICIO, ID_SINTOMA, ID_PERSONA, ID_FICHA_MEDICA) VALUES
                            (TO_DATE('2020-02-10','YYYY-MM-DD'), 1, '00998', 998);
INSERT INTO EX.SINTOMAS(FECHA_INICIO, ID_SINTOMA, ID_PERSONA, ID_FICHA_MEDICA) VALUES
                            (TO_DATE('2020-06-25','YYYY-MM-DD'), 2, '00998', 998);
INSERT INTO EX.SINTOMAS(FECHA_INICIO, ID_SINTOMA, ID_PERSONA, ID_FICHA_MEDICA) VALUES
                            (TO_DATE('2020-06-06','YYYY-MM-DD'), 3, '00998', 998);
INSERT INTO EX.SINTOMAS(FECHA_INICIO, ID_SINTOMA, ID_PERSONA, ID_FICHA_MEDICA) VALUES
                            (TO_DATE('2020-05-21','YYYY-MM-DD'), 4, '00998', 998);
INSERT INTO EX.SINTOMAS(FECHA_INICIO, ID_SINTOMA, ID_PERSONA, ID_FICHA_MEDICA) VALUES
                            (TO_DATE('2020-03-16','YYYY-MM-DD'), 5, '00998', 998);
INSERT INTO EX.SINTOMAS(FECHA_INICIO, ID_SINTOMA, ID_PERSONA, ID_FICHA_MEDICA) VALUES
                            (TO_DATE('2020-05-08','YYYY-MM-DD'), 6, '00998', 998);
INSERT INTO EX.SINTOMAS(FECHA_INICIO, ID_SINTOMA, ID_PERSONA, ID_FICHA_MEDICA) VALUES
                            (TO_DATE('2020-04-12','YYYY-MM-DD'), 7, '00998', 998);
INSERT INTO EX.SINTOMAS(FECHA_INICIO, ID_SINTOMA, ID_PERSONA, ID_FICHA_MEDICA) VALUES
                            (TO_DATE('2020-06-06','YYYY-MM-DD'), 8, '00998', 998);
INSERT INTO EX.SINTOMAS(FECHA_INICIO, ID_SINTOMA, ID_PERSONA, ID_FICHA_MEDICA) VALUES
                            (TO_DATE('2020-06-21','YYYY-MM-DD'), 9, '00998', 998);
INSERT INTO EX.SINTOMAS(FECHA_INICIO, ID_SINTOMA, ID_PERSONA, ID_FICHA_MEDICA) VALUES
                            (TO_DATE('2020-06-14','YYYY-MM-DD'), 10, '00998', 998);
INSERT INTO EX.SINTOMAS(FECHA_INICIO, ID_SINTOMA, ID_PERSONA, ID_FICHA_MEDICA) VALUES
                            (TO_DATE('2020-05-10','YYYY-MM-DD'), 11, '00998', 998);
INSERT INTO EX.PERSONA(DOC_IDENTIDAD, NOMBRE, NOMBRE1, APELLIDO, APELLIDO1, FECHA_NAC, GENERO, FOTO) VALUES
                  ('00999', 'Patricia', 'Susan', 'Rice', 'Torres', TO_DATE('1988-07-10','YYYY-MM-DD'), 'f', NULL);
INSERT INTO EX.HISTORICO_RESIDENCIA(FECHA_INICIO, ID_LUGAR, ID_PERSONA, FECHA_FIN) VALUES
                  (TO_DATE('1987-09-26','YYYY-MM-DD'), 42, '00999', NULL);
INSERT INTO EX.FICHA_MEDICA(ID, ID_PERSONA, ID_CENTRO_SALUD, ID_LUGAR, ESTADO, FECHA_INFECCION, FECHA_RECUPERACION) VALUES
                                             (999, '00999', 27, 42, 'desconido', NULL, NULL);
INSERT INTO EX.PERSONA(DOC_IDENTIDAD, NOMBRE, NOMBRE1, APELLIDO, APELLIDO1, FECHA_NAC, GENERO, FOTO) VALUES
                  ('01000', 'Eddie', 'Alexander', 'Hamilton', 'Palmer', TO_DATE('2013-08-10','YYYY-MM-DD'), 'm', NULL);
INSERT INTO EX.HISTORICO_RESIDENCIA(FECHA_INICIO, ID_LUGAR, ID_PERSONA, FECHA_FIN) VALUES
                  (TO_DATE('1973-08-17','YYYY-MM-DD'), 23, '01000', NULL);
INSERT INTO EX.FICHA_MEDICA(ID, ID_PERSONA, ID_CENTRO_SALUD, ID_LUGAR, ESTADO, FECHA_INFECCION, FECHA_RECUPERACION) VALUES
                                             (1000, '01000', 8, 23, 'desconido', NULL, NULL);
INSERT INTO EX.PERSONA(DOC_IDENTIDAD, NOMBRE, NOMBRE1, APELLIDO, APELLIDO1, FECHA_NAC, GENERO, FOTO) VALUES
                  ('01001', 'Sean', 'Michael', 'Ortiz', 'Hawkins', TO_DATE('2003-02-19','YYYY-MM-DD'), 'f', NULL);
INSERT INTO EX.HISTORICO_RESIDENCIA(FECHA_INICIO, ID_LUGAR, ID_PERSONA, FECHA_FIN) VALUES
                  (TO_DATE('2014-10-08','YYYY-MM-DD'), 25, '01001', NULL);
INSERT INTO EX.FICHA_MEDICA(ID, ID_PERSONA, ID_CENTRO_SALUD, ID_LUGAR, ESTADO, FECHA_INFECCION, FECHA_RECUPERACION) VALUES
                                             (1001, '01001', 10, 25, 'desconido', NULL, NULL);
INSERT INTO EX.PADECIMIENTOS(ID_PATOLOGIA, ID_PERSONA, ID_FICHA_MEDICA) VALUES
                            (1, '01001', 1001);
INSERT INTO EX.PADECIMIENTOS(ID_PATOLOGIA, ID_PERSONA, ID_FICHA_MEDICA) VALUES
                            (2, '01001', 1001);
INSERT INTO EX.PADECIMIENTOS(ID_PATOLOGIA, ID_PERSONA, ID_FICHA_MEDICA) VALUES
                            (3, '01001', 1001);
INSERT INTO EX.PADECIMIENTOS(ID_PATOLOGIA, ID_PERSONA, ID_FICHA_MEDICA) VALUES
                            (4, '01001', 1001);
INSERT INTO EX.PADECIMIENTOS(ID_PATOLOGIA, ID_PERSONA, ID_FICHA_MEDICA) VALUES
                            (5, '01001', 1001);
INSERT INTO EX.PADECIMIENTOS(ID_PATOLOGIA, ID_PERSONA, ID_FICHA_MEDICA) VALUES
                            (6, '01001', 1001);
INSERT INTO EX.PADECIMIENTOS(ID_PATOLOGIA, ID_PERSONA, ID_FICHA_MEDICA) VALUES
                            (7, '01001', 1001);
INSERT INTO EX.PADECIMIENTOS(ID_PATOLOGIA, ID_PERSONA, ID_FICHA_MEDICA) VALUES
                            (8, '01001', 1001);
INSERT INTO EX.PADECIMIENTOS(ID_PATOLOGIA, ID_PERSONA, ID_FICHA_MEDICA) VALUES
                            (9, '01001', 1001);
INSERT INTO EX.PADECIMIENTOS(ID_PATOLOGIA, ID_PERSONA, ID_FICHA_MEDICA) VALUES
                            (10, '01001', 1001);
INSERT INTO EX.PADECIMIENTOS(ID_PATOLOGIA, ID_PERSONA, ID_FICHA_MEDICA) VALUES
                            (11, '01001', 1001);
INSERT INTO EX.PADECIMIENTOS(ID_PATOLOGIA, ID_PERSONA, ID_FICHA_MEDICA) VALUES
                            (12, '01001', 1001);
INSERT INTO EX.PADECIMIENTOS(ID_PATOLOGIA, ID_PERSONA, ID_FICHA_MEDICA) VALUES
                            (13, '01001', 1001);
INSERT INTO EX.PADECIMIENTOS(ID_PATOLOGIA, ID_PERSONA, ID_FICHA_MEDICA) VALUES
                            (14, '01001', 1001);
INSERT INTO EX.PADECIMIENTOS(ID_PATOLOGIA, ID_PERSONA, ID_FICHA_MEDICA) VALUES
                            (15, '01001', 1001);
INSERT INTO EX.SINTOMAS(FECHA_INICIO, ID_SINTOMA, ID_PERSONA, ID_FICHA_MEDICA) VALUES
                            (TO_DATE('2020-05-04','YYYY-MM-DD'), 1, '01001', 1001);
INSERT INTO EX.SINTOMAS(FECHA_INICIO, ID_SINTOMA, ID_PERSONA, ID_FICHA_MEDICA) VALUES
                            (TO_DATE('2020-01-16','YYYY-MM-DD'), 2, '01001', 1001);
INSERT INTO EX.SINTOMAS(FECHA_INICIO, ID_SINTOMA, ID_PERSONA, ID_FICHA_MEDICA) VALUES
                            (TO_DATE('2020-05-09','YYYY-MM-DD'), 3, '01001', 1001);
INSERT INTO EX.SINTOMAS(FECHA_INICIO, ID_SINTOMA, ID_PERSONA, ID_FICHA_MEDICA) VALUES
                            (TO_DATE('2020-04-09','YYYY-MM-DD'), 4, '01001', 1001);
INSERT INTO EX.SINTOMAS(FECHA_INICIO, ID_SINTOMA, ID_PERSONA, ID_FICHA_MEDICA) VALUES
                            (TO_DATE('2020-06-05','YYYY-MM-DD'), 5, '01001', 1001);
INSERT INTO EX.PERSONA(DOC_IDENTIDAD, NOMBRE, NOMBRE1, APELLIDO, APELLIDO1, FECHA_NAC, GENERO, FOTO) VALUES
                  ('01002', 'Jackie', 'Deanna', 'Mitchell', 'Perez', TO_DATE('2004-05-30','YYYY-MM-DD'), 'm', NULL);
INSERT INTO EX.HISTORICO_RESIDENCIA(FECHA_INICIO, ID_LUGAR, ID_PERSONA, FECHA_FIN) VALUES
                  (TO_DATE('1986-05-12','YYYY-MM-DD'), 28, '01002', NULL);
INSERT INTO EX.FICHA_MEDICA(ID, ID_PERSONA, ID_CENTRO_SALUD, ID_LUGAR, ESTADO, FECHA_INFECCION, FECHA_RECUPERACION) VALUES
                                             (1002, '01002', 13, 28, 'desconido', NULL, NULL);
INSERT INTO EX.PADECIMIENTOS(ID_PATOLOGIA, ID_PERSONA, ID_FICHA_MEDICA) VALUES
                            (1, '01002', 1002);
INSERT INTO EX.PADECIMIENTOS(ID_PATOLOGIA, ID_PERSONA, ID_FICHA_MEDICA) VALUES
                            (2, '01002', 1002);
INSERT INTO EX.PADECIMIENTOS(ID_PATOLOGIA, ID_PERSONA, ID_FICHA_MEDICA) VALUES
                            (3, '01002', 1002);
INSERT INTO EX.PADECIMIENTOS(ID_PATOLOGIA, ID_PERSONA, ID_FICHA_MEDICA) VALUES
                            (4, '01002', 1002);
INSERT INTO EX.PADECIMIENTOS(ID_PATOLOGIA, ID_PERSONA, ID_FICHA_MEDICA) VALUES
                            (5, '01002', 1002);
INSERT INTO EX.PADECIMIENTOS(ID_PATOLOGIA, ID_PERSONA, ID_FICHA_MEDICA) VALUES
                            (6, '01002', 1002);
INSERT INTO EX.PADECIMIENTOS(ID_PATOLOGIA, ID_PERSONA, ID_FICHA_MEDICA) VALUES
                            (7, '01002', 1002);
INSERT INTO EX.PADECIMIENTOS(ID_PATOLOGIA, ID_PERSONA, ID_FICHA_MEDICA) VALUES
                            (8, '01002', 1002);
INSERT INTO EX.PADECIMIENTOS(ID_PATOLOGIA, ID_PERSONA, ID_FICHA_MEDICA) VALUES
                            (9, '01002', 1002);
INSERT INTO EX.PADECIMIENTOS(ID_PATOLOGIA, ID_PERSONA, ID_FICHA_MEDICA) VALUES
                            (10, '01002', 1002);
INSERT INTO EX.SINTOMAS(FECHA_INICIO, ID_SINTOMA, ID_PERSONA, ID_FICHA_MEDICA) VALUES
                            (TO_DATE('2020-01-29','YYYY-MM-DD'), 1, '01002', 1002);
INSERT INTO EX.SINTOMAS(FECHA_INICIO, ID_SINTOMA, ID_PERSONA, ID_FICHA_MEDICA) VALUES
                            (TO_DATE('2020-01-07','YYYY-MM-DD'), 2, '01002', 1002);
INSERT INTO EX.SINTOMAS(FECHA_INICIO, ID_SINTOMA, ID_PERSONA, ID_FICHA_MEDICA) VALUES
                            (TO_DATE('2020-04-04','YYYY-MM-DD'), 3, '01002', 1002);
INSERT INTO EX.SINTOMAS(FECHA_INICIO, ID_SINTOMA, ID_PERSONA, ID_FICHA_MEDICA) VALUES
                            (TO_DATE('2020-05-04','YYYY-MM-DD'), 4, '01002', 1002);
INSERT INTO EX.SINTOMAS(FECHA_INICIO, ID_SINTOMA, ID_PERSONA, ID_FICHA_MEDICA) VALUES
                            (TO_DATE('2020-02-26','YYYY-MM-DD'), 5, '01002', 1002);
INSERT INTO EX.PERSONA(DOC_IDENTIDAD, NOMBRE, NOMBRE1, APELLIDO, APELLIDO1, FECHA_NAC, GENERO, FOTO) VALUES
                  ('01003', 'Alex', 'Michael', 'Austin', 'Gibson', TO_DATE('2006-04-13','YYYY-MM-DD'), 'f', NULL);
INSERT INTO EX.HISTORICO_RESIDENCIA(FECHA_INICIO, ID_LUGAR, ID_PERSONA, FECHA_FIN) VALUES
                  (TO_DATE('1978-10-09','YYYY-MM-DD'), 35, '01003', NULL);
INSERT INTO EX.FICHA_MEDICA(ID, ID_PERSONA, ID_CENTRO_SALUD, ID_LUGAR, ESTADO, FECHA_INFECCION, FECHA_RECUPERACION) VALUES
                                             (1003, '01003', 20, 35, 'desconido', NULL, NULL);
INSERT INTO EX.PADECIMIENTOS(ID_PATOLOGIA, ID_PERSONA, ID_FICHA_MEDICA) VALUES
                            (1, '01003', 1003);
INSERT INTO EX.PADECIMIENTOS(ID_PATOLOGIA, ID_PERSONA, ID_FICHA_MEDICA) VALUES
                            (2, '01003', 1003);
INSERT INTO EX.PADECIMIENTOS(ID_PATOLOGIA, ID_PERSONA, ID_FICHA_MEDICA) VALUES
                            (3, '01003', 1003);
INSERT INTO EX.PADECIMIENTOS(ID_PATOLOGIA, ID_PERSONA, ID_FICHA_MEDICA) VALUES
                            (4, '01003', 1003);
INSERT INTO EX.PADECIMIENTOS(ID_PATOLOGIA, ID_PERSONA, ID_FICHA_MEDICA) VALUES
                            (5, '01003', 1003);
INSERT INTO EX.SINTOMAS(FECHA_INICIO, ID_SINTOMA, ID_PERSONA, ID_FICHA_MEDICA) VALUES
                            (TO_DATE('2020-01-11','YYYY-MM-DD'), 1, '01003', 1003);
INSERT INTO EX.PERSONA(DOC_IDENTIDAD, NOMBRE, NOMBRE1, APELLIDO, APELLIDO1, FECHA_NAC, GENERO, FOTO) VALUES
                  ('01004', 'Scott', 'Dylan', 'Savage', 'Larsen', TO_DATE('1975-09-24','YYYY-MM-DD'), 'm', NULL);
INSERT INTO EX.HISTORICO_RESIDENCIA(FECHA_INICIO, ID_LUGAR, ID_PERSONA, FECHA_FIN) VALUES
                  (TO_DATE('2018-10-26','YYYY-MM-DD'), 23, '01004', NULL);
INSERT INTO EX.FICHA_MEDICA(ID, ID_PERSONA, ID_CENTRO_SALUD, ID_LUGAR, ESTADO, FECHA_INFECCION, FECHA_RECUPERACION) VALUES
                                             (1004, '01004', 8, 23, 'desconido', NULL, NULL);
INSERT INTO EX.PADECIMIENTOS(ID_PATOLOGIA, ID_PERSONA, ID_FICHA_MEDICA) VALUES
                            (1, '01004', 1004);
INSERT INTO EX.PADECIMIENTOS(ID_PATOLOGIA, ID_PERSONA, ID_FICHA_MEDICA) VALUES
                            (2, '01004', 1004);
INSERT INTO EX.PADECIMIENTOS(ID_PATOLOGIA, ID_PERSONA, ID_FICHA_MEDICA) VALUES
                            (3, '01004', 1004);
INSERT INTO EX.PADECIMIENTOS(ID_PATOLOGIA, ID_PERSONA, ID_FICHA_MEDICA) VALUES
                            (4, '01004', 1004);
INSERT INTO EX.PADECIMIENTOS(ID_PATOLOGIA, ID_PERSONA, ID_FICHA_MEDICA) VALUES
                            (5, '01004', 1004);
INSERT INTO EX.PADECIMIENTOS(ID_PATOLOGIA, ID_PERSONA, ID_FICHA_MEDICA) VALUES
                            (6, '01004', 1004);
INSERT INTO EX.PADECIMIENTOS(ID_PATOLOGIA, ID_PERSONA, ID_FICHA_MEDICA) VALUES
                            (7, '01004', 1004);
INSERT INTO EX.PADECIMIENTOS(ID_PATOLOGIA, ID_PERSONA, ID_FICHA_MEDICA) VALUES
                            (8, '01004', 1004);
INSERT INTO EX.PADECIMIENTOS(ID_PATOLOGIA, ID_PERSONA, ID_FICHA_MEDICA) VALUES
                            (9, '01004', 1004);
INSERT INTO EX.PADECIMIENTOS(ID_PATOLOGIA, ID_PERSONA, ID_FICHA_MEDICA) VALUES
                            (10, '01004', 1004);
INSERT INTO EX.PADECIMIENTOS(ID_PATOLOGIA, ID_PERSONA, ID_FICHA_MEDICA) VALUES
                            (11, '01004', 1004);
INSERT INTO EX.PADECIMIENTOS(ID_PATOLOGIA, ID_PERSONA, ID_FICHA_MEDICA) VALUES
                            (12, '01004', 1004);
INSERT INTO EX.PADECIMIENTOS(ID_PATOLOGIA, ID_PERSONA, ID_FICHA_MEDICA) VALUES
                            (13, '01004', 1004);
INSERT INTO EX.PADECIMIENTOS(ID_PATOLOGIA, ID_PERSONA, ID_FICHA_MEDICA) VALUES
                            (14, '01004', 1004);
INSERT INTO EX.PERSONA(DOC_IDENTIDAD, NOMBRE, NOMBRE1, APELLIDO, APELLIDO1, FECHA_NAC, GENERO, FOTO) VALUES
                  ('01005', 'Laurie', 'Laura', 'West', 'Pratt', TO_DATE('1976-01-21','YYYY-MM-DD'), 'f', NULL);
INSERT INTO EX.HISTORICO_RESIDENCIA(FECHA_INICIO, ID_LUGAR, ID_PERSONA, FECHA_FIN) VALUES
                  (TO_DATE('1988-11-17','YYYY-MM-DD'), 27, '01005', NULL);
INSERT INTO EX.FICHA_MEDICA(ID, ID_PERSONA, ID_CENTRO_SALUD, ID_LUGAR, ESTADO, FECHA_INFECCION, FECHA_RECUPERACION) VALUES
                                             (1005, '01005', 12, 27, 'desconido', NULL, NULL);
INSERT INTO EX.PADECIMIENTOS(ID_PATOLOGIA, ID_PERSONA, ID_FICHA_MEDICA) VALUES
                            (1, '01005', 1005);
INSERT INTO EX.PADECIMIENTOS(ID_PATOLOGIA, ID_PERSONA, ID_FICHA_MEDICA) VALUES
                            (2, '01005', 1005);
INSERT INTO EX.PADECIMIENTOS(ID_PATOLOGIA, ID_PERSONA, ID_FICHA_MEDICA) VALUES
                            (3, '01005', 1005);
INSERT INTO EX.PADECIMIENTOS(ID_PATOLOGIA, ID_PERSONA, ID_FICHA_MEDICA) VALUES
                            (4, '01005', 1005);
INSERT INTO EX.PERSONA(DOC_IDENTIDAD, NOMBRE, NOMBRE1, APELLIDO, APELLIDO1, FECHA_NAC, GENERO, FOTO) VALUES
                  ('01006', 'Sandra', 'Kimberly', 'Andrews', 'Bell', TO_DATE('2007-10-24','YYYY-MM-DD'), 'm', NULL);
INSERT INTO EX.HISTORICO_RESIDENCIA(FECHA_INICIO, ID_LUGAR, ID_PERSONA, FECHA_FIN) VALUES
                  (TO_DATE('2005-03-06','YYYY-MM-DD'), 44, '01006', NULL);
INSERT INTO EX.FICHA_MEDICA(ID, ID_PERSONA, ID_CENTRO_SALUD, ID_LUGAR, ESTADO, FECHA_INFECCION, FECHA_RECUPERACION) VALUES
                                             (1006, '01006', 29, 44, 'desconido', NULL, NULL);
INSERT INTO EX.PADECIMIENTOS(ID_PATOLOGIA, ID_PERSONA, ID_FICHA_MEDICA) VALUES
                            (1, '01006', 1006);
INSERT INTO EX.PADECIMIENTOS(ID_PATOLOGIA, ID_PERSONA, ID_FICHA_MEDICA) VALUES
                            (2, '01006', 1006);
INSERT INTO EX.PADECIMIENTOS(ID_PATOLOGIA, ID_PERSONA, ID_FICHA_MEDICA) VALUES
                            (3, '01006', 1006);
INSERT INTO EX.PADECIMIENTOS(ID_PATOLOGIA, ID_PERSONA, ID_FICHA_MEDICA) VALUES
                            (4, '01006', 1006);
INSERT INTO EX.PERSONA(DOC_IDENTIDAD, NOMBRE, NOMBRE1, APELLIDO, APELLIDO1, FECHA_NAC, GENERO, FOTO) VALUES
                  ('01007', 'Tanya', 'Joyce', 'Padilla', 'Foster', TO_DATE('2004-10-22','YYYY-MM-DD'), 'f', NULL);
INSERT INTO EX.HISTORICO_RESIDENCIA(FECHA_INICIO, ID_LUGAR, ID_PERSONA, FECHA_FIN) VALUES
                  (TO_DATE('1998-02-07','YYYY-MM-DD'), 23, '01007', NULL);
INSERT INTO EX.FICHA_MEDICA(ID, ID_PERSONA, ID_CENTRO_SALUD, ID_LUGAR, ESTADO, FECHA_INFECCION, FECHA_RECUPERACION) VALUES
                                             (1007, '01007', 8, 23, 'desconido', NULL, NULL);
INSERT INTO EX.SINTOMAS(FECHA_INICIO, ID_SINTOMA, ID_PERSONA, ID_FICHA_MEDICA) VALUES
                            (TO_DATE('2020-02-11','YYYY-MM-DD'), 1, '01007', 1007);
INSERT INTO EX.SINTOMAS(FECHA_INICIO, ID_SINTOMA, ID_PERSONA, ID_FICHA_MEDICA) VALUES
                            (TO_DATE('2020-06-07','YYYY-MM-DD'), 2, '01007', 1007);
INSERT INTO EX.SINTOMAS(FECHA_INICIO, ID_SINTOMA, ID_PERSONA, ID_FICHA_MEDICA) VALUES
                            (TO_DATE('2020-01-13','YYYY-MM-DD'), 3, '01007', 1007);
INSERT INTO EX.SINTOMAS(FECHA_INICIO, ID_SINTOMA, ID_PERSONA, ID_FICHA_MEDICA) VALUES
                            (TO_DATE('2020-06-29','YYYY-MM-DD'), 4, '01007', 1007);
INSERT INTO EX.PERSONA(DOC_IDENTIDAD, NOMBRE, NOMBRE1, APELLIDO, APELLIDO1, FECHA_NAC, GENERO, FOTO) VALUES
                  ('01008', 'Jo', 'Ryan', 'Gentry', 'Simpson', TO_DATE('2010-08-16','YYYY-MM-DD'), 'm', NULL);
INSERT INTO EX.HISTORICO_RESIDENCIA(FECHA_INICIO, ID_LUGAR, ID_PERSONA, FECHA_FIN) VALUES
                  (TO_DATE('2013-08-20','YYYY-MM-DD'), 20, '01008', NULL);
INSERT INTO EX.FICHA_MEDICA(ID, ID_PERSONA, ID_CENTRO_SALUD, ID_LUGAR, ESTADO, FECHA_INFECCION, FECHA_RECUPERACION) VALUES
                                             (1008, '01008', 5, 20, 'desconido', NULL, NULL);
INSERT INTO EX.PADECIMIENTOS(ID_PATOLOGIA, ID_PERSONA, ID_FICHA_MEDICA) VALUES
                            (1, '01008', 1008);
INSERT INTO EX.PADECIMIENTOS(ID_PATOLOGIA, ID_PERSONA, ID_FICHA_MEDICA) VALUES
                            (2, '01008', 1008);
INSERT INTO EX.PADECIMIENTOS(ID_PATOLOGIA, ID_PERSONA, ID_FICHA_MEDICA) VALUES
                            (3, '01008', 1008);
INSERT INTO EX.PADECIMIENTOS(ID_PATOLOGIA, ID_PERSONA, ID_FICHA_MEDICA) VALUES
                            (4, '01008', 1008);
INSERT INTO EX.PADECIMIENTOS(ID_PATOLOGIA, ID_PERSONA, ID_FICHA_MEDICA) VALUES
                            (5, '01008', 1008);
INSERT INTO EX.PADECIMIENTOS(ID_PATOLOGIA, ID_PERSONA, ID_FICHA_MEDICA) VALUES
                            (6, '01008', 1008);
INSERT INTO EX.PADECIMIENTOS(ID_PATOLOGIA, ID_PERSONA, ID_FICHA_MEDICA) VALUES
                            (7, '01008', 1008);
INSERT INTO EX.PADECIMIENTOS(ID_PATOLOGIA, ID_PERSONA, ID_FICHA_MEDICA) VALUES
                            (8, '01008', 1008);
INSERT INTO EX.PADECIMIENTOS(ID_PATOLOGIA, ID_PERSONA, ID_FICHA_MEDICA) VALUES
                            (9, '01008', 1008);
INSERT INTO EX.PADECIMIENTOS(ID_PATOLOGIA, ID_PERSONA, ID_FICHA_MEDICA) VALUES
                            (10, '01008', 1008);
INSERT INTO EX.PADECIMIENTOS(ID_PATOLOGIA, ID_PERSONA, ID_FICHA_MEDICA) VALUES
                            (11, '01008', 1008);
INSERT INTO EX.PADECIMIENTOS(ID_PATOLOGIA, ID_PERSONA, ID_FICHA_MEDICA) VALUES
                            (12, '01008', 1008);
INSERT INTO EX.PERSONA(DOC_IDENTIDAD, NOMBRE, NOMBRE1, APELLIDO, APELLIDO1, FECHA_NAC, GENERO, FOTO) VALUES
                  ('01009', 'Linda', 'Jamie', 'Saunders', 'Griffin', TO_DATE('2006-06-14','YYYY-MM-DD'), 'f', NULL);
INSERT INTO EX.HISTORICO_RESIDENCIA(FECHA_INICIO, ID_LUGAR, ID_PERSONA, FECHA_FIN) VALUES
                  (TO_DATE('2005-08-27','YYYY-MM-DD'), 27, '01009', NULL);
INSERT INTO EX.FICHA_MEDICA(ID, ID_PERSONA, ID_CENTRO_SALUD, ID_LUGAR, ESTADO, FECHA_INFECCION, FECHA_RECUPERACION) VALUES
                                             (1009, '01009', 12, 27, 'desconido', NULL, NULL);
INSERT INTO EX.SINTOMAS(FECHA_INICIO, ID_SINTOMA, ID_PERSONA, ID_FICHA_MEDICA) VALUES
                            (TO_DATE('2020-06-22','YYYY-MM-DD'), 1, '01009', 1009);
INSERT INTO EX.SINTOMAS(FECHA_INICIO, ID_SINTOMA, ID_PERSONA, ID_FICHA_MEDICA) VALUES
                            (TO_DATE('2020-01-29','YYYY-MM-DD'), 2, '01009', 1009);
INSERT INTO EX.SINTOMAS(FECHA_INICIO, ID_SINTOMA, ID_PERSONA, ID_FICHA_MEDICA) VALUES
                            (TO_DATE('2020-01-09','YYYY-MM-DD'), 3, '01009', 1009);
INSERT INTO EX.SINTOMAS(FECHA_INICIO, ID_SINTOMA, ID_PERSONA, ID_FICHA_MEDICA) VALUES
                            (TO_DATE('2020-06-08','YYYY-MM-DD'), 4, '01009', 1009);
INSERT INTO EX.SINTOMAS(FECHA_INICIO, ID_SINTOMA, ID_PERSONA, ID_FICHA_MEDICA) VALUES
                            (TO_DATE('2020-06-01','YYYY-MM-DD'), 5, '01009', 1009);
INSERT INTO EX.PERSONA(DOC_IDENTIDAD, NOMBRE, NOMBRE1, APELLIDO, APELLIDO1, FECHA_NAC, GENERO, FOTO) VALUES
                  ('01010', 'Sherry', 'Thomas', 'Roberts', 'Johnson', TO_DATE('1992-07-06','YYYY-MM-DD'), 'm', NULL);
INSERT INTO EX.HISTORICO_RESIDENCIA(FECHA_INICIO, ID_LUGAR, ID_PERSONA, FECHA_FIN) VALUES
                  (TO_DATE('2018-06-23','YYYY-MM-DD'), 24, '01010', NULL);
INSERT INTO EX.FICHA_MEDICA(ID, ID_PERSONA, ID_CENTRO_SALUD, ID_LUGAR, ESTADO, FECHA_INFECCION, FECHA_RECUPERACION) VALUES
                                             (1010, '01010', 9, 24, 'desconido', NULL, NULL);
INSERT INTO EX.PERSONA(DOC_IDENTIDAD, NOMBRE, NOMBRE1, APELLIDO, APELLIDO1, FECHA_NAC, GENERO, FOTO) VALUES
                  ('01011', 'Daniel', 'Nicole', 'Garrett', 'Berg', TO_DATE('1978-08-27','YYYY-MM-DD'), 'f', NULL);
INSERT INTO EX.HISTORICO_RESIDENCIA(FECHA_INICIO, ID_LUGAR, ID_PERSONA, FECHA_FIN) VALUES
                  (TO_DATE('2009-07-29','YYYY-MM-DD'), 31, '01011', NULL);
INSERT INTO EX.FICHA_MEDICA(ID, ID_PERSONA, ID_CENTRO_SALUD, ID_LUGAR, ESTADO, FECHA_INFECCION, FECHA_RECUPERACION) VALUES
                                             (1011, '01011', 16, 31, 'desconido', NULL, NULL);
INSERT INTO EX.PERSONA(DOC_IDENTIDAD, NOMBRE, NOMBRE1, APELLIDO, APELLIDO1, FECHA_NAC, GENERO, FOTO) VALUES
                  ('01012', 'John', 'Jamie', 'Moore', 'Bell', TO_DATE('2010-02-10','YYYY-MM-DD'), 'm', NULL);
INSERT INTO EX.HISTORICO_RESIDENCIA(FECHA_INICIO, ID_LUGAR, ID_PERSONA, FECHA_FIN) VALUES
                  (TO_DATE('1977-01-25','YYYY-MM-DD'), 23, '01012', NULL);
INSERT INTO EX.FICHA_MEDICA(ID, ID_PERSONA, ID_CENTRO_SALUD, ID_LUGAR, ESTADO, FECHA_INFECCION, FECHA_RECUPERACION) VALUES
                                             (1012, '01012', 8, 23, 'desconido', NULL, NULL);
INSERT INTO EX.PADECIMIENTOS(ID_PATOLOGIA, ID_PERSONA, ID_FICHA_MEDICA) VALUES
                            (1, '01012', 1012);
INSERT INTO EX.PADECIMIENTOS(ID_PATOLOGIA, ID_PERSONA, ID_FICHA_MEDICA) VALUES
                            (2, '01012', 1012);
INSERT INTO EX.PADECIMIENTOS(ID_PATOLOGIA, ID_PERSONA, ID_FICHA_MEDICA) VALUES
                            (3, '01012', 1012);
INSERT INTO EX.PADECIMIENTOS(ID_PATOLOGIA, ID_PERSONA, ID_FICHA_MEDICA) VALUES
                            (4, '01012', 1012);
INSERT INTO EX.PERSONA(DOC_IDENTIDAD, NOMBRE, NOMBRE1, APELLIDO, APELLIDO1, FECHA_NAC, GENERO, FOTO) VALUES
                  ('01013', 'Dawn', 'Joseph', 'Thomas', 'Smith', TO_DATE('1997-02-16','YYYY-MM-DD'), 'f', NULL);
INSERT INTO EX.HISTORICO_RESIDENCIA(FECHA_INICIO, ID_LUGAR, ID_PERSONA, FECHA_FIN) VALUES
                  (TO_DATE('1990-07-22','YYYY-MM-DD'), 21, '01013', NULL);
INSERT INTO EX.FICHA_MEDICA(ID, ID_PERSONA, ID_CENTRO_SALUD, ID_LUGAR, ESTADO, FECHA_INFECCION, FECHA_RECUPERACION) VALUES
                                             (1013, '01013', 6, 21, 'desconido', NULL, NULL);
INSERT INTO EX.PERSONA(DOC_IDENTIDAD, NOMBRE, NOMBRE1, APELLIDO, APELLIDO1, FECHA_NAC, GENERO, FOTO) VALUES
                  ('01014', 'Rebekah', 'Stephanie', 'Brown', 'Spencer', TO_DATE('2001-04-30','YYYY-MM-DD'), 'm', NULL);
INSERT INTO EX.HISTORICO_RESIDENCIA(FECHA_INICIO, ID_LUGAR, ID_PERSONA, FECHA_FIN) VALUES
                  (TO_DATE('1993-06-22','YYYY-MM-DD'), 40, '01014', NULL);
INSERT INTO EX.FICHA_MEDICA(ID, ID_PERSONA, ID_CENTRO_SALUD, ID_LUGAR, ESTADO, FECHA_INFECCION, FECHA_RECUPERACION) VALUES
                                             (1014, '01014', 25, 40, 'desconido', NULL, NULL);
INSERT INTO EX.SINTOMAS(FECHA_INICIO, ID_SINTOMA, ID_PERSONA, ID_FICHA_MEDICA) VALUES
                            (TO_DATE('2020-04-08','YYYY-MM-DD'), 1, '01014', 1014);
INSERT INTO EX.SINTOMAS(FECHA_INICIO, ID_SINTOMA, ID_PERSONA, ID_FICHA_MEDICA) VALUES
                            (TO_DATE('2020-01-27','YYYY-MM-DD'), 2, '01014', 1014);
INSERT INTO EX.SINTOMAS(FECHA_INICIO, ID_SINTOMA, ID_PERSONA, ID_FICHA_MEDICA) VALUES
                            (TO_DATE('2020-03-07','YYYY-MM-DD'), 3, '01014', 1014);
INSERT INTO EX.SINTOMAS(FECHA_INICIO, ID_SINTOMA, ID_PERSONA, ID_FICHA_MEDICA) VALUES
                            (TO_DATE('2020-02-15','YYYY-MM-DD'), 4, '01014', 1014);
INSERT INTO EX.SINTOMAS(FECHA_INICIO, ID_SINTOMA, ID_PERSONA, ID_FICHA_MEDICA) VALUES
                            (TO_DATE('2020-02-11','YYYY-MM-DD'), 5, '01014', 1014);
INSERT INTO EX.SINTOMAS(FECHA_INICIO, ID_SINTOMA, ID_PERSONA, ID_FICHA_MEDICA) VALUES
                            (TO_DATE('2020-04-17','YYYY-MM-DD'), 6, '01014', 1014);
INSERT INTO EX.SINTOMAS(FECHA_INICIO, ID_SINTOMA, ID_PERSONA, ID_FICHA_MEDICA) VALUES
                            (TO_DATE('2020-04-13','YYYY-MM-DD'), 7, '01014', 1014);
INSERT INTO EX.SINTOMAS(FECHA_INICIO, ID_SINTOMA, ID_PERSONA, ID_FICHA_MEDICA) VALUES
                            (TO_DATE('2020-05-24','YYYY-MM-DD'), 8, '01014', 1014);
INSERT INTO EX.SINTOMAS(FECHA_INICIO, ID_SINTOMA, ID_PERSONA, ID_FICHA_MEDICA) VALUES
                            (TO_DATE('2020-04-11','YYYY-MM-DD'), 9, '01014', 1014);
INSERT INTO EX.SINTOMAS(FECHA_INICIO, ID_SINTOMA, ID_PERSONA, ID_FICHA_MEDICA) VALUES
                            (TO_DATE('2020-06-17','YYYY-MM-DD'), 10, '01014', 1014);
INSERT INTO EX.SINTOMAS(FECHA_INICIO, ID_SINTOMA, ID_PERSONA, ID_FICHA_MEDICA) VALUES
                            (TO_DATE('2020-03-01','YYYY-MM-DD'), 11, '01014', 1014);
INSERT INTO EX.SINTOMAS(FECHA_INICIO, ID_SINTOMA, ID_PERSONA, ID_FICHA_MEDICA) VALUES
                            (TO_DATE('2020-06-20','YYYY-MM-DD'), 12, '01014', 1014);
INSERT INTO EX.PERSONA(DOC_IDENTIDAD, NOMBRE, NOMBRE1, APELLIDO, APELLIDO1, FECHA_NAC, GENERO, FOTO) VALUES
                  ('01015', 'Bradley', 'Janet', 'Davis', 'Davis', TO_DATE('2001-10-27','YYYY-MM-DD'), 'f', NULL);
INSERT INTO EX.HISTORICO_RESIDENCIA(FECHA_INICIO, ID_LUGAR, ID_PERSONA, FECHA_FIN) VALUES
                  (TO_DATE('1997-05-17','YYYY-MM-DD'), 18, '01015', NULL);
INSERT INTO EX.FICHA_MEDICA(ID, ID_PERSONA, ID_CENTRO_SALUD, ID_LUGAR, ESTADO, FECHA_INFECCION, FECHA_RECUPERACION) VALUES
                                             (1015, '01015', 3, 18, 'desconido', NULL, NULL);
INSERT INTO EX.PERSONA(DOC_IDENTIDAD, NOMBRE, NOMBRE1, APELLIDO, APELLIDO1, FECHA_NAC, GENERO, FOTO) VALUES
                  ('01016', 'Adrienne', 'William', 'Brown', 'Poole', TO_DATE('1987-07-15','YYYY-MM-DD'), 'm', NULL);
INSERT INTO EX.HISTORICO_RESIDENCIA(FECHA_INICIO, ID_LUGAR, ID_PERSONA, FECHA_FIN) VALUES
                  (TO_DATE('1979-04-19','YYYY-MM-DD'), 21, '01016', NULL);
INSERT INTO EX.FICHA_MEDICA(ID, ID_PERSONA, ID_CENTRO_SALUD, ID_LUGAR, ESTADO, FECHA_INFECCION, FECHA_RECUPERACION) VALUES
                                             (1016, '01016', 6, 21, 'desconido', NULL, NULL);
INSERT INTO EX.PERSONA(DOC_IDENTIDAD, NOMBRE, NOMBRE1, APELLIDO, APELLIDO1, FECHA_NAC, GENERO, FOTO) VALUES
                  ('01017', 'Stephanie', 'Sean', 'Dixon', 'Jensen', TO_DATE('1995-07-14','YYYY-MM-DD'), 'f', NULL);
INSERT INTO EX.HISTORICO_RESIDENCIA(FECHA_INICIO, ID_LUGAR, ID_PERSONA, FECHA_FIN) VALUES
                  (TO_DATE('2007-03-01','YYYY-MM-DD'), 35, '01017', NULL);
INSERT INTO EX.FICHA_MEDICA(ID, ID_PERSONA, ID_CENTRO_SALUD, ID_LUGAR, ESTADO, FECHA_INFECCION, FECHA_RECUPERACION) VALUES
                                             (1017, '01017', 20, 35, 'desconido', NULL, NULL);
INSERT INTO EX.PADECIMIENTOS(ID_PATOLOGIA, ID_PERSONA, ID_FICHA_MEDICA) VALUES
                            (1, '01017', 1017);
INSERT INTO EX.PADECIMIENTOS(ID_PATOLOGIA, ID_PERSONA, ID_FICHA_MEDICA) VALUES
                            (2, '01017', 1017);
INSERT INTO EX.PADECIMIENTOS(ID_PATOLOGIA, ID_PERSONA, ID_FICHA_MEDICA) VALUES
                            (3, '01017', 1017);
INSERT INTO EX.PADECIMIENTOS(ID_PATOLOGIA, ID_PERSONA, ID_FICHA_MEDICA) VALUES
                            (4, '01017', 1017);
INSERT INTO EX.PADECIMIENTOS(ID_PATOLOGIA, ID_PERSONA, ID_FICHA_MEDICA) VALUES
                            (5, '01017', 1017);
INSERT INTO EX.PADECIMIENTOS(ID_PATOLOGIA, ID_PERSONA, ID_FICHA_MEDICA) VALUES
                            (6, '01017', 1017);
INSERT INTO EX.PADECIMIENTOS(ID_PATOLOGIA, ID_PERSONA, ID_FICHA_MEDICA) VALUES
                            (7, '01017', 1017);
INSERT INTO EX.PADECIMIENTOS(ID_PATOLOGIA, ID_PERSONA, ID_FICHA_MEDICA) VALUES
                            (8, '01017', 1017);
INSERT INTO EX.PADECIMIENTOS(ID_PATOLOGIA, ID_PERSONA, ID_FICHA_MEDICA) VALUES
                            (9, '01017', 1017);
INSERT INTO EX.PADECIMIENTOS(ID_PATOLOGIA, ID_PERSONA, ID_FICHA_MEDICA) VALUES
                            (10, '01017', 1017);
INSERT INTO EX.PADECIMIENTOS(ID_PATOLOGIA, ID_PERSONA, ID_FICHA_MEDICA) VALUES
                            (11, '01017', 1017);
INSERT INTO EX.PADECIMIENTOS(ID_PATOLOGIA, ID_PERSONA, ID_FICHA_MEDICA) VALUES
                            (12, '01017', 1017);
INSERT INTO EX.PADECIMIENTOS(ID_PATOLOGIA, ID_PERSONA, ID_FICHA_MEDICA) VALUES
                            (13, '01017', 1017);
INSERT INTO EX.PADECIMIENTOS(ID_PATOLOGIA, ID_PERSONA, ID_FICHA_MEDICA) VALUES
                            (14, '01017', 1017);
INSERT INTO EX.PERSONA(DOC_IDENTIDAD, NOMBRE, NOMBRE1, APELLIDO, APELLIDO1, FECHA_NAC, GENERO, FOTO) VALUES
                  ('01018', 'Troy', 'Vincent', 'Medina', 'Pace', TO_DATE('2018-01-28','YYYY-MM-DD'), 'm', NULL);
INSERT INTO EX.HISTORICO_RESIDENCIA(FECHA_INICIO, ID_LUGAR, ID_PERSONA, FECHA_FIN) VALUES
                  (TO_DATE('2006-01-05','YYYY-MM-DD'), 27, '01018', NULL);
INSERT INTO EX.FICHA_MEDICA(ID, ID_PERSONA, ID_CENTRO_SALUD, ID_LUGAR, ESTADO, FECHA_INFECCION, FECHA_RECUPERACION) VALUES
                                             (1018, '01018', 12, 27, 'desconido', NULL, NULL);
INSERT INTO EX.SINTOMAS(FECHA_INICIO, ID_SINTOMA, ID_PERSONA, ID_FICHA_MEDICA) VALUES
                            (TO_DATE('2020-03-10','YYYY-MM-DD'), 1, '01018', 1018);
INSERT INTO EX.SINTOMAS(FECHA_INICIO, ID_SINTOMA, ID_PERSONA, ID_FICHA_MEDICA) VALUES
                            (TO_DATE('2020-05-06','YYYY-MM-DD'), 2, '01018', 1018);
INSERT INTO EX.SINTOMAS(FECHA_INICIO, ID_SINTOMA, ID_PERSONA, ID_FICHA_MEDICA) VALUES
                            (TO_DATE('2020-02-10','YYYY-MM-DD'), 3, '01018', 1018);
INSERT INTO EX.SINTOMAS(FECHA_INICIO, ID_SINTOMA, ID_PERSONA, ID_FICHA_MEDICA) VALUES
                            (TO_DATE('2020-01-10','YYYY-MM-DD'), 4, '01018', 1018);
INSERT INTO EX.SINTOMAS(FECHA_INICIO, ID_SINTOMA, ID_PERSONA, ID_FICHA_MEDICA) VALUES
                            (TO_DATE('2020-05-09','YYYY-MM-DD'), 5, '01018', 1018);
INSERT INTO EX.SINTOMAS(FECHA_INICIO, ID_SINTOMA, ID_PERSONA, ID_FICHA_MEDICA) VALUES
                            (TO_DATE('2020-01-04','YYYY-MM-DD'), 6, '01018', 1018);
INSERT INTO EX.SINTOMAS(FECHA_INICIO, ID_SINTOMA, ID_PERSONA, ID_FICHA_MEDICA) VALUES
                            (TO_DATE('2020-06-07','YYYY-MM-DD'), 7, '01018', 1018);
INSERT INTO EX.SINTOMAS(FECHA_INICIO, ID_SINTOMA, ID_PERSONA, ID_FICHA_MEDICA) VALUES
                            (TO_DATE('2020-02-06','YYYY-MM-DD'), 8, '01018', 1018);
INSERT INTO EX.SINTOMAS(FECHA_INICIO, ID_SINTOMA, ID_PERSONA, ID_FICHA_MEDICA) VALUES
                            (TO_DATE('2020-05-19','YYYY-MM-DD'), 9, '01018', 1018);
INSERT INTO EX.SINTOMAS(FECHA_INICIO, ID_SINTOMA, ID_PERSONA, ID_FICHA_MEDICA) VALUES
                            (TO_DATE('2020-06-01','YYYY-MM-DD'), 10, '01018', 1018);
INSERT INTO EX.SINTOMAS(FECHA_INICIO, ID_SINTOMA, ID_PERSONA, ID_FICHA_MEDICA) VALUES
                            (TO_DATE('2020-03-17','YYYY-MM-DD'), 11, '01018', 1018);
INSERT INTO EX.SINTOMAS(FECHA_INICIO, ID_SINTOMA, ID_PERSONA, ID_FICHA_MEDICA) VALUES
                            (TO_DATE('2020-05-26','YYYY-MM-DD'), 12, '01018', 1018);
INSERT INTO EX.PERSONA(DOC_IDENTIDAD, NOMBRE, NOMBRE1, APELLIDO, APELLIDO1, FECHA_NAC, GENERO, FOTO) VALUES
                  ('01019', 'Joseph', 'Nicholas', 'Hicks', 'Rogers', TO_DATE('1988-07-01','YYYY-MM-DD'), 'f', NULL);
INSERT INTO EX.HISTORICO_RESIDENCIA(FECHA_INICIO, ID_LUGAR, ID_PERSONA, FECHA_FIN) VALUES
                  (TO_DATE('1989-02-15','YYYY-MM-DD'), 43, '01019', NULL);
INSERT INTO EX.FICHA_MEDICA(ID, ID_PERSONA, ID_CENTRO_SALUD, ID_LUGAR, ESTADO, FECHA_INFECCION, FECHA_RECUPERACION) VALUES
                                             (1019, '01019', 28, 43, 'desconido', NULL, NULL);
INSERT INTO EX.PADECIMIENTOS(ID_PATOLOGIA, ID_PERSONA, ID_FICHA_MEDICA) VALUES
                            (1, '01019', 1019);
INSERT INTO EX.PADECIMIENTOS(ID_PATOLOGIA, ID_PERSONA, ID_FICHA_MEDICA) VALUES
                            (2, '01019', 1019);
INSERT INTO EX.PADECIMIENTOS(ID_PATOLOGIA, ID_PERSONA, ID_FICHA_MEDICA) VALUES
                            (3, '01019', 1019);
INSERT INTO EX.PADECIMIENTOS(ID_PATOLOGIA, ID_PERSONA, ID_FICHA_MEDICA) VALUES
                            (4, '01019', 1019);
INSERT INTO EX.PADECIMIENTOS(ID_PATOLOGIA, ID_PERSONA, ID_FICHA_MEDICA) VALUES
                            (5, '01019', 1019);
INSERT INTO EX.PADECIMIENTOS(ID_PATOLOGIA, ID_PERSONA, ID_FICHA_MEDICA) VALUES
                            (6, '01019', 1019);
INSERT INTO EX.PADECIMIENTOS(ID_PATOLOGIA, ID_PERSONA, ID_FICHA_MEDICA) VALUES
                            (7, '01019', 1019);
INSERT INTO EX.PADECIMIENTOS(ID_PATOLOGIA, ID_PERSONA, ID_FICHA_MEDICA) VALUES
                            (8, '01019', 1019);
INSERT INTO EX.PADECIMIENTOS(ID_PATOLOGIA, ID_PERSONA, ID_FICHA_MEDICA) VALUES
                            (9, '01019', 1019);
INSERT INTO EX.PADECIMIENTOS(ID_PATOLOGIA, ID_PERSONA, ID_FICHA_MEDICA) VALUES
                            (10, '01019', 1019);
INSERT INTO EX.PADECIMIENTOS(ID_PATOLOGIA, ID_PERSONA, ID_FICHA_MEDICA) VALUES
                            (11, '01019', 1019);
INSERT INTO EX.PADECIMIENTOS(ID_PATOLOGIA, ID_PERSONA, ID_FICHA_MEDICA) VALUES
                            (12, '01019', 1019);
INSERT INTO EX.PADECIMIENTOS(ID_PATOLOGIA, ID_PERSONA, ID_FICHA_MEDICA) VALUES
                            (13, '01019', 1019);
INSERT INTO EX.PADECIMIENTOS(ID_PATOLOGIA, ID_PERSONA, ID_FICHA_MEDICA) VALUES
                            (14, '01019', 1019);
INSERT INTO EX.SINTOMAS(FECHA_INICIO, ID_SINTOMA, ID_PERSONA, ID_FICHA_MEDICA) VALUES
                            (TO_DATE('2020-01-25','YYYY-MM-DD'), 1, '01019', 1019);
INSERT INTO EX.SINTOMAS(FECHA_INICIO, ID_SINTOMA, ID_PERSONA, ID_FICHA_MEDICA) VALUES
                            (TO_DATE('2020-05-07','YYYY-MM-DD'), 2, '01019', 1019);
INSERT INTO EX.SINTOMAS(FECHA_INICIO, ID_SINTOMA, ID_PERSONA, ID_FICHA_MEDICA) VALUES
                            (TO_DATE('2020-01-30','YYYY-MM-DD'), 3, '01019', 1019);
INSERT INTO EX.SINTOMAS(FECHA_INICIO, ID_SINTOMA, ID_PERSONA, ID_FICHA_MEDICA) VALUES
                            (TO_DATE('2020-05-26','YYYY-MM-DD'), 4, '01019', 1019);
INSERT INTO EX.SINTOMAS(FECHA_INICIO, ID_SINTOMA, ID_PERSONA, ID_FICHA_MEDICA) VALUES
                            (TO_DATE('2020-03-06','YYYY-MM-DD'), 5, '01019', 1019);
INSERT INTO EX.SINTOMAS(FECHA_INICIO, ID_SINTOMA, ID_PERSONA, ID_FICHA_MEDICA) VALUES
                            (TO_DATE('2020-04-28','YYYY-MM-DD'), 6, '01019', 1019);
INSERT INTO EX.SINTOMAS(FECHA_INICIO, ID_SINTOMA, ID_PERSONA, ID_FICHA_MEDICA) VALUES
                            (TO_DATE('2020-02-03','YYYY-MM-DD'), 7, '01019', 1019);
INSERT INTO EX.SINTOMAS(FECHA_INICIO, ID_SINTOMA, ID_PERSONA, ID_FICHA_MEDICA) VALUES
                            (TO_DATE('2020-06-09','YYYY-MM-DD'), 8, '01019', 1019);
INSERT INTO EX.SINTOMAS(FECHA_INICIO, ID_SINTOMA, ID_PERSONA, ID_FICHA_MEDICA) VALUES
                            (TO_DATE('2020-01-22','YYYY-MM-DD'), 9, '01019', 1019);
INSERT INTO EX.SINTOMAS(FECHA_INICIO, ID_SINTOMA, ID_PERSONA, ID_FICHA_MEDICA) VALUES
                            (TO_DATE('2020-04-17','YYYY-MM-DD'), 10, '01019', 1019);
INSERT INTO EX.SINTOMAS(FECHA_INICIO, ID_SINTOMA, ID_PERSONA, ID_FICHA_MEDICA) VALUES
                            (TO_DATE('2020-01-22','YYYY-MM-DD'), 11, '01019', 1019);
INSERT INTO EX.SINTOMAS(FECHA_INICIO, ID_SINTOMA, ID_PERSONA, ID_FICHA_MEDICA) VALUES
                            (TO_DATE('2020-01-27','YYYY-MM-DD'), 12, '01019', 1019);
INSERT INTO EX.SINTOMAS(FECHA_INICIO, ID_SINTOMA, ID_PERSONA, ID_FICHA_MEDICA) VALUES
                            (TO_DATE('2020-02-29','YYYY-MM-DD'), 13, '01019', 1019);
INSERT INTO EX.SINTOMAS(FECHA_INICIO, ID_SINTOMA, ID_PERSONA, ID_FICHA_MEDICA) VALUES
                            (TO_DATE('2020-05-21','YYYY-MM-DD'), 14, '01019', 1019);
INSERT INTO EX.PERSONA(DOC_IDENTIDAD, NOMBRE, NOMBRE1, APELLIDO, APELLIDO1, FECHA_NAC, GENERO, FOTO) VALUES
                  ('01020', 'David', 'Bobby', 'Brown', 'Aguilar', TO_DATE('1989-01-27','YYYY-MM-DD'), 'm', NULL);
INSERT INTO EX.HISTORICO_RESIDENCIA(FECHA_INICIO, ID_LUGAR, ID_PERSONA, FECHA_FIN) VALUES
                  (TO_DATE('1994-01-09','YYYY-MM-DD'), 39, '01020', NULL);
INSERT INTO EX.FICHA_MEDICA(ID, ID_PERSONA, ID_CENTRO_SALUD, ID_LUGAR, ESTADO, FECHA_INFECCION, FECHA_RECUPERACION) VALUES
                                             (1020, '01020', 24, 39, 'desconido', NULL, NULL);
INSERT INTO EX.PERSONA(DOC_IDENTIDAD, NOMBRE, NOMBRE1, APELLIDO, APELLIDO1, FECHA_NAC, GENERO, FOTO) VALUES
                  ('01021', 'Lisa', 'Katherine', 'Peterson', 'Brown', TO_DATE('2010-09-11','YYYY-MM-DD'), 'f', NULL);
INSERT INTO EX.HISTORICO_RESIDENCIA(FECHA_INICIO, ID_LUGAR, ID_PERSONA, FECHA_FIN) VALUES
                  (TO_DATE('1994-02-17','YYYY-MM-DD'), 26, '01021', NULL);
INSERT INTO EX.FICHA_MEDICA(ID, ID_PERSONA, ID_CENTRO_SALUD, ID_LUGAR, ESTADO, FECHA_INFECCION, FECHA_RECUPERACION) VALUES
                                             (1021, '01021', 11, 26, 'desconido', NULL, NULL);
INSERT INTO EX.SINTOMAS(FECHA_INICIO, ID_SINTOMA, ID_PERSONA, ID_FICHA_MEDICA) VALUES
                            (TO_DATE('2020-01-02','YYYY-MM-DD'), 1, '01021', 1021);
INSERT INTO EX.SINTOMAS(FECHA_INICIO, ID_SINTOMA, ID_PERSONA, ID_FICHA_MEDICA) VALUES
                            (TO_DATE('2020-03-16','YYYY-MM-DD'), 2, '01021', 1021);
INSERT INTO EX.SINTOMAS(FECHA_INICIO, ID_SINTOMA, ID_PERSONA, ID_FICHA_MEDICA) VALUES
                            (TO_DATE('2020-06-29','YYYY-MM-DD'), 3, '01021', 1021);
INSERT INTO EX.SINTOMAS(FECHA_INICIO, ID_SINTOMA, ID_PERSONA, ID_FICHA_MEDICA) VALUES
                            (TO_DATE('2020-01-19','YYYY-MM-DD'), 4, '01021', 1021);
INSERT INTO EX.SINTOMAS(FECHA_INICIO, ID_SINTOMA, ID_PERSONA, ID_FICHA_MEDICA) VALUES
                            (TO_DATE('2020-06-12','YYYY-MM-DD'), 5, '01021', 1021);
INSERT INTO EX.SINTOMAS(FECHA_INICIO, ID_SINTOMA, ID_PERSONA, ID_FICHA_MEDICA) VALUES
                            (TO_DATE('2020-05-10','YYYY-MM-DD'), 6, '01021', 1021);
INSERT INTO EX.SINTOMAS(FECHA_INICIO, ID_SINTOMA, ID_PERSONA, ID_FICHA_MEDICA) VALUES
                            (TO_DATE('2020-01-11','YYYY-MM-DD'), 7, '01021', 1021);
INSERT INTO EX.PERSONA(DOC_IDENTIDAD, NOMBRE, NOMBRE1, APELLIDO, APELLIDO1, FECHA_NAC, GENERO, FOTO) VALUES
                  ('01022', 'Donald', 'Gwendolyn', 'Haas', 'Hill', TO_DATE('1993-06-22','YYYY-MM-DD'), 'm', NULL);
INSERT INTO EX.HISTORICO_RESIDENCIA(FECHA_INICIO, ID_LUGAR, ID_PERSONA, FECHA_FIN) VALUES
                  (TO_DATE('1994-08-04','YYYY-MM-DD'), 35, '01022', NULL);
INSERT INTO EX.FICHA_MEDICA(ID, ID_PERSONA, ID_CENTRO_SALUD, ID_LUGAR, ESTADO, FECHA_INFECCION, FECHA_RECUPERACION) VALUES
                                             (1022, '01022', 20, 35, 'desconido', NULL, NULL);
INSERT INTO EX.PADECIMIENTOS(ID_PATOLOGIA, ID_PERSONA, ID_FICHA_MEDICA) VALUES
                            (1, '01022', 1022);
INSERT INTO EX.PADECIMIENTOS(ID_PATOLOGIA, ID_PERSONA, ID_FICHA_MEDICA) VALUES
                            (2, '01022', 1022);
INSERT INTO EX.PADECIMIENTOS(ID_PATOLOGIA, ID_PERSONA, ID_FICHA_MEDICA) VALUES
                            (3, '01022', 1022);
INSERT INTO EX.PERSONA(DOC_IDENTIDAD, NOMBRE, NOMBRE1, APELLIDO, APELLIDO1, FECHA_NAC, GENERO, FOTO) VALUES
                  ('01023', 'Krystal', 'Denise', 'Jones', 'Collins', TO_DATE('1980-11-21','YYYY-MM-DD'), 'f', NULL);
INSERT INTO EX.HISTORICO_RESIDENCIA(FECHA_INICIO, ID_LUGAR, ID_PERSONA, FECHA_FIN) VALUES
                  (TO_DATE('1994-10-04','YYYY-MM-DD'), 45, '01023', NULL);
INSERT INTO EX.FICHA_MEDICA(ID, ID_PERSONA, ID_CENTRO_SALUD, ID_LUGAR, ESTADO, FECHA_INFECCION, FECHA_RECUPERACION) VALUES
                                             (1023, '01023', 30, 45, 'desconido', NULL, NULL);
INSERT INTO EX.PADECIMIENTOS(ID_PATOLOGIA, ID_PERSONA, ID_FICHA_MEDICA) VALUES
                            (1, '01023', 1023);
INSERT INTO EX.PADECIMIENTOS(ID_PATOLOGIA, ID_PERSONA, ID_FICHA_MEDICA) VALUES
                            (2, '01023', 1023);
INSERT INTO EX.PADECIMIENTOS(ID_PATOLOGIA, ID_PERSONA, ID_FICHA_MEDICA) VALUES
                            (3, '01023', 1023);
INSERT INTO EX.PADECIMIENTOS(ID_PATOLOGIA, ID_PERSONA, ID_FICHA_MEDICA) VALUES
                            (4, '01023', 1023);
INSERT INTO EX.PADECIMIENTOS(ID_PATOLOGIA, ID_PERSONA, ID_FICHA_MEDICA) VALUES
                            (5, '01023', 1023);
INSERT INTO EX.PADECIMIENTOS(ID_PATOLOGIA, ID_PERSONA, ID_FICHA_MEDICA) VALUES
                            (6, '01023', 1023);
INSERT INTO EX.PADECIMIENTOS(ID_PATOLOGIA, ID_PERSONA, ID_FICHA_MEDICA) VALUES
                            (7, '01023', 1023);
INSERT INTO EX.PADECIMIENTOS(ID_PATOLOGIA, ID_PERSONA, ID_FICHA_MEDICA) VALUES
                            (8, '01023', 1023);
INSERT INTO EX.PADECIMIENTOS(ID_PATOLOGIA, ID_PERSONA, ID_FICHA_MEDICA) VALUES
                            (9, '01023', 1023);
INSERT INTO EX.PADECIMIENTOS(ID_PATOLOGIA, ID_PERSONA, ID_FICHA_MEDICA) VALUES
                            (10, '01023', 1023);
INSERT INTO EX.SINTOMAS(FECHA_INICIO, ID_SINTOMA, ID_PERSONA, ID_FICHA_MEDICA) VALUES
                            (TO_DATE('2020-05-11','YYYY-MM-DD'), 1, '01023', 1023);
INSERT INTO EX.SINTOMAS(FECHA_INICIO, ID_SINTOMA, ID_PERSONA, ID_FICHA_MEDICA) VALUES
                            (TO_DATE('2020-05-25','YYYY-MM-DD'), 2, '01023', 1023);
INSERT INTO EX.SINTOMAS(FECHA_INICIO, ID_SINTOMA, ID_PERSONA, ID_FICHA_MEDICA) VALUES
                            (TO_DATE('2020-05-02','YYYY-MM-DD'), 3, '01023', 1023);
INSERT INTO EX.SINTOMAS(FECHA_INICIO, ID_SINTOMA, ID_PERSONA, ID_FICHA_MEDICA) VALUES
                            (TO_DATE('2020-01-29','YYYY-MM-DD'), 4, '01023', 1023);
INSERT INTO EX.SINTOMAS(FECHA_INICIO, ID_SINTOMA, ID_PERSONA, ID_FICHA_MEDICA) VALUES
                            (TO_DATE('2020-03-21','YYYY-MM-DD'), 5, '01023', 1023);
INSERT INTO EX.PERSONA(DOC_IDENTIDAD, NOMBRE, NOMBRE1, APELLIDO, APELLIDO1, FECHA_NAC, GENERO, FOTO) VALUES
                  ('01024', 'Darrell', 'Jacqueline', 'Bailey', 'Long', TO_DATE('2010-01-17','YYYY-MM-DD'), 'm', NULL);
INSERT INTO EX.HISTORICO_RESIDENCIA(FECHA_INICIO, ID_LUGAR, ID_PERSONA, FECHA_FIN) VALUES
                  (TO_DATE('1971-05-10','YYYY-MM-DD'), 18, '01024', NULL);
INSERT INTO EX.FICHA_MEDICA(ID, ID_PERSONA, ID_CENTRO_SALUD, ID_LUGAR, ESTADO, FECHA_INFECCION, FECHA_RECUPERACION) VALUES
                                             (1024, '01024', 3, 18, 'desconido', NULL, NULL);
INSERT INTO EX.SINTOMAS(FECHA_INICIO, ID_SINTOMA, ID_PERSONA, ID_FICHA_MEDICA) VALUES
                            (TO_DATE('2020-03-10','YYYY-MM-DD'), 1, '01024', 1024);
INSERT INTO EX.SINTOMAS(FECHA_INICIO, ID_SINTOMA, ID_PERSONA, ID_FICHA_MEDICA) VALUES
                            (TO_DATE('2020-02-01','YYYY-MM-DD'), 2, '01024', 1024);
INSERT INTO EX.SINTOMAS(FECHA_INICIO, ID_SINTOMA, ID_PERSONA, ID_FICHA_MEDICA) VALUES
                            (TO_DATE('2020-05-20','YYYY-MM-DD'), 3, '01024', 1024);
INSERT INTO EX.SINTOMAS(FECHA_INICIO, ID_SINTOMA, ID_PERSONA, ID_FICHA_MEDICA) VALUES
                            (TO_DATE('2020-06-02','YYYY-MM-DD'), 4, '01024', 1024);
INSERT INTO EX.SINTOMAS(FECHA_INICIO, ID_SINTOMA, ID_PERSONA, ID_FICHA_MEDICA) VALUES
                            (TO_DATE('2020-05-29','YYYY-MM-DD'), 5, '01024', 1024);
INSERT INTO EX.SINTOMAS(FECHA_INICIO, ID_SINTOMA, ID_PERSONA, ID_FICHA_MEDICA) VALUES
                            (TO_DATE('2020-02-12','YYYY-MM-DD'), 6, '01024', 1024);
INSERT INTO EX.SINTOMAS(FECHA_INICIO, ID_SINTOMA, ID_PERSONA, ID_FICHA_MEDICA) VALUES
                            (TO_DATE('2020-05-27','YYYY-MM-DD'), 7, '01024', 1024);
INSERT INTO EX.SINTOMAS(FECHA_INICIO, ID_SINTOMA, ID_PERSONA, ID_FICHA_MEDICA) VALUES
                            (TO_DATE('2020-03-28','YYYY-MM-DD'), 8, '01024', 1024);
INSERT INTO EX.SINTOMAS(FECHA_INICIO, ID_SINTOMA, ID_PERSONA, ID_FICHA_MEDICA) VALUES
                            (TO_DATE('2020-06-30','YYYY-MM-DD'), 9, '01024', 1024);
INSERT INTO EX.SINTOMAS(FECHA_INICIO, ID_SINTOMA, ID_PERSONA, ID_FICHA_MEDICA) VALUES
                            (TO_DATE('2020-03-15','YYYY-MM-DD'), 10, '01024', 1024);
INSERT INTO EX.SINTOMAS(FECHA_INICIO, ID_SINTOMA, ID_PERSONA, ID_FICHA_MEDICA) VALUES
                            (TO_DATE('2020-06-21','YYYY-MM-DD'), 11, '01024', 1024);
INSERT INTO EX.SINTOMAS(FECHA_INICIO, ID_SINTOMA, ID_PERSONA, ID_FICHA_MEDICA) VALUES
                            (TO_DATE('2020-02-29','YYYY-MM-DD'), 12, '01024', 1024);
INSERT INTO EX.SINTOMAS(FECHA_INICIO, ID_SINTOMA, ID_PERSONA, ID_FICHA_MEDICA) VALUES
                            (TO_DATE('2020-04-29','YYYY-MM-DD'), 13, '01024', 1024);
INSERT INTO EX.SINTOMAS(FECHA_INICIO, ID_SINTOMA, ID_PERSONA, ID_FICHA_MEDICA) VALUES
                            (TO_DATE('2020-06-16','YYYY-MM-DD'), 14, '01024', 1024);
INSERT INTO EX.SINTOMAS(FECHA_INICIO, ID_SINTOMA, ID_PERSONA, ID_FICHA_MEDICA) VALUES
                            (TO_DATE('2020-05-25','YYYY-MM-DD'), 15, '01024', 1024);
INSERT INTO EX.SINTOMAS(FECHA_INICIO, ID_SINTOMA, ID_PERSONA, ID_FICHA_MEDICA) VALUES
                            (TO_DATE('2020-02-25','YYYY-MM-DD'), 16, '01024', 1024);
INSERT INTO EX.SINTOMAS(FECHA_INICIO, ID_SINTOMA, ID_PERSONA, ID_FICHA_MEDICA) VALUES
                            (TO_DATE('2020-03-15','YYYY-MM-DD'), 17, '01024', 1024);
INSERT INTO EX.SINTOMAS(FECHA_INICIO, ID_SINTOMA, ID_PERSONA, ID_FICHA_MEDICA) VALUES
                            (TO_DATE('2020-01-22','YYYY-MM-DD'), 18, '01024', 1024);
INSERT INTO EX.PERSONA(DOC_IDENTIDAD, NOMBRE, NOMBRE1, APELLIDO, APELLIDO1, FECHA_NAC, GENERO, FOTO) VALUES
                  ('01025', 'Ross', 'Nathan', 'Pierce', 'Williams', TO_DATE('1975-02-08','YYYY-MM-DD'), 'f', NULL);
INSERT INTO EX.HISTORICO_RESIDENCIA(FECHA_INICIO, ID_LUGAR, ID_PERSONA, FECHA_FIN) VALUES
                  (TO_DATE('2003-03-10','YYYY-MM-DD'), 44, '01025', NULL);
INSERT INTO EX.FICHA_MEDICA(ID, ID_PERSONA, ID_CENTRO_SALUD, ID_LUGAR, ESTADO, FECHA_INFECCION, FECHA_RECUPERACION) VALUES
                                             (1025, '01025', 29, 44, 'desconido', NULL, NULL);
INSERT INTO EX.PERSONA(DOC_IDENTIDAD, NOMBRE, NOMBRE1, APELLIDO, APELLIDO1, FECHA_NAC, GENERO, FOTO) VALUES
                  ('01026', 'Stephanie', 'Bradley', 'Simmons', 'Martin', TO_DATE('1987-07-23','YYYY-MM-DD'), 'm', NULL);
INSERT INTO EX.HISTORICO_RESIDENCIA(FECHA_INICIO, ID_LUGAR, ID_PERSONA, FECHA_FIN) VALUES
                  (TO_DATE('1978-07-20','YYYY-MM-DD'), 22, '01026', NULL);
INSERT INTO EX.FICHA_MEDICA(ID, ID_PERSONA, ID_CENTRO_SALUD, ID_LUGAR, ESTADO, FECHA_INFECCION, FECHA_RECUPERACION) VALUES
                                             (1026, '01026', 7, 22, 'desconido', NULL, NULL);
INSERT INTO EX.PADECIMIENTOS(ID_PATOLOGIA, ID_PERSONA, ID_FICHA_MEDICA) VALUES
                            (1, '01026', 1026);
INSERT INTO EX.PADECIMIENTOS(ID_PATOLOGIA, ID_PERSONA, ID_FICHA_MEDICA) VALUES
                            (2, '01026', 1026);
INSERT INTO EX.PADECIMIENTOS(ID_PATOLOGIA, ID_PERSONA, ID_FICHA_MEDICA) VALUES
                            (3, '01026', 1026);
INSERT INTO EX.PADECIMIENTOS(ID_PATOLOGIA, ID_PERSONA, ID_FICHA_MEDICA) VALUES
                            (4, '01026', 1026);
INSERT INTO EX.PADECIMIENTOS(ID_PATOLOGIA, ID_PERSONA, ID_FICHA_MEDICA) VALUES
                            (5, '01026', 1026);
INSERT INTO EX.PADECIMIENTOS(ID_PATOLOGIA, ID_PERSONA, ID_FICHA_MEDICA) VALUES
                            (6, '01026', 1026);
INSERT INTO EX.PADECIMIENTOS(ID_PATOLOGIA, ID_PERSONA, ID_FICHA_MEDICA) VALUES
                            (7, '01026', 1026);
INSERT INTO EX.PADECIMIENTOS(ID_PATOLOGIA, ID_PERSONA, ID_FICHA_MEDICA) VALUES
                            (8, '01026', 1026);
INSERT INTO EX.PADECIMIENTOS(ID_PATOLOGIA, ID_PERSONA, ID_FICHA_MEDICA) VALUES
                            (9, '01026', 1026);
INSERT INTO EX.PADECIMIENTOS(ID_PATOLOGIA, ID_PERSONA, ID_FICHA_MEDICA) VALUES
                            (10, '01026', 1026);
INSERT INTO EX.PADECIMIENTOS(ID_PATOLOGIA, ID_PERSONA, ID_FICHA_MEDICA) VALUES
                            (11, '01026', 1026);
INSERT INTO EX.PADECIMIENTOS(ID_PATOLOGIA, ID_PERSONA, ID_FICHA_MEDICA) VALUES
                            (12, '01026', 1026);
INSERT INTO EX.PADECIMIENTOS(ID_PATOLOGIA, ID_PERSONA, ID_FICHA_MEDICA) VALUES
                            (13, '01026', 1026);
INSERT INTO EX.PADECIMIENTOS(ID_PATOLOGIA, ID_PERSONA, ID_FICHA_MEDICA) VALUES
                            (14, '01026', 1026);
INSERT INTO EX.SINTOMAS(FECHA_INICIO, ID_SINTOMA, ID_PERSONA, ID_FICHA_MEDICA) VALUES
                            (TO_DATE('2020-05-20','YYYY-MM-DD'), 1, '01026', 1026);
INSERT INTO EX.SINTOMAS(FECHA_INICIO, ID_SINTOMA, ID_PERSONA, ID_FICHA_MEDICA) VALUES
                            (TO_DATE('2020-04-01','YYYY-MM-DD'), 2, '01026', 1026);
INSERT INTO EX.SINTOMAS(FECHA_INICIO, ID_SINTOMA, ID_PERSONA, ID_FICHA_MEDICA) VALUES
                            (TO_DATE('2020-05-06','YYYY-MM-DD'), 3, '01026', 1026);
INSERT INTO EX.SINTOMAS(FECHA_INICIO, ID_SINTOMA, ID_PERSONA, ID_FICHA_MEDICA) VALUES
                            (TO_DATE('2020-01-16','YYYY-MM-DD'), 4, '01026', 1026);
INSERT INTO EX.SINTOMAS(FECHA_INICIO, ID_SINTOMA, ID_PERSONA, ID_FICHA_MEDICA) VALUES
                            (TO_DATE('2020-05-04','YYYY-MM-DD'), 5, '01026', 1026);
INSERT INTO EX.SINTOMAS(FECHA_INICIO, ID_SINTOMA, ID_PERSONA, ID_FICHA_MEDICA) VALUES
                            (TO_DATE('2020-02-26','YYYY-MM-DD'), 6, '01026', 1026);
INSERT INTO EX.SINTOMAS(FECHA_INICIO, ID_SINTOMA, ID_PERSONA, ID_FICHA_MEDICA) VALUES
                            (TO_DATE('2020-06-07','YYYY-MM-DD'), 7, '01026', 1026);
INSERT INTO EX.SINTOMAS(FECHA_INICIO, ID_SINTOMA, ID_PERSONA, ID_FICHA_MEDICA) VALUES
                            (TO_DATE('2020-05-08','YYYY-MM-DD'), 8, '01026', 1026);
INSERT INTO EX.SINTOMAS(FECHA_INICIO, ID_SINTOMA, ID_PERSONA, ID_FICHA_MEDICA) VALUES
                            (TO_DATE('2020-03-26','YYYY-MM-DD'), 9, '01026', 1026);
INSERT INTO EX.SINTOMAS(FECHA_INICIO, ID_SINTOMA, ID_PERSONA, ID_FICHA_MEDICA) VALUES
                            (TO_DATE('2020-06-13','YYYY-MM-DD'), 10, '01026', 1026);
INSERT INTO EX.SINTOMAS(FECHA_INICIO, ID_SINTOMA, ID_PERSONA, ID_FICHA_MEDICA) VALUES
                            (TO_DATE('2020-04-05','YYYY-MM-DD'), 11, '01026', 1026);
INSERT INTO EX.PERSONA(DOC_IDENTIDAD, NOMBRE, NOMBRE1, APELLIDO, APELLIDO1, FECHA_NAC, GENERO, FOTO) VALUES
                  ('01027', 'Justin', 'Mckenzie', 'Harrington', 'Flores', TO_DATE('2006-02-07','YYYY-MM-DD'), 'f', NULL);
INSERT INTO EX.HISTORICO_RESIDENCIA(FECHA_INICIO, ID_LUGAR, ID_PERSONA, FECHA_FIN) VALUES
                  (TO_DATE('2003-03-14','YYYY-MM-DD'), 19, '01027', NULL);
INSERT INTO EX.FICHA_MEDICA(ID, ID_PERSONA, ID_CENTRO_SALUD, ID_LUGAR, ESTADO, FECHA_INFECCION, FECHA_RECUPERACION) VALUES
                                             (1027, '01027', 4, 19, 'desconido', NULL, NULL);
INSERT INTO EX.PADECIMIENTOS(ID_PATOLOGIA, ID_PERSONA, ID_FICHA_MEDICA) VALUES
                            (1, '01027', 1027);
INSERT INTO EX.PADECIMIENTOS(ID_PATOLOGIA, ID_PERSONA, ID_FICHA_MEDICA) VALUES
                            (2, '01027', 1027);
INSERT INTO EX.PADECIMIENTOS(ID_PATOLOGIA, ID_PERSONA, ID_FICHA_MEDICA) VALUES
                            (3, '01027', 1027);
INSERT INTO EX.PADECIMIENTOS(ID_PATOLOGIA, ID_PERSONA, ID_FICHA_MEDICA) VALUES
                            (4, '01027', 1027);
INSERT INTO EX.PADECIMIENTOS(ID_PATOLOGIA, ID_PERSONA, ID_FICHA_MEDICA) VALUES
                            (5, '01027', 1027);
INSERT INTO EX.PADECIMIENTOS(ID_PATOLOGIA, ID_PERSONA, ID_FICHA_MEDICA) VALUES
                            (6, '01027', 1027);
INSERT INTO EX.PADECIMIENTOS(ID_PATOLOGIA, ID_PERSONA, ID_FICHA_MEDICA) VALUES
                            (7, '01027', 1027);
INSERT INTO EX.PADECIMIENTOS(ID_PATOLOGIA, ID_PERSONA, ID_FICHA_MEDICA) VALUES
                            (8, '01027', 1027);
INSERT INTO EX.PADECIMIENTOS(ID_PATOLOGIA, ID_PERSONA, ID_FICHA_MEDICA) VALUES
                            (9, '01027', 1027);
INSERT INTO EX.PADECIMIENTOS(ID_PATOLOGIA, ID_PERSONA, ID_FICHA_MEDICA) VALUES
                            (10, '01027', 1027);
INSERT INTO EX.PERSONA(DOC_IDENTIDAD, NOMBRE, NOMBRE1, APELLIDO, APELLIDO1, FECHA_NAC, GENERO, FOTO) VALUES
                  ('01028', 'John', 'Mary', 'Fernandez', 'Jackson', TO_DATE('2006-05-08','YYYY-MM-DD'), 'm', NULL);
INSERT INTO EX.HISTORICO_RESIDENCIA(FECHA_INICIO, ID_LUGAR, ID_PERSONA, FECHA_FIN) VALUES
                  (TO_DATE('1997-09-30','YYYY-MM-DD'), 39, '01028', NULL);
INSERT INTO EX.FICHA_MEDICA(ID, ID_PERSONA, ID_CENTRO_SALUD, ID_LUGAR, ESTADO, FECHA_INFECCION, FECHA_RECUPERACION) VALUES
                                             (1028, '01028', 24, 39, 'desconido', NULL, NULL);
INSERT INTO EX.PERSONA(DOC_IDENTIDAD, NOMBRE, NOMBRE1, APELLIDO, APELLIDO1, FECHA_NAC, GENERO, FOTO) VALUES
                  ('01029', 'Matthew', 'Eugene', 'Sanders', 'Franklin', TO_DATE('1977-05-23','YYYY-MM-DD'), 'f', NULL);
INSERT INTO EX.HISTORICO_RESIDENCIA(FECHA_INICIO, ID_LUGAR, ID_PERSONA, FECHA_FIN) VALUES
                  (TO_DATE('1977-04-05','YYYY-MM-DD'), 34, '01029', NULL);
INSERT INTO EX.FICHA_MEDICA(ID, ID_PERSONA, ID_CENTRO_SALUD, ID_LUGAR, ESTADO, FECHA_INFECCION, FECHA_RECUPERACION) VALUES
                                             (1029, '01029', 19, 34, 'desconido', NULL, NULL);
INSERT INTO EX.PADECIMIENTOS(ID_PATOLOGIA, ID_PERSONA, ID_FICHA_MEDICA) VALUES
                            (1, '01029', 1029);
INSERT INTO EX.PADECIMIENTOS(ID_PATOLOGIA, ID_PERSONA, ID_FICHA_MEDICA) VALUES
                            (2, '01029', 1029);
INSERT INTO EX.PADECIMIENTOS(ID_PATOLOGIA, ID_PERSONA, ID_FICHA_MEDICA) VALUES
                            (3, '01029', 1029);
INSERT INTO EX.PADECIMIENTOS(ID_PATOLOGIA, ID_PERSONA, ID_FICHA_MEDICA) VALUES
                            (4, '01029', 1029);
INSERT INTO EX.PADECIMIENTOS(ID_PATOLOGIA, ID_PERSONA, ID_FICHA_MEDICA) VALUES
                            (5, '01029', 1029);
INSERT INTO EX.PADECIMIENTOS(ID_PATOLOGIA, ID_PERSONA, ID_FICHA_MEDICA) VALUES
                            (6, '01029', 1029);
INSERT INTO EX.PADECIMIENTOS(ID_PATOLOGIA, ID_PERSONA, ID_FICHA_MEDICA) VALUES
                            (7, '01029', 1029);
INSERT INTO EX.PADECIMIENTOS(ID_PATOLOGIA, ID_PERSONA, ID_FICHA_MEDICA) VALUES
                            (8, '01029', 1029);
INSERT INTO EX.PADECIMIENTOS(ID_PATOLOGIA, ID_PERSONA, ID_FICHA_MEDICA) VALUES
                            (9, '01029', 1029);
INSERT INTO EX.PADECIMIENTOS(ID_PATOLOGIA, ID_PERSONA, ID_FICHA_MEDICA) VALUES
                            (10, '01029', 1029);
INSERT INTO EX.PADECIMIENTOS(ID_PATOLOGIA, ID_PERSONA, ID_FICHA_MEDICA) VALUES
                            (11, '01029', 1029);
INSERT INTO EX.PADECIMIENTOS(ID_PATOLOGIA, ID_PERSONA, ID_FICHA_MEDICA) VALUES
                            (12, '01029', 1029);
INSERT INTO EX.PADECIMIENTOS(ID_PATOLOGIA, ID_PERSONA, ID_FICHA_MEDICA) VALUES
                            (13, '01029', 1029);
INSERT INTO EX.SINTOMAS(FECHA_INICIO, ID_SINTOMA, ID_PERSONA, ID_FICHA_MEDICA) VALUES
                            (TO_DATE('2020-05-18','YYYY-MM-DD'), 1, '01029', 1029);
INSERT INTO EX.SINTOMAS(FECHA_INICIO, ID_SINTOMA, ID_PERSONA, ID_FICHA_MEDICA) VALUES
                            (TO_DATE('2020-04-01','YYYY-MM-DD'), 2, '01029', 1029);
INSERT INTO EX.SINTOMAS(FECHA_INICIO, ID_SINTOMA, ID_PERSONA, ID_FICHA_MEDICA) VALUES
                            (TO_DATE('2020-05-12','YYYY-MM-DD'), 3, '01029', 1029);
INSERT INTO EX.PERSONA(DOC_IDENTIDAD, NOMBRE, NOMBRE1, APELLIDO, APELLIDO1, FECHA_NAC, GENERO, FOTO) VALUES
                  ('01030', 'Lauren', 'Kristin', 'Williams', 'Rodriguez', TO_DATE('1995-01-01','YYYY-MM-DD'), 'm', NULL);
INSERT INTO EX.HISTORICO_RESIDENCIA(FECHA_INICIO, ID_LUGAR, ID_PERSONA, FECHA_FIN) VALUES
                  (TO_DATE('2006-11-24','YYYY-MM-DD'), 33, '01030', NULL);
INSERT INTO EX.FICHA_MEDICA(ID, ID_PERSONA, ID_CENTRO_SALUD, ID_LUGAR, ESTADO, FECHA_INFECCION, FECHA_RECUPERACION) VALUES
                                             (1030, '01030', 18, 33, 'desconido', NULL, NULL);
INSERT INTO EX.PADECIMIENTOS(ID_PATOLOGIA, ID_PERSONA, ID_FICHA_MEDICA) VALUES
                            (1, '01030', 1030);
INSERT INTO EX.PADECIMIENTOS(ID_PATOLOGIA, ID_PERSONA, ID_FICHA_MEDICA) VALUES
                            (2, '01030', 1030);
INSERT INTO EX.PADECIMIENTOS(ID_PATOLOGIA, ID_PERSONA, ID_FICHA_MEDICA) VALUES
                            (3, '01030', 1030);
INSERT INTO EX.PADECIMIENTOS(ID_PATOLOGIA, ID_PERSONA, ID_FICHA_MEDICA) VALUES
                            (4, '01030', 1030);
INSERT INTO EX.PADECIMIENTOS(ID_PATOLOGIA, ID_PERSONA, ID_FICHA_MEDICA) VALUES
                            (5, '01030', 1030);
INSERT INTO EX.PADECIMIENTOS(ID_PATOLOGIA, ID_PERSONA, ID_FICHA_MEDICA) VALUES
                            (6, '01030', 1030);
INSERT INTO EX.PADECIMIENTOS(ID_PATOLOGIA, ID_PERSONA, ID_FICHA_MEDICA) VALUES
                            (7, '01030', 1030);
INSERT INTO EX.PADECIMIENTOS(ID_PATOLOGIA, ID_PERSONA, ID_FICHA_MEDICA) VALUES
                            (8, '01030', 1030);
INSERT INTO EX.PADECIMIENTOS(ID_PATOLOGIA, ID_PERSONA, ID_FICHA_MEDICA) VALUES
                            (9, '01030', 1030);
INSERT INTO EX.PADECIMIENTOS(ID_PATOLOGIA, ID_PERSONA, ID_FICHA_MEDICA) VALUES
                            (10, '01030', 1030);
INSERT INTO EX.PADECIMIENTOS(ID_PATOLOGIA, ID_PERSONA, ID_FICHA_MEDICA) VALUES
                            (11, '01030', 1030);
INSERT INTO EX.PADECIMIENTOS(ID_PATOLOGIA, ID_PERSONA, ID_FICHA_MEDICA) VALUES
                            (12, '01030', 1030);
INSERT INTO EX.PADECIMIENTOS(ID_PATOLOGIA, ID_PERSONA, ID_FICHA_MEDICA) VALUES
                            (13, '01030', 1030);
INSERT INTO EX.PADECIMIENTOS(ID_PATOLOGIA, ID_PERSONA, ID_FICHA_MEDICA) VALUES
                            (14, '01030', 1030);
INSERT INTO EX.PADECIMIENTOS(ID_PATOLOGIA, ID_PERSONA, ID_FICHA_MEDICA) VALUES
                            (15, '01030', 1030);
INSERT INTO EX.SINTOMAS(FECHA_INICIO, ID_SINTOMA, ID_PERSONA, ID_FICHA_MEDICA) VALUES
                            (TO_DATE('2020-03-13','YYYY-MM-DD'), 1, '01030', 1030);
INSERT INTO EX.SINTOMAS(FECHA_INICIO, ID_SINTOMA, ID_PERSONA, ID_FICHA_MEDICA) VALUES
                            (TO_DATE('2020-06-26','YYYY-MM-DD'), 2, '01030', 1030);
INSERT INTO EX.SINTOMAS(FECHA_INICIO, ID_SINTOMA, ID_PERSONA, ID_FICHA_MEDICA) VALUES
                            (TO_DATE('2020-02-12','YYYY-MM-DD'), 3, '01030', 1030);
INSERT INTO EX.PERSONA(DOC_IDENTIDAD, NOMBRE, NOMBRE1, APELLIDO, APELLIDO1, FECHA_NAC, GENERO, FOTO) VALUES
                  ('01031', 'Renee', 'Abigail', 'Horton', 'Peters', TO_DATE('1975-01-31','YYYY-MM-DD'), 'f', NULL);
INSERT INTO EX.HISTORICO_RESIDENCIA(FECHA_INICIO, ID_LUGAR, ID_PERSONA, FECHA_FIN) VALUES
                  (TO_DATE('1992-09-16','YYYY-MM-DD'), 41, '01031', NULL);
INSERT INTO EX.FICHA_MEDICA(ID, ID_PERSONA, ID_CENTRO_SALUD, ID_LUGAR, ESTADO, FECHA_INFECCION, FECHA_RECUPERACION) VALUES
                                             (1031, '01031', 26, 41, 'desconido', NULL, NULL);
INSERT INTO EX.PADECIMIENTOS(ID_PATOLOGIA, ID_PERSONA, ID_FICHA_MEDICA) VALUES
                            (1, '01031', 1031);
INSERT INTO EX.PADECIMIENTOS(ID_PATOLOGIA, ID_PERSONA, ID_FICHA_MEDICA) VALUES
                            (2, '01031', 1031);
INSERT INTO EX.PADECIMIENTOS(ID_PATOLOGIA, ID_PERSONA, ID_FICHA_MEDICA) VALUES
                            (3, '01031', 1031);
INSERT INTO EX.PADECIMIENTOS(ID_PATOLOGIA, ID_PERSONA, ID_FICHA_MEDICA) VALUES
                            (4, '01031', 1031);
INSERT INTO EX.PADECIMIENTOS(ID_PATOLOGIA, ID_PERSONA, ID_FICHA_MEDICA) VALUES
                            (5, '01031', 1031);
INSERT INTO EX.PADECIMIENTOS(ID_PATOLOGIA, ID_PERSONA, ID_FICHA_MEDICA) VALUES
                            (6, '01031', 1031);
INSERT INTO EX.PADECIMIENTOS(ID_PATOLOGIA, ID_PERSONA, ID_FICHA_MEDICA) VALUES
                            (7, '01031', 1031);
INSERT INTO EX.PADECIMIENTOS(ID_PATOLOGIA, ID_PERSONA, ID_FICHA_MEDICA) VALUES
                            (8, '01031', 1031);
INSERT INTO EX.PADECIMIENTOS(ID_PATOLOGIA, ID_PERSONA, ID_FICHA_MEDICA) VALUES
                            (9, '01031', 1031);
INSERT INTO EX.PADECIMIENTOS(ID_PATOLOGIA, ID_PERSONA, ID_FICHA_MEDICA) VALUES
                            (10, '01031', 1031);
INSERT INTO EX.PADECIMIENTOS(ID_PATOLOGIA, ID_PERSONA, ID_FICHA_MEDICA) VALUES
                            (11, '01031', 1031);
INSERT INTO EX.PERSONA(DOC_IDENTIDAD, NOMBRE, NOMBRE1, APELLIDO, APELLIDO1, FECHA_NAC, GENERO, FOTO) VALUES
                  ('01032', 'Amber', 'Eileen', 'Gonzales', 'Stone', TO_DATE('1973-04-18','YYYY-MM-DD'), 'm', NULL);
INSERT INTO EX.HISTORICO_RESIDENCIA(FECHA_INICIO, ID_LUGAR, ID_PERSONA, FECHA_FIN) VALUES
                  (TO_DATE('2011-10-18','YYYY-MM-DD'), 19, '01032', NULL);
INSERT INTO EX.FICHA_MEDICA(ID, ID_PERSONA, ID_CENTRO_SALUD, ID_LUGAR, ESTADO, FECHA_INFECCION, FECHA_RECUPERACION) VALUES
                                             (1032, '01032', 4, 19, 'desconido', NULL, NULL);
INSERT INTO EX.PERSONA(DOC_IDENTIDAD, NOMBRE, NOMBRE1, APELLIDO, APELLIDO1, FECHA_NAC, GENERO, FOTO) VALUES
                  ('01033', 'Brett', 'Kathy', 'Mendoza', 'Houston', TO_DATE('1993-08-10','YYYY-MM-DD'), 'f', NULL);
INSERT INTO EX.HISTORICO_RESIDENCIA(FECHA_INICIO, ID_LUGAR, ID_PERSONA, FECHA_FIN) VALUES
                  (TO_DATE('1975-08-27','YYYY-MM-DD'), 22, '01033', NULL);
INSERT INTO EX.FICHA_MEDICA(ID, ID_PERSONA, ID_CENTRO_SALUD, ID_LUGAR, ESTADO, FECHA_INFECCION, FECHA_RECUPERACION) VALUES
                                             (1033, '01033', 7, 22, 'desconido', NULL, NULL);
INSERT INTO EX.PERSONA(DOC_IDENTIDAD, NOMBRE, NOMBRE1, APELLIDO, APELLIDO1, FECHA_NAC, GENERO, FOTO) VALUES
                  ('01034', 'Jonathan', 'Elizabeth', 'Gillespie', 'Hall', TO_DATE('1993-05-25','YYYY-MM-DD'), 'm', NULL);
INSERT INTO EX.HISTORICO_RESIDENCIA(FECHA_INICIO, ID_LUGAR, ID_PERSONA, FECHA_FIN) VALUES
                  (TO_DATE('1978-10-02','YYYY-MM-DD'), 42, '01034', NULL);
INSERT INTO EX.FICHA_MEDICA(ID, ID_PERSONA, ID_CENTRO_SALUD, ID_LUGAR, ESTADO, FECHA_INFECCION, FECHA_RECUPERACION) VALUES
                                             (1034, '01034', 27, 42, 'desconido', NULL, NULL);
INSERT INTO EX.PADECIMIENTOS(ID_PATOLOGIA, ID_PERSONA, ID_FICHA_MEDICA) VALUES
                            (1, '01034', 1034);
INSERT INTO EX.PADECIMIENTOS(ID_PATOLOGIA, ID_PERSONA, ID_FICHA_MEDICA) VALUES
                            (2, '01034', 1034);
INSERT INTO EX.PADECIMIENTOS(ID_PATOLOGIA, ID_PERSONA, ID_FICHA_MEDICA) VALUES
                            (3, '01034', 1034);
INSERT INTO EX.PADECIMIENTOS(ID_PATOLOGIA, ID_PERSONA, ID_FICHA_MEDICA) VALUES
                            (4, '01034', 1034);
INSERT INTO EX.PADECIMIENTOS(ID_PATOLOGIA, ID_PERSONA, ID_FICHA_MEDICA) VALUES
                            (5, '01034', 1034);
INSERT INTO EX.PADECIMIENTOS(ID_PATOLOGIA, ID_PERSONA, ID_FICHA_MEDICA) VALUES
                            (6, '01034', 1034);
INSERT INTO EX.PADECIMIENTOS(ID_PATOLOGIA, ID_PERSONA, ID_FICHA_MEDICA) VALUES
                            (7, '01034', 1034);
INSERT INTO EX.PADECIMIENTOS(ID_PATOLOGIA, ID_PERSONA, ID_FICHA_MEDICA) VALUES
                            (8, '01034', 1034);
INSERT INTO EX.PADECIMIENTOS(ID_PATOLOGIA, ID_PERSONA, ID_FICHA_MEDICA) VALUES
                            (9, '01034', 1034);
INSERT INTO EX.PADECIMIENTOS(ID_PATOLOGIA, ID_PERSONA, ID_FICHA_MEDICA) VALUES
                            (10, '01034', 1034);
INSERT INTO EX.PADECIMIENTOS(ID_PATOLOGIA, ID_PERSONA, ID_FICHA_MEDICA) VALUES
                            (11, '01034', 1034);
INSERT INTO EX.PERSONA(DOC_IDENTIDAD, NOMBRE, NOMBRE1, APELLIDO, APELLIDO1, FECHA_NAC, GENERO, FOTO) VALUES
                  ('01035', 'Kevin', 'Heather', 'Patel', 'Torres', TO_DATE('2018-10-04','YYYY-MM-DD'), 'f', NULL);
INSERT INTO EX.HISTORICO_RESIDENCIA(FECHA_INICIO, ID_LUGAR, ID_PERSONA, FECHA_FIN) VALUES
                  (TO_DATE('1992-02-06','YYYY-MM-DD'), 22, '01035', NULL);
INSERT INTO EX.FICHA_MEDICA(ID, ID_PERSONA, ID_CENTRO_SALUD, ID_LUGAR, ESTADO, FECHA_INFECCION, FECHA_RECUPERACION) VALUES
                                             (1035, '01035', 7, 22, 'desconido', NULL, NULL);
INSERT INTO EX.SINTOMAS(FECHA_INICIO, ID_SINTOMA, ID_PERSONA, ID_FICHA_MEDICA) VALUES
                            (TO_DATE('2020-05-25','YYYY-MM-DD'), 1, '01035', 1035);
INSERT INTO EX.SINTOMAS(FECHA_INICIO, ID_SINTOMA, ID_PERSONA, ID_FICHA_MEDICA) VALUES
                            (TO_DATE('2020-05-22','YYYY-MM-DD'), 2, '01035', 1035);
INSERT INTO EX.SINTOMAS(FECHA_INICIO, ID_SINTOMA, ID_PERSONA, ID_FICHA_MEDICA) VALUES
                            (TO_DATE('2020-03-20','YYYY-MM-DD'), 3, '01035', 1035);
INSERT INTO EX.SINTOMAS(FECHA_INICIO, ID_SINTOMA, ID_PERSONA, ID_FICHA_MEDICA) VALUES
                            (TO_DATE('2020-01-03','YYYY-MM-DD'), 4, '01035', 1035);
INSERT INTO EX.SINTOMAS(FECHA_INICIO, ID_SINTOMA, ID_PERSONA, ID_FICHA_MEDICA) VALUES
                            (TO_DATE('2020-03-25','YYYY-MM-DD'), 5, '01035', 1035);
INSERT INTO EX.SINTOMAS(FECHA_INICIO, ID_SINTOMA, ID_PERSONA, ID_FICHA_MEDICA) VALUES
                            (TO_DATE('2020-02-09','YYYY-MM-DD'), 6, '01035', 1035);
INSERT INTO EX.SINTOMAS(FECHA_INICIO, ID_SINTOMA, ID_PERSONA, ID_FICHA_MEDICA) VALUES
                            (TO_DATE('2020-02-09','YYYY-MM-DD'), 7, '01035', 1035);
INSERT INTO EX.SINTOMAS(FECHA_INICIO, ID_SINTOMA, ID_PERSONA, ID_FICHA_MEDICA) VALUES
                            (TO_DATE('2020-02-21','YYYY-MM-DD'), 8, '01035', 1035);
INSERT INTO EX.SINTOMAS(FECHA_INICIO, ID_SINTOMA, ID_PERSONA, ID_FICHA_MEDICA) VALUES
                            (TO_DATE('2020-03-13','YYYY-MM-DD'), 9, '01035', 1035);
INSERT INTO EX.SINTOMAS(FECHA_INICIO, ID_SINTOMA, ID_PERSONA, ID_FICHA_MEDICA) VALUES
                            (TO_DATE('2020-05-01','YYYY-MM-DD'), 10, '01035', 1035);
INSERT INTO EX.SINTOMAS(FECHA_INICIO, ID_SINTOMA, ID_PERSONA, ID_FICHA_MEDICA) VALUES
                            (TO_DATE('2020-03-01','YYYY-MM-DD'), 11, '01035', 1035);
INSERT INTO EX.SINTOMAS(FECHA_INICIO, ID_SINTOMA, ID_PERSONA, ID_FICHA_MEDICA) VALUES
                            (TO_DATE('2020-05-02','YYYY-MM-DD'), 12, '01035', 1035);
INSERT INTO EX.SINTOMAS(FECHA_INICIO, ID_SINTOMA, ID_PERSONA, ID_FICHA_MEDICA) VALUES
                            (TO_DATE('2020-05-30','YYYY-MM-DD'), 13, '01035', 1035);
INSERT INTO EX.SINTOMAS(FECHA_INICIO, ID_SINTOMA, ID_PERSONA, ID_FICHA_MEDICA) VALUES
                            (TO_DATE('2020-04-03','YYYY-MM-DD'), 14, '01035', 1035);
INSERT INTO EX.SINTOMAS(FECHA_INICIO, ID_SINTOMA, ID_PERSONA, ID_FICHA_MEDICA) VALUES
                            (TO_DATE('2020-06-03','YYYY-MM-DD'), 15, '01035', 1035);
INSERT INTO EX.SINTOMAS(FECHA_INICIO, ID_SINTOMA, ID_PERSONA, ID_FICHA_MEDICA) VALUES
                            (TO_DATE('2020-01-09','YYYY-MM-DD'), 16, '01035', 1035);
INSERT INTO EX.SINTOMAS(FECHA_INICIO, ID_SINTOMA, ID_PERSONA, ID_FICHA_MEDICA) VALUES
                            (TO_DATE('2020-04-30','YYYY-MM-DD'), 17, '01035', 1035);
INSERT INTO EX.SINTOMAS(FECHA_INICIO, ID_SINTOMA, ID_PERSONA, ID_FICHA_MEDICA) VALUES
                            (TO_DATE('2020-04-29','YYYY-MM-DD'), 18, '01035', 1035);
INSERT INTO EX.PERSONA(DOC_IDENTIDAD, NOMBRE, NOMBRE1, APELLIDO, APELLIDO1, FECHA_NAC, GENERO, FOTO) VALUES
                  ('01036', 'Harry', 'April', 'Weaver', 'Johnston', TO_DATE('2006-05-20','YYYY-MM-DD'), 'm', NULL);
INSERT INTO EX.HISTORICO_RESIDENCIA(FECHA_INICIO, ID_LUGAR, ID_PERSONA, FECHA_FIN) VALUES
                  (TO_DATE('1995-01-30','YYYY-MM-DD'), 24, '01036', NULL);
INSERT INTO EX.FICHA_MEDICA(ID, ID_PERSONA, ID_CENTRO_SALUD, ID_LUGAR, ESTADO, FECHA_INFECCION, FECHA_RECUPERACION) VALUES
                                             (1036, '01036', 9, 24, 'desconido', NULL, NULL);
INSERT INTO EX.PERSONA(DOC_IDENTIDAD, NOMBRE, NOMBRE1, APELLIDO, APELLIDO1, FECHA_NAC, GENERO, FOTO) VALUES
                  ('01037', 'Catherine', 'Kimberly', 'Harmon', 'Carroll', TO_DATE('2005-01-11','YYYY-MM-DD'), 'f', NULL);
INSERT INTO EX.HISTORICO_RESIDENCIA(FECHA_INICIO, ID_LUGAR, ID_PERSONA, FECHA_FIN) VALUES
                  (TO_DATE('1970-07-26','YYYY-MM-DD'), 45, '01037', NULL);
INSERT INTO EX.FICHA_MEDICA(ID, ID_PERSONA, ID_CENTRO_SALUD, ID_LUGAR, ESTADO, FECHA_INFECCION, FECHA_RECUPERACION) VALUES
                                             (1037, '01037', 30, 45, 'desconido', NULL, NULL);
INSERT INTO EX.PADECIMIENTOS(ID_PATOLOGIA, ID_PERSONA, ID_FICHA_MEDICA) VALUES
                            (1, '01037', 1037);
INSERT INTO EX.PADECIMIENTOS(ID_PATOLOGIA, ID_PERSONA, ID_FICHA_MEDICA) VALUES
                            (2, '01037', 1037);
INSERT INTO EX.PADECIMIENTOS(ID_PATOLOGIA, ID_PERSONA, ID_FICHA_MEDICA) VALUES
                            (3, '01037', 1037);
INSERT INTO EX.PADECIMIENTOS(ID_PATOLOGIA, ID_PERSONA, ID_FICHA_MEDICA) VALUES
                            (4, '01037', 1037);
INSERT INTO EX.PADECIMIENTOS(ID_PATOLOGIA, ID_PERSONA, ID_FICHA_MEDICA) VALUES
                            (5, '01037', 1037);
INSERT INTO EX.PADECIMIENTOS(ID_PATOLOGIA, ID_PERSONA, ID_FICHA_MEDICA) VALUES
                            (6, '01037', 1037);
INSERT INTO EX.PADECIMIENTOS(ID_PATOLOGIA, ID_PERSONA, ID_FICHA_MEDICA) VALUES
                            (7, '01037', 1037);
INSERT INTO EX.PADECIMIENTOS(ID_PATOLOGIA, ID_PERSONA, ID_FICHA_MEDICA) VALUES
                            (8, '01037', 1037);
INSERT INTO EX.PADECIMIENTOS(ID_PATOLOGIA, ID_PERSONA, ID_FICHA_MEDICA) VALUES
                            (9, '01037', 1037);
INSERT INTO EX.PADECIMIENTOS(ID_PATOLOGIA, ID_PERSONA, ID_FICHA_MEDICA) VALUES
                            (10, '01037', 1037);
INSERT INTO EX.PADECIMIENTOS(ID_PATOLOGIA, ID_PERSONA, ID_FICHA_MEDICA) VALUES
                            (11, '01037', 1037);
INSERT INTO EX.PADECIMIENTOS(ID_PATOLOGIA, ID_PERSONA, ID_FICHA_MEDICA) VALUES
                            (12, '01037', 1037);
INSERT INTO EX.PADECIMIENTOS(ID_PATOLOGIA, ID_PERSONA, ID_FICHA_MEDICA) VALUES
                            (13, '01037', 1037);
INSERT INTO EX.PADECIMIENTOS(ID_PATOLOGIA, ID_PERSONA, ID_FICHA_MEDICA) VALUES
                            (14, '01037', 1037);
INSERT INTO EX.SINTOMAS(FECHA_INICIO, ID_SINTOMA, ID_PERSONA, ID_FICHA_MEDICA) VALUES
                            (TO_DATE('2020-06-11','YYYY-MM-DD'), 1, '01037', 1037);
INSERT INTO EX.SINTOMAS(FECHA_INICIO, ID_SINTOMA, ID_PERSONA, ID_FICHA_MEDICA) VALUES
                            (TO_DATE('2020-03-17','YYYY-MM-DD'), 2, '01037', 1037);
INSERT INTO EX.SINTOMAS(FECHA_INICIO, ID_SINTOMA, ID_PERSONA, ID_FICHA_MEDICA) VALUES
                            (TO_DATE('2020-05-03','YYYY-MM-DD'), 3, '01037', 1037);
INSERT INTO EX.PERSONA(DOC_IDENTIDAD, NOMBRE, NOMBRE1, APELLIDO, APELLIDO1, FECHA_NAC, GENERO, FOTO) VALUES
                  ('01038', 'Charles', 'Dustin', 'Smith', 'Nguyen', TO_DATE('1986-04-07','YYYY-MM-DD'), 'm', NULL);
INSERT INTO EX.HISTORICO_RESIDENCIA(FECHA_INICIO, ID_LUGAR, ID_PERSONA, FECHA_FIN) VALUES
                  (TO_DATE('2014-06-11','YYYY-MM-DD'), 23, '01038', NULL);
INSERT INTO EX.FICHA_MEDICA(ID, ID_PERSONA, ID_CENTRO_SALUD, ID_LUGAR, ESTADO, FECHA_INFECCION, FECHA_RECUPERACION) VALUES
                                             (1038, '01038', 8, 23, 'desconido', NULL, NULL);
INSERT INTO EX.PADECIMIENTOS(ID_PATOLOGIA, ID_PERSONA, ID_FICHA_MEDICA) VALUES
                            (1, '01038', 1038);
INSERT INTO EX.PADECIMIENTOS(ID_PATOLOGIA, ID_PERSONA, ID_FICHA_MEDICA) VALUES
                            (2, '01038', 1038);
INSERT INTO EX.PADECIMIENTOS(ID_PATOLOGIA, ID_PERSONA, ID_FICHA_MEDICA) VALUES
                            (3, '01038', 1038);
INSERT INTO EX.PADECIMIENTOS(ID_PATOLOGIA, ID_PERSONA, ID_FICHA_MEDICA) VALUES
                            (4, '01038', 1038);
INSERT INTO EX.SINTOMAS(FECHA_INICIO, ID_SINTOMA, ID_PERSONA, ID_FICHA_MEDICA) VALUES
                            (TO_DATE('2020-04-21','YYYY-MM-DD'), 1, '01038', 1038);
INSERT INTO EX.SINTOMAS(FECHA_INICIO, ID_SINTOMA, ID_PERSONA, ID_FICHA_MEDICA) VALUES
                            (TO_DATE('2020-04-27','YYYY-MM-DD'), 2, '01038', 1038);
INSERT INTO EX.SINTOMAS(FECHA_INICIO, ID_SINTOMA, ID_PERSONA, ID_FICHA_MEDICA) VALUES
                            (TO_DATE('2020-04-09','YYYY-MM-DD'), 3, '01038', 1038);
INSERT INTO EX.SINTOMAS(FECHA_INICIO, ID_SINTOMA, ID_PERSONA, ID_FICHA_MEDICA) VALUES
                            (TO_DATE('2020-01-19','YYYY-MM-DD'), 4, '01038', 1038);
INSERT INTO EX.SINTOMAS(FECHA_INICIO, ID_SINTOMA, ID_PERSONA, ID_FICHA_MEDICA) VALUES
                            (TO_DATE('2020-03-06','YYYY-MM-DD'), 5, '01038', 1038);
INSERT INTO EX.SINTOMAS(FECHA_INICIO, ID_SINTOMA, ID_PERSONA, ID_FICHA_MEDICA) VALUES
                            (TO_DATE('2020-06-17','YYYY-MM-DD'), 6, '01038', 1038);
INSERT INTO EX.SINTOMAS(FECHA_INICIO, ID_SINTOMA, ID_PERSONA, ID_FICHA_MEDICA) VALUES
                            (TO_DATE('2020-04-02','YYYY-MM-DD'), 7, '01038', 1038);
INSERT INTO EX.SINTOMAS(FECHA_INICIO, ID_SINTOMA, ID_PERSONA, ID_FICHA_MEDICA) VALUES
                            (TO_DATE('2020-06-03','YYYY-MM-DD'), 8, '01038', 1038);
INSERT INTO EX.SINTOMAS(FECHA_INICIO, ID_SINTOMA, ID_PERSONA, ID_FICHA_MEDICA) VALUES
                            (TO_DATE('2020-05-06','YYYY-MM-DD'), 9, '01038', 1038);
INSERT INTO EX.PERSONA(DOC_IDENTIDAD, NOMBRE, NOMBRE1, APELLIDO, APELLIDO1, FECHA_NAC, GENERO, FOTO) VALUES
                  ('01039', 'James', 'David', 'Herrera', 'Marsh', TO_DATE('1989-01-04','YYYY-MM-DD'), 'f', NULL);
INSERT INTO EX.HISTORICO_RESIDENCIA(FECHA_INICIO, ID_LUGAR, ID_PERSONA, FECHA_FIN) VALUES
                  (TO_DATE('2013-08-05','YYYY-MM-DD'), 20, '01039', NULL);
INSERT INTO EX.FICHA_MEDICA(ID, ID_PERSONA, ID_CENTRO_SALUD, ID_LUGAR, ESTADO, FECHA_INFECCION, FECHA_RECUPERACION) VALUES
                                             (1039, '01039', 5, 20, 'desconido', NULL, NULL);
INSERT INTO EX.PADECIMIENTOS(ID_PATOLOGIA, ID_PERSONA, ID_FICHA_MEDICA) VALUES
                            (1, '01039', 1039);
INSERT INTO EX.PADECIMIENTOS(ID_PATOLOGIA, ID_PERSONA, ID_FICHA_MEDICA) VALUES
                            (2, '01039', 1039);
INSERT INTO EX.PADECIMIENTOS(ID_PATOLOGIA, ID_PERSONA, ID_FICHA_MEDICA) VALUES
                            (3, '01039', 1039);
INSERT INTO EX.PADECIMIENTOS(ID_PATOLOGIA, ID_PERSONA, ID_FICHA_MEDICA) VALUES
                            (4, '01039', 1039);
INSERT INTO EX.PADECIMIENTOS(ID_PATOLOGIA, ID_PERSONA, ID_FICHA_MEDICA) VALUES
                            (5, '01039', 1039);
INSERT INTO EX.PADECIMIENTOS(ID_PATOLOGIA, ID_PERSONA, ID_FICHA_MEDICA) VALUES
                            (6, '01039', 1039);
INSERT INTO EX.PADECIMIENTOS(ID_PATOLOGIA, ID_PERSONA, ID_FICHA_MEDICA) VALUES
                            (7, '01039', 1039);
INSERT INTO EX.PADECIMIENTOS(ID_PATOLOGIA, ID_PERSONA, ID_FICHA_MEDICA) VALUES
                            (8, '01039', 1039);
INSERT INTO EX.PADECIMIENTOS(ID_PATOLOGIA, ID_PERSONA, ID_FICHA_MEDICA) VALUES
                            (9, '01039', 1039);
INSERT INTO EX.PADECIMIENTOS(ID_PATOLOGIA, ID_PERSONA, ID_FICHA_MEDICA) VALUES
                            (10, '01039', 1039);
INSERT INTO EX.PADECIMIENTOS(ID_PATOLOGIA, ID_PERSONA, ID_FICHA_MEDICA) VALUES
                            (11, '01039', 1039);
INSERT INTO EX.PERSONA(DOC_IDENTIDAD, NOMBRE, NOMBRE1, APELLIDO, APELLIDO1, FECHA_NAC, GENERO, FOTO) VALUES
                  ('01040', 'Sherry', 'Randy', 'Livingston', 'Moreno', TO_DATE('1997-05-13','YYYY-MM-DD'), 'm', NULL);
INSERT INTO EX.HISTORICO_RESIDENCIA(FECHA_INICIO, ID_LUGAR, ID_PERSONA, FECHA_FIN) VALUES
                  (TO_DATE('1994-02-09','YYYY-MM-DD'), 36, '01040', NULL);
INSERT INTO EX.FICHA_MEDICA(ID, ID_PERSONA, ID_CENTRO_SALUD, ID_LUGAR, ESTADO, FECHA_INFECCION, FECHA_RECUPERACION) VALUES
                                             (1040, '01040', 21, 36, 'desconido', NULL, NULL);
INSERT INTO EX.SINTOMAS(FECHA_INICIO, ID_SINTOMA, ID_PERSONA, ID_FICHA_MEDICA) VALUES
                            (TO_DATE('2020-04-04','YYYY-MM-DD'), 1, '01040', 1040);
INSERT INTO EX.SINTOMAS(FECHA_INICIO, ID_SINTOMA, ID_PERSONA, ID_FICHA_MEDICA) VALUES
                            (TO_DATE('2020-02-15','YYYY-MM-DD'), 2, '01040', 1040);
INSERT INTO EX.SINTOMAS(FECHA_INICIO, ID_SINTOMA, ID_PERSONA, ID_FICHA_MEDICA) VALUES
                            (TO_DATE('2020-05-28','YYYY-MM-DD'), 3, '01040', 1040);
INSERT INTO EX.SINTOMAS(FECHA_INICIO, ID_SINTOMA, ID_PERSONA, ID_FICHA_MEDICA) VALUES
                            (TO_DATE('2020-05-13','YYYY-MM-DD'), 4, '01040', 1040);
INSERT INTO EX.SINTOMAS(FECHA_INICIO, ID_SINTOMA, ID_PERSONA, ID_FICHA_MEDICA) VALUES
                            (TO_DATE('2020-03-30','YYYY-MM-DD'), 5, '01040', 1040);
INSERT INTO EX.SINTOMAS(FECHA_INICIO, ID_SINTOMA, ID_PERSONA, ID_FICHA_MEDICA) VALUES
                            (TO_DATE('2020-04-04','YYYY-MM-DD'), 6, '01040', 1040);
INSERT INTO EX.SINTOMAS(FECHA_INICIO, ID_SINTOMA, ID_PERSONA, ID_FICHA_MEDICA) VALUES
                            (TO_DATE('2020-02-27','YYYY-MM-DD'), 7, '01040', 1040);
INSERT INTO EX.SINTOMAS(FECHA_INICIO, ID_SINTOMA, ID_PERSONA, ID_FICHA_MEDICA) VALUES
                            (TO_DATE('2020-01-06','YYYY-MM-DD'), 8, '01040', 1040);
INSERT INTO EX.PERSONA(DOC_IDENTIDAD, NOMBRE, NOMBRE1, APELLIDO, APELLIDO1, FECHA_NAC, GENERO, FOTO) VALUES
                  ('01041', 'Justin', 'Stephen', 'Kim', 'Fisher', TO_DATE('2020-06-16','YYYY-MM-DD'), 'f', NULL);
INSERT INTO EX.HISTORICO_RESIDENCIA(FECHA_INICIO, ID_LUGAR, ID_PERSONA, FECHA_FIN) VALUES
                  (TO_DATE('1994-01-10','YYYY-MM-DD'), 21, '01041', NULL);
INSERT INTO EX.FICHA_MEDICA(ID, ID_PERSONA, ID_CENTRO_SALUD, ID_LUGAR, ESTADO, FECHA_INFECCION, FECHA_RECUPERACION) VALUES
                                             (1041, '01041', 6, 21, 'desconido', NULL, NULL);
INSERT INTO EX.PERSONA(DOC_IDENTIDAD, NOMBRE, NOMBRE1, APELLIDO, APELLIDO1, FECHA_NAC, GENERO, FOTO) VALUES
                  ('01042', 'Billy', 'Michael', 'Hill', 'Holmes', TO_DATE('2015-09-09','YYYY-MM-DD'), 'm', NULL);
INSERT INTO EX.HISTORICO_RESIDENCIA(FECHA_INICIO, ID_LUGAR, ID_PERSONA, FECHA_FIN) VALUES
                  (TO_DATE('1995-09-16','YYYY-MM-DD'), 44, '01042', NULL);
INSERT INTO EX.FICHA_MEDICA(ID, ID_PERSONA, ID_CENTRO_SALUD, ID_LUGAR, ESTADO, FECHA_INFECCION, FECHA_RECUPERACION) VALUES
                                             (1042, '01042', 29, 44, 'desconido', NULL, NULL);
INSERT INTO EX.SINTOMAS(FECHA_INICIO, ID_SINTOMA, ID_PERSONA, ID_FICHA_MEDICA) VALUES
                            (TO_DATE('2020-03-19','YYYY-MM-DD'), 1, '01042', 1042);
INSERT INTO EX.PERSONA(DOC_IDENTIDAD, NOMBRE, NOMBRE1, APELLIDO, APELLIDO1, FECHA_NAC, GENERO, FOTO) VALUES
                  ('01043', 'James', 'Gina', 'Evans', 'Aguirre', TO_DATE('1971-09-01','YYYY-MM-DD'), 'f', NULL);
INSERT INTO EX.HISTORICO_RESIDENCIA(FECHA_INICIO, ID_LUGAR, ID_PERSONA, FECHA_FIN) VALUES
                  (TO_DATE('1997-12-25','YYYY-MM-DD'), 27, '01043', NULL);
INSERT INTO EX.FICHA_MEDICA(ID, ID_PERSONA, ID_CENTRO_SALUD, ID_LUGAR, ESTADO, FECHA_INFECCION, FECHA_RECUPERACION) VALUES
                                             (1043, '01043', 12, 27, 'desconido', NULL, NULL);
INSERT INTO EX.SINTOMAS(FECHA_INICIO, ID_SINTOMA, ID_PERSONA, ID_FICHA_MEDICA) VALUES
                            (TO_DATE('2020-04-10','YYYY-MM-DD'), 1, '01043', 1043);
INSERT INTO EX.SINTOMAS(FECHA_INICIO, ID_SINTOMA, ID_PERSONA, ID_FICHA_MEDICA) VALUES
                            (TO_DATE('2020-05-05','YYYY-MM-DD'), 2, '01043', 1043);
INSERT INTO EX.SINTOMAS(FECHA_INICIO, ID_SINTOMA, ID_PERSONA, ID_FICHA_MEDICA) VALUES
                            (TO_DATE('2020-02-22','YYYY-MM-DD'), 3, '01043', 1043);
INSERT INTO EX.SINTOMAS(FECHA_INICIO, ID_SINTOMA, ID_PERSONA, ID_FICHA_MEDICA) VALUES
                            (TO_DATE('2020-04-25','YYYY-MM-DD'), 4, '01043', 1043);
INSERT INTO EX.SINTOMAS(FECHA_INICIO, ID_SINTOMA, ID_PERSONA, ID_FICHA_MEDICA) VALUES
                            (TO_DATE('2020-04-18','YYYY-MM-DD'), 5, '01043', 1043);
INSERT INTO EX.SINTOMAS(FECHA_INICIO, ID_SINTOMA, ID_PERSONA, ID_FICHA_MEDICA) VALUES
                            (TO_DATE('2020-03-29','YYYY-MM-DD'), 6, '01043', 1043);
INSERT INTO EX.SINTOMAS(FECHA_INICIO, ID_SINTOMA, ID_PERSONA, ID_FICHA_MEDICA) VALUES
                            (TO_DATE('2020-01-05','YYYY-MM-DD'), 7, '01043', 1043);
INSERT INTO EX.SINTOMAS(FECHA_INICIO, ID_SINTOMA, ID_PERSONA, ID_FICHA_MEDICA) VALUES
                            (TO_DATE('2020-06-25','YYYY-MM-DD'), 8, '01043', 1043);
INSERT INTO EX.SINTOMAS(FECHA_INICIO, ID_SINTOMA, ID_PERSONA, ID_FICHA_MEDICA) VALUES
                            (TO_DATE('2020-03-16','YYYY-MM-DD'), 9, '01043', 1043);
INSERT INTO EX.SINTOMAS(FECHA_INICIO, ID_SINTOMA, ID_PERSONA, ID_FICHA_MEDICA) VALUES
                            (TO_DATE('2020-05-08','YYYY-MM-DD'), 10, '01043', 1043);
INSERT INTO EX.SINTOMAS(FECHA_INICIO, ID_SINTOMA, ID_PERSONA, ID_FICHA_MEDICA) VALUES
                            (TO_DATE('2020-04-18','YYYY-MM-DD'), 11, '01043', 1043);
INSERT INTO EX.SINTOMAS(FECHA_INICIO, ID_SINTOMA, ID_PERSONA, ID_FICHA_MEDICA) VALUES
                            (TO_DATE('2020-02-25','YYYY-MM-DD'), 12, '01043', 1043);
INSERT INTO EX.SINTOMAS(FECHA_INICIO, ID_SINTOMA, ID_PERSONA, ID_FICHA_MEDICA) VALUES
                            (TO_DATE('2020-01-20','YYYY-MM-DD'), 13, '01043', 1043);
INSERT INTO EX.SINTOMAS(FECHA_INICIO, ID_SINTOMA, ID_PERSONA, ID_FICHA_MEDICA) VALUES
                            (TO_DATE('2020-05-20','YYYY-MM-DD'), 14, '01043', 1043);
INSERT INTO EX.SINTOMAS(FECHA_INICIO, ID_SINTOMA, ID_PERSONA, ID_FICHA_MEDICA) VALUES
                            (TO_DATE('2020-01-28','YYYY-MM-DD'), 15, '01043', 1043);
INSERT INTO EX.SINTOMAS(FECHA_INICIO, ID_SINTOMA, ID_PERSONA, ID_FICHA_MEDICA) VALUES
                            (TO_DATE('2020-05-16','YYYY-MM-DD'), 16, '01043', 1043);
INSERT INTO EX.SINTOMAS(FECHA_INICIO, ID_SINTOMA, ID_PERSONA, ID_FICHA_MEDICA) VALUES
                            (TO_DATE('2020-02-12','YYYY-MM-DD'), 17, '01043', 1043);
INSERT INTO EX.PERSONA(DOC_IDENTIDAD, NOMBRE, NOMBRE1, APELLIDO, APELLIDO1, FECHA_NAC, GENERO, FOTO) VALUES
                  ('01044', 'Brian', 'Marcus', 'Johnson', 'Smith', TO_DATE('2001-05-12','YYYY-MM-DD'), 'm', NULL);
INSERT INTO EX.HISTORICO_RESIDENCIA(FECHA_INICIO, ID_LUGAR, ID_PERSONA, FECHA_FIN) VALUES
                  (TO_DATE('2018-01-16','YYYY-MM-DD'), 42, '01044', NULL);
INSERT INTO EX.FICHA_MEDICA(ID, ID_PERSONA, ID_CENTRO_SALUD, ID_LUGAR, ESTADO, FECHA_INFECCION, FECHA_RECUPERACION) VALUES
                                             (1044, '01044', 27, 42, 'desconido', NULL, NULL);
INSERT INTO EX.PADECIMIENTOS(ID_PATOLOGIA, ID_PERSONA, ID_FICHA_MEDICA) VALUES
                            (1, '01044', 1044);
INSERT INTO EX.PADECIMIENTOS(ID_PATOLOGIA, ID_PERSONA, ID_FICHA_MEDICA) VALUES
                            (2, '01044', 1044);
INSERT INTO EX.PADECIMIENTOS(ID_PATOLOGIA, ID_PERSONA, ID_FICHA_MEDICA) VALUES
                            (3, '01044', 1044);
INSERT INTO EX.PADECIMIENTOS(ID_PATOLOGIA, ID_PERSONA, ID_FICHA_MEDICA) VALUES
                            (4, '01044', 1044);
INSERT INTO EX.PADECIMIENTOS(ID_PATOLOGIA, ID_PERSONA, ID_FICHA_MEDICA) VALUES
                            (5, '01044', 1044);
INSERT INTO EX.PADECIMIENTOS(ID_PATOLOGIA, ID_PERSONA, ID_FICHA_MEDICA) VALUES
                            (6, '01044', 1044);
INSERT INTO EX.PERSONA(DOC_IDENTIDAD, NOMBRE, NOMBRE1, APELLIDO, APELLIDO1, FECHA_NAC, GENERO, FOTO) VALUES
                  ('01045', 'Daniel', 'Jeanette', 'Campbell', 'Sanchez', TO_DATE('1988-07-06','YYYY-MM-DD'), 'f', NULL);
INSERT INTO EX.HISTORICO_RESIDENCIA(FECHA_INICIO, ID_LUGAR, ID_PERSONA, FECHA_FIN) VALUES
                  (TO_DATE('1985-04-23','YYYY-MM-DD'), 33, '01045', NULL);
INSERT INTO EX.FICHA_MEDICA(ID, ID_PERSONA, ID_CENTRO_SALUD, ID_LUGAR, ESTADO, FECHA_INFECCION, FECHA_RECUPERACION) VALUES
                                             (1045, '01045', 18, 33, 'desconido', NULL, NULL);
INSERT INTO EX.SINTOMAS(FECHA_INICIO, ID_SINTOMA, ID_PERSONA, ID_FICHA_MEDICA) VALUES
                            (TO_DATE('2020-06-21','YYYY-MM-DD'), 1, '01045', 1045);
INSERT INTO EX.SINTOMAS(FECHA_INICIO, ID_SINTOMA, ID_PERSONA, ID_FICHA_MEDICA) VALUES
                            (TO_DATE('2020-05-18','YYYY-MM-DD'), 2, '01045', 1045);
INSERT INTO EX.SINTOMAS(FECHA_INICIO, ID_SINTOMA, ID_PERSONA, ID_FICHA_MEDICA) VALUES
                            (TO_DATE('2020-06-19','YYYY-MM-DD'), 3, '01045', 1045);
INSERT INTO EX.SINTOMAS(FECHA_INICIO, ID_SINTOMA, ID_PERSONA, ID_FICHA_MEDICA) VALUES
                            (TO_DATE('2020-06-07','YYYY-MM-DD'), 4, '01045', 1045);
INSERT INTO EX.SINTOMAS(FECHA_INICIO, ID_SINTOMA, ID_PERSONA, ID_FICHA_MEDICA) VALUES
                            (TO_DATE('2020-04-01','YYYY-MM-DD'), 5, '01045', 1045);
INSERT INTO EX.SINTOMAS(FECHA_INICIO, ID_SINTOMA, ID_PERSONA, ID_FICHA_MEDICA) VALUES
                            (TO_DATE('2020-04-13','YYYY-MM-DD'), 6, '01045', 1045);
INSERT INTO EX.SINTOMAS(FECHA_INICIO, ID_SINTOMA, ID_PERSONA, ID_FICHA_MEDICA) VALUES
                            (TO_DATE('2020-04-10','YYYY-MM-DD'), 7, '01045', 1045);
INSERT INTO EX.SINTOMAS(FECHA_INICIO, ID_SINTOMA, ID_PERSONA, ID_FICHA_MEDICA) VALUES
                            (TO_DATE('2020-04-13','YYYY-MM-DD'), 8, '01045', 1045);
INSERT INTO EX.SINTOMAS(FECHA_INICIO, ID_SINTOMA, ID_PERSONA, ID_FICHA_MEDICA) VALUES
                            (TO_DATE('2020-04-30','YYYY-MM-DD'), 9, '01045', 1045);
INSERT INTO EX.SINTOMAS(FECHA_INICIO, ID_SINTOMA, ID_PERSONA, ID_FICHA_MEDICA) VALUES
                            (TO_DATE('2020-06-17','YYYY-MM-DD'), 10, '01045', 1045);
INSERT INTO EX.SINTOMAS(FECHA_INICIO, ID_SINTOMA, ID_PERSONA, ID_FICHA_MEDICA) VALUES
                            (TO_DATE('2020-06-09','YYYY-MM-DD'), 11, '01045', 1045);
INSERT INTO EX.SINTOMAS(FECHA_INICIO, ID_SINTOMA, ID_PERSONA, ID_FICHA_MEDICA) VALUES
                            (TO_DATE('2020-04-12','YYYY-MM-DD'), 12, '01045', 1045);
INSERT INTO EX.PERSONA(DOC_IDENTIDAD, NOMBRE, NOMBRE1, APELLIDO, APELLIDO1, FECHA_NAC, GENERO, FOTO) VALUES
                  ('01046', 'Richard', 'Joshua', 'Kim', 'Conrad', TO_DATE('2002-10-16','YYYY-MM-DD'), 'm', NULL);
INSERT INTO EX.HISTORICO_RESIDENCIA(FECHA_INICIO, ID_LUGAR, ID_PERSONA, FECHA_FIN) VALUES
                  (TO_DATE('2009-09-07','YYYY-MM-DD'), 32, '01046', NULL);
INSERT INTO EX.FICHA_MEDICA(ID, ID_PERSONA, ID_CENTRO_SALUD, ID_LUGAR, ESTADO, FECHA_INFECCION, FECHA_RECUPERACION) VALUES
                                             (1046, '01046', 17, 32, 'desconido', NULL, NULL);
INSERT INTO EX.SINTOMAS(FECHA_INICIO, ID_SINTOMA, ID_PERSONA, ID_FICHA_MEDICA) VALUES
                            (TO_DATE('2020-04-07','YYYY-MM-DD'), 1, '01046', 1046);
INSERT INTO EX.PERSONA(DOC_IDENTIDAD, NOMBRE, NOMBRE1, APELLIDO, APELLIDO1, FECHA_NAC, GENERO, FOTO) VALUES
                  ('01047', 'Patricia', 'Lisa', 'Miller', 'Brown', TO_DATE('2002-09-12','YYYY-MM-DD'), 'f', NULL);
INSERT INTO EX.HISTORICO_RESIDENCIA(FECHA_INICIO, ID_LUGAR, ID_PERSONA, FECHA_FIN) VALUES
                  (TO_DATE('1997-09-19','YYYY-MM-DD'), 44, '01047', NULL);
INSERT INTO EX.FICHA_MEDICA(ID, ID_PERSONA, ID_CENTRO_SALUD, ID_LUGAR, ESTADO, FECHA_INFECCION, FECHA_RECUPERACION) VALUES
                                             (1047, '01047', 29, 44, 'desconido', NULL, NULL);
INSERT INTO EX.PADECIMIENTOS(ID_PATOLOGIA, ID_PERSONA, ID_FICHA_MEDICA) VALUES
                            (1, '01047', 1047);
INSERT INTO EX.PADECIMIENTOS(ID_PATOLOGIA, ID_PERSONA, ID_FICHA_MEDICA) VALUES
                            (2, '01047', 1047);
INSERT INTO EX.PADECIMIENTOS(ID_PATOLOGIA, ID_PERSONA, ID_FICHA_MEDICA) VALUES
                            (3, '01047', 1047);
INSERT INTO EX.PADECIMIENTOS(ID_PATOLOGIA, ID_PERSONA, ID_FICHA_MEDICA) VALUES
                            (4, '01047', 1047);
INSERT INTO EX.SINTOMAS(FECHA_INICIO, ID_SINTOMA, ID_PERSONA, ID_FICHA_MEDICA) VALUES
                            (TO_DATE('2020-02-13','YYYY-MM-DD'), 1, '01047', 1047);
INSERT INTO EX.SINTOMAS(FECHA_INICIO, ID_SINTOMA, ID_PERSONA, ID_FICHA_MEDICA) VALUES
                            (TO_DATE('2020-01-19','YYYY-MM-DD'), 2, '01047', 1047);
INSERT INTO EX.SINTOMAS(FECHA_INICIO, ID_SINTOMA, ID_PERSONA, ID_FICHA_MEDICA) VALUES
                            (TO_DATE('2020-02-08','YYYY-MM-DD'), 3, '01047', 1047);
INSERT INTO EX.SINTOMAS(FECHA_INICIO, ID_SINTOMA, ID_PERSONA, ID_FICHA_MEDICA) VALUES
                            (TO_DATE('2020-02-22','YYYY-MM-DD'), 4, '01047', 1047);
INSERT INTO EX.SINTOMAS(FECHA_INICIO, ID_SINTOMA, ID_PERSONA, ID_FICHA_MEDICA) VALUES
                            (TO_DATE('2020-06-01','YYYY-MM-DD'), 5, '01047', 1047);
INSERT INTO EX.SINTOMAS(FECHA_INICIO, ID_SINTOMA, ID_PERSONA, ID_FICHA_MEDICA) VALUES
                            (TO_DATE('2020-04-30','YYYY-MM-DD'), 6, '01047', 1047);
INSERT INTO EX.SINTOMAS(FECHA_INICIO, ID_SINTOMA, ID_PERSONA, ID_FICHA_MEDICA) VALUES
                            (TO_DATE('2020-03-02','YYYY-MM-DD'), 7, '01047', 1047);
INSERT INTO EX.SINTOMAS(FECHA_INICIO, ID_SINTOMA, ID_PERSONA, ID_FICHA_MEDICA) VALUES
                            (TO_DATE('2020-04-24','YYYY-MM-DD'), 8, '01047', 1047);
INSERT INTO EX.SINTOMAS(FECHA_INICIO, ID_SINTOMA, ID_PERSONA, ID_FICHA_MEDICA) VALUES
                            (TO_DATE('2020-02-02','YYYY-MM-DD'), 9, '01047', 1047);
INSERT INTO EX.SINTOMAS(FECHA_INICIO, ID_SINTOMA, ID_PERSONA, ID_FICHA_MEDICA) VALUES
                            (TO_DATE('2020-01-30','YYYY-MM-DD'), 10, '01047', 1047);
INSERT INTO EX.SINTOMAS(FECHA_INICIO, ID_SINTOMA, ID_PERSONA, ID_FICHA_MEDICA) VALUES
                            (TO_DATE('2020-05-22','YYYY-MM-DD'), 11, '01047', 1047);
INSERT INTO EX.SINTOMAS(FECHA_INICIO, ID_SINTOMA, ID_PERSONA, ID_FICHA_MEDICA) VALUES
                            (TO_DATE('2020-02-15','YYYY-MM-DD'), 12, '01047', 1047);
INSERT INTO EX.SINTOMAS(FECHA_INICIO, ID_SINTOMA, ID_PERSONA, ID_FICHA_MEDICA) VALUES
                            (TO_DATE('2020-06-03','YYYY-MM-DD'), 13, '01047', 1047);
INSERT INTO EX.PERSONA(DOC_IDENTIDAD, NOMBRE, NOMBRE1, APELLIDO, APELLIDO1, FECHA_NAC, GENERO, FOTO) VALUES
                  ('01048', 'Teresa', 'Jocelyn', 'Berger', 'Potter', TO_DATE('2003-08-06','YYYY-MM-DD'), 'm', NULL);
INSERT INTO EX.HISTORICO_RESIDENCIA(FECHA_INICIO, ID_LUGAR, ID_PERSONA, FECHA_FIN) VALUES
                  (TO_DATE('2012-08-28','YYYY-MM-DD'), 31, '01048', NULL);
INSERT INTO EX.FICHA_MEDICA(ID, ID_PERSONA, ID_CENTRO_SALUD, ID_LUGAR, ESTADO, FECHA_INFECCION, FECHA_RECUPERACION) VALUES
                                             (1048, '01048', 16, 31, 'desconido', NULL, NULL);
INSERT INTO EX.PADECIMIENTOS(ID_PATOLOGIA, ID_PERSONA, ID_FICHA_MEDICA) VALUES
                            (1, '01048', 1048);
INSERT INTO EX.PADECIMIENTOS(ID_PATOLOGIA, ID_PERSONA, ID_FICHA_MEDICA) VALUES
                            (2, '01048', 1048);
INSERT INTO EX.PADECIMIENTOS(ID_PATOLOGIA, ID_PERSONA, ID_FICHA_MEDICA) VALUES
                            (3, '01048', 1048);
INSERT INTO EX.PADECIMIENTOS(ID_PATOLOGIA, ID_PERSONA, ID_FICHA_MEDICA) VALUES
                            (4, '01048', 1048);
INSERT INTO EX.PADECIMIENTOS(ID_PATOLOGIA, ID_PERSONA, ID_FICHA_MEDICA) VALUES
                            (5, '01048', 1048);
INSERT INTO EX.PADECIMIENTOS(ID_PATOLOGIA, ID_PERSONA, ID_FICHA_MEDICA) VALUES
                            (6, '01048', 1048);
INSERT INTO EX.PADECIMIENTOS(ID_PATOLOGIA, ID_PERSONA, ID_FICHA_MEDICA) VALUES
                            (7, '01048', 1048);
INSERT INTO EX.PADECIMIENTOS(ID_PATOLOGIA, ID_PERSONA, ID_FICHA_MEDICA) VALUES
                            (8, '01048', 1048);
INSERT INTO EX.PERSONA(DOC_IDENTIDAD, NOMBRE, NOMBRE1, APELLIDO, APELLIDO1, FECHA_NAC, GENERO, FOTO) VALUES
                  ('01049', 'Nathan', 'David', 'Wright', 'Bryant', TO_DATE('2015-09-04','YYYY-MM-DD'), 'f', NULL);
INSERT INTO EX.HISTORICO_RESIDENCIA(FECHA_INICIO, ID_LUGAR, ID_PERSONA, FECHA_FIN) VALUES
                  (TO_DATE('1975-11-24','YYYY-MM-DD'), 45, '01049', NULL);
INSERT INTO EX.FICHA_MEDICA(ID, ID_PERSONA, ID_CENTRO_SALUD, ID_LUGAR, ESTADO, FECHA_INFECCION, FECHA_RECUPERACION) VALUES
                                             (1049, '01049', 30, 45, 'desconido', NULL, NULL);
INSERT INTO EX.PADECIMIENTOS(ID_PATOLOGIA, ID_PERSONA, ID_FICHA_MEDICA) VALUES
                            (1, '01049', 1049);
INSERT INTO EX.PADECIMIENTOS(ID_PATOLOGIA, ID_PERSONA, ID_FICHA_MEDICA) VALUES
                            (2, '01049', 1049);
INSERT INTO EX.PADECIMIENTOS(ID_PATOLOGIA, ID_PERSONA, ID_FICHA_MEDICA) VALUES
                            (3, '01049', 1049);
INSERT INTO EX.PADECIMIENTOS(ID_PATOLOGIA, ID_PERSONA, ID_FICHA_MEDICA) VALUES
                            (4, '01049', 1049);
INSERT INTO EX.PADECIMIENTOS(ID_PATOLOGIA, ID_PERSONA, ID_FICHA_MEDICA) VALUES
                            (5, '01049', 1049);
INSERT INTO EX.PADECIMIENTOS(ID_PATOLOGIA, ID_PERSONA, ID_FICHA_MEDICA) VALUES
                            (6, '01049', 1049);
INSERT INTO EX.PADECIMIENTOS(ID_PATOLOGIA, ID_PERSONA, ID_FICHA_MEDICA) VALUES
                            (7, '01049', 1049);
INSERT INTO EX.PADECIMIENTOS(ID_PATOLOGIA, ID_PERSONA, ID_FICHA_MEDICA) VALUES
                            (8, '01049', 1049);
INSERT INTO EX.PADECIMIENTOS(ID_PATOLOGIA, ID_PERSONA, ID_FICHA_MEDICA) VALUES
                            (9, '01049', 1049);
INSERT INTO EX.PADECIMIENTOS(ID_PATOLOGIA, ID_PERSONA, ID_FICHA_MEDICA) VALUES
                            (10, '01049', 1049);
INSERT INTO EX.PADECIMIENTOS(ID_PATOLOGIA, ID_PERSONA, ID_FICHA_MEDICA) VALUES
                            (11, '01049', 1049);
INSERT INTO EX.SINTOMAS(FECHA_INICIO, ID_SINTOMA, ID_PERSONA, ID_FICHA_MEDICA) VALUES
                            (TO_DATE('2020-06-02','YYYY-MM-DD'), 1, '01049', 1049);
INSERT INTO EX.SINTOMAS(FECHA_INICIO, ID_SINTOMA, ID_PERSONA, ID_FICHA_MEDICA) VALUES
                            (TO_DATE('2020-04-18','YYYY-MM-DD'), 2, '01049', 1049);
INSERT INTO EX.SINTOMAS(FECHA_INICIO, ID_SINTOMA, ID_PERSONA, ID_FICHA_MEDICA) VALUES
                            (TO_DATE('2020-02-06','YYYY-MM-DD'), 3, '01049', 1049);
INSERT INTO EX.SINTOMAS(FECHA_INICIO, ID_SINTOMA, ID_PERSONA, ID_FICHA_MEDICA) VALUES
                            (TO_DATE('2020-04-20','YYYY-MM-DD'), 4, '01049', 1049);
INSERT INTO EX.SINTOMAS(FECHA_INICIO, ID_SINTOMA, ID_PERSONA, ID_FICHA_MEDICA) VALUES
                            (TO_DATE('2020-05-26','YYYY-MM-DD'), 5, '01049', 1049);
INSERT INTO EX.SINTOMAS(FECHA_INICIO, ID_SINTOMA, ID_PERSONA, ID_FICHA_MEDICA) VALUES
                            (TO_DATE('2020-02-06','YYYY-MM-DD'), 6, '01049', 1049);
INSERT INTO EX.PERSONA(DOC_IDENTIDAD, NOMBRE, NOMBRE1, APELLIDO, APELLIDO1, FECHA_NAC, GENERO, FOTO) VALUES
                  ('01050', 'Edward', 'Amanda', 'Rodriguez', 'Carrillo', TO_DATE('2015-11-02','YYYY-MM-DD'), 'm', NULL);
INSERT INTO EX.HISTORICO_RESIDENCIA(FECHA_INICIO, ID_LUGAR, ID_PERSONA, FECHA_FIN) VALUES
                  (TO_DATE('2010-08-10','YYYY-MM-DD'), 23, '01050', NULL);
INSERT INTO EX.FICHA_MEDICA(ID, ID_PERSONA, ID_CENTRO_SALUD, ID_LUGAR, ESTADO, FECHA_INFECCION, FECHA_RECUPERACION) VALUES
                                             (1050, '01050', 8, 23, 'desconido', NULL, NULL);
COMMIT;