INSERT INTO EX.PERSONA(DOC_IDENTIDAD, NOMBRE, NOMBRE1, APELLIDO, APELLIDO1, FECHA_NAC, GENERO, FOTO) VALUES
                  ('00050', 'James', 'Joseph', 'Palmer', 'Martin', TO_DATE('1996-05-02','YYYY-MM-DD'), 'm', NULL);
INSERT INTO EX.HISTORICO_RESIDENCIA(FECHA_INICIO, ID_LUGAR, ID_PERSONA, FECHA_FIN) VALUES
                  (TO_DATE('1983-06-14','YYYY-MM-DD'), 20, '00050', NULL);
INSERT INTO EX.FICHA_MEDICA(ID, ID_PERSONA, ID_CENTRO_SALUD, ID_LUGAR, ESTADO, FECHA_INFECCION, FECHA_RECUPERACION) VALUES
                                             (50, '00050', 5, 20, 'desconido', NULL, NULL);
INSERT INTO EX.PADECIMIENTOS(ID_PATOLOGIA, ID_PERSONA, ID_FICHA_MEDICA) VALUES
                            (1, '00050', 50);
INSERT INTO EX.PADECIMIENTOS(ID_PATOLOGIA, ID_PERSONA, ID_FICHA_MEDICA) VALUES
                            (2, '00050', 50);
INSERT INTO EX.PADECIMIENTOS(ID_PATOLOGIA, ID_PERSONA, ID_FICHA_MEDICA) VALUES
                            (3, '00050', 50);
INSERT INTO EX.PADECIMIENTOS(ID_PATOLOGIA, ID_PERSONA, ID_FICHA_MEDICA) VALUES
                            (4, '00050', 50);
INSERT INTO EX.PADECIMIENTOS(ID_PATOLOGIA, ID_PERSONA, ID_FICHA_MEDICA) VALUES
                            (5, '00050', 50);
INSERT INTO EX.PADECIMIENTOS(ID_PATOLOGIA, ID_PERSONA, ID_FICHA_MEDICA) VALUES
                            (6, '00050', 50);
INSERT INTO EX.PADECIMIENTOS(ID_PATOLOGIA, ID_PERSONA, ID_FICHA_MEDICA) VALUES
                            (7, '00050', 50);
INSERT INTO EX.PADECIMIENTOS(ID_PATOLOGIA, ID_PERSONA, ID_FICHA_MEDICA) VALUES
                            (8, '00050', 50);
INSERT INTO EX.PERSONA(DOC_IDENTIDAD, NOMBRE, NOMBRE1, APELLIDO, APELLIDO1, FECHA_NAC, GENERO, FOTO) VALUES
                  ('00051', 'Sharon', 'Christine', 'French', 'Dougherty', TO_DATE('1997-08-08','YYYY-MM-DD'), 'f', NULL);
INSERT INTO EX.HISTORICO_RESIDENCIA(FECHA_INICIO, ID_LUGAR, ID_PERSONA, FECHA_FIN) VALUES
                  (TO_DATE('2009-06-12','YYYY-MM-DD'), 20, '00051', NULL);
INSERT INTO EX.FICHA_MEDICA(ID, ID_PERSONA, ID_CENTRO_SALUD, ID_LUGAR, ESTADO, FECHA_INFECCION, FECHA_RECUPERACION) VALUES
                                             (51, '00051', 5, 20, 'desconido', NULL, NULL);
INSERT INTO EX.PADECIMIENTOS(ID_PATOLOGIA, ID_PERSONA, ID_FICHA_MEDICA) VALUES
                            (1, '00051', 51);
INSERT INTO EX.PADECIMIENTOS(ID_PATOLOGIA, ID_PERSONA, ID_FICHA_MEDICA) VALUES
                            (2, '00051', 51);
INSERT INTO EX.PADECIMIENTOS(ID_PATOLOGIA, ID_PERSONA, ID_FICHA_MEDICA) VALUES
                            (3, '00051', 51);
INSERT INTO EX.PADECIMIENTOS(ID_PATOLOGIA, ID_PERSONA, ID_FICHA_MEDICA) VALUES
                            (4, '00051', 51);
INSERT INTO EX.PADECIMIENTOS(ID_PATOLOGIA, ID_PERSONA, ID_FICHA_MEDICA) VALUES
                            (5, '00051', 51);
INSERT INTO EX.PADECIMIENTOS(ID_PATOLOGIA, ID_PERSONA, ID_FICHA_MEDICA) VALUES
                            (6, '00051', 51);
INSERT INTO EX.PADECIMIENTOS(ID_PATOLOGIA, ID_PERSONA, ID_FICHA_MEDICA) VALUES
                            (7, '00051', 51);
INSERT INTO EX.PADECIMIENTOS(ID_PATOLOGIA, ID_PERSONA, ID_FICHA_MEDICA) VALUES
                            (8, '00051', 51);
INSERT INTO EX.PADECIMIENTOS(ID_PATOLOGIA, ID_PERSONA, ID_FICHA_MEDICA) VALUES
                            (9, '00051', 51);
INSERT INTO EX.PADECIMIENTOS(ID_PATOLOGIA, ID_PERSONA, ID_FICHA_MEDICA) VALUES
                            (10, '00051', 51);
INSERT INTO EX.PADECIMIENTOS(ID_PATOLOGIA, ID_PERSONA, ID_FICHA_MEDICA) VALUES
                            (11, '00051', 51);
INSERT INTO EX.PADECIMIENTOS(ID_PATOLOGIA, ID_PERSONA, ID_FICHA_MEDICA) VALUES
                            (12, '00051', 51);
INSERT INTO EX.PADECIMIENTOS(ID_PATOLOGIA, ID_PERSONA, ID_FICHA_MEDICA) VALUES
                            (13, '00051', 51);
INSERT INTO EX.SINTOMAS(FECHA_INICIO, ID_SINTOMA, ID_PERSONA, ID_FICHA_MEDICA) VALUES
                            (TO_DATE('2020-02-21','YYYY-MM-DD'), 1, '00051', 51);
INSERT INTO EX.SINTOMAS(FECHA_INICIO, ID_SINTOMA, ID_PERSONA, ID_FICHA_MEDICA) VALUES
                            (TO_DATE('2020-05-27','YYYY-MM-DD'), 2, '00051', 51);
INSERT INTO EX.SINTOMAS(FECHA_INICIO, ID_SINTOMA, ID_PERSONA, ID_FICHA_MEDICA) VALUES
                            (TO_DATE('2020-06-23','YYYY-MM-DD'), 3, '00051', 51);
INSERT INTO EX.SINTOMAS(FECHA_INICIO, ID_SINTOMA, ID_PERSONA, ID_FICHA_MEDICA) VALUES
                            (TO_DATE('2020-04-07','YYYY-MM-DD'), 4, '00051', 51);
INSERT INTO EX.SINTOMAS(FECHA_INICIO, ID_SINTOMA, ID_PERSONA, ID_FICHA_MEDICA) VALUES
                            (TO_DATE('2020-06-12','YYYY-MM-DD'), 5, '00051', 51);
INSERT INTO EX.SINTOMAS(FECHA_INICIO, ID_SINTOMA, ID_PERSONA, ID_FICHA_MEDICA) VALUES
                            (TO_DATE('2020-04-10','YYYY-MM-DD'), 6, '00051', 51);
INSERT INTO EX.SINTOMAS(FECHA_INICIO, ID_SINTOMA, ID_PERSONA, ID_FICHA_MEDICA) VALUES
                            (TO_DATE('2020-01-22','YYYY-MM-DD'), 7, '00051', 51);
INSERT INTO EX.SINTOMAS(FECHA_INICIO, ID_SINTOMA, ID_PERSONA, ID_FICHA_MEDICA) VALUES
                            (TO_DATE('2020-04-02','YYYY-MM-DD'), 8, '00051', 51);
INSERT INTO EX.SINTOMAS(FECHA_INICIO, ID_SINTOMA, ID_PERSONA, ID_FICHA_MEDICA) VALUES
                            (TO_DATE('2020-04-17','YYYY-MM-DD'), 9, '00051', 51);
INSERT INTO EX.SINTOMAS(FECHA_INICIO, ID_SINTOMA, ID_PERSONA, ID_FICHA_MEDICA) VALUES
                            (TO_DATE('2020-05-03','YYYY-MM-DD'), 10, '00051', 51);
INSERT INTO EX.SINTOMAS(FECHA_INICIO, ID_SINTOMA, ID_PERSONA, ID_FICHA_MEDICA) VALUES
                            (TO_DATE('2020-01-09','YYYY-MM-DD'), 11, '00051', 51);
INSERT INTO EX.SINTOMAS(FECHA_INICIO, ID_SINTOMA, ID_PERSONA, ID_FICHA_MEDICA) VALUES
                            (TO_DATE('2020-06-14','YYYY-MM-DD'), 12, '00051', 51);
INSERT INTO EX.SINTOMAS(FECHA_INICIO, ID_SINTOMA, ID_PERSONA, ID_FICHA_MEDICA) VALUES
                            (TO_DATE('2020-06-19','YYYY-MM-DD'), 13, '00051', 51);
INSERT INTO EX.SINTOMAS(FECHA_INICIO, ID_SINTOMA, ID_PERSONA, ID_FICHA_MEDICA) VALUES
                            (TO_DATE('2020-03-11','YYYY-MM-DD'), 14, '00051', 51);
INSERT INTO EX.SINTOMAS(FECHA_INICIO, ID_SINTOMA, ID_PERSONA, ID_FICHA_MEDICA) VALUES
                            (TO_DATE('2020-06-16','YYYY-MM-DD'), 15, '00051', 51);
INSERT INTO EX.SINTOMAS(FECHA_INICIO, ID_SINTOMA, ID_PERSONA, ID_FICHA_MEDICA) VALUES
                            (TO_DATE('2020-02-25','YYYY-MM-DD'), 16, '00051', 51);
INSERT INTO EX.SINTOMAS(FECHA_INICIO, ID_SINTOMA, ID_PERSONA, ID_FICHA_MEDICA) VALUES
                            (TO_DATE('2020-04-02','YYYY-MM-DD'), 17, '00051', 51);
INSERT INTO EX.PERSONA(DOC_IDENTIDAD, NOMBRE, NOMBRE1, APELLIDO, APELLIDO1, FECHA_NAC, GENERO, FOTO) VALUES
                  ('00052', 'Troy', 'Vincent', 'Thompson', 'Jackson', TO_DATE('2004-11-20','YYYY-MM-DD'), 'm', NULL);
INSERT INTO EX.HISTORICO_RESIDENCIA(FECHA_INICIO, ID_LUGAR, ID_PERSONA, FECHA_FIN) VALUES
                  (TO_DATE('1989-04-17','YYYY-MM-DD'), 38, '00052', NULL);
INSERT INTO EX.FICHA_MEDICA(ID, ID_PERSONA, ID_CENTRO_SALUD, ID_LUGAR, ESTADO, FECHA_INFECCION, FECHA_RECUPERACION) VALUES
                                             (52, '00052', 23, 38, 'desconido', NULL, NULL);
INSERT INTO EX.PADECIMIENTOS(ID_PATOLOGIA, ID_PERSONA, ID_FICHA_MEDICA) VALUES
                            (1, '00052', 52);
INSERT INTO EX.PADECIMIENTOS(ID_PATOLOGIA, ID_PERSONA, ID_FICHA_MEDICA) VALUES
                            (2, '00052', 52);
INSERT INTO EX.PADECIMIENTOS(ID_PATOLOGIA, ID_PERSONA, ID_FICHA_MEDICA) VALUES
                            (3, '00052', 52);
INSERT INTO EX.PADECIMIENTOS(ID_PATOLOGIA, ID_PERSONA, ID_FICHA_MEDICA) VALUES
                            (4, '00052', 52);
INSERT INTO EX.PADECIMIENTOS(ID_PATOLOGIA, ID_PERSONA, ID_FICHA_MEDICA) VALUES
                            (5, '00052', 52);
INSERT INTO EX.PADECIMIENTOS(ID_PATOLOGIA, ID_PERSONA, ID_FICHA_MEDICA) VALUES
                            (6, '00052', 52);
INSERT INTO EX.PADECIMIENTOS(ID_PATOLOGIA, ID_PERSONA, ID_FICHA_MEDICA) VALUES
                            (7, '00052', 52);
INSERT INTO EX.SINTOMAS(FECHA_INICIO, ID_SINTOMA, ID_PERSONA, ID_FICHA_MEDICA) VALUES
                            (TO_DATE('2020-05-28','YYYY-MM-DD'), 1, '00052', 52);
INSERT INTO EX.SINTOMAS(FECHA_INICIO, ID_SINTOMA, ID_PERSONA, ID_FICHA_MEDICA) VALUES
                            (TO_DATE('2020-03-25','YYYY-MM-DD'), 2, '00052', 52);
INSERT INTO EX.SINTOMAS(FECHA_INICIO, ID_SINTOMA, ID_PERSONA, ID_FICHA_MEDICA) VALUES
                            (TO_DATE('2020-06-15','YYYY-MM-DD'), 3, '00052', 52);
INSERT INTO EX.SINTOMAS(FECHA_INICIO, ID_SINTOMA, ID_PERSONA, ID_FICHA_MEDICA) VALUES
                            (TO_DATE('2020-06-15','YYYY-MM-DD'), 4, '00052', 52);
INSERT INTO EX.SINTOMAS(FECHA_INICIO, ID_SINTOMA, ID_PERSONA, ID_FICHA_MEDICA) VALUES
                            (TO_DATE('2020-03-11','YYYY-MM-DD'), 5, '00052', 52);
INSERT INTO EX.SINTOMAS(FECHA_INICIO, ID_SINTOMA, ID_PERSONA, ID_FICHA_MEDICA) VALUES
                            (TO_DATE('2020-05-11','YYYY-MM-DD'), 6, '00052', 52);
INSERT INTO EX.SINTOMAS(FECHA_INICIO, ID_SINTOMA, ID_PERSONA, ID_FICHA_MEDICA) VALUES
                            (TO_DATE('2020-06-21','YYYY-MM-DD'), 7, '00052', 52);
INSERT INTO EX.SINTOMAS(FECHA_INICIO, ID_SINTOMA, ID_PERSONA, ID_FICHA_MEDICA) VALUES
                            (TO_DATE('2020-05-10','YYYY-MM-DD'), 8, '00052', 52);
INSERT INTO EX.SINTOMAS(FECHA_INICIO, ID_SINTOMA, ID_PERSONA, ID_FICHA_MEDICA) VALUES
                            (TO_DATE('2020-05-17','YYYY-MM-DD'), 9, '00052', 52);
INSERT INTO EX.SINTOMAS(FECHA_INICIO, ID_SINTOMA, ID_PERSONA, ID_FICHA_MEDICA) VALUES
                            (TO_DATE('2020-02-06','YYYY-MM-DD'), 10, '00052', 52);
INSERT INTO EX.PERSONA(DOC_IDENTIDAD, NOMBRE, NOMBRE1, APELLIDO, APELLIDO1, FECHA_NAC, GENERO, FOTO) VALUES
                  ('00053', 'Jeremy', 'Jessica', 'Reyes', 'Johnson', TO_DATE('2011-02-06','YYYY-MM-DD'), 'f', NULL);
INSERT INTO EX.HISTORICO_RESIDENCIA(FECHA_INICIO, ID_LUGAR, ID_PERSONA, FECHA_FIN) VALUES
                  (TO_DATE('1991-06-25','YYYY-MM-DD'), 29, '00053', NULL);
INSERT INTO EX.FICHA_MEDICA(ID, ID_PERSONA, ID_CENTRO_SALUD, ID_LUGAR, ESTADO, FECHA_INFECCION, FECHA_RECUPERACION) VALUES
                                             (53, '00053', 14, 29, 'desconido', NULL, NULL);
INSERT INTO EX.PADECIMIENTOS(ID_PATOLOGIA, ID_PERSONA, ID_FICHA_MEDICA) VALUES
                            (1, '00053', 53);
INSERT INTO EX.PADECIMIENTOS(ID_PATOLOGIA, ID_PERSONA, ID_FICHA_MEDICA) VALUES
                            (2, '00053', 53);
INSERT INTO EX.PADECIMIENTOS(ID_PATOLOGIA, ID_PERSONA, ID_FICHA_MEDICA) VALUES
                            (3, '00053', 53);
INSERT INTO EX.PADECIMIENTOS(ID_PATOLOGIA, ID_PERSONA, ID_FICHA_MEDICA) VALUES
                            (4, '00053', 53);
INSERT INTO EX.PADECIMIENTOS(ID_PATOLOGIA, ID_PERSONA, ID_FICHA_MEDICA) VALUES
                            (5, '00053', 53);
INSERT INTO EX.PADECIMIENTOS(ID_PATOLOGIA, ID_PERSONA, ID_FICHA_MEDICA) VALUES
                            (6, '00053', 53);
INSERT INTO EX.PADECIMIENTOS(ID_PATOLOGIA, ID_PERSONA, ID_FICHA_MEDICA) VALUES
                            (7, '00053', 53);
INSERT INTO EX.PADECIMIENTOS(ID_PATOLOGIA, ID_PERSONA, ID_FICHA_MEDICA) VALUES
                            (8, '00053', 53);
INSERT INTO EX.PADECIMIENTOS(ID_PATOLOGIA, ID_PERSONA, ID_FICHA_MEDICA) VALUES
                            (9, '00053', 53);
INSERT INTO EX.PADECIMIENTOS(ID_PATOLOGIA, ID_PERSONA, ID_FICHA_MEDICA) VALUES
                            (10, '00053', 53);
INSERT INTO EX.PERSONA(DOC_IDENTIDAD, NOMBRE, NOMBRE1, APELLIDO, APELLIDO1, FECHA_NAC, GENERO, FOTO) VALUES
                  ('00054', 'Christina', 'Eric', 'Cervantes', 'Parker', TO_DATE('1972-08-29','YYYY-MM-DD'), 'm', NULL);
INSERT INTO EX.HISTORICO_RESIDENCIA(FECHA_INICIO, ID_LUGAR, ID_PERSONA, FECHA_FIN) VALUES
                  (TO_DATE('2020-06-24','YYYY-MM-DD'), 24, '00054', NULL);
INSERT INTO EX.FICHA_MEDICA(ID, ID_PERSONA, ID_CENTRO_SALUD, ID_LUGAR, ESTADO, FECHA_INFECCION, FECHA_RECUPERACION) VALUES
                                             (54, '00054', 9, 24, 'desconido', NULL, NULL);
INSERT INTO EX.PERSONA(DOC_IDENTIDAD, NOMBRE, NOMBRE1, APELLIDO, APELLIDO1, FECHA_NAC, GENERO, FOTO) VALUES
                  ('00055', 'Joseph', 'Kyle', 'Rodriguez', 'Perez', TO_DATE('1971-08-19','YYYY-MM-DD'), 'f', NULL);
INSERT INTO EX.HISTORICO_RESIDENCIA(FECHA_INICIO, ID_LUGAR, ID_PERSONA, FECHA_FIN) VALUES
                  (TO_DATE('1973-08-03','YYYY-MM-DD'), 42, '00055', NULL);
INSERT INTO EX.FICHA_MEDICA(ID, ID_PERSONA, ID_CENTRO_SALUD, ID_LUGAR, ESTADO, FECHA_INFECCION, FECHA_RECUPERACION) VALUES
                                             (55, '00055', 27, 42, 'desconido', NULL, NULL);
INSERT INTO EX.PADECIMIENTOS(ID_PATOLOGIA, ID_PERSONA, ID_FICHA_MEDICA) VALUES
                            (1, '00055', 55);
INSERT INTO EX.PADECIMIENTOS(ID_PATOLOGIA, ID_PERSONA, ID_FICHA_MEDICA) VALUES
                            (2, '00055', 55);
INSERT INTO EX.PADECIMIENTOS(ID_PATOLOGIA, ID_PERSONA, ID_FICHA_MEDICA) VALUES
                            (3, '00055', 55);
INSERT INTO EX.PADECIMIENTOS(ID_PATOLOGIA, ID_PERSONA, ID_FICHA_MEDICA) VALUES
                            (4, '00055', 55);
INSERT INTO EX.SINTOMAS(FECHA_INICIO, ID_SINTOMA, ID_PERSONA, ID_FICHA_MEDICA) VALUES
                            (TO_DATE('2020-02-07','YYYY-MM-DD'), 1, '00055', 55);
INSERT INTO EX.SINTOMAS(FECHA_INICIO, ID_SINTOMA, ID_PERSONA, ID_FICHA_MEDICA) VALUES
                            (TO_DATE('2020-02-05','YYYY-MM-DD'), 2, '00055', 55);
INSERT INTO EX.SINTOMAS(FECHA_INICIO, ID_SINTOMA, ID_PERSONA, ID_FICHA_MEDICA) VALUES
                            (TO_DATE('2020-02-25','YYYY-MM-DD'), 3, '00055', 55);
INSERT INTO EX.SINTOMAS(FECHA_INICIO, ID_SINTOMA, ID_PERSONA, ID_FICHA_MEDICA) VALUES
                            (TO_DATE('2020-06-14','YYYY-MM-DD'), 4, '00055', 55);
INSERT INTO EX.SINTOMAS(FECHA_INICIO, ID_SINTOMA, ID_PERSONA, ID_FICHA_MEDICA) VALUES
                            (TO_DATE('2020-06-18','YYYY-MM-DD'), 5, '00055', 55);
INSERT INTO EX.SINTOMAS(FECHA_INICIO, ID_SINTOMA, ID_PERSONA, ID_FICHA_MEDICA) VALUES
                            (TO_DATE('2020-04-22','YYYY-MM-DD'), 6, '00055', 55);
INSERT INTO EX.SINTOMAS(FECHA_INICIO, ID_SINTOMA, ID_PERSONA, ID_FICHA_MEDICA) VALUES
                            (TO_DATE('2020-01-30','YYYY-MM-DD'), 7, '00055', 55);
INSERT INTO EX.SINTOMAS(FECHA_INICIO, ID_SINTOMA, ID_PERSONA, ID_FICHA_MEDICA) VALUES
                            (TO_DATE('2020-06-24','YYYY-MM-DD'), 8, '00055', 55);
INSERT INTO EX.SINTOMAS(FECHA_INICIO, ID_SINTOMA, ID_PERSONA, ID_FICHA_MEDICA) VALUES
                            (TO_DATE('2020-03-02','YYYY-MM-DD'), 9, '00055', 55);
INSERT INTO EX.SINTOMAS(FECHA_INICIO, ID_SINTOMA, ID_PERSONA, ID_FICHA_MEDICA) VALUES
                            (TO_DATE('2020-04-05','YYYY-MM-DD'), 10, '00055', 55);
INSERT INTO EX.SINTOMAS(FECHA_INICIO, ID_SINTOMA, ID_PERSONA, ID_FICHA_MEDICA) VALUES
                            (TO_DATE('2020-02-23','YYYY-MM-DD'), 11, '00055', 55);
INSERT INTO EX.SINTOMAS(FECHA_INICIO, ID_SINTOMA, ID_PERSONA, ID_FICHA_MEDICA) VALUES
                            (TO_DATE('2020-06-29','YYYY-MM-DD'), 12, '00055', 55);
INSERT INTO EX.SINTOMAS(FECHA_INICIO, ID_SINTOMA, ID_PERSONA, ID_FICHA_MEDICA) VALUES
                            (TO_DATE('2020-05-20','YYYY-MM-DD'), 13, '00055', 55);
INSERT INTO EX.SINTOMAS(FECHA_INICIO, ID_SINTOMA, ID_PERSONA, ID_FICHA_MEDICA) VALUES
                            (TO_DATE('2020-02-10','YYYY-MM-DD'), 14, '00055', 55);
INSERT INTO EX.SINTOMAS(FECHA_INICIO, ID_SINTOMA, ID_PERSONA, ID_FICHA_MEDICA) VALUES
                            (TO_DATE('2020-03-23','YYYY-MM-DD'), 15, '00055', 55);
INSERT INTO EX.SINTOMAS(FECHA_INICIO, ID_SINTOMA, ID_PERSONA, ID_FICHA_MEDICA) VALUES
                            (TO_DATE('2020-05-27','YYYY-MM-DD'), 16, '00055', 55);
INSERT INTO EX.SINTOMAS(FECHA_INICIO, ID_SINTOMA, ID_PERSONA, ID_FICHA_MEDICA) VALUES
                            (TO_DATE('2020-04-04','YYYY-MM-DD'), 17, '00055', 55);
INSERT INTO EX.SINTOMAS(FECHA_INICIO, ID_SINTOMA, ID_PERSONA, ID_FICHA_MEDICA) VALUES
                            (TO_DATE('2020-05-30','YYYY-MM-DD'), 18, '00055', 55);
INSERT INTO EX.SINTOMAS(FECHA_INICIO, ID_SINTOMA, ID_PERSONA, ID_FICHA_MEDICA) VALUES
                            (TO_DATE('2020-02-17','YYYY-MM-DD'), 19, '00055', 55);
INSERT INTO EX.PERSONA(DOC_IDENTIDAD, NOMBRE, NOMBRE1, APELLIDO, APELLIDO1, FECHA_NAC, GENERO, FOTO) VALUES
                  ('00056', 'Cindy', 'Dana', 'Williams', 'Mayo', TO_DATE('1984-05-22','YYYY-MM-DD'), 'm', NULL);
INSERT INTO EX.HISTORICO_RESIDENCIA(FECHA_INICIO, ID_LUGAR, ID_PERSONA, FECHA_FIN) VALUES
                  (TO_DATE('1970-04-09','YYYY-MM-DD'), 19, '00056', NULL);
INSERT INTO EX.FICHA_MEDICA(ID, ID_PERSONA, ID_CENTRO_SALUD, ID_LUGAR, ESTADO, FECHA_INFECCION, FECHA_RECUPERACION) VALUES
                                             (56, '00056', 4, 19, 'desconido', NULL, NULL);
INSERT INTO EX.SINTOMAS(FECHA_INICIO, ID_SINTOMA, ID_PERSONA, ID_FICHA_MEDICA) VALUES
                            (TO_DATE('2020-05-12','YYYY-MM-DD'), 1, '00056', 56);
INSERT INTO EX.SINTOMAS(FECHA_INICIO, ID_SINTOMA, ID_PERSONA, ID_FICHA_MEDICA) VALUES
                            (TO_DATE('2020-01-22','YYYY-MM-DD'), 2, '00056', 56);
INSERT INTO EX.SINTOMAS(FECHA_INICIO, ID_SINTOMA, ID_PERSONA, ID_FICHA_MEDICA) VALUES
                            (TO_DATE('2020-02-25','YYYY-MM-DD'), 3, '00056', 56);
INSERT INTO EX.SINTOMAS(FECHA_INICIO, ID_SINTOMA, ID_PERSONA, ID_FICHA_MEDICA) VALUES
                            (TO_DATE('2020-04-12','YYYY-MM-DD'), 4, '00056', 56);
INSERT INTO EX.SINTOMAS(FECHA_INICIO, ID_SINTOMA, ID_PERSONA, ID_FICHA_MEDICA) VALUES
                            (TO_DATE('2020-02-28','YYYY-MM-DD'), 5, '00056', 56);
INSERT INTO EX.SINTOMAS(FECHA_INICIO, ID_SINTOMA, ID_PERSONA, ID_FICHA_MEDICA) VALUES
                            (TO_DATE('2020-01-26','YYYY-MM-DD'), 6, '00056', 56);
INSERT INTO EX.SINTOMAS(FECHA_INICIO, ID_SINTOMA, ID_PERSONA, ID_FICHA_MEDICA) VALUES
                            (TO_DATE('2020-03-24','YYYY-MM-DD'), 7, '00056', 56);
INSERT INTO EX.SINTOMAS(FECHA_INICIO, ID_SINTOMA, ID_PERSONA, ID_FICHA_MEDICA) VALUES
                            (TO_DATE('2020-05-20','YYYY-MM-DD'), 8, '00056', 56);
INSERT INTO EX.SINTOMAS(FECHA_INICIO, ID_SINTOMA, ID_PERSONA, ID_FICHA_MEDICA) VALUES
                            (TO_DATE('2020-04-02','YYYY-MM-DD'), 9, '00056', 56);
INSERT INTO EX.SINTOMAS(FECHA_INICIO, ID_SINTOMA, ID_PERSONA, ID_FICHA_MEDICA) VALUES
                            (TO_DATE('2020-03-16','YYYY-MM-DD'), 10, '00056', 56);
INSERT INTO EX.SINTOMAS(FECHA_INICIO, ID_SINTOMA, ID_PERSONA, ID_FICHA_MEDICA) VALUES
                            (TO_DATE('2020-06-23','YYYY-MM-DD'), 11, '00056', 56);
INSERT INTO EX.SINTOMAS(FECHA_INICIO, ID_SINTOMA, ID_PERSONA, ID_FICHA_MEDICA) VALUES
                            (TO_DATE('2020-04-23','YYYY-MM-DD'), 12, '00056', 56);
INSERT INTO EX.PERSONA(DOC_IDENTIDAD, NOMBRE, NOMBRE1, APELLIDO, APELLIDO1, FECHA_NAC, GENERO, FOTO) VALUES
                  ('00057', 'Teresa', 'Roy', 'Parker', 'Coleman', TO_DATE('1984-03-02','YYYY-MM-DD'), 'f', NULL);
INSERT INTO EX.HISTORICO_RESIDENCIA(FECHA_INICIO, ID_LUGAR, ID_PERSONA, FECHA_FIN) VALUES
                  (TO_DATE('1981-09-29','YYYY-MM-DD'), 32, '00057', NULL);
INSERT INTO EX.FICHA_MEDICA(ID, ID_PERSONA, ID_CENTRO_SALUD, ID_LUGAR, ESTADO, FECHA_INFECCION, FECHA_RECUPERACION) VALUES
                                             (57, '00057', 17, 32, 'desconido', NULL, NULL);
INSERT INTO EX.PADECIMIENTOS(ID_PATOLOGIA, ID_PERSONA, ID_FICHA_MEDICA) VALUES
                            (1, '00057', 57);
INSERT INTO EX.PADECIMIENTOS(ID_PATOLOGIA, ID_PERSONA, ID_FICHA_MEDICA) VALUES
                            (2, '00057', 57);
INSERT INTO EX.PADECIMIENTOS(ID_PATOLOGIA, ID_PERSONA, ID_FICHA_MEDICA) VALUES
                            (3, '00057', 57);
INSERT INTO EX.PADECIMIENTOS(ID_PATOLOGIA, ID_PERSONA, ID_FICHA_MEDICA) VALUES
                            (4, '00057', 57);
INSERT INTO EX.PADECIMIENTOS(ID_PATOLOGIA, ID_PERSONA, ID_FICHA_MEDICA) VALUES
                            (5, '00057', 57);
INSERT INTO EX.PERSONA(DOC_IDENTIDAD, NOMBRE, NOMBRE1, APELLIDO, APELLIDO1, FECHA_NAC, GENERO, FOTO) VALUES
                  ('00058', 'Maria', 'Steven', 'Hunt', 'Jenkins', TO_DATE('1980-01-24','YYYY-MM-DD'), 'm', NULL);
INSERT INTO EX.HISTORICO_RESIDENCIA(FECHA_INICIO, ID_LUGAR, ID_PERSONA, FECHA_FIN) VALUES
                  (TO_DATE('1992-07-02','YYYY-MM-DD'), 30, '00058', NULL);
INSERT INTO EX.FICHA_MEDICA(ID, ID_PERSONA, ID_CENTRO_SALUD, ID_LUGAR, ESTADO, FECHA_INFECCION, FECHA_RECUPERACION) VALUES
                                             (58, '00058', 15, 30, 'desconido', NULL, NULL);
INSERT INTO EX.PERSONA(DOC_IDENTIDAD, NOMBRE, NOMBRE1, APELLIDO, APELLIDO1, FECHA_NAC, GENERO, FOTO) VALUES
                  ('00059', 'Cameron', 'Gary', 'Howard', 'Snow', TO_DATE('2000-11-06','YYYY-MM-DD'), 'f', NULL);
INSERT INTO EX.HISTORICO_RESIDENCIA(FECHA_INICIO, ID_LUGAR, ID_PERSONA, FECHA_FIN) VALUES
                  (TO_DATE('1989-09-01','YYYY-MM-DD'), 33, '00059', NULL);
INSERT INTO EX.FICHA_MEDICA(ID, ID_PERSONA, ID_CENTRO_SALUD, ID_LUGAR, ESTADO, FECHA_INFECCION, FECHA_RECUPERACION) VALUES
                                             (59, '00059', 18, 33, 'desconido', NULL, NULL);
INSERT INTO EX.SINTOMAS(FECHA_INICIO, ID_SINTOMA, ID_PERSONA, ID_FICHA_MEDICA) VALUES
                            (TO_DATE('2020-05-25','YYYY-MM-DD'), 1, '00059', 59);
INSERT INTO EX.SINTOMAS(FECHA_INICIO, ID_SINTOMA, ID_PERSONA, ID_FICHA_MEDICA) VALUES
                            (TO_DATE('2020-01-21','YYYY-MM-DD'), 2, '00059', 59);
INSERT INTO EX.SINTOMAS(FECHA_INICIO, ID_SINTOMA, ID_PERSONA, ID_FICHA_MEDICA) VALUES
                            (TO_DATE('2020-01-18','YYYY-MM-DD'), 3, '00059', 59);
INSERT INTO EX.SINTOMAS(FECHA_INICIO, ID_SINTOMA, ID_PERSONA, ID_FICHA_MEDICA) VALUES
                            (TO_DATE('2020-04-13','YYYY-MM-DD'), 4, '00059', 59);
INSERT INTO EX.SINTOMAS(FECHA_INICIO, ID_SINTOMA, ID_PERSONA, ID_FICHA_MEDICA) VALUES
                            (TO_DATE('2020-05-01','YYYY-MM-DD'), 5, '00059', 59);
INSERT INTO EX.SINTOMAS(FECHA_INICIO, ID_SINTOMA, ID_PERSONA, ID_FICHA_MEDICA) VALUES
                            (TO_DATE('2020-04-23','YYYY-MM-DD'), 6, '00059', 59);
INSERT INTO EX.SINTOMAS(FECHA_INICIO, ID_SINTOMA, ID_PERSONA, ID_FICHA_MEDICA) VALUES
                            (TO_DATE('2020-02-07','YYYY-MM-DD'), 7, '00059', 59);
INSERT INTO EX.SINTOMAS(FECHA_INICIO, ID_SINTOMA, ID_PERSONA, ID_FICHA_MEDICA) VALUES
                            (TO_DATE('2020-05-19','YYYY-MM-DD'), 8, '00059', 59);
INSERT INTO EX.SINTOMAS(FECHA_INICIO, ID_SINTOMA, ID_PERSONA, ID_FICHA_MEDICA) VALUES
                            (TO_DATE('2020-02-27','YYYY-MM-DD'), 9, '00059', 59);
INSERT INTO EX.SINTOMAS(FECHA_INICIO, ID_SINTOMA, ID_PERSONA, ID_FICHA_MEDICA) VALUES
                            (TO_DATE('2020-03-15','YYYY-MM-DD'), 10, '00059', 59);
INSERT INTO EX.SINTOMAS(FECHA_INICIO, ID_SINTOMA, ID_PERSONA, ID_FICHA_MEDICA) VALUES
                            (TO_DATE('2020-03-30','YYYY-MM-DD'), 11, '00059', 59);
INSERT INTO EX.SINTOMAS(FECHA_INICIO, ID_SINTOMA, ID_PERSONA, ID_FICHA_MEDICA) VALUES
                            (TO_DATE('2020-05-22','YYYY-MM-DD'), 12, '00059', 59);
INSERT INTO EX.SINTOMAS(FECHA_INICIO, ID_SINTOMA, ID_PERSONA, ID_FICHA_MEDICA) VALUES
                            (TO_DATE('2020-03-18','YYYY-MM-DD'), 13, '00059', 59);
INSERT INTO EX.SINTOMAS(FECHA_INICIO, ID_SINTOMA, ID_PERSONA, ID_FICHA_MEDICA) VALUES
                            (TO_DATE('2020-05-24','YYYY-MM-DD'), 14, '00059', 59);
INSERT INTO EX.PERSONA(DOC_IDENTIDAD, NOMBRE, NOMBRE1, APELLIDO, APELLIDO1, FECHA_NAC, GENERO, FOTO) VALUES
                  ('00060', 'Michael', 'David', 'Fitzpatrick', 'Lowery', TO_DATE('2019-11-19','YYYY-MM-DD'), 'm', NULL);
INSERT INTO EX.HISTORICO_RESIDENCIA(FECHA_INICIO, ID_LUGAR, ID_PERSONA, FECHA_FIN) VALUES
                  (TO_DATE('2009-05-04','YYYY-MM-DD'), 37, '00060', NULL);
INSERT INTO EX.FICHA_MEDICA(ID, ID_PERSONA, ID_CENTRO_SALUD, ID_LUGAR, ESTADO, FECHA_INFECCION, FECHA_RECUPERACION) VALUES
                                             (60, '00060', 22, 37, 'desconido', NULL, NULL);
INSERT INTO EX.PADECIMIENTOS(ID_PATOLOGIA, ID_PERSONA, ID_FICHA_MEDICA) VALUES
                            (1, '00060', 60);
INSERT INTO EX.PADECIMIENTOS(ID_PATOLOGIA, ID_PERSONA, ID_FICHA_MEDICA) VALUES
                            (2, '00060', 60);
INSERT INTO EX.PADECIMIENTOS(ID_PATOLOGIA, ID_PERSONA, ID_FICHA_MEDICA) VALUES
                            (3, '00060', 60);
INSERT INTO EX.PADECIMIENTOS(ID_PATOLOGIA, ID_PERSONA, ID_FICHA_MEDICA) VALUES
                            (4, '00060', 60);
INSERT INTO EX.PADECIMIENTOS(ID_PATOLOGIA, ID_PERSONA, ID_FICHA_MEDICA) VALUES
                            (5, '00060', 60);
INSERT INTO EX.PADECIMIENTOS(ID_PATOLOGIA, ID_PERSONA, ID_FICHA_MEDICA) VALUES
                            (6, '00060', 60);
INSERT INTO EX.PADECIMIENTOS(ID_PATOLOGIA, ID_PERSONA, ID_FICHA_MEDICA) VALUES
                            (7, '00060', 60);
INSERT INTO EX.PADECIMIENTOS(ID_PATOLOGIA, ID_PERSONA, ID_FICHA_MEDICA) VALUES
                            (8, '00060', 60);
INSERT INTO EX.PADECIMIENTOS(ID_PATOLOGIA, ID_PERSONA, ID_FICHA_MEDICA) VALUES
                            (9, '00060', 60);
INSERT INTO EX.PADECIMIENTOS(ID_PATOLOGIA, ID_PERSONA, ID_FICHA_MEDICA) VALUES
                            (10, '00060', 60);
INSERT INTO EX.PADECIMIENTOS(ID_PATOLOGIA, ID_PERSONA, ID_FICHA_MEDICA) VALUES
                            (11, '00060', 60);
INSERT INTO EX.PADECIMIENTOS(ID_PATOLOGIA, ID_PERSONA, ID_FICHA_MEDICA) VALUES
                            (12, '00060', 60);
INSERT INTO EX.PADECIMIENTOS(ID_PATOLOGIA, ID_PERSONA, ID_FICHA_MEDICA) VALUES
                            (13, '00060', 60);
INSERT INTO EX.PERSONA(DOC_IDENTIDAD, NOMBRE, NOMBRE1, APELLIDO, APELLIDO1, FECHA_NAC, GENERO, FOTO) VALUES
                  ('00061', 'Amber', 'David', 'Foley', 'Nixon', TO_DATE('2000-05-26','YYYY-MM-DD'), 'f', NULL);
INSERT INTO EX.HISTORICO_RESIDENCIA(FECHA_INICIO, ID_LUGAR, ID_PERSONA, FECHA_FIN) VALUES
                  (TO_DATE('2013-06-24','YYYY-MM-DD'), 25, '00061', NULL);
INSERT INTO EX.FICHA_MEDICA(ID, ID_PERSONA, ID_CENTRO_SALUD, ID_LUGAR, ESTADO, FECHA_INFECCION, FECHA_RECUPERACION) VALUES
                                             (61, '00061', 10, 25, 'desconido', NULL, NULL);
INSERT INTO EX.SINTOMAS(FECHA_INICIO, ID_SINTOMA, ID_PERSONA, ID_FICHA_MEDICA) VALUES
                            (TO_DATE('2020-05-08','YYYY-MM-DD'), 1, '00061', 61);
INSERT INTO EX.SINTOMAS(FECHA_INICIO, ID_SINTOMA, ID_PERSONA, ID_FICHA_MEDICA) VALUES
                            (TO_DATE('2020-03-10','YYYY-MM-DD'), 2, '00061', 61);
INSERT INTO EX.SINTOMAS(FECHA_INICIO, ID_SINTOMA, ID_PERSONA, ID_FICHA_MEDICA) VALUES
                            (TO_DATE('2020-07-01','YYYY-MM-DD'), 3, '00061', 61);
INSERT INTO EX.SINTOMAS(FECHA_INICIO, ID_SINTOMA, ID_PERSONA, ID_FICHA_MEDICA) VALUES
                            (TO_DATE('2020-04-18','YYYY-MM-DD'), 4, '00061', 61);
INSERT INTO EX.SINTOMAS(FECHA_INICIO, ID_SINTOMA, ID_PERSONA, ID_FICHA_MEDICA) VALUES
                            (TO_DATE('2020-03-20','YYYY-MM-DD'), 5, '00061', 61);
INSERT INTO EX.SINTOMAS(FECHA_INICIO, ID_SINTOMA, ID_PERSONA, ID_FICHA_MEDICA) VALUES
                            (TO_DATE('2020-04-22','YYYY-MM-DD'), 6, '00061', 61);
INSERT INTO EX.SINTOMAS(FECHA_INICIO, ID_SINTOMA, ID_PERSONA, ID_FICHA_MEDICA) VALUES
                            (TO_DATE('2020-01-20','YYYY-MM-DD'), 7, '00061', 61);
INSERT INTO EX.SINTOMAS(FECHA_INICIO, ID_SINTOMA, ID_PERSONA, ID_FICHA_MEDICA) VALUES
                            (TO_DATE('2020-05-06','YYYY-MM-DD'), 8, '00061', 61);
INSERT INTO EX.SINTOMAS(FECHA_INICIO, ID_SINTOMA, ID_PERSONA, ID_FICHA_MEDICA) VALUES
                            (TO_DATE('2020-04-25','YYYY-MM-DD'), 9, '00061', 61);
INSERT INTO EX.SINTOMAS(FECHA_INICIO, ID_SINTOMA, ID_PERSONA, ID_FICHA_MEDICA) VALUES
                            (TO_DATE('2020-04-27','YYYY-MM-DD'), 10, '00061', 61);
INSERT INTO EX.SINTOMAS(FECHA_INICIO, ID_SINTOMA, ID_PERSONA, ID_FICHA_MEDICA) VALUES
                            (TO_DATE('2020-02-20','YYYY-MM-DD'), 11, '00061', 61);
INSERT INTO EX.SINTOMAS(FECHA_INICIO, ID_SINTOMA, ID_PERSONA, ID_FICHA_MEDICA) VALUES
                            (TO_DATE('2020-01-16','YYYY-MM-DD'), 12, '00061', 61);
INSERT INTO EX.SINTOMAS(FECHA_INICIO, ID_SINTOMA, ID_PERSONA, ID_FICHA_MEDICA) VALUES
                            (TO_DATE('2020-03-11','YYYY-MM-DD'), 13, '00061', 61);
INSERT INTO EX.PERSONA(DOC_IDENTIDAD, NOMBRE, NOMBRE1, APELLIDO, APELLIDO1, FECHA_NAC, GENERO, FOTO) VALUES
                  ('00062', 'Grant', 'Christopher', 'Dominguez', 'Taylor', TO_DATE('2002-08-23','YYYY-MM-DD'), 'm', NULL);
INSERT INTO EX.HISTORICO_RESIDENCIA(FECHA_INICIO, ID_LUGAR, ID_PERSONA, FECHA_FIN) VALUES
                  (TO_DATE('1986-01-27','YYYY-MM-DD'), 25, '00062', NULL);
INSERT INTO EX.FICHA_MEDICA(ID, ID_PERSONA, ID_CENTRO_SALUD, ID_LUGAR, ESTADO, FECHA_INFECCION, FECHA_RECUPERACION) VALUES
                                             (62, '00062', 10, 25, 'desconido', NULL, NULL);
INSERT INTO EX.PADECIMIENTOS(ID_PATOLOGIA, ID_PERSONA, ID_FICHA_MEDICA) VALUES
                            (1, '00062', 62);
INSERT INTO EX.PADECIMIENTOS(ID_PATOLOGIA, ID_PERSONA, ID_FICHA_MEDICA) VALUES
                            (2, '00062', 62);
INSERT INTO EX.PADECIMIENTOS(ID_PATOLOGIA, ID_PERSONA, ID_FICHA_MEDICA) VALUES
                            (3, '00062', 62);
INSERT INTO EX.PADECIMIENTOS(ID_PATOLOGIA, ID_PERSONA, ID_FICHA_MEDICA) VALUES
                            (4, '00062', 62);
INSERT INTO EX.PADECIMIENTOS(ID_PATOLOGIA, ID_PERSONA, ID_FICHA_MEDICA) VALUES
                            (5, '00062', 62);
INSERT INTO EX.PADECIMIENTOS(ID_PATOLOGIA, ID_PERSONA, ID_FICHA_MEDICA) VALUES
                            (6, '00062', 62);
INSERT INTO EX.PADECIMIENTOS(ID_PATOLOGIA, ID_PERSONA, ID_FICHA_MEDICA) VALUES
                            (7, '00062', 62);
INSERT INTO EX.PADECIMIENTOS(ID_PATOLOGIA, ID_PERSONA, ID_FICHA_MEDICA) VALUES
                            (8, '00062', 62);
INSERT INTO EX.PADECIMIENTOS(ID_PATOLOGIA, ID_PERSONA, ID_FICHA_MEDICA) VALUES
                            (9, '00062', 62);
INSERT INTO EX.SINTOMAS(FECHA_INICIO, ID_SINTOMA, ID_PERSONA, ID_FICHA_MEDICA) VALUES
                            (TO_DATE('2020-06-06','YYYY-MM-DD'), 1, '00062', 62);
INSERT INTO EX.SINTOMAS(FECHA_INICIO, ID_SINTOMA, ID_PERSONA, ID_FICHA_MEDICA) VALUES
                            (TO_DATE('2020-06-10','YYYY-MM-DD'), 2, '00062', 62);
INSERT INTO EX.SINTOMAS(FECHA_INICIO, ID_SINTOMA, ID_PERSONA, ID_FICHA_MEDICA) VALUES
                            (TO_DATE('2020-01-08','YYYY-MM-DD'), 3, '00062', 62);
INSERT INTO EX.SINTOMAS(FECHA_INICIO, ID_SINTOMA, ID_PERSONA, ID_FICHA_MEDICA) VALUES
                            (TO_DATE('2020-02-26','YYYY-MM-DD'), 4, '00062', 62);
INSERT INTO EX.SINTOMAS(FECHA_INICIO, ID_SINTOMA, ID_PERSONA, ID_FICHA_MEDICA) VALUES
                            (TO_DATE('2020-01-27','YYYY-MM-DD'), 5, '00062', 62);
INSERT INTO EX.SINTOMAS(FECHA_INICIO, ID_SINTOMA, ID_PERSONA, ID_FICHA_MEDICA) VALUES
                            (TO_DATE('2020-02-15','YYYY-MM-DD'), 6, '00062', 62);
INSERT INTO EX.SINTOMAS(FECHA_INICIO, ID_SINTOMA, ID_PERSONA, ID_FICHA_MEDICA) VALUES
                            (TO_DATE('2020-07-01','YYYY-MM-DD'), 7, '00062', 62);
INSERT INTO EX.SINTOMAS(FECHA_INICIO, ID_SINTOMA, ID_PERSONA, ID_FICHA_MEDICA) VALUES
                            (TO_DATE('2020-02-02','YYYY-MM-DD'), 8, '00062', 62);
INSERT INTO EX.SINTOMAS(FECHA_INICIO, ID_SINTOMA, ID_PERSONA, ID_FICHA_MEDICA) VALUES
                            (TO_DATE('2020-04-26','YYYY-MM-DD'), 9, '00062', 62);
INSERT INTO EX.SINTOMAS(FECHA_INICIO, ID_SINTOMA, ID_PERSONA, ID_FICHA_MEDICA) VALUES
                            (TO_DATE('2020-01-20','YYYY-MM-DD'), 10, '00062', 62);
INSERT INTO EX.SINTOMAS(FECHA_INICIO, ID_SINTOMA, ID_PERSONA, ID_FICHA_MEDICA) VALUES
                            (TO_DATE('2020-01-18','YYYY-MM-DD'), 11, '00062', 62);
INSERT INTO EX.SINTOMAS(FECHA_INICIO, ID_SINTOMA, ID_PERSONA, ID_FICHA_MEDICA) VALUES
                            (TO_DATE('2020-03-22','YYYY-MM-DD'), 12, '00062', 62);
INSERT INTO EX.SINTOMAS(FECHA_INICIO, ID_SINTOMA, ID_PERSONA, ID_FICHA_MEDICA) VALUES
                            (TO_DATE('2020-03-06','YYYY-MM-DD'), 13, '00062', 62);
INSERT INTO EX.SINTOMAS(FECHA_INICIO, ID_SINTOMA, ID_PERSONA, ID_FICHA_MEDICA) VALUES
                            (TO_DATE('2020-06-13','YYYY-MM-DD'), 14, '00062', 62);
INSERT INTO EX.PERSONA(DOC_IDENTIDAD, NOMBRE, NOMBRE1, APELLIDO, APELLIDO1, FECHA_NAC, GENERO, FOTO) VALUES
                  ('00063', 'Angela', 'Suzanne', 'Anderson', 'Hernandez', TO_DATE('1986-07-10','YYYY-MM-DD'), 'f', NULL);
INSERT INTO EX.HISTORICO_RESIDENCIA(FECHA_INICIO, ID_LUGAR, ID_PERSONA, FECHA_FIN) VALUES
                  (TO_DATE('1987-03-02','YYYY-MM-DD'), 35, '00063', NULL);
INSERT INTO EX.FICHA_MEDICA(ID, ID_PERSONA, ID_CENTRO_SALUD, ID_LUGAR, ESTADO, FECHA_INFECCION, FECHA_RECUPERACION) VALUES
                                             (63, '00063', 20, 35, 'desconido', NULL, NULL);
INSERT INTO EX.PADECIMIENTOS(ID_PATOLOGIA, ID_PERSONA, ID_FICHA_MEDICA) VALUES
                            (1, '00063', 63);
INSERT INTO EX.PADECIMIENTOS(ID_PATOLOGIA, ID_PERSONA, ID_FICHA_MEDICA) VALUES
                            (2, '00063', 63);
INSERT INTO EX.PADECIMIENTOS(ID_PATOLOGIA, ID_PERSONA, ID_FICHA_MEDICA) VALUES
                            (3, '00063', 63);
INSERT INTO EX.PADECIMIENTOS(ID_PATOLOGIA, ID_PERSONA, ID_FICHA_MEDICA) VALUES
                            (4, '00063', 63);
INSERT INTO EX.PADECIMIENTOS(ID_PATOLOGIA, ID_PERSONA, ID_FICHA_MEDICA) VALUES
                            (5, '00063', 63);
INSERT INTO EX.PADECIMIENTOS(ID_PATOLOGIA, ID_PERSONA, ID_FICHA_MEDICA) VALUES
                            (6, '00063', 63);
INSERT INTO EX.PADECIMIENTOS(ID_PATOLOGIA, ID_PERSONA, ID_FICHA_MEDICA) VALUES
                            (7, '00063', 63);
INSERT INTO EX.PADECIMIENTOS(ID_PATOLOGIA, ID_PERSONA, ID_FICHA_MEDICA) VALUES
                            (8, '00063', 63);
INSERT INTO EX.PADECIMIENTOS(ID_PATOLOGIA, ID_PERSONA, ID_FICHA_MEDICA) VALUES
                            (9, '00063', 63);
INSERT INTO EX.PADECIMIENTOS(ID_PATOLOGIA, ID_PERSONA, ID_FICHA_MEDICA) VALUES
                            (10, '00063', 63);
INSERT INTO EX.PADECIMIENTOS(ID_PATOLOGIA, ID_PERSONA, ID_FICHA_MEDICA) VALUES
                            (11, '00063', 63);
INSERT INTO EX.PADECIMIENTOS(ID_PATOLOGIA, ID_PERSONA, ID_FICHA_MEDICA) VALUES
                            (12, '00063', 63);
INSERT INTO EX.PADECIMIENTOS(ID_PATOLOGIA, ID_PERSONA, ID_FICHA_MEDICA) VALUES
                            (13, '00063', 63);
INSERT INTO EX.PERSONA(DOC_IDENTIDAD, NOMBRE, NOMBRE1, APELLIDO, APELLIDO1, FECHA_NAC, GENERO, FOTO) VALUES
                  ('00064', 'Carla', 'Ronald', 'Schwartz', 'Ross', TO_DATE('2000-09-09','YYYY-MM-DD'), 'm', NULL);
INSERT INTO EX.HISTORICO_RESIDENCIA(FECHA_INICIO, ID_LUGAR, ID_PERSONA, FECHA_FIN) VALUES
                  (TO_DATE('2018-10-08','YYYY-MM-DD'), 27, '00064', NULL);
INSERT INTO EX.FICHA_MEDICA(ID, ID_PERSONA, ID_CENTRO_SALUD, ID_LUGAR, ESTADO, FECHA_INFECCION, FECHA_RECUPERACION) VALUES
                                             (64, '00064', 12, 27, 'desconido', NULL, NULL);
INSERT INTO EX.PERSONA(DOC_IDENTIDAD, NOMBRE, NOMBRE1, APELLIDO, APELLIDO1, FECHA_NAC, GENERO, FOTO) VALUES
                  ('00065', 'Rebecca', 'Jason', 'Jackson', 'Smith', TO_DATE('1990-09-18','YYYY-MM-DD'), 'f', NULL);
INSERT INTO EX.HISTORICO_RESIDENCIA(FECHA_INICIO, ID_LUGAR, ID_PERSONA, FECHA_FIN) VALUES
                  (TO_DATE('1972-04-24','YYYY-MM-DD'), 38, '00065', NULL);
INSERT INTO EX.FICHA_MEDICA(ID, ID_PERSONA, ID_CENTRO_SALUD, ID_LUGAR, ESTADO, FECHA_INFECCION, FECHA_RECUPERACION) VALUES
                                             (65, '00065', 23, 38, 'desconido', NULL, NULL);
INSERT INTO EX.PADECIMIENTOS(ID_PATOLOGIA, ID_PERSONA, ID_FICHA_MEDICA) VALUES
                            (1, '00065', 65);
INSERT INTO EX.PADECIMIENTOS(ID_PATOLOGIA, ID_PERSONA, ID_FICHA_MEDICA) VALUES
                            (2, '00065', 65);
INSERT INTO EX.PADECIMIENTOS(ID_PATOLOGIA, ID_PERSONA, ID_FICHA_MEDICA) VALUES
                            (3, '00065', 65);
INSERT INTO EX.PADECIMIENTOS(ID_PATOLOGIA, ID_PERSONA, ID_FICHA_MEDICA) VALUES
                            (4, '00065', 65);
INSERT INTO EX.PADECIMIENTOS(ID_PATOLOGIA, ID_PERSONA, ID_FICHA_MEDICA) VALUES
                            (5, '00065', 65);
INSERT INTO EX.PADECIMIENTOS(ID_PATOLOGIA, ID_PERSONA, ID_FICHA_MEDICA) VALUES
                            (6, '00065', 65);
INSERT INTO EX.PADECIMIENTOS(ID_PATOLOGIA, ID_PERSONA, ID_FICHA_MEDICA) VALUES
                            (7, '00065', 65);
INSERT INTO EX.PADECIMIENTOS(ID_PATOLOGIA, ID_PERSONA, ID_FICHA_MEDICA) VALUES
                            (8, '00065', 65);
INSERT INTO EX.PADECIMIENTOS(ID_PATOLOGIA, ID_PERSONA, ID_FICHA_MEDICA) VALUES
                            (9, '00065', 65);
INSERT INTO EX.PADECIMIENTOS(ID_PATOLOGIA, ID_PERSONA, ID_FICHA_MEDICA) VALUES
                            (10, '00065', 65);
INSERT INTO EX.SINTOMAS(FECHA_INICIO, ID_SINTOMA, ID_PERSONA, ID_FICHA_MEDICA) VALUES
                            (TO_DATE('2020-02-24','YYYY-MM-DD'), 1, '00065', 65);
INSERT INTO EX.SINTOMAS(FECHA_INICIO, ID_SINTOMA, ID_PERSONA, ID_FICHA_MEDICA) VALUES
                            (TO_DATE('2020-06-22','YYYY-MM-DD'), 2, '00065', 65);
INSERT INTO EX.SINTOMAS(FECHA_INICIO, ID_SINTOMA, ID_PERSONA, ID_FICHA_MEDICA) VALUES
                            (TO_DATE('2020-02-25','YYYY-MM-DD'), 3, '00065', 65);
INSERT INTO EX.SINTOMAS(FECHA_INICIO, ID_SINTOMA, ID_PERSONA, ID_FICHA_MEDICA) VALUES
                            (TO_DATE('2020-05-20','YYYY-MM-DD'), 4, '00065', 65);
INSERT INTO EX.SINTOMAS(FECHA_INICIO, ID_SINTOMA, ID_PERSONA, ID_FICHA_MEDICA) VALUES
                            (TO_DATE('2020-05-13','YYYY-MM-DD'), 5, '00065', 65);
INSERT INTO EX.SINTOMAS(FECHA_INICIO, ID_SINTOMA, ID_PERSONA, ID_FICHA_MEDICA) VALUES
                            (TO_DATE('2020-02-18','YYYY-MM-DD'), 6, '00065', 65);
INSERT INTO EX.SINTOMAS(FECHA_INICIO, ID_SINTOMA, ID_PERSONA, ID_FICHA_MEDICA) VALUES
                            (TO_DATE('2020-03-09','YYYY-MM-DD'), 7, '00065', 65);
INSERT INTO EX.PERSONA(DOC_IDENTIDAD, NOMBRE, NOMBRE1, APELLIDO, APELLIDO1, FECHA_NAC, GENERO, FOTO) VALUES
                  ('00066', 'Monica', 'David', 'White', 'Harper', TO_DATE('1976-04-16','YYYY-MM-DD'), 'm', NULL);
INSERT INTO EX.HISTORICO_RESIDENCIA(FECHA_INICIO, ID_LUGAR, ID_PERSONA, FECHA_FIN) VALUES
                  (TO_DATE('1976-02-03','YYYY-MM-DD'), 19, '00066', NULL);
INSERT INTO EX.FICHA_MEDICA(ID, ID_PERSONA, ID_CENTRO_SALUD, ID_LUGAR, ESTADO, FECHA_INFECCION, FECHA_RECUPERACION) VALUES
                                             (66, '00066', 4, 19, 'desconido', NULL, NULL);
INSERT INTO EX.PERSONA(DOC_IDENTIDAD, NOMBRE, NOMBRE1, APELLIDO, APELLIDO1, FECHA_NAC, GENERO, FOTO) VALUES
                  ('00067', 'Nancy', 'Hunter', 'Rodriguez', 'Ayers', TO_DATE('2003-02-17','YYYY-MM-DD'), 'f', NULL);
INSERT INTO EX.HISTORICO_RESIDENCIA(FECHA_INICIO, ID_LUGAR, ID_PERSONA, FECHA_FIN) VALUES
                  (TO_DATE('1995-05-01','YYYY-MM-DD'), 44, '00067', NULL);
INSERT INTO EX.FICHA_MEDICA(ID, ID_PERSONA, ID_CENTRO_SALUD, ID_LUGAR, ESTADO, FECHA_INFECCION, FECHA_RECUPERACION) VALUES
                                             (67, '00067', 29, 44, 'desconido', NULL, NULL);
INSERT INTO EX.PADECIMIENTOS(ID_PATOLOGIA, ID_PERSONA, ID_FICHA_MEDICA) VALUES
                            (1, '00067', 67);
INSERT INTO EX.PADECIMIENTOS(ID_PATOLOGIA, ID_PERSONA, ID_FICHA_MEDICA) VALUES
                            (2, '00067', 67);
INSERT INTO EX.PADECIMIENTOS(ID_PATOLOGIA, ID_PERSONA, ID_FICHA_MEDICA) VALUES
                            (3, '00067', 67);
INSERT INTO EX.PADECIMIENTOS(ID_PATOLOGIA, ID_PERSONA, ID_FICHA_MEDICA) VALUES
                            (4, '00067', 67);
INSERT INTO EX.PADECIMIENTOS(ID_PATOLOGIA, ID_PERSONA, ID_FICHA_MEDICA) VALUES
                            (5, '00067', 67);
INSERT INTO EX.PADECIMIENTOS(ID_PATOLOGIA, ID_PERSONA, ID_FICHA_MEDICA) VALUES
                            (6, '00067', 67);
INSERT INTO EX.PADECIMIENTOS(ID_PATOLOGIA, ID_PERSONA, ID_FICHA_MEDICA) VALUES
                            (7, '00067', 67);
INSERT INTO EX.PERSONA(DOC_IDENTIDAD, NOMBRE, NOMBRE1, APELLIDO, APELLIDO1, FECHA_NAC, GENERO, FOTO) VALUES
                  ('00068', 'Corey', 'Angela', 'Vaughn', 'Washington', TO_DATE('1989-06-28','YYYY-MM-DD'), 'm', NULL);
INSERT INTO EX.HISTORICO_RESIDENCIA(FECHA_INICIO, ID_LUGAR, ID_PERSONA, FECHA_FIN) VALUES
                  (TO_DATE('1984-06-14','YYYY-MM-DD'), 30, '00068', NULL);
INSERT INTO EX.FICHA_MEDICA(ID, ID_PERSONA, ID_CENTRO_SALUD, ID_LUGAR, ESTADO, FECHA_INFECCION, FECHA_RECUPERACION) VALUES
                                             (68, '00068', 15, 30, 'desconido', NULL, NULL);
INSERT INTO EX.PADECIMIENTOS(ID_PATOLOGIA, ID_PERSONA, ID_FICHA_MEDICA) VALUES
                            (1, '00068', 68);
INSERT INTO EX.PADECIMIENTOS(ID_PATOLOGIA, ID_PERSONA, ID_FICHA_MEDICA) VALUES
                            (2, '00068', 68);
INSERT INTO EX.PADECIMIENTOS(ID_PATOLOGIA, ID_PERSONA, ID_FICHA_MEDICA) VALUES
                            (3, '00068', 68);
INSERT INTO EX.PADECIMIENTOS(ID_PATOLOGIA, ID_PERSONA, ID_FICHA_MEDICA) VALUES
                            (4, '00068', 68);
INSERT INTO EX.PADECIMIENTOS(ID_PATOLOGIA, ID_PERSONA, ID_FICHA_MEDICA) VALUES
                            (5, '00068', 68);
INSERT INTO EX.PADECIMIENTOS(ID_PATOLOGIA, ID_PERSONA, ID_FICHA_MEDICA) VALUES
                            (6, '00068', 68);
INSERT INTO EX.PERSONA(DOC_IDENTIDAD, NOMBRE, NOMBRE1, APELLIDO, APELLIDO1, FECHA_NAC, GENERO, FOTO) VALUES
                  ('00069', 'Allison', 'Ashley', 'Harris', 'Hernandez', TO_DATE('2013-05-22','YYYY-MM-DD'), 'f', NULL);
INSERT INTO EX.HISTORICO_RESIDENCIA(FECHA_INICIO, ID_LUGAR, ID_PERSONA, FECHA_FIN) VALUES
                  (TO_DATE('2019-11-14','YYYY-MM-DD'), 23, '00069', NULL);
INSERT INTO EX.FICHA_MEDICA(ID, ID_PERSONA, ID_CENTRO_SALUD, ID_LUGAR, ESTADO, FECHA_INFECCION, FECHA_RECUPERACION) VALUES
                                             (69, '00069', 8, 23, 'desconido', NULL, NULL);
INSERT INTO EX.PADECIMIENTOS(ID_PATOLOGIA, ID_PERSONA, ID_FICHA_MEDICA) VALUES
                            (1, '00069', 69);
INSERT INTO EX.PADECIMIENTOS(ID_PATOLOGIA, ID_PERSONA, ID_FICHA_MEDICA) VALUES
                            (2, '00069', 69);
INSERT INTO EX.PADECIMIENTOS(ID_PATOLOGIA, ID_PERSONA, ID_FICHA_MEDICA) VALUES
                            (3, '00069', 69);
INSERT INTO EX.PADECIMIENTOS(ID_PATOLOGIA, ID_PERSONA, ID_FICHA_MEDICA) VALUES
                            (4, '00069', 69);
INSERT INTO EX.PADECIMIENTOS(ID_PATOLOGIA, ID_PERSONA, ID_FICHA_MEDICA) VALUES
                            (5, '00069', 69);
INSERT INTO EX.PADECIMIENTOS(ID_PATOLOGIA, ID_PERSONA, ID_FICHA_MEDICA) VALUES
                            (6, '00069', 69);
INSERT INTO EX.PADECIMIENTOS(ID_PATOLOGIA, ID_PERSONA, ID_FICHA_MEDICA) VALUES
                            (7, '00069', 69);
INSERT INTO EX.PADECIMIENTOS(ID_PATOLOGIA, ID_PERSONA, ID_FICHA_MEDICA) VALUES
                            (8, '00069', 69);
INSERT INTO EX.PADECIMIENTOS(ID_PATOLOGIA, ID_PERSONA, ID_FICHA_MEDICA) VALUES
                            (9, '00069', 69);
INSERT INTO EX.PADECIMIENTOS(ID_PATOLOGIA, ID_PERSONA, ID_FICHA_MEDICA) VALUES
                            (10, '00069', 69);
INSERT INTO EX.PADECIMIENTOS(ID_PATOLOGIA, ID_PERSONA, ID_FICHA_MEDICA) VALUES
                            (11, '00069', 69);
INSERT INTO EX.PADECIMIENTOS(ID_PATOLOGIA, ID_PERSONA, ID_FICHA_MEDICA) VALUES
                            (12, '00069', 69);
INSERT INTO EX.PERSONA(DOC_IDENTIDAD, NOMBRE, NOMBRE1, APELLIDO, APELLIDO1, FECHA_NAC, GENERO, FOTO) VALUES
                  ('00070', 'Wayne', 'Theresa', 'Suarez', 'Young', TO_DATE('2013-05-03','YYYY-MM-DD'), 'm', NULL);
INSERT INTO EX.HISTORICO_RESIDENCIA(FECHA_INICIO, ID_LUGAR, ID_PERSONA, FECHA_FIN) VALUES
                  (TO_DATE('1972-08-03','YYYY-MM-DD'), 19, '00070', NULL);
INSERT INTO EX.FICHA_MEDICA(ID, ID_PERSONA, ID_CENTRO_SALUD, ID_LUGAR, ESTADO, FECHA_INFECCION, FECHA_RECUPERACION) VALUES
                                             (70, '00070', 4, 19, 'desconido', NULL, NULL);
INSERT INTO EX.SINTOMAS(FECHA_INICIO, ID_SINTOMA, ID_PERSONA, ID_FICHA_MEDICA) VALUES
                            (TO_DATE('2020-06-26','YYYY-MM-DD'), 1, '00070', 70);
INSERT INTO EX.SINTOMAS(FECHA_INICIO, ID_SINTOMA, ID_PERSONA, ID_FICHA_MEDICA) VALUES
                            (TO_DATE('2020-05-31','YYYY-MM-DD'), 2, '00070', 70);
INSERT INTO EX.SINTOMAS(FECHA_INICIO, ID_SINTOMA, ID_PERSONA, ID_FICHA_MEDICA) VALUES
                            (TO_DATE('2020-04-09','YYYY-MM-DD'), 3, '00070', 70);
INSERT INTO EX.SINTOMAS(FECHA_INICIO, ID_SINTOMA, ID_PERSONA, ID_FICHA_MEDICA) VALUES
                            (TO_DATE('2020-01-12','YYYY-MM-DD'), 4, '00070', 70);
INSERT INTO EX.SINTOMAS(FECHA_INICIO, ID_SINTOMA, ID_PERSONA, ID_FICHA_MEDICA) VALUES
                            (TO_DATE('2020-06-17','YYYY-MM-DD'), 5, '00070', 70);
INSERT INTO EX.SINTOMAS(FECHA_INICIO, ID_SINTOMA, ID_PERSONA, ID_FICHA_MEDICA) VALUES
                            (TO_DATE('2020-02-27','YYYY-MM-DD'), 6, '00070', 70);
INSERT INTO EX.SINTOMAS(FECHA_INICIO, ID_SINTOMA, ID_PERSONA, ID_FICHA_MEDICA) VALUES
                            (TO_DATE('2020-03-02','YYYY-MM-DD'), 7, '00070', 70);
INSERT INTO EX.SINTOMAS(FECHA_INICIO, ID_SINTOMA, ID_PERSONA, ID_FICHA_MEDICA) VALUES
                            (TO_DATE('2020-05-21','YYYY-MM-DD'), 8, '00070', 70);
INSERT INTO EX.SINTOMAS(FECHA_INICIO, ID_SINTOMA, ID_PERSONA, ID_FICHA_MEDICA) VALUES
                            (TO_DATE('2020-06-26','YYYY-MM-DD'), 9, '00070', 70);
INSERT INTO EX.PERSONA(DOC_IDENTIDAD, NOMBRE, NOMBRE1, APELLIDO, APELLIDO1, FECHA_NAC, GENERO, FOTO) VALUES
                  ('00071', 'Bruce', 'David', 'Jimenez', 'Walters', TO_DATE('1983-12-21','YYYY-MM-DD'), 'f', NULL);
INSERT INTO EX.HISTORICO_RESIDENCIA(FECHA_INICIO, ID_LUGAR, ID_PERSONA, FECHA_FIN) VALUES
                  (TO_DATE('1972-04-19','YYYY-MM-DD'), 37, '00071', NULL);
INSERT INTO EX.FICHA_MEDICA(ID, ID_PERSONA, ID_CENTRO_SALUD, ID_LUGAR, ESTADO, FECHA_INFECCION, FECHA_RECUPERACION) VALUES
                                             (71, '00071', 22, 37, 'desconido', NULL, NULL);
INSERT INTO EX.SINTOMAS(FECHA_INICIO, ID_SINTOMA, ID_PERSONA, ID_FICHA_MEDICA) VALUES
                            (TO_DATE('2020-04-21','YYYY-MM-DD'), 1, '00071', 71);
INSERT INTO EX.SINTOMAS(FECHA_INICIO, ID_SINTOMA, ID_PERSONA, ID_FICHA_MEDICA) VALUES
                            (TO_DATE('2020-02-01','YYYY-MM-DD'), 2, '00071', 71);
INSERT INTO EX.SINTOMAS(FECHA_INICIO, ID_SINTOMA, ID_PERSONA, ID_FICHA_MEDICA) VALUES
                            (TO_DATE('2020-01-19','YYYY-MM-DD'), 3, '00071', 71);
INSERT INTO EX.SINTOMAS(FECHA_INICIO, ID_SINTOMA, ID_PERSONA, ID_FICHA_MEDICA) VALUES
                            (TO_DATE('2020-06-16','YYYY-MM-DD'), 4, '00071', 71);
INSERT INTO EX.SINTOMAS(FECHA_INICIO, ID_SINTOMA, ID_PERSONA, ID_FICHA_MEDICA) VALUES
                            (TO_DATE('2020-04-01','YYYY-MM-DD'), 5, '00071', 71);
INSERT INTO EX.SINTOMAS(FECHA_INICIO, ID_SINTOMA, ID_PERSONA, ID_FICHA_MEDICA) VALUES
                            (TO_DATE('2020-02-21','YYYY-MM-DD'), 6, '00071', 71);
INSERT INTO EX.SINTOMAS(FECHA_INICIO, ID_SINTOMA, ID_PERSONA, ID_FICHA_MEDICA) VALUES
                            (TO_DATE('2020-05-07','YYYY-MM-DD'), 7, '00071', 71);
INSERT INTO EX.SINTOMAS(FECHA_INICIO, ID_SINTOMA, ID_PERSONA, ID_FICHA_MEDICA) VALUES
                            (TO_DATE('2020-03-21','YYYY-MM-DD'), 8, '00071', 71);
INSERT INTO EX.SINTOMAS(FECHA_INICIO, ID_SINTOMA, ID_PERSONA, ID_FICHA_MEDICA) VALUES
                            (TO_DATE('2020-06-11','YYYY-MM-DD'), 9, '00071', 71);
INSERT INTO EX.SINTOMAS(FECHA_INICIO, ID_SINTOMA, ID_PERSONA, ID_FICHA_MEDICA) VALUES
                            (TO_DATE('2020-01-22','YYYY-MM-DD'), 10, '00071', 71);
INSERT INTO EX.SINTOMAS(FECHA_INICIO, ID_SINTOMA, ID_PERSONA, ID_FICHA_MEDICA) VALUES
                            (TO_DATE('2020-05-21','YYYY-MM-DD'), 11, '00071', 71);
INSERT INTO EX.SINTOMAS(FECHA_INICIO, ID_SINTOMA, ID_PERSONA, ID_FICHA_MEDICA) VALUES
                            (TO_DATE('2020-03-13','YYYY-MM-DD'), 12, '00071', 71);
INSERT INTO EX.SINTOMAS(FECHA_INICIO, ID_SINTOMA, ID_PERSONA, ID_FICHA_MEDICA) VALUES
                            (TO_DATE('2020-01-01','YYYY-MM-DD'), 13, '00071', 71);
INSERT INTO EX.SINTOMAS(FECHA_INICIO, ID_SINTOMA, ID_PERSONA, ID_FICHA_MEDICA) VALUES
                            (TO_DATE('2020-03-04','YYYY-MM-DD'), 14, '00071', 71);
INSERT INTO EX.SINTOMAS(FECHA_INICIO, ID_SINTOMA, ID_PERSONA, ID_FICHA_MEDICA) VALUES
                            (TO_DATE('2020-04-24','YYYY-MM-DD'), 15, '00071', 71);
INSERT INTO EX.PERSONA(DOC_IDENTIDAD, NOMBRE, NOMBRE1, APELLIDO, APELLIDO1, FECHA_NAC, GENERO, FOTO) VALUES
                  ('00072', 'Kelly', 'Theresa', 'Jones', 'Mason', TO_DATE('1996-12-02','YYYY-MM-DD'), 'm', NULL);
INSERT INTO EX.HISTORICO_RESIDENCIA(FECHA_INICIO, ID_LUGAR, ID_PERSONA, FECHA_FIN) VALUES
                  (TO_DATE('1979-03-23','YYYY-MM-DD'), 44, '00072', NULL);
INSERT INTO EX.FICHA_MEDICA(ID, ID_PERSONA, ID_CENTRO_SALUD, ID_LUGAR, ESTADO, FECHA_INFECCION, FECHA_RECUPERACION) VALUES
                                             (72, '00072', 29, 44, 'desconido', NULL, NULL);
INSERT INTO EX.PERSONA(DOC_IDENTIDAD, NOMBRE, NOMBRE1, APELLIDO, APELLIDO1, FECHA_NAC, GENERO, FOTO) VALUES
                  ('00073', 'Carlos', 'Jeffrey', 'Banks', 'Hurley', TO_DATE('1983-01-22','YYYY-MM-DD'), 'f', NULL);
INSERT INTO EX.HISTORICO_RESIDENCIA(FECHA_INICIO, ID_LUGAR, ID_PERSONA, FECHA_FIN) VALUES
                  (TO_DATE('2016-12-08','YYYY-MM-DD'), 18, '00073', NULL);
INSERT INTO EX.FICHA_MEDICA(ID, ID_PERSONA, ID_CENTRO_SALUD, ID_LUGAR, ESTADO, FECHA_INFECCION, FECHA_RECUPERACION) VALUES
                                             (73, '00073', 3, 18, 'desconido', NULL, NULL);
INSERT INTO EX.PADECIMIENTOS(ID_PATOLOGIA, ID_PERSONA, ID_FICHA_MEDICA) VALUES
                            (1, '00073', 73);
INSERT INTO EX.PADECIMIENTOS(ID_PATOLOGIA, ID_PERSONA, ID_FICHA_MEDICA) VALUES
                            (2, '00073', 73);
INSERT INTO EX.PADECIMIENTOS(ID_PATOLOGIA, ID_PERSONA, ID_FICHA_MEDICA) VALUES
                            (3, '00073', 73);
INSERT INTO EX.PADECIMIENTOS(ID_PATOLOGIA, ID_PERSONA, ID_FICHA_MEDICA) VALUES
                            (4, '00073', 73);
INSERT INTO EX.PADECIMIENTOS(ID_PATOLOGIA, ID_PERSONA, ID_FICHA_MEDICA) VALUES
                            (5, '00073', 73);
INSERT INTO EX.SINTOMAS(FECHA_INICIO, ID_SINTOMA, ID_PERSONA, ID_FICHA_MEDICA) VALUES
                            (TO_DATE('2020-01-19','YYYY-MM-DD'), 1, '00073', 73);
INSERT INTO EX.SINTOMAS(FECHA_INICIO, ID_SINTOMA, ID_PERSONA, ID_FICHA_MEDICA) VALUES
                            (TO_DATE('2020-01-20','YYYY-MM-DD'), 2, '00073', 73);
INSERT INTO EX.SINTOMAS(FECHA_INICIO, ID_SINTOMA, ID_PERSONA, ID_FICHA_MEDICA) VALUES
                            (TO_DATE('2020-05-30','YYYY-MM-DD'), 3, '00073', 73);
INSERT INTO EX.SINTOMAS(FECHA_INICIO, ID_SINTOMA, ID_PERSONA, ID_FICHA_MEDICA) VALUES
                            (TO_DATE('2020-01-16','YYYY-MM-DD'), 4, '00073', 73);
INSERT INTO EX.SINTOMAS(FECHA_INICIO, ID_SINTOMA, ID_PERSONA, ID_FICHA_MEDICA) VALUES
                            (TO_DATE('2020-01-10','YYYY-MM-DD'), 5, '00073', 73);
INSERT INTO EX.SINTOMAS(FECHA_INICIO, ID_SINTOMA, ID_PERSONA, ID_FICHA_MEDICA) VALUES
                            (TO_DATE('2020-01-05','YYYY-MM-DD'), 6, '00073', 73);
INSERT INTO EX.SINTOMAS(FECHA_INICIO, ID_SINTOMA, ID_PERSONA, ID_FICHA_MEDICA) VALUES
                            (TO_DATE('2020-02-19','YYYY-MM-DD'), 7, '00073', 73);
INSERT INTO EX.SINTOMAS(FECHA_INICIO, ID_SINTOMA, ID_PERSONA, ID_FICHA_MEDICA) VALUES
                            (TO_DATE('2020-03-20','YYYY-MM-DD'), 8, '00073', 73);
INSERT INTO EX.SINTOMAS(FECHA_INICIO, ID_SINTOMA, ID_PERSONA, ID_FICHA_MEDICA) VALUES
                            (TO_DATE('2020-04-06','YYYY-MM-DD'), 9, '00073', 73);
INSERT INTO EX.SINTOMAS(FECHA_INICIO, ID_SINTOMA, ID_PERSONA, ID_FICHA_MEDICA) VALUES
                            (TO_DATE('2020-04-13','YYYY-MM-DD'), 10, '00073', 73);
INSERT INTO EX.SINTOMAS(FECHA_INICIO, ID_SINTOMA, ID_PERSONA, ID_FICHA_MEDICA) VALUES
                            (TO_DATE('2020-03-21','YYYY-MM-DD'), 11, '00073', 73);
INSERT INTO EX.SINTOMAS(FECHA_INICIO, ID_SINTOMA, ID_PERSONA, ID_FICHA_MEDICA) VALUES
                            (TO_DATE('2020-01-19','YYYY-MM-DD'), 12, '00073', 73);
INSERT INTO EX.PERSONA(DOC_IDENTIDAD, NOMBRE, NOMBRE1, APELLIDO, APELLIDO1, FECHA_NAC, GENERO, FOTO) VALUES
                  ('00074', 'Heidi', 'Thomas', 'Brown', 'Alvarez', TO_DATE('2000-03-02','YYYY-MM-DD'), 'm', NULL);
INSERT INTO EX.HISTORICO_RESIDENCIA(FECHA_INICIO, ID_LUGAR, ID_PERSONA, FECHA_FIN) VALUES
                  (TO_DATE('2014-06-03','YYYY-MM-DD'), 41, '00074', NULL);
INSERT INTO EX.FICHA_MEDICA(ID, ID_PERSONA, ID_CENTRO_SALUD, ID_LUGAR, ESTADO, FECHA_INFECCION, FECHA_RECUPERACION) VALUES
                                             (74, '00074', 26, 41, 'desconido', NULL, NULL);
INSERT INTO EX.SINTOMAS(FECHA_INICIO, ID_SINTOMA, ID_PERSONA, ID_FICHA_MEDICA) VALUES
                            (TO_DATE('2020-02-18','YYYY-MM-DD'), 1, '00074', 74);
INSERT INTO EX.SINTOMAS(FECHA_INICIO, ID_SINTOMA, ID_PERSONA, ID_FICHA_MEDICA) VALUES
                            (TO_DATE('2020-06-23','YYYY-MM-DD'), 2, '00074', 74);
INSERT INTO EX.SINTOMAS(FECHA_INICIO, ID_SINTOMA, ID_PERSONA, ID_FICHA_MEDICA) VALUES
                            (TO_DATE('2020-05-13','YYYY-MM-DD'), 3, '00074', 74);
INSERT INTO EX.SINTOMAS(FECHA_INICIO, ID_SINTOMA, ID_PERSONA, ID_FICHA_MEDICA) VALUES
                            (TO_DATE('2020-05-21','YYYY-MM-DD'), 4, '00074', 74);
INSERT INTO EX.SINTOMAS(FECHA_INICIO, ID_SINTOMA, ID_PERSONA, ID_FICHA_MEDICA) VALUES
                            (TO_DATE('2020-01-12','YYYY-MM-DD'), 5, '00074', 74);
INSERT INTO EX.SINTOMAS(FECHA_INICIO, ID_SINTOMA, ID_PERSONA, ID_FICHA_MEDICA) VALUES
                            (TO_DATE('2020-03-01','YYYY-MM-DD'), 6, '00074', 74);
INSERT INTO EX.SINTOMAS(FECHA_INICIO, ID_SINTOMA, ID_PERSONA, ID_FICHA_MEDICA) VALUES
                            (TO_DATE('2020-03-10','YYYY-MM-DD'), 7, '00074', 74);
INSERT INTO EX.SINTOMAS(FECHA_INICIO, ID_SINTOMA, ID_PERSONA, ID_FICHA_MEDICA) VALUES
                            (TO_DATE('2020-04-30','YYYY-MM-DD'), 8, '00074', 74);
INSERT INTO EX.PERSONA(DOC_IDENTIDAD, NOMBRE, NOMBRE1, APELLIDO, APELLIDO1, FECHA_NAC, GENERO, FOTO) VALUES
                  ('00075', 'Jeffrey', 'Rebecca', 'Young', 'Harris', TO_DATE('1992-08-22','YYYY-MM-DD'), 'f', NULL);
INSERT INTO EX.HISTORICO_RESIDENCIA(FECHA_INICIO, ID_LUGAR, ID_PERSONA, FECHA_FIN) VALUES
                  (TO_DATE('1975-09-28','YYYY-MM-DD'), 25, '00075', NULL);
INSERT INTO EX.FICHA_MEDICA(ID, ID_PERSONA, ID_CENTRO_SALUD, ID_LUGAR, ESTADO, FECHA_INFECCION, FECHA_RECUPERACION) VALUES
                                             (75, '00075', 10, 25, 'desconido', NULL, NULL);
INSERT INTO EX.PERSONA(DOC_IDENTIDAD, NOMBRE, NOMBRE1, APELLIDO, APELLIDO1, FECHA_NAC, GENERO, FOTO) VALUES
                  ('00076', 'Kimberly', 'Stephanie', 'Love', 'Brooks', TO_DATE('2003-03-31','YYYY-MM-DD'), 'm', NULL);
INSERT INTO EX.HISTORICO_RESIDENCIA(FECHA_INICIO, ID_LUGAR, ID_PERSONA, FECHA_FIN) VALUES
                  (TO_DATE('1986-04-11','YYYY-MM-DD'), 28, '00076', NULL);
INSERT INTO EX.FICHA_MEDICA(ID, ID_PERSONA, ID_CENTRO_SALUD, ID_LUGAR, ESTADO, FECHA_INFECCION, FECHA_RECUPERACION) VALUES
                                             (76, '00076', 13, 28, 'desconido', NULL, NULL);
INSERT INTO EX.PADECIMIENTOS(ID_PATOLOGIA, ID_PERSONA, ID_FICHA_MEDICA) VALUES
                            (1, '00076', 76);
INSERT INTO EX.PADECIMIENTOS(ID_PATOLOGIA, ID_PERSONA, ID_FICHA_MEDICA) VALUES
                            (2, '00076', 76);
INSERT INTO EX.PADECIMIENTOS(ID_PATOLOGIA, ID_PERSONA, ID_FICHA_MEDICA) VALUES
                            (3, '00076', 76);
INSERT INTO EX.PADECIMIENTOS(ID_PATOLOGIA, ID_PERSONA, ID_FICHA_MEDICA) VALUES
                            (4, '00076', 76);
INSERT INTO EX.PADECIMIENTOS(ID_PATOLOGIA, ID_PERSONA, ID_FICHA_MEDICA) VALUES
                            (5, '00076', 76);
INSERT INTO EX.PADECIMIENTOS(ID_PATOLOGIA, ID_PERSONA, ID_FICHA_MEDICA) VALUES
                            (6, '00076', 76);
INSERT INTO EX.PADECIMIENTOS(ID_PATOLOGIA, ID_PERSONA, ID_FICHA_MEDICA) VALUES
                            (7, '00076', 76);
INSERT INTO EX.PADECIMIENTOS(ID_PATOLOGIA, ID_PERSONA, ID_FICHA_MEDICA) VALUES
                            (8, '00076', 76);
INSERT INTO EX.PADECIMIENTOS(ID_PATOLOGIA, ID_PERSONA, ID_FICHA_MEDICA) VALUES
                            (9, '00076', 76);
INSERT INTO EX.PADECIMIENTOS(ID_PATOLOGIA, ID_PERSONA, ID_FICHA_MEDICA) VALUES
                            (10, '00076', 76);
INSERT INTO EX.PADECIMIENTOS(ID_PATOLOGIA, ID_PERSONA, ID_FICHA_MEDICA) VALUES
                            (11, '00076', 76);
INSERT INTO EX.PADECIMIENTOS(ID_PATOLOGIA, ID_PERSONA, ID_FICHA_MEDICA) VALUES
                            (12, '00076', 76);
INSERT INTO EX.SINTOMAS(FECHA_INICIO, ID_SINTOMA, ID_PERSONA, ID_FICHA_MEDICA) VALUES
                            (TO_DATE('2020-05-19','YYYY-MM-DD'), 1, '00076', 76);
INSERT INTO EX.SINTOMAS(FECHA_INICIO, ID_SINTOMA, ID_PERSONA, ID_FICHA_MEDICA) VALUES
                            (TO_DATE('2020-06-29','YYYY-MM-DD'), 2, '00076', 76);
INSERT INTO EX.SINTOMAS(FECHA_INICIO, ID_SINTOMA, ID_PERSONA, ID_FICHA_MEDICA) VALUES
                            (TO_DATE('2020-01-30','YYYY-MM-DD'), 3, '00076', 76);
INSERT INTO EX.SINTOMAS(FECHA_INICIO, ID_SINTOMA, ID_PERSONA, ID_FICHA_MEDICA) VALUES
                            (TO_DATE('2020-04-08','YYYY-MM-DD'), 4, '00076', 76);
INSERT INTO EX.SINTOMAS(FECHA_INICIO, ID_SINTOMA, ID_PERSONA, ID_FICHA_MEDICA) VALUES
                            (TO_DATE('2020-03-20','YYYY-MM-DD'), 5, '00076', 76);
INSERT INTO EX.SINTOMAS(FECHA_INICIO, ID_SINTOMA, ID_PERSONA, ID_FICHA_MEDICA) VALUES
                            (TO_DATE('2020-02-02','YYYY-MM-DD'), 6, '00076', 76);
INSERT INTO EX.SINTOMAS(FECHA_INICIO, ID_SINTOMA, ID_PERSONA, ID_FICHA_MEDICA) VALUES
                            (TO_DATE('2020-03-22','YYYY-MM-DD'), 7, '00076', 76);
INSERT INTO EX.SINTOMAS(FECHA_INICIO, ID_SINTOMA, ID_PERSONA, ID_FICHA_MEDICA) VALUES
                            (TO_DATE('2020-02-26','YYYY-MM-DD'), 8, '00076', 76);
INSERT INTO EX.SINTOMAS(FECHA_INICIO, ID_SINTOMA, ID_PERSONA, ID_FICHA_MEDICA) VALUES
                            (TO_DATE('2020-03-25','YYYY-MM-DD'), 9, '00076', 76);
INSERT INTO EX.SINTOMAS(FECHA_INICIO, ID_SINTOMA, ID_PERSONA, ID_FICHA_MEDICA) VALUES
                            (TO_DATE('2020-06-26','YYYY-MM-DD'), 10, '00076', 76);
INSERT INTO EX.SINTOMAS(FECHA_INICIO, ID_SINTOMA, ID_PERSONA, ID_FICHA_MEDICA) VALUES
                            (TO_DATE('2020-06-16','YYYY-MM-DD'), 11, '00076', 76);
INSERT INTO EX.SINTOMAS(FECHA_INICIO, ID_SINTOMA, ID_PERSONA, ID_FICHA_MEDICA) VALUES
                            (TO_DATE('2020-06-12','YYYY-MM-DD'), 12, '00076', 76);
INSERT INTO EX.SINTOMAS(FECHA_INICIO, ID_SINTOMA, ID_PERSONA, ID_FICHA_MEDICA) VALUES
                            (TO_DATE('2020-05-26','YYYY-MM-DD'), 13, '00076', 76);
INSERT INTO EX.PERSONA(DOC_IDENTIDAD, NOMBRE, NOMBRE1, APELLIDO, APELLIDO1, FECHA_NAC, GENERO, FOTO) VALUES
                  ('00077', 'John', 'Jennifer', 'Anderson', 'Hill', TO_DATE('1998-04-11','YYYY-MM-DD'), 'f', NULL);
INSERT INTO EX.HISTORICO_RESIDENCIA(FECHA_INICIO, ID_LUGAR, ID_PERSONA, FECHA_FIN) VALUES
                  (TO_DATE('2007-12-27','YYYY-MM-DD'), 45, '00077', NULL);
INSERT INTO EX.FICHA_MEDICA(ID, ID_PERSONA, ID_CENTRO_SALUD, ID_LUGAR, ESTADO, FECHA_INFECCION, FECHA_RECUPERACION) VALUES
                                             (77, '00077', 30, 45, 'desconido', NULL, NULL);
INSERT INTO EX.PERSONA(DOC_IDENTIDAD, NOMBRE, NOMBRE1, APELLIDO, APELLIDO1, FECHA_NAC, GENERO, FOTO) VALUES
                  ('00078', 'Jonathan', 'Thomas', 'Campos', 'Hill', TO_DATE('2018-04-03','YYYY-MM-DD'), 'm', NULL);
INSERT INTO EX.HISTORICO_RESIDENCIA(FECHA_INICIO, ID_LUGAR, ID_PERSONA, FECHA_FIN) VALUES
                  (TO_DATE('1987-10-02','YYYY-MM-DD'), 32, '00078', NULL);
INSERT INTO EX.FICHA_MEDICA(ID, ID_PERSONA, ID_CENTRO_SALUD, ID_LUGAR, ESTADO, FECHA_INFECCION, FECHA_RECUPERACION) VALUES
                                             (78, '00078', 17, 32, 'desconido', NULL, NULL);
INSERT INTO EX.PERSONA(DOC_IDENTIDAD, NOMBRE, NOMBRE1, APELLIDO, APELLIDO1, FECHA_NAC, GENERO, FOTO) VALUES
                  ('00079', 'Zachary', 'James', 'Wade', 'Dalton', TO_DATE('1992-08-08','YYYY-MM-DD'), 'f', NULL);
INSERT INTO EX.HISTORICO_RESIDENCIA(FECHA_INICIO, ID_LUGAR, ID_PERSONA, FECHA_FIN) VALUES
                  (TO_DATE('2014-04-09','YYYY-MM-DD'), 44, '00079', NULL);
INSERT INTO EX.FICHA_MEDICA(ID, ID_PERSONA, ID_CENTRO_SALUD, ID_LUGAR, ESTADO, FECHA_INFECCION, FECHA_RECUPERACION) VALUES
                                             (79, '00079', 29, 44, 'desconido', NULL, NULL);
INSERT INTO EX.SINTOMAS(FECHA_INICIO, ID_SINTOMA, ID_PERSONA, ID_FICHA_MEDICA) VALUES
                            (TO_DATE('2020-02-29','YYYY-MM-DD'), 1, '00079', 79);
INSERT INTO EX.SINTOMAS(FECHA_INICIO, ID_SINTOMA, ID_PERSONA, ID_FICHA_MEDICA) VALUES
                            (TO_DATE('2020-02-13','YYYY-MM-DD'), 2, '00079', 79);
INSERT INTO EX.SINTOMAS(FECHA_INICIO, ID_SINTOMA, ID_PERSONA, ID_FICHA_MEDICA) VALUES
                            (TO_DATE('2020-02-15','YYYY-MM-DD'), 3, '00079', 79);
INSERT INTO EX.SINTOMAS(FECHA_INICIO, ID_SINTOMA, ID_PERSONA, ID_FICHA_MEDICA) VALUES
                            (TO_DATE('2020-03-01','YYYY-MM-DD'), 4, '00079', 79);
INSERT INTO EX.SINTOMAS(FECHA_INICIO, ID_SINTOMA, ID_PERSONA, ID_FICHA_MEDICA) VALUES
                            (TO_DATE('2020-06-27','YYYY-MM-DD'), 5, '00079', 79);
INSERT INTO EX.SINTOMAS(FECHA_INICIO, ID_SINTOMA, ID_PERSONA, ID_FICHA_MEDICA) VALUES
                            (TO_DATE('2020-04-05','YYYY-MM-DD'), 6, '00079', 79);
INSERT INTO EX.SINTOMAS(FECHA_INICIO, ID_SINTOMA, ID_PERSONA, ID_FICHA_MEDICA) VALUES
                            (TO_DATE('2020-04-06','YYYY-MM-DD'), 7, '00079', 79);
INSERT INTO EX.PERSONA(DOC_IDENTIDAD, NOMBRE, NOMBRE1, APELLIDO, APELLIDO1, FECHA_NAC, GENERO, FOTO) VALUES
                  ('00080', 'Paige', 'Benjamin', 'Gilbert', 'Cox', TO_DATE('2007-04-29','YYYY-MM-DD'), 'm', NULL);
INSERT INTO EX.HISTORICO_RESIDENCIA(FECHA_INICIO, ID_LUGAR, ID_PERSONA, FECHA_FIN) VALUES
                  (TO_DATE('1999-11-21','YYYY-MM-DD'), 32, '00080', NULL);
INSERT INTO EX.FICHA_MEDICA(ID, ID_PERSONA, ID_CENTRO_SALUD, ID_LUGAR, ESTADO, FECHA_INFECCION, FECHA_RECUPERACION) VALUES
                                             (80, '00080', 17, 32, 'desconido', NULL, NULL);
INSERT INTO EX.SINTOMAS(FECHA_INICIO, ID_SINTOMA, ID_PERSONA, ID_FICHA_MEDICA) VALUES
                            (TO_DATE('2020-02-15','YYYY-MM-DD'), 1, '00080', 80);
INSERT INTO EX.SINTOMAS(FECHA_INICIO, ID_SINTOMA, ID_PERSONA, ID_FICHA_MEDICA) VALUES
                            (TO_DATE('2020-03-21','YYYY-MM-DD'), 2, '00080', 80);
INSERT INTO EX.PERSONA(DOC_IDENTIDAD, NOMBRE, NOMBRE1, APELLIDO, APELLIDO1, FECHA_NAC, GENERO, FOTO) VALUES
                  ('00081', 'David', 'William', 'Richardson', 'Nunez', TO_DATE('1994-11-02','YYYY-MM-DD'), 'f', NULL);
INSERT INTO EX.HISTORICO_RESIDENCIA(FECHA_INICIO, ID_LUGAR, ID_PERSONA, FECHA_FIN) VALUES
                  (TO_DATE('2010-08-17','YYYY-MM-DD'), 45, '00081', NULL);
INSERT INTO EX.FICHA_MEDICA(ID, ID_PERSONA, ID_CENTRO_SALUD, ID_LUGAR, ESTADO, FECHA_INFECCION, FECHA_RECUPERACION) VALUES
                                             (81, '00081', 30, 45, 'desconido', NULL, NULL);
INSERT INTO EX.PERSONA(DOC_IDENTIDAD, NOMBRE, NOMBRE1, APELLIDO, APELLIDO1, FECHA_NAC, GENERO, FOTO) VALUES
                  ('00082', 'Nicholas', 'Jennifer', 'Smith', 'Kim', TO_DATE('2019-11-11','YYYY-MM-DD'), 'm', NULL);
INSERT INTO EX.HISTORICO_RESIDENCIA(FECHA_INICIO, ID_LUGAR, ID_PERSONA, FECHA_FIN) VALUES
                  (TO_DATE('1972-06-30','YYYY-MM-DD'), 40, '00082', NULL);
INSERT INTO EX.FICHA_MEDICA(ID, ID_PERSONA, ID_CENTRO_SALUD, ID_LUGAR, ESTADO, FECHA_INFECCION, FECHA_RECUPERACION) VALUES
                                             (82, '00082', 25, 40, 'desconido', NULL, NULL);
INSERT INTO EX.PADECIMIENTOS(ID_PATOLOGIA, ID_PERSONA, ID_FICHA_MEDICA) VALUES
                            (1, '00082', 82);
INSERT INTO EX.PADECIMIENTOS(ID_PATOLOGIA, ID_PERSONA, ID_FICHA_MEDICA) VALUES
                            (2, '00082', 82);
INSERT INTO EX.PADECIMIENTOS(ID_PATOLOGIA, ID_PERSONA, ID_FICHA_MEDICA) VALUES
                            (3, '00082', 82);
INSERT INTO EX.PADECIMIENTOS(ID_PATOLOGIA, ID_PERSONA, ID_FICHA_MEDICA) VALUES
                            (4, '00082', 82);
INSERT INTO EX.PADECIMIENTOS(ID_PATOLOGIA, ID_PERSONA, ID_FICHA_MEDICA) VALUES
                            (5, '00082', 82);
INSERT INTO EX.PADECIMIENTOS(ID_PATOLOGIA, ID_PERSONA, ID_FICHA_MEDICA) VALUES
                            (6, '00082', 82);
INSERT INTO EX.PADECIMIENTOS(ID_PATOLOGIA, ID_PERSONA, ID_FICHA_MEDICA) VALUES
                            (7, '00082', 82);
INSERT INTO EX.PADECIMIENTOS(ID_PATOLOGIA, ID_PERSONA, ID_FICHA_MEDICA) VALUES
                            (8, '00082', 82);
INSERT INTO EX.PERSONA(DOC_IDENTIDAD, NOMBRE, NOMBRE1, APELLIDO, APELLIDO1, FECHA_NAC, GENERO, FOTO) VALUES
                  ('00083', 'Sarah', 'Barbara', 'Garcia', 'Wright', TO_DATE('1974-01-12','YYYY-MM-DD'), 'f', NULL);
INSERT INTO EX.HISTORICO_RESIDENCIA(FECHA_INICIO, ID_LUGAR, ID_PERSONA, FECHA_FIN) VALUES
                  (TO_DATE('1980-08-06','YYYY-MM-DD'), 34, '00083', NULL);
INSERT INTO EX.FICHA_MEDICA(ID, ID_PERSONA, ID_CENTRO_SALUD, ID_LUGAR, ESTADO, FECHA_INFECCION, FECHA_RECUPERACION) VALUES
                                             (83, '00083', 19, 34, 'desconido', NULL, NULL);
INSERT INTO EX.PERSONA(DOC_IDENTIDAD, NOMBRE, NOMBRE1, APELLIDO, APELLIDO1, FECHA_NAC, GENERO, FOTO) VALUES
                  ('00084', 'Jennifer', 'Tammy', 'Curtis', 'Ross', TO_DATE('1970-05-17','YYYY-MM-DD'), 'm', NULL);
INSERT INTO EX.HISTORICO_RESIDENCIA(FECHA_INICIO, ID_LUGAR, ID_PERSONA, FECHA_FIN) VALUES
                  (TO_DATE('1990-01-16','YYYY-MM-DD'), 18, '00084', NULL);
INSERT INTO EX.FICHA_MEDICA(ID, ID_PERSONA, ID_CENTRO_SALUD, ID_LUGAR, ESTADO, FECHA_INFECCION, FECHA_RECUPERACION) VALUES
                                             (84, '00084', 3, 18, 'desconido', NULL, NULL);
INSERT INTO EX.SINTOMAS(FECHA_INICIO, ID_SINTOMA, ID_PERSONA, ID_FICHA_MEDICA) VALUES
                            (TO_DATE('2020-03-20','YYYY-MM-DD'), 1, '00084', 84);
INSERT INTO EX.SINTOMAS(FECHA_INICIO, ID_SINTOMA, ID_PERSONA, ID_FICHA_MEDICA) VALUES
                            (TO_DATE('2020-05-12','YYYY-MM-DD'), 2, '00084', 84);
INSERT INTO EX.SINTOMAS(FECHA_INICIO, ID_SINTOMA, ID_PERSONA, ID_FICHA_MEDICA) VALUES
                            (TO_DATE('2020-04-22','YYYY-MM-DD'), 3, '00084', 84);
INSERT INTO EX.SINTOMAS(FECHA_INICIO, ID_SINTOMA, ID_PERSONA, ID_FICHA_MEDICA) VALUES
                            (TO_DATE('2020-06-04','YYYY-MM-DD'), 4, '00084', 84);
INSERT INTO EX.SINTOMAS(FECHA_INICIO, ID_SINTOMA, ID_PERSONA, ID_FICHA_MEDICA) VALUES
                            (TO_DATE('2020-01-19','YYYY-MM-DD'), 5, '00084', 84);
INSERT INTO EX.SINTOMAS(FECHA_INICIO, ID_SINTOMA, ID_PERSONA, ID_FICHA_MEDICA) VALUES
                            (TO_DATE('2020-04-19','YYYY-MM-DD'), 6, '00084', 84);
INSERT INTO EX.SINTOMAS(FECHA_INICIO, ID_SINTOMA, ID_PERSONA, ID_FICHA_MEDICA) VALUES
                            (TO_DATE('2020-03-22','YYYY-MM-DD'), 7, '00084', 84);
INSERT INTO EX.SINTOMAS(FECHA_INICIO, ID_SINTOMA, ID_PERSONA, ID_FICHA_MEDICA) VALUES
                            (TO_DATE('2020-02-25','YYYY-MM-DD'), 8, '00084', 84);
INSERT INTO EX.SINTOMAS(FECHA_INICIO, ID_SINTOMA, ID_PERSONA, ID_FICHA_MEDICA) VALUES
                            (TO_DATE('2020-04-06','YYYY-MM-DD'), 9, '00084', 84);
INSERT INTO EX.SINTOMAS(FECHA_INICIO, ID_SINTOMA, ID_PERSONA, ID_FICHA_MEDICA) VALUES
                            (TO_DATE('2020-06-08','YYYY-MM-DD'), 10, '00084', 84);
INSERT INTO EX.SINTOMAS(FECHA_INICIO, ID_SINTOMA, ID_PERSONA, ID_FICHA_MEDICA) VALUES
                            (TO_DATE('2020-02-05','YYYY-MM-DD'), 11, '00084', 84);
INSERT INTO EX.SINTOMAS(FECHA_INICIO, ID_SINTOMA, ID_PERSONA, ID_FICHA_MEDICA) VALUES
                            (TO_DATE('2020-02-12','YYYY-MM-DD'), 12, '00084', 84);
INSERT INTO EX.SINTOMAS(FECHA_INICIO, ID_SINTOMA, ID_PERSONA, ID_FICHA_MEDICA) VALUES
                            (TO_DATE('2020-05-29','YYYY-MM-DD'), 13, '00084', 84);
INSERT INTO EX.SINTOMAS(FECHA_INICIO, ID_SINTOMA, ID_PERSONA, ID_FICHA_MEDICA) VALUES
                            (TO_DATE('2020-03-17','YYYY-MM-DD'), 14, '00084', 84);
INSERT INTO EX.SINTOMAS(FECHA_INICIO, ID_SINTOMA, ID_PERSONA, ID_FICHA_MEDICA) VALUES
                            (TO_DATE('2020-01-19','YYYY-MM-DD'), 15, '00084', 84);
INSERT INTO EX.SINTOMAS(FECHA_INICIO, ID_SINTOMA, ID_PERSONA, ID_FICHA_MEDICA) VALUES
                            (TO_DATE('2020-05-20','YYYY-MM-DD'), 16, '00084', 84);
INSERT INTO EX.SINTOMAS(FECHA_INICIO, ID_SINTOMA, ID_PERSONA, ID_FICHA_MEDICA) VALUES
                            (TO_DATE('2020-03-08','YYYY-MM-DD'), 17, '00084', 84);
INSERT INTO EX.SINTOMAS(FECHA_INICIO, ID_SINTOMA, ID_PERSONA, ID_FICHA_MEDICA) VALUES
                            (TO_DATE('2020-03-24','YYYY-MM-DD'), 18, '00084', 84);
INSERT INTO EX.SINTOMAS(FECHA_INICIO, ID_SINTOMA, ID_PERSONA, ID_FICHA_MEDICA) VALUES
                            (TO_DATE('2020-01-05','YYYY-MM-DD'), 19, '00084', 84);
INSERT INTO EX.PERSONA(DOC_IDENTIDAD, NOMBRE, NOMBRE1, APELLIDO, APELLIDO1, FECHA_NAC, GENERO, FOTO) VALUES
                  ('00085', 'William', 'Desiree', 'Parker', 'Reed', TO_DATE('1983-07-04','YYYY-MM-DD'), 'f', NULL);
INSERT INTO EX.HISTORICO_RESIDENCIA(FECHA_INICIO, ID_LUGAR, ID_PERSONA, FECHA_FIN) VALUES
                  (TO_DATE('1988-08-19','YYYY-MM-DD'), 20, '00085', NULL);
INSERT INTO EX.FICHA_MEDICA(ID, ID_PERSONA, ID_CENTRO_SALUD, ID_LUGAR, ESTADO, FECHA_INFECCION, FECHA_RECUPERACION) VALUES
                                             (85, '00085', 5, 20, 'desconido', NULL, NULL);
INSERT INTO EX.SINTOMAS(FECHA_INICIO, ID_SINTOMA, ID_PERSONA, ID_FICHA_MEDICA) VALUES
                            (TO_DATE('2020-03-31','YYYY-MM-DD'), 1, '00085', 85);
INSERT INTO EX.SINTOMAS(FECHA_INICIO, ID_SINTOMA, ID_PERSONA, ID_FICHA_MEDICA) VALUES
                            (TO_DATE('2020-04-08','YYYY-MM-DD'), 2, '00085', 85);
INSERT INTO EX.PERSONA(DOC_IDENTIDAD, NOMBRE, NOMBRE1, APELLIDO, APELLIDO1, FECHA_NAC, GENERO, FOTO) VALUES
                  ('00086', 'James', 'Cassandra', 'Watson', 'Myers', TO_DATE('2017-06-20','YYYY-MM-DD'), 'm', NULL);
INSERT INTO EX.HISTORICO_RESIDENCIA(FECHA_INICIO, ID_LUGAR, ID_PERSONA, FECHA_FIN) VALUES
                  (TO_DATE('1975-11-18','YYYY-MM-DD'), 41, '00086', NULL);
INSERT INTO EX.FICHA_MEDICA(ID, ID_PERSONA, ID_CENTRO_SALUD, ID_LUGAR, ESTADO, FECHA_INFECCION, FECHA_RECUPERACION) VALUES
                                             (86, '00086', 26, 41, 'desconido', NULL, NULL);
INSERT INTO EX.PERSONA(DOC_IDENTIDAD, NOMBRE, NOMBRE1, APELLIDO, APELLIDO1, FECHA_NAC, GENERO, FOTO) VALUES
                  ('00087', 'Steven', 'Michael', 'Brown', 'Haas', TO_DATE('2013-08-18','YYYY-MM-DD'), 'f', NULL);
INSERT INTO EX.HISTORICO_RESIDENCIA(FECHA_INICIO, ID_LUGAR, ID_PERSONA, FECHA_FIN) VALUES
                  (TO_DATE('2004-12-25','YYYY-MM-DD'), 37, '00087', NULL);
INSERT INTO EX.FICHA_MEDICA(ID, ID_PERSONA, ID_CENTRO_SALUD, ID_LUGAR, ESTADO, FECHA_INFECCION, FECHA_RECUPERACION) VALUES
                                             (87, '00087', 22, 37, 'desconido', NULL, NULL);
INSERT INTO EX.PADECIMIENTOS(ID_PATOLOGIA, ID_PERSONA, ID_FICHA_MEDICA) VALUES
                            (1, '00087', 87);
INSERT INTO EX.PADECIMIENTOS(ID_PATOLOGIA, ID_PERSONA, ID_FICHA_MEDICA) VALUES
                            (2, '00087', 87);
INSERT INTO EX.PADECIMIENTOS(ID_PATOLOGIA, ID_PERSONA, ID_FICHA_MEDICA) VALUES
                            (3, '00087', 87);
INSERT INTO EX.PADECIMIENTOS(ID_PATOLOGIA, ID_PERSONA, ID_FICHA_MEDICA) VALUES
                            (4, '00087', 87);
INSERT INTO EX.PADECIMIENTOS(ID_PATOLOGIA, ID_PERSONA, ID_FICHA_MEDICA) VALUES
                            (5, '00087', 87);
INSERT INTO EX.PERSONA(DOC_IDENTIDAD, NOMBRE, NOMBRE1, APELLIDO, APELLIDO1, FECHA_NAC, GENERO, FOTO) VALUES
                  ('00088', 'Yvette', 'Michael', 'Baxter', 'Clarke', TO_DATE('1976-10-04','YYYY-MM-DD'), 'm', NULL);
INSERT INTO EX.HISTORICO_RESIDENCIA(FECHA_INICIO, ID_LUGAR, ID_PERSONA, FECHA_FIN) VALUES
                  (TO_DATE('2011-06-21','YYYY-MM-DD'), 33, '00088', NULL);
INSERT INTO EX.FICHA_MEDICA(ID, ID_PERSONA, ID_CENTRO_SALUD, ID_LUGAR, ESTADO, FECHA_INFECCION, FECHA_RECUPERACION) VALUES
                                             (88, '00088', 18, 33, 'desconido', NULL, NULL);
INSERT INTO EX.PADECIMIENTOS(ID_PATOLOGIA, ID_PERSONA, ID_FICHA_MEDICA) VALUES
                            (1, '00088', 88);
INSERT INTO EX.PADECIMIENTOS(ID_PATOLOGIA, ID_PERSONA, ID_FICHA_MEDICA) VALUES
                            (2, '00088', 88);
INSERT INTO EX.PADECIMIENTOS(ID_PATOLOGIA, ID_PERSONA, ID_FICHA_MEDICA) VALUES
                            (3, '00088', 88);
INSERT INTO EX.PADECIMIENTOS(ID_PATOLOGIA, ID_PERSONA, ID_FICHA_MEDICA) VALUES
                            (4, '00088', 88);
INSERT INTO EX.PADECIMIENTOS(ID_PATOLOGIA, ID_PERSONA, ID_FICHA_MEDICA) VALUES
                            (5, '00088', 88);
INSERT INTO EX.PADECIMIENTOS(ID_PATOLOGIA, ID_PERSONA, ID_FICHA_MEDICA) VALUES
                            (6, '00088', 88);
INSERT INTO EX.PERSONA(DOC_IDENTIDAD, NOMBRE, NOMBRE1, APELLIDO, APELLIDO1, FECHA_NAC, GENERO, FOTO) VALUES
                  ('00089', 'Angelica', 'Tammy', 'Martin', 'Barnes', TO_DATE('1976-10-13','YYYY-MM-DD'), 'f', NULL);
INSERT INTO EX.HISTORICO_RESIDENCIA(FECHA_INICIO, ID_LUGAR, ID_PERSONA, FECHA_FIN) VALUES
                  (TO_DATE('1973-03-02','YYYY-MM-DD'), 44, '00089', NULL);
INSERT INTO EX.FICHA_MEDICA(ID, ID_PERSONA, ID_CENTRO_SALUD, ID_LUGAR, ESTADO, FECHA_INFECCION, FECHA_RECUPERACION) VALUES
                                             (89, '00089', 29, 44, 'desconido', NULL, NULL);
INSERT INTO EX.SINTOMAS(FECHA_INICIO, ID_SINTOMA, ID_PERSONA, ID_FICHA_MEDICA) VALUES
                            (TO_DATE('2020-01-28','YYYY-MM-DD'), 1, '00089', 89);
INSERT INTO EX.SINTOMAS(FECHA_INICIO, ID_SINTOMA, ID_PERSONA, ID_FICHA_MEDICA) VALUES
                            (TO_DATE('2020-05-22','YYYY-MM-DD'), 2, '00089', 89);
INSERT INTO EX.SINTOMAS(FECHA_INICIO, ID_SINTOMA, ID_PERSONA, ID_FICHA_MEDICA) VALUES
                            (TO_DATE('2020-06-02','YYYY-MM-DD'), 3, '00089', 89);
INSERT INTO EX.SINTOMAS(FECHA_INICIO, ID_SINTOMA, ID_PERSONA, ID_FICHA_MEDICA) VALUES
                            (TO_DATE('2020-01-16','YYYY-MM-DD'), 4, '00089', 89);
INSERT INTO EX.SINTOMAS(FECHA_INICIO, ID_SINTOMA, ID_PERSONA, ID_FICHA_MEDICA) VALUES
                            (TO_DATE('2020-02-23','YYYY-MM-DD'), 5, '00089', 89);
INSERT INTO EX.SINTOMAS(FECHA_INICIO, ID_SINTOMA, ID_PERSONA, ID_FICHA_MEDICA) VALUES
                            (TO_DATE('2020-06-05','YYYY-MM-DD'), 6, '00089', 89);
INSERT INTO EX.SINTOMAS(FECHA_INICIO, ID_SINTOMA, ID_PERSONA, ID_FICHA_MEDICA) VALUES
                            (TO_DATE('2020-04-24','YYYY-MM-DD'), 7, '00089', 89);
INSERT INTO EX.SINTOMAS(FECHA_INICIO, ID_SINTOMA, ID_PERSONA, ID_FICHA_MEDICA) VALUES
                            (TO_DATE('2020-05-06','YYYY-MM-DD'), 8, '00089', 89);
INSERT INTO EX.SINTOMAS(FECHA_INICIO, ID_SINTOMA, ID_PERSONA, ID_FICHA_MEDICA) VALUES
                            (TO_DATE('2020-05-01','YYYY-MM-DD'), 9, '00089', 89);
INSERT INTO EX.SINTOMAS(FECHA_INICIO, ID_SINTOMA, ID_PERSONA, ID_FICHA_MEDICA) VALUES
                            (TO_DATE('2020-02-03','YYYY-MM-DD'), 10, '00089', 89);
INSERT INTO EX.SINTOMAS(FECHA_INICIO, ID_SINTOMA, ID_PERSONA, ID_FICHA_MEDICA) VALUES
                            (TO_DATE('2020-05-22','YYYY-MM-DD'), 11, '00089', 89);
INSERT INTO EX.SINTOMAS(FECHA_INICIO, ID_SINTOMA, ID_PERSONA, ID_FICHA_MEDICA) VALUES
                            (TO_DATE('2020-01-18','YYYY-MM-DD'), 12, '00089', 89);
INSERT INTO EX.SINTOMAS(FECHA_INICIO, ID_SINTOMA, ID_PERSONA, ID_FICHA_MEDICA) VALUES
                            (TO_DATE('2020-04-25','YYYY-MM-DD'), 13, '00089', 89);
INSERT INTO EX.SINTOMAS(FECHA_INICIO, ID_SINTOMA, ID_PERSONA, ID_FICHA_MEDICA) VALUES
                            (TO_DATE('2020-05-27','YYYY-MM-DD'), 14, '00089', 89);
INSERT INTO EX.SINTOMAS(FECHA_INICIO, ID_SINTOMA, ID_PERSONA, ID_FICHA_MEDICA) VALUES
                            (TO_DATE('2020-01-24','YYYY-MM-DD'), 15, '00089', 89);
INSERT INTO EX.PERSONA(DOC_IDENTIDAD, NOMBRE, NOMBRE1, APELLIDO, APELLIDO1, FECHA_NAC, GENERO, FOTO) VALUES
                  ('00090', 'Angela', 'Jermaine', 'Ayala', 'Smith', TO_DATE('1984-04-14','YYYY-MM-DD'), 'm', NULL);
INSERT INTO EX.HISTORICO_RESIDENCIA(FECHA_INICIO, ID_LUGAR, ID_PERSONA, FECHA_FIN) VALUES
                  (TO_DATE('1977-11-24','YYYY-MM-DD'), 18, '00090', NULL);
INSERT INTO EX.FICHA_MEDICA(ID, ID_PERSONA, ID_CENTRO_SALUD, ID_LUGAR, ESTADO, FECHA_INFECCION, FECHA_RECUPERACION) VALUES
                                             (90, '00090', 3, 18, 'desconido', NULL, NULL);
INSERT INTO EX.SINTOMAS(FECHA_INICIO, ID_SINTOMA, ID_PERSONA, ID_FICHA_MEDICA) VALUES
                            (TO_DATE('2020-05-18','YYYY-MM-DD'), 1, '00090', 90);
INSERT INTO EX.SINTOMAS(FECHA_INICIO, ID_SINTOMA, ID_PERSONA, ID_FICHA_MEDICA) VALUES
                            (TO_DATE('2020-04-14','YYYY-MM-DD'), 2, '00090', 90);
INSERT INTO EX.PERSONA(DOC_IDENTIDAD, NOMBRE, NOMBRE1, APELLIDO, APELLIDO1, FECHA_NAC, GENERO, FOTO) VALUES
                  ('00091', 'Rachel', 'Nicholas', 'Singleton', 'Warren', TO_DATE('1997-11-27','YYYY-MM-DD'), 'f', NULL);
INSERT INTO EX.HISTORICO_RESIDENCIA(FECHA_INICIO, ID_LUGAR, ID_PERSONA, FECHA_FIN) VALUES
                  (TO_DATE('2010-03-05','YYYY-MM-DD'), 34, '00091', NULL);
INSERT INTO EX.FICHA_MEDICA(ID, ID_PERSONA, ID_CENTRO_SALUD, ID_LUGAR, ESTADO, FECHA_INFECCION, FECHA_RECUPERACION) VALUES
                                             (91, '00091', 19, 34, 'desconido', NULL, NULL);
INSERT INTO EX.SINTOMAS(FECHA_INICIO, ID_SINTOMA, ID_PERSONA, ID_FICHA_MEDICA) VALUES
                            (TO_DATE('2020-04-12','YYYY-MM-DD'), 1, '00091', 91);
INSERT INTO EX.SINTOMAS(FECHA_INICIO, ID_SINTOMA, ID_PERSONA, ID_FICHA_MEDICA) VALUES
                            (TO_DATE('2020-01-25','YYYY-MM-DD'), 2, '00091', 91);
INSERT INTO EX.PERSONA(DOC_IDENTIDAD, NOMBRE, NOMBRE1, APELLIDO, APELLIDO1, FECHA_NAC, GENERO, FOTO) VALUES
                  ('00092', 'Anthony', 'Matthew', 'Caldwell', 'Krueger', TO_DATE('1988-08-03','YYYY-MM-DD'), 'm', NULL);
INSERT INTO EX.HISTORICO_RESIDENCIA(FECHA_INICIO, ID_LUGAR, ID_PERSONA, FECHA_FIN) VALUES
                  (TO_DATE('1997-05-28','YYYY-MM-DD'), 31, '00092', NULL);
INSERT INTO EX.FICHA_MEDICA(ID, ID_PERSONA, ID_CENTRO_SALUD, ID_LUGAR, ESTADO, FECHA_INFECCION, FECHA_RECUPERACION) VALUES
                                             (92, '00092', 16, 31, 'desconido', NULL, NULL);
INSERT INTO EX.PADECIMIENTOS(ID_PATOLOGIA, ID_PERSONA, ID_FICHA_MEDICA) VALUES
                            (1, '00092', 92);
INSERT INTO EX.PADECIMIENTOS(ID_PATOLOGIA, ID_PERSONA, ID_FICHA_MEDICA) VALUES
                            (2, '00092', 92);
INSERT INTO EX.PADECIMIENTOS(ID_PATOLOGIA, ID_PERSONA, ID_FICHA_MEDICA) VALUES
                            (3, '00092', 92);
INSERT INTO EX.PADECIMIENTOS(ID_PATOLOGIA, ID_PERSONA, ID_FICHA_MEDICA) VALUES
                            (4, '00092', 92);
INSERT INTO EX.PADECIMIENTOS(ID_PATOLOGIA, ID_PERSONA, ID_FICHA_MEDICA) VALUES
                            (5, '00092', 92);
INSERT INTO EX.PADECIMIENTOS(ID_PATOLOGIA, ID_PERSONA, ID_FICHA_MEDICA) VALUES
                            (6, '00092', 92);
INSERT INTO EX.PADECIMIENTOS(ID_PATOLOGIA, ID_PERSONA, ID_FICHA_MEDICA) VALUES
                            (7, '00092', 92);
INSERT INTO EX.PADECIMIENTOS(ID_PATOLOGIA, ID_PERSONA, ID_FICHA_MEDICA) VALUES
                            (8, '00092', 92);
INSERT INTO EX.PADECIMIENTOS(ID_PATOLOGIA, ID_PERSONA, ID_FICHA_MEDICA) VALUES
                            (9, '00092', 92);
INSERT INTO EX.PADECIMIENTOS(ID_PATOLOGIA, ID_PERSONA, ID_FICHA_MEDICA) VALUES
                            (10, '00092', 92);
INSERT INTO EX.PADECIMIENTOS(ID_PATOLOGIA, ID_PERSONA, ID_FICHA_MEDICA) VALUES
                            (11, '00092', 92);
INSERT INTO EX.PADECIMIENTOS(ID_PATOLOGIA, ID_PERSONA, ID_FICHA_MEDICA) VALUES
                            (12, '00092', 92);
INSERT INTO EX.PADECIMIENTOS(ID_PATOLOGIA, ID_PERSONA, ID_FICHA_MEDICA) VALUES
                            (13, '00092', 92);
INSERT INTO EX.PADECIMIENTOS(ID_PATOLOGIA, ID_PERSONA, ID_FICHA_MEDICA) VALUES
                            (14, '00092', 92);
INSERT INTO EX.PADECIMIENTOS(ID_PATOLOGIA, ID_PERSONA, ID_FICHA_MEDICA) VALUES
                            (15, '00092', 92);
INSERT INTO EX.PERSONA(DOC_IDENTIDAD, NOMBRE, NOMBRE1, APELLIDO, APELLIDO1, FECHA_NAC, GENERO, FOTO) VALUES
                  ('00093', 'Steven', 'Tammy', 'Dunn', 'Brooks', TO_DATE('1995-01-26','YYYY-MM-DD'), 'f', NULL);
INSERT INTO EX.HISTORICO_RESIDENCIA(FECHA_INICIO, ID_LUGAR, ID_PERSONA, FECHA_FIN) VALUES
                  (TO_DATE('1998-11-07','YYYY-MM-DD'), 20, '00093', NULL);
INSERT INTO EX.FICHA_MEDICA(ID, ID_PERSONA, ID_CENTRO_SALUD, ID_LUGAR, ESTADO, FECHA_INFECCION, FECHA_RECUPERACION) VALUES
                                             (93, '00093', 5, 20, 'desconido', NULL, NULL);
INSERT INTO EX.PADECIMIENTOS(ID_PATOLOGIA, ID_PERSONA, ID_FICHA_MEDICA) VALUES
                            (1, '00093', 93);
INSERT INTO EX.PADECIMIENTOS(ID_PATOLOGIA, ID_PERSONA, ID_FICHA_MEDICA) VALUES
                            (2, '00093', 93);
INSERT INTO EX.PADECIMIENTOS(ID_PATOLOGIA, ID_PERSONA, ID_FICHA_MEDICA) VALUES
                            (3, '00093', 93);
INSERT INTO EX.PERSONA(DOC_IDENTIDAD, NOMBRE, NOMBRE1, APELLIDO, APELLIDO1, FECHA_NAC, GENERO, FOTO) VALUES
                  ('00094', 'Barbara', 'Justin', 'Stein', 'Parker', TO_DATE('2000-11-04','YYYY-MM-DD'), 'm', NULL);
INSERT INTO EX.HISTORICO_RESIDENCIA(FECHA_INICIO, ID_LUGAR, ID_PERSONA, FECHA_FIN) VALUES
                  (TO_DATE('2004-11-20','YYYY-MM-DD'), 38, '00094', NULL);
INSERT INTO EX.FICHA_MEDICA(ID, ID_PERSONA, ID_CENTRO_SALUD, ID_LUGAR, ESTADO, FECHA_INFECCION, FECHA_RECUPERACION) VALUES
                                             (94, '00094', 23, 38, 'desconido', NULL, NULL);
INSERT INTO EX.PADECIMIENTOS(ID_PATOLOGIA, ID_PERSONA, ID_FICHA_MEDICA) VALUES
                            (1, '00094', 94);
INSERT INTO EX.PADECIMIENTOS(ID_PATOLOGIA, ID_PERSONA, ID_FICHA_MEDICA) VALUES
                            (2, '00094', 94);
INSERT INTO EX.SINTOMAS(FECHA_INICIO, ID_SINTOMA, ID_PERSONA, ID_FICHA_MEDICA) VALUES
                            (TO_DATE('2020-06-14','YYYY-MM-DD'), 1, '00094', 94);
INSERT INTO EX.SINTOMAS(FECHA_INICIO, ID_SINTOMA, ID_PERSONA, ID_FICHA_MEDICA) VALUES
                            (TO_DATE('2020-05-11','YYYY-MM-DD'), 2, '00094', 94);
INSERT INTO EX.SINTOMAS(FECHA_INICIO, ID_SINTOMA, ID_PERSONA, ID_FICHA_MEDICA) VALUES
                            (TO_DATE('2020-06-01','YYYY-MM-DD'), 3, '00094', 94);
INSERT INTO EX.SINTOMAS(FECHA_INICIO, ID_SINTOMA, ID_PERSONA, ID_FICHA_MEDICA) VALUES
                            (TO_DATE('2020-04-13','YYYY-MM-DD'), 4, '00094', 94);
INSERT INTO EX.SINTOMAS(FECHA_INICIO, ID_SINTOMA, ID_PERSONA, ID_FICHA_MEDICA) VALUES
                            (TO_DATE('2020-04-13','YYYY-MM-DD'), 5, '00094', 94);
INSERT INTO EX.SINTOMAS(FECHA_INICIO, ID_SINTOMA, ID_PERSONA, ID_FICHA_MEDICA) VALUES
                            (TO_DATE('2020-02-27','YYYY-MM-DD'), 6, '00094', 94);
INSERT INTO EX.SINTOMAS(FECHA_INICIO, ID_SINTOMA, ID_PERSONA, ID_FICHA_MEDICA) VALUES
                            (TO_DATE('2020-01-01','YYYY-MM-DD'), 7, '00094', 94);
INSERT INTO EX.SINTOMAS(FECHA_INICIO, ID_SINTOMA, ID_PERSONA, ID_FICHA_MEDICA) VALUES
                            (TO_DATE('2020-02-26','YYYY-MM-DD'), 8, '00094', 94);
INSERT INTO EX.SINTOMAS(FECHA_INICIO, ID_SINTOMA, ID_PERSONA, ID_FICHA_MEDICA) VALUES
                            (TO_DATE('2020-04-07','YYYY-MM-DD'), 9, '00094', 94);
INSERT INTO EX.SINTOMAS(FECHA_INICIO, ID_SINTOMA, ID_PERSONA, ID_FICHA_MEDICA) VALUES
                            (TO_DATE('2020-04-14','YYYY-MM-DD'), 10, '00094', 94);
INSERT INTO EX.SINTOMAS(FECHA_INICIO, ID_SINTOMA, ID_PERSONA, ID_FICHA_MEDICA) VALUES
                            (TO_DATE('2020-05-18','YYYY-MM-DD'), 11, '00094', 94);
INSERT INTO EX.SINTOMAS(FECHA_INICIO, ID_SINTOMA, ID_PERSONA, ID_FICHA_MEDICA) VALUES
                            (TO_DATE('2020-02-19','YYYY-MM-DD'), 12, '00094', 94);
INSERT INTO EX.SINTOMAS(FECHA_INICIO, ID_SINTOMA, ID_PERSONA, ID_FICHA_MEDICA) VALUES
                            (TO_DATE('2020-01-10','YYYY-MM-DD'), 13, '00094', 94);
INSERT INTO EX.SINTOMAS(FECHA_INICIO, ID_SINTOMA, ID_PERSONA, ID_FICHA_MEDICA) VALUES
                            (TO_DATE('2020-02-04','YYYY-MM-DD'), 14, '00094', 94);
INSERT INTO EX.SINTOMAS(FECHA_INICIO, ID_SINTOMA, ID_PERSONA, ID_FICHA_MEDICA) VALUES
                            (TO_DATE('2020-02-11','YYYY-MM-DD'), 15, '00094', 94);
INSERT INTO EX.SINTOMAS(FECHA_INICIO, ID_SINTOMA, ID_PERSONA, ID_FICHA_MEDICA) VALUES
                            (TO_DATE('2020-04-19','YYYY-MM-DD'), 16, '00094', 94);
INSERT INTO EX.SINTOMAS(FECHA_INICIO, ID_SINTOMA, ID_PERSONA, ID_FICHA_MEDICA) VALUES
                            (TO_DATE('2020-06-22','YYYY-MM-DD'), 17, '00094', 94);
INSERT INTO EX.PERSONA(DOC_IDENTIDAD, NOMBRE, NOMBRE1, APELLIDO, APELLIDO1, FECHA_NAC, GENERO, FOTO) VALUES
                  ('00095', 'Ana', 'Barbara', 'Lynn', 'Moore', TO_DATE('1991-12-13','YYYY-MM-DD'), 'f', NULL);
INSERT INTO EX.HISTORICO_RESIDENCIA(FECHA_INICIO, ID_LUGAR, ID_PERSONA, FECHA_FIN) VALUES
                  (TO_DATE('1971-12-25','YYYY-MM-DD'), 35, '00095', NULL);
INSERT INTO EX.FICHA_MEDICA(ID, ID_PERSONA, ID_CENTRO_SALUD, ID_LUGAR, ESTADO, FECHA_INFECCION, FECHA_RECUPERACION) VALUES
                                             (95, '00095', 20, 35, 'desconido', NULL, NULL);
INSERT INTO EX.PERSONA(DOC_IDENTIDAD, NOMBRE, NOMBRE1, APELLIDO, APELLIDO1, FECHA_NAC, GENERO, FOTO) VALUES
                  ('00096', 'Paul', 'Wendy', 'Wilson', 'Malone', TO_DATE('2001-12-16','YYYY-MM-DD'), 'm', NULL);
INSERT INTO EX.HISTORICO_RESIDENCIA(FECHA_INICIO, ID_LUGAR, ID_PERSONA, FECHA_FIN) VALUES
                  (TO_DATE('1986-09-29','YYYY-MM-DD'), 19, '00096', NULL);
INSERT INTO EX.FICHA_MEDICA(ID, ID_PERSONA, ID_CENTRO_SALUD, ID_LUGAR, ESTADO, FECHA_INFECCION, FECHA_RECUPERACION) VALUES
                                             (96, '00096', 4, 19, 'desconido', NULL, NULL);
INSERT INTO EX.PERSONA(DOC_IDENTIDAD, NOMBRE, NOMBRE1, APELLIDO, APELLIDO1, FECHA_NAC, GENERO, FOTO) VALUES
                  ('00097', 'Nicole', 'Angela', 'Gutierrez', 'Short', TO_DATE('1971-10-12','YYYY-MM-DD'), 'f', NULL);
INSERT INTO EX.HISTORICO_RESIDENCIA(FECHA_INICIO, ID_LUGAR, ID_PERSONA, FECHA_FIN) VALUES
                  (TO_DATE('1991-01-19','YYYY-MM-DD'), 19, '00097', NULL);
INSERT INTO EX.FICHA_MEDICA(ID, ID_PERSONA, ID_CENTRO_SALUD, ID_LUGAR, ESTADO, FECHA_INFECCION, FECHA_RECUPERACION) VALUES
                                             (97, '00097', 4, 19, 'desconido', NULL, NULL);
INSERT INTO EX.SINTOMAS(FECHA_INICIO, ID_SINTOMA, ID_PERSONA, ID_FICHA_MEDICA) VALUES
                            (TO_DATE('2020-01-17','YYYY-MM-DD'), 1, '00097', 97);
INSERT INTO EX.SINTOMAS(FECHA_INICIO, ID_SINTOMA, ID_PERSONA, ID_FICHA_MEDICA) VALUES
                            (TO_DATE('2020-04-06','YYYY-MM-DD'), 2, '00097', 97);
INSERT INTO EX.SINTOMAS(FECHA_INICIO, ID_SINTOMA, ID_PERSONA, ID_FICHA_MEDICA) VALUES
                            (TO_DATE('2020-02-19','YYYY-MM-DD'), 3, '00097', 97);
INSERT INTO EX.SINTOMAS(FECHA_INICIO, ID_SINTOMA, ID_PERSONA, ID_FICHA_MEDICA) VALUES
                            (TO_DATE('2020-02-01','YYYY-MM-DD'), 4, '00097', 97);
INSERT INTO EX.SINTOMAS(FECHA_INICIO, ID_SINTOMA, ID_PERSONA, ID_FICHA_MEDICA) VALUES
                            (TO_DATE('2020-04-30','YYYY-MM-DD'), 5, '00097', 97);
INSERT INTO EX.SINTOMAS(FECHA_INICIO, ID_SINTOMA, ID_PERSONA, ID_FICHA_MEDICA) VALUES
                            (TO_DATE('2020-02-09','YYYY-MM-DD'), 6, '00097', 97);
INSERT INTO EX.SINTOMAS(FECHA_INICIO, ID_SINTOMA, ID_PERSONA, ID_FICHA_MEDICA) VALUES
                            (TO_DATE('2020-05-21','YYYY-MM-DD'), 7, '00097', 97);
INSERT INTO EX.PERSONA(DOC_IDENTIDAD, NOMBRE, NOMBRE1, APELLIDO, APELLIDO1, FECHA_NAC, GENERO, FOTO) VALUES
                  ('00098', 'Robert', 'George', 'Gonzales', 'Howell', TO_DATE('2017-06-01','YYYY-MM-DD'), 'm', NULL);
INSERT INTO EX.HISTORICO_RESIDENCIA(FECHA_INICIO, ID_LUGAR, ID_PERSONA, FECHA_FIN) VALUES
                  (TO_DATE('1999-09-13','YYYY-MM-DD'), 37, '00098', NULL);
INSERT INTO EX.FICHA_MEDICA(ID, ID_PERSONA, ID_CENTRO_SALUD, ID_LUGAR, ESTADO, FECHA_INFECCION, FECHA_RECUPERACION) VALUES
                                             (98, '00098', 22, 37, 'desconido', NULL, NULL);
INSERT INTO EX.SINTOMAS(FECHA_INICIO, ID_SINTOMA, ID_PERSONA, ID_FICHA_MEDICA) VALUES
                            (TO_DATE('2020-05-11','YYYY-MM-DD'), 1, '00098', 98);
INSERT INTO EX.SINTOMAS(FECHA_INICIO, ID_SINTOMA, ID_PERSONA, ID_FICHA_MEDICA) VALUES
                            (TO_DATE('2020-03-25','YYYY-MM-DD'), 2, '00098', 98);
INSERT INTO EX.SINTOMAS(FECHA_INICIO, ID_SINTOMA, ID_PERSONA, ID_FICHA_MEDICA) VALUES
                            (TO_DATE('2020-03-28','YYYY-MM-DD'), 3, '00098', 98);
INSERT INTO EX.SINTOMAS(FECHA_INICIO, ID_SINTOMA, ID_PERSONA, ID_FICHA_MEDICA) VALUES
                            (TO_DATE('2020-02-08','YYYY-MM-DD'), 4, '00098', 98);
INSERT INTO EX.PERSONA(DOC_IDENTIDAD, NOMBRE, NOMBRE1, APELLIDO, APELLIDO1, FECHA_NAC, GENERO, FOTO) VALUES
                  ('00099', 'Heather', 'Juan', 'Pena', 'Bailey', TO_DATE('1970-10-25','YYYY-MM-DD'), 'f', NULL);
INSERT INTO EX.HISTORICO_RESIDENCIA(FECHA_INICIO, ID_LUGAR, ID_PERSONA, FECHA_FIN) VALUES
                  (TO_DATE('1989-05-04','YYYY-MM-DD'), 22, '00099', NULL);
INSERT INTO EX.FICHA_MEDICA(ID, ID_PERSONA, ID_CENTRO_SALUD, ID_LUGAR, ESTADO, FECHA_INFECCION, FECHA_RECUPERACION) VALUES
                                             (99, '00099', 7, 22, 'desconido', NULL, NULL);
INSERT INTO EX.PADECIMIENTOS(ID_PATOLOGIA, ID_PERSONA, ID_FICHA_MEDICA) VALUES
                            (1, '00099', 99);
INSERT INTO EX.PADECIMIENTOS(ID_PATOLOGIA, ID_PERSONA, ID_FICHA_MEDICA) VALUES
                            (2, '00099', 99);
INSERT INTO EX.PADECIMIENTOS(ID_PATOLOGIA, ID_PERSONA, ID_FICHA_MEDICA) VALUES
                            (3, '00099', 99);
INSERT INTO EX.PADECIMIENTOS(ID_PATOLOGIA, ID_PERSONA, ID_FICHA_MEDICA) VALUES
                            (4, '00099', 99);
INSERT INTO EX.PADECIMIENTOS(ID_PATOLOGIA, ID_PERSONA, ID_FICHA_MEDICA) VALUES
                            (5, '00099', 99);
INSERT INTO EX.PADECIMIENTOS(ID_PATOLOGIA, ID_PERSONA, ID_FICHA_MEDICA) VALUES
                            (6, '00099', 99);
INSERT INTO EX.PADECIMIENTOS(ID_PATOLOGIA, ID_PERSONA, ID_FICHA_MEDICA) VALUES
                            (7, '00099', 99);
INSERT INTO EX.PADECIMIENTOS(ID_PATOLOGIA, ID_PERSONA, ID_FICHA_MEDICA) VALUES
                            (8, '00099', 99);
INSERT INTO EX.PADECIMIENTOS(ID_PATOLOGIA, ID_PERSONA, ID_FICHA_MEDICA) VALUES
                            (9, '00099', 99);
INSERT INTO EX.PADECIMIENTOS(ID_PATOLOGIA, ID_PERSONA, ID_FICHA_MEDICA) VALUES
                            (10, '00099', 99);
INSERT INTO EX.PADECIMIENTOS(ID_PATOLOGIA, ID_PERSONA, ID_FICHA_MEDICA) VALUES
                            (11, '00099', 99);
INSERT INTO EX.PADECIMIENTOS(ID_PATOLOGIA, ID_PERSONA, ID_FICHA_MEDICA) VALUES
                            (12, '00099', 99);
INSERT INTO EX.SINTOMAS(FECHA_INICIO, ID_SINTOMA, ID_PERSONA, ID_FICHA_MEDICA) VALUES
                            (TO_DATE('2020-05-17','YYYY-MM-DD'), 1, '00099', 99);
INSERT INTO EX.SINTOMAS(FECHA_INICIO, ID_SINTOMA, ID_PERSONA, ID_FICHA_MEDICA) VALUES
                            (TO_DATE('2020-02-03','YYYY-MM-DD'), 2, '00099', 99);
INSERT INTO EX.SINTOMAS(FECHA_INICIO, ID_SINTOMA, ID_PERSONA, ID_FICHA_MEDICA) VALUES
                            (TO_DATE('2020-03-06','YYYY-MM-DD'), 3, '00099', 99);
INSERT INTO EX.SINTOMAS(FECHA_INICIO, ID_SINTOMA, ID_PERSONA, ID_FICHA_MEDICA) VALUES
                            (TO_DATE('2020-02-26','YYYY-MM-DD'), 4, '00099', 99);
INSERT INTO EX.SINTOMAS(FECHA_INICIO, ID_SINTOMA, ID_PERSONA, ID_FICHA_MEDICA) VALUES
                            (TO_DATE('2020-05-27','YYYY-MM-DD'), 5, '00099', 99);
INSERT INTO EX.SINTOMAS(FECHA_INICIO, ID_SINTOMA, ID_PERSONA, ID_FICHA_MEDICA) VALUES
                            (TO_DATE('2020-02-05','YYYY-MM-DD'), 6, '00099', 99);
INSERT INTO EX.SINTOMAS(FECHA_INICIO, ID_SINTOMA, ID_PERSONA, ID_FICHA_MEDICA) VALUES
                            (TO_DATE('2020-02-09','YYYY-MM-DD'), 7, '00099', 99);
INSERT INTO EX.SINTOMAS(FECHA_INICIO, ID_SINTOMA, ID_PERSONA, ID_FICHA_MEDICA) VALUES
                            (TO_DATE('2020-06-07','YYYY-MM-DD'), 8, '00099', 99);
INSERT INTO EX.PERSONA(DOC_IDENTIDAD, NOMBRE, NOMBRE1, APELLIDO, APELLIDO1, FECHA_NAC, GENERO, FOTO) VALUES
                  ('00100', 'Leah', 'Donald', 'Lee', 'Morrow', TO_DATE('1978-08-17','YYYY-MM-DD'), 'm', NULL);
INSERT INTO EX.HISTORICO_RESIDENCIA(FECHA_INICIO, ID_LUGAR, ID_PERSONA, FECHA_FIN) VALUES
                  (TO_DATE('2017-06-12','YYYY-MM-DD'), 21, '00100', NULL);
INSERT INTO EX.FICHA_MEDICA(ID, ID_PERSONA, ID_CENTRO_SALUD, ID_LUGAR, ESTADO, FECHA_INFECCION, FECHA_RECUPERACION) VALUES
                                             (100, '00100', 6, 21, 'desconido', NULL, NULL);
INSERT INTO EX.PERSONA(DOC_IDENTIDAD, NOMBRE, NOMBRE1, APELLIDO, APELLIDO1, FECHA_NAC, GENERO, FOTO) VALUES
                  ('00101', 'Jasmine', 'Mary', 'Pham', 'Mitchell', TO_DATE('2016-11-20','YYYY-MM-DD'), 'f', NULL);
INSERT INTO EX.HISTORICO_RESIDENCIA(FECHA_INICIO, ID_LUGAR, ID_PERSONA, FECHA_FIN) VALUES
                  (TO_DATE('1992-10-21','YYYY-MM-DD'), 36, '00101', NULL);
INSERT INTO EX.FICHA_MEDICA(ID, ID_PERSONA, ID_CENTRO_SALUD, ID_LUGAR, ESTADO, FECHA_INFECCION, FECHA_RECUPERACION) VALUES
                                             (101, '00101', 21, 36, 'desconido', NULL, NULL);
INSERT INTO EX.PERSONA(DOC_IDENTIDAD, NOMBRE, NOMBRE1, APELLIDO, APELLIDO1, FECHA_NAC, GENERO, FOTO) VALUES
                  ('00102', 'Joel', 'Larry', 'Hardy', 'Woodward', TO_DATE('2000-10-02','YYYY-MM-DD'), 'm', NULL);
INSERT INTO EX.HISTORICO_RESIDENCIA(FECHA_INICIO, ID_LUGAR, ID_PERSONA, FECHA_FIN) VALUES
                  (TO_DATE('1984-12-16','YYYY-MM-DD'), 27, '00102', NULL);
INSERT INTO EX.FICHA_MEDICA(ID, ID_PERSONA, ID_CENTRO_SALUD, ID_LUGAR, ESTADO, FECHA_INFECCION, FECHA_RECUPERACION) VALUES
                                             (102, '00102', 12, 27, 'desconido', NULL, NULL);
INSERT INTO EX.PERSONA(DOC_IDENTIDAD, NOMBRE, NOMBRE1, APELLIDO, APELLIDO1, FECHA_NAC, GENERO, FOTO) VALUES
                  ('00103', 'Rebekah', 'Bryan', 'Ware', 'Jones', TO_DATE('1978-01-15','YYYY-MM-DD'), 'f', NULL);
INSERT INTO EX.HISTORICO_RESIDENCIA(FECHA_INICIO, ID_LUGAR, ID_PERSONA, FECHA_FIN) VALUES
                  (TO_DATE('2005-10-10','YYYY-MM-DD'), 27, '00103', NULL);
INSERT INTO EX.FICHA_MEDICA(ID, ID_PERSONA, ID_CENTRO_SALUD, ID_LUGAR, ESTADO, FECHA_INFECCION, FECHA_RECUPERACION) VALUES
                                             (103, '00103', 12, 27, 'desconido', NULL, NULL);
INSERT INTO EX.PERSONA(DOC_IDENTIDAD, NOMBRE, NOMBRE1, APELLIDO, APELLIDO1, FECHA_NAC, GENERO, FOTO) VALUES
                  ('00104', 'Eddie', 'Jason', 'Green', 'Rodriguez', TO_DATE('2014-11-02','YYYY-MM-DD'), 'm', NULL);
INSERT INTO EX.HISTORICO_RESIDENCIA(FECHA_INICIO, ID_LUGAR, ID_PERSONA, FECHA_FIN) VALUES
                  (TO_DATE('1980-12-01','YYYY-MM-DD'), 45, '00104', NULL);
INSERT INTO EX.FICHA_MEDICA(ID, ID_PERSONA, ID_CENTRO_SALUD, ID_LUGAR, ESTADO, FECHA_INFECCION, FECHA_RECUPERACION) VALUES
                                             (104, '00104', 30, 45, 'desconido', NULL, NULL);
INSERT INTO EX.PADECIMIENTOS(ID_PATOLOGIA, ID_PERSONA, ID_FICHA_MEDICA) VALUES
                            (1, '00104', 104);
INSERT INTO EX.PADECIMIENTOS(ID_PATOLOGIA, ID_PERSONA, ID_FICHA_MEDICA) VALUES
                            (2, '00104', 104);
INSERT INTO EX.PADECIMIENTOS(ID_PATOLOGIA, ID_PERSONA, ID_FICHA_MEDICA) VALUES
                            (3, '00104', 104);
INSERT INTO EX.PADECIMIENTOS(ID_PATOLOGIA, ID_PERSONA, ID_FICHA_MEDICA) VALUES
                            (4, '00104', 104);
INSERT INTO EX.PADECIMIENTOS(ID_PATOLOGIA, ID_PERSONA, ID_FICHA_MEDICA) VALUES
                            (5, '00104', 104);
INSERT INTO EX.PADECIMIENTOS(ID_PATOLOGIA, ID_PERSONA, ID_FICHA_MEDICA) VALUES
                            (6, '00104', 104);
INSERT INTO EX.SINTOMAS(FECHA_INICIO, ID_SINTOMA, ID_PERSONA, ID_FICHA_MEDICA) VALUES
                            (TO_DATE('2020-04-11','YYYY-MM-DD'), 1, '00104', 104);
INSERT INTO EX.SINTOMAS(FECHA_INICIO, ID_SINTOMA, ID_PERSONA, ID_FICHA_MEDICA) VALUES
                            (TO_DATE('2020-01-26','YYYY-MM-DD'), 2, '00104', 104);
INSERT INTO EX.SINTOMAS(FECHA_INICIO, ID_SINTOMA, ID_PERSONA, ID_FICHA_MEDICA) VALUES
                            (TO_DATE('2020-02-08','YYYY-MM-DD'), 3, '00104', 104);
INSERT INTO EX.SINTOMAS(FECHA_INICIO, ID_SINTOMA, ID_PERSONA, ID_FICHA_MEDICA) VALUES
                            (TO_DATE('2020-05-26','YYYY-MM-DD'), 4, '00104', 104);
INSERT INTO EX.SINTOMAS(FECHA_INICIO, ID_SINTOMA, ID_PERSONA, ID_FICHA_MEDICA) VALUES
                            (TO_DATE('2020-06-16','YYYY-MM-DD'), 5, '00104', 104);
INSERT INTO EX.SINTOMAS(FECHA_INICIO, ID_SINTOMA, ID_PERSONA, ID_FICHA_MEDICA) VALUES
                            (TO_DATE('2020-02-23','YYYY-MM-DD'), 6, '00104', 104);
INSERT INTO EX.SINTOMAS(FECHA_INICIO, ID_SINTOMA, ID_PERSONA, ID_FICHA_MEDICA) VALUES
                            (TO_DATE('2020-01-19','YYYY-MM-DD'), 7, '00104', 104);
INSERT INTO EX.SINTOMAS(FECHA_INICIO, ID_SINTOMA, ID_PERSONA, ID_FICHA_MEDICA) VALUES
                            (TO_DATE('2020-06-01','YYYY-MM-DD'), 8, '00104', 104);
INSERT INTO EX.SINTOMAS(FECHA_INICIO, ID_SINTOMA, ID_PERSONA, ID_FICHA_MEDICA) VALUES
                            (TO_DATE('2020-06-05','YYYY-MM-DD'), 9, '00104', 104);
INSERT INTO EX.PERSONA(DOC_IDENTIDAD, NOMBRE, NOMBRE1, APELLIDO, APELLIDO1, FECHA_NAC, GENERO, FOTO) VALUES
                  ('00105', 'Daniel', 'Shane', 'Hall', 'Henry', TO_DATE('1984-12-01','YYYY-MM-DD'), 'f', NULL);
INSERT INTO EX.HISTORICO_RESIDENCIA(FECHA_INICIO, ID_LUGAR, ID_PERSONA, FECHA_FIN) VALUES
                  (TO_DATE('2010-08-03','YYYY-MM-DD'), 18, '00105', NULL);
INSERT INTO EX.FICHA_MEDICA(ID, ID_PERSONA, ID_CENTRO_SALUD, ID_LUGAR, ESTADO, FECHA_INFECCION, FECHA_RECUPERACION) VALUES
                                             (105, '00105', 3, 18, 'desconido', NULL, NULL);
INSERT INTO EX.SINTOMAS(FECHA_INICIO, ID_SINTOMA, ID_PERSONA, ID_FICHA_MEDICA) VALUES
                            (TO_DATE('2020-05-21','YYYY-MM-DD'), 1, '00105', 105);
INSERT INTO EX.PERSONA(DOC_IDENTIDAD, NOMBRE, NOMBRE1, APELLIDO, APELLIDO1, FECHA_NAC, GENERO, FOTO) VALUES
                  ('00106', 'Madison', 'Janice', 'Jenkins', 'Browning', TO_DATE('1985-12-11','YYYY-MM-DD'), 'm', NULL);
INSERT INTO EX.HISTORICO_RESIDENCIA(FECHA_INICIO, ID_LUGAR, ID_PERSONA, FECHA_FIN) VALUES
                  (TO_DATE('1976-02-11','YYYY-MM-DD'), 37, '00106', NULL);
INSERT INTO EX.FICHA_MEDICA(ID, ID_PERSONA, ID_CENTRO_SALUD, ID_LUGAR, ESTADO, FECHA_INFECCION, FECHA_RECUPERACION) VALUES
                                             (106, '00106', 22, 37, 'desconido', NULL, NULL);
INSERT INTO EX.PERSONA(DOC_IDENTIDAD, NOMBRE, NOMBRE1, APELLIDO, APELLIDO1, FECHA_NAC, GENERO, FOTO) VALUES
                  ('00107', 'William', 'Anthony', 'Hill', 'Hunt', TO_DATE('1970-02-22','YYYY-MM-DD'), 'f', NULL);
INSERT INTO EX.HISTORICO_RESIDENCIA(FECHA_INICIO, ID_LUGAR, ID_PERSONA, FECHA_FIN) VALUES
                  (TO_DATE('1990-09-04','YYYY-MM-DD'), 22, '00107', NULL);
INSERT INTO EX.FICHA_MEDICA(ID, ID_PERSONA, ID_CENTRO_SALUD, ID_LUGAR, ESTADO, FECHA_INFECCION, FECHA_RECUPERACION) VALUES
                                             (107, '00107', 7, 22, 'desconido', NULL, NULL);
INSERT INTO EX.PADECIMIENTOS(ID_PATOLOGIA, ID_PERSONA, ID_FICHA_MEDICA) VALUES
                            (1, '00107', 107);
INSERT INTO EX.PADECIMIENTOS(ID_PATOLOGIA, ID_PERSONA, ID_FICHA_MEDICA) VALUES
                            (2, '00107', 107);
INSERT INTO EX.PADECIMIENTOS(ID_PATOLOGIA, ID_PERSONA, ID_FICHA_MEDICA) VALUES
                            (3, '00107', 107);
INSERT INTO EX.PADECIMIENTOS(ID_PATOLOGIA, ID_PERSONA, ID_FICHA_MEDICA) VALUES
                            (4, '00107', 107);
INSERT INTO EX.PADECIMIENTOS(ID_PATOLOGIA, ID_PERSONA, ID_FICHA_MEDICA) VALUES
                            (5, '00107', 107);
INSERT INTO EX.PADECIMIENTOS(ID_PATOLOGIA, ID_PERSONA, ID_FICHA_MEDICA) VALUES
                            (6, '00107', 107);
INSERT INTO EX.PADECIMIENTOS(ID_PATOLOGIA, ID_PERSONA, ID_FICHA_MEDICA) VALUES
                            (7, '00107', 107);
INSERT INTO EX.PADECIMIENTOS(ID_PATOLOGIA, ID_PERSONA, ID_FICHA_MEDICA) VALUES
                            (8, '00107', 107);
INSERT INTO EX.PADECIMIENTOS(ID_PATOLOGIA, ID_PERSONA, ID_FICHA_MEDICA) VALUES
                            (9, '00107', 107);
INSERT INTO EX.PADECIMIENTOS(ID_PATOLOGIA, ID_PERSONA, ID_FICHA_MEDICA) VALUES
                            (10, '00107', 107);
INSERT INTO EX.PADECIMIENTOS(ID_PATOLOGIA, ID_PERSONA, ID_FICHA_MEDICA) VALUES
                            (11, '00107', 107);
INSERT INTO EX.PADECIMIENTOS(ID_PATOLOGIA, ID_PERSONA, ID_FICHA_MEDICA) VALUES
                            (12, '00107', 107);
INSERT INTO EX.SINTOMAS(FECHA_INICIO, ID_SINTOMA, ID_PERSONA, ID_FICHA_MEDICA) VALUES
                            (TO_DATE('2020-02-29','YYYY-MM-DD'), 1, '00107', 107);
INSERT INTO EX.SINTOMAS(FECHA_INICIO, ID_SINTOMA, ID_PERSONA, ID_FICHA_MEDICA) VALUES
                            (TO_DATE('2020-06-19','YYYY-MM-DD'), 2, '00107', 107);
INSERT INTO EX.SINTOMAS(FECHA_INICIO, ID_SINTOMA, ID_PERSONA, ID_FICHA_MEDICA) VALUES
                            (TO_DATE('2020-04-07','YYYY-MM-DD'), 3, '00107', 107);
INSERT INTO EX.SINTOMAS(FECHA_INICIO, ID_SINTOMA, ID_PERSONA, ID_FICHA_MEDICA) VALUES
                            (TO_DATE('2020-06-14','YYYY-MM-DD'), 4, '00107', 107);
INSERT INTO EX.SINTOMAS(FECHA_INICIO, ID_SINTOMA, ID_PERSONA, ID_FICHA_MEDICA) VALUES
                            (TO_DATE('2020-04-19','YYYY-MM-DD'), 5, '00107', 107);
INSERT INTO EX.SINTOMAS(FECHA_INICIO, ID_SINTOMA, ID_PERSONA, ID_FICHA_MEDICA) VALUES
                            (TO_DATE('2020-03-31','YYYY-MM-DD'), 6, '00107', 107);
INSERT INTO EX.SINTOMAS(FECHA_INICIO, ID_SINTOMA, ID_PERSONA, ID_FICHA_MEDICA) VALUES
                            (TO_DATE('2020-01-13','YYYY-MM-DD'), 7, '00107', 107);
INSERT INTO EX.SINTOMAS(FECHA_INICIO, ID_SINTOMA, ID_PERSONA, ID_FICHA_MEDICA) VALUES
                            (TO_DATE('2020-05-09','YYYY-MM-DD'), 8, '00107', 107);
INSERT INTO EX.SINTOMAS(FECHA_INICIO, ID_SINTOMA, ID_PERSONA, ID_FICHA_MEDICA) VALUES
                            (TO_DATE('2020-03-31','YYYY-MM-DD'), 9, '00107', 107);
INSERT INTO EX.PERSONA(DOC_IDENTIDAD, NOMBRE, NOMBRE1, APELLIDO, APELLIDO1, FECHA_NAC, GENERO, FOTO) VALUES
                  ('00108', 'Seth', 'Mariah', 'Green', 'Flores', TO_DATE('2010-08-12','YYYY-MM-DD'), 'm', NULL);
INSERT INTO EX.HISTORICO_RESIDENCIA(FECHA_INICIO, ID_LUGAR, ID_PERSONA, FECHA_FIN) VALUES
                  (TO_DATE('2001-07-01','YYYY-MM-DD'), 39, '00108', NULL);
INSERT INTO EX.FICHA_MEDICA(ID, ID_PERSONA, ID_CENTRO_SALUD, ID_LUGAR, ESTADO, FECHA_INFECCION, FECHA_RECUPERACION) VALUES
                                             (108, '00108', 24, 39, 'desconido', NULL, NULL);
INSERT INTO EX.PADECIMIENTOS(ID_PATOLOGIA, ID_PERSONA, ID_FICHA_MEDICA) VALUES
                            (1, '00108', 108);
INSERT INTO EX.PADECIMIENTOS(ID_PATOLOGIA, ID_PERSONA, ID_FICHA_MEDICA) VALUES
                            (2, '00108', 108);
INSERT INTO EX.PADECIMIENTOS(ID_PATOLOGIA, ID_PERSONA, ID_FICHA_MEDICA) VALUES
                            (3, '00108', 108);
INSERT INTO EX.PADECIMIENTOS(ID_PATOLOGIA, ID_PERSONA, ID_FICHA_MEDICA) VALUES
                            (4, '00108', 108);
INSERT INTO EX.PADECIMIENTOS(ID_PATOLOGIA, ID_PERSONA, ID_FICHA_MEDICA) VALUES
                            (5, '00108', 108);
INSERT INTO EX.PADECIMIENTOS(ID_PATOLOGIA, ID_PERSONA, ID_FICHA_MEDICA) VALUES
                            (6, '00108', 108);
INSERT INTO EX.PADECIMIENTOS(ID_PATOLOGIA, ID_PERSONA, ID_FICHA_MEDICA) VALUES
                            (7, '00108', 108);
INSERT INTO EX.PADECIMIENTOS(ID_PATOLOGIA, ID_PERSONA, ID_FICHA_MEDICA) VALUES
                            (8, '00108', 108);
INSERT INTO EX.PADECIMIENTOS(ID_PATOLOGIA, ID_PERSONA, ID_FICHA_MEDICA) VALUES
                            (9, '00108', 108);
INSERT INTO EX.PADECIMIENTOS(ID_PATOLOGIA, ID_PERSONA, ID_FICHA_MEDICA) VALUES
                            (10, '00108', 108);
INSERT INTO EX.PADECIMIENTOS(ID_PATOLOGIA, ID_PERSONA, ID_FICHA_MEDICA) VALUES
                            (11, '00108', 108);
INSERT INTO EX.SINTOMAS(FECHA_INICIO, ID_SINTOMA, ID_PERSONA, ID_FICHA_MEDICA) VALUES
                            (TO_DATE('2020-02-16','YYYY-MM-DD'), 1, '00108', 108);
INSERT INTO EX.SINTOMAS(FECHA_INICIO, ID_SINTOMA, ID_PERSONA, ID_FICHA_MEDICA) VALUES
                            (TO_DATE('2020-01-19','YYYY-MM-DD'), 2, '00108', 108);
INSERT INTO EX.SINTOMAS(FECHA_INICIO, ID_SINTOMA, ID_PERSONA, ID_FICHA_MEDICA) VALUES
                            (TO_DATE('2020-02-01','YYYY-MM-DD'), 3, '00108', 108);
INSERT INTO EX.SINTOMAS(FECHA_INICIO, ID_SINTOMA, ID_PERSONA, ID_FICHA_MEDICA) VALUES
                            (TO_DATE('2020-02-22','YYYY-MM-DD'), 4, '00108', 108);
INSERT INTO EX.SINTOMAS(FECHA_INICIO, ID_SINTOMA, ID_PERSONA, ID_FICHA_MEDICA) VALUES
                            (TO_DATE('2020-02-22','YYYY-MM-DD'), 5, '00108', 108);
INSERT INTO EX.SINTOMAS(FECHA_INICIO, ID_SINTOMA, ID_PERSONA, ID_FICHA_MEDICA) VALUES
                            (TO_DATE('2020-02-25','YYYY-MM-DD'), 6, '00108', 108);
INSERT INTO EX.SINTOMAS(FECHA_INICIO, ID_SINTOMA, ID_PERSONA, ID_FICHA_MEDICA) VALUES
                            (TO_DATE('2020-06-23','YYYY-MM-DD'), 7, '00108', 108);
INSERT INTO EX.SINTOMAS(FECHA_INICIO, ID_SINTOMA, ID_PERSONA, ID_FICHA_MEDICA) VALUES
                            (TO_DATE('2020-04-24','YYYY-MM-DD'), 8, '00108', 108);
INSERT INTO EX.SINTOMAS(FECHA_INICIO, ID_SINTOMA, ID_PERSONA, ID_FICHA_MEDICA) VALUES
                            (TO_DATE('2020-06-13','YYYY-MM-DD'), 9, '00108', 108);
INSERT INTO EX.SINTOMAS(FECHA_INICIO, ID_SINTOMA, ID_PERSONA, ID_FICHA_MEDICA) VALUES
                            (TO_DATE('2020-05-18','YYYY-MM-DD'), 10, '00108', 108);
INSERT INTO EX.PERSONA(DOC_IDENTIDAD, NOMBRE, NOMBRE1, APELLIDO, APELLIDO1, FECHA_NAC, GENERO, FOTO) VALUES
                  ('00109', 'Adam', 'Jason', 'Wilson', 'Hall', TO_DATE('2014-05-22','YYYY-MM-DD'), 'f', NULL);
INSERT INTO EX.HISTORICO_RESIDENCIA(FECHA_INICIO, ID_LUGAR, ID_PERSONA, FECHA_FIN) VALUES
                  (TO_DATE('1983-10-16','YYYY-MM-DD'), 18, '00109', NULL);
INSERT INTO EX.FICHA_MEDICA(ID, ID_PERSONA, ID_CENTRO_SALUD, ID_LUGAR, ESTADO, FECHA_INFECCION, FECHA_RECUPERACION) VALUES
                                             (109, '00109', 3, 18, 'desconido', NULL, NULL);
INSERT INTO EX.PADECIMIENTOS(ID_PATOLOGIA, ID_PERSONA, ID_FICHA_MEDICA) VALUES
                            (1, '00109', 109);
INSERT INTO EX.PADECIMIENTOS(ID_PATOLOGIA, ID_PERSONA, ID_FICHA_MEDICA) VALUES
                            (2, '00109', 109);
INSERT INTO EX.PADECIMIENTOS(ID_PATOLOGIA, ID_PERSONA, ID_FICHA_MEDICA) VALUES
                            (3, '00109', 109);
INSERT INTO EX.PADECIMIENTOS(ID_PATOLOGIA, ID_PERSONA, ID_FICHA_MEDICA) VALUES
                            (4, '00109', 109);
INSERT INTO EX.PADECIMIENTOS(ID_PATOLOGIA, ID_PERSONA, ID_FICHA_MEDICA) VALUES
                            (5, '00109', 109);
INSERT INTO EX.PADECIMIENTOS(ID_PATOLOGIA, ID_PERSONA, ID_FICHA_MEDICA) VALUES
                            (6, '00109', 109);
INSERT INTO EX.PADECIMIENTOS(ID_PATOLOGIA, ID_PERSONA, ID_FICHA_MEDICA) VALUES
                            (7, '00109', 109);
INSERT INTO EX.PADECIMIENTOS(ID_PATOLOGIA, ID_PERSONA, ID_FICHA_MEDICA) VALUES
                            (8, '00109', 109);
INSERT INTO EX.PADECIMIENTOS(ID_PATOLOGIA, ID_PERSONA, ID_FICHA_MEDICA) VALUES
                            (9, '00109', 109);
INSERT INTO EX.PADECIMIENTOS(ID_PATOLOGIA, ID_PERSONA, ID_FICHA_MEDICA) VALUES
                            (10, '00109', 109);
INSERT INTO EX.PADECIMIENTOS(ID_PATOLOGIA, ID_PERSONA, ID_FICHA_MEDICA) VALUES
                            (11, '00109', 109);
INSERT INTO EX.PADECIMIENTOS(ID_PATOLOGIA, ID_PERSONA, ID_FICHA_MEDICA) VALUES
                            (12, '00109', 109);
INSERT INTO EX.PADECIMIENTOS(ID_PATOLOGIA, ID_PERSONA, ID_FICHA_MEDICA) VALUES
                            (13, '00109', 109);
INSERT INTO EX.PADECIMIENTOS(ID_PATOLOGIA, ID_PERSONA, ID_FICHA_MEDICA) VALUES
                            (14, '00109', 109);
INSERT INTO EX.SINTOMAS(FECHA_INICIO, ID_SINTOMA, ID_PERSONA, ID_FICHA_MEDICA) VALUES
                            (TO_DATE('2020-01-25','YYYY-MM-DD'), 1, '00109', 109);
INSERT INTO EX.SINTOMAS(FECHA_INICIO, ID_SINTOMA, ID_PERSONA, ID_FICHA_MEDICA) VALUES
                            (TO_DATE('2020-05-12','YYYY-MM-DD'), 2, '00109', 109);
INSERT INTO EX.SINTOMAS(FECHA_INICIO, ID_SINTOMA, ID_PERSONA, ID_FICHA_MEDICA) VALUES
                            (TO_DATE('2020-01-29','YYYY-MM-DD'), 3, '00109', 109);
INSERT INTO EX.SINTOMAS(FECHA_INICIO, ID_SINTOMA, ID_PERSONA, ID_FICHA_MEDICA) VALUES
                            (TO_DATE('2020-02-14','YYYY-MM-DD'), 4, '00109', 109);
INSERT INTO EX.SINTOMAS(FECHA_INICIO, ID_SINTOMA, ID_PERSONA, ID_FICHA_MEDICA) VALUES
                            (TO_DATE('2020-06-19','YYYY-MM-DD'), 5, '00109', 109);
INSERT INTO EX.SINTOMAS(FECHA_INICIO, ID_SINTOMA, ID_PERSONA, ID_FICHA_MEDICA) VALUES
                            (TO_DATE('2020-05-04','YYYY-MM-DD'), 6, '00109', 109);
INSERT INTO EX.SINTOMAS(FECHA_INICIO, ID_SINTOMA, ID_PERSONA, ID_FICHA_MEDICA) VALUES
                            (TO_DATE('2020-02-03','YYYY-MM-DD'), 7, '00109', 109);
INSERT INTO EX.SINTOMAS(FECHA_INICIO, ID_SINTOMA, ID_PERSONA, ID_FICHA_MEDICA) VALUES
                            (TO_DATE('2020-05-06','YYYY-MM-DD'), 8, '00109', 109);
INSERT INTO EX.SINTOMAS(FECHA_INICIO, ID_SINTOMA, ID_PERSONA, ID_FICHA_MEDICA) VALUES
                            (TO_DATE('2020-06-10','YYYY-MM-DD'), 9, '00109', 109);
INSERT INTO EX.SINTOMAS(FECHA_INICIO, ID_SINTOMA, ID_PERSONA, ID_FICHA_MEDICA) VALUES
                            (TO_DATE('2020-03-11','YYYY-MM-DD'), 10, '00109', 109);
INSERT INTO EX.SINTOMAS(FECHA_INICIO, ID_SINTOMA, ID_PERSONA, ID_FICHA_MEDICA) VALUES
                            (TO_DATE('2020-06-23','YYYY-MM-DD'), 11, '00109', 109);
INSERT INTO EX.SINTOMAS(FECHA_INICIO, ID_SINTOMA, ID_PERSONA, ID_FICHA_MEDICA) VALUES
                            (TO_DATE('2020-01-07','YYYY-MM-DD'), 12, '00109', 109);
INSERT INTO EX.SINTOMAS(FECHA_INICIO, ID_SINTOMA, ID_PERSONA, ID_FICHA_MEDICA) VALUES
                            (TO_DATE('2020-04-30','YYYY-MM-DD'), 13, '00109', 109);
INSERT INTO EX.SINTOMAS(FECHA_INICIO, ID_SINTOMA, ID_PERSONA, ID_FICHA_MEDICA) VALUES
                            (TO_DATE('2020-06-18','YYYY-MM-DD'), 14, '00109', 109);
INSERT INTO EX.SINTOMAS(FECHA_INICIO, ID_SINTOMA, ID_PERSONA, ID_FICHA_MEDICA) VALUES
                            (TO_DATE('2020-01-24','YYYY-MM-DD'), 15, '00109', 109);
INSERT INTO EX.SINTOMAS(FECHA_INICIO, ID_SINTOMA, ID_PERSONA, ID_FICHA_MEDICA) VALUES
                            (TO_DATE('2020-06-07','YYYY-MM-DD'), 16, '00109', 109);
INSERT INTO EX.SINTOMAS(FECHA_INICIO, ID_SINTOMA, ID_PERSONA, ID_FICHA_MEDICA) VALUES
                            (TO_DATE('2020-05-12','YYYY-MM-DD'), 17, '00109', 109);
INSERT INTO EX.SINTOMAS(FECHA_INICIO, ID_SINTOMA, ID_PERSONA, ID_FICHA_MEDICA) VALUES
                            (TO_DATE('2020-05-24','YYYY-MM-DD'), 18, '00109', 109);
INSERT INTO EX.PERSONA(DOC_IDENTIDAD, NOMBRE, NOMBRE1, APELLIDO, APELLIDO1, FECHA_NAC, GENERO, FOTO) VALUES
                  ('00110', 'Jeremy', 'Scott', 'Bishop', 'Alvarado', TO_DATE('1972-01-10','YYYY-MM-DD'), 'm', NULL);
INSERT INTO EX.HISTORICO_RESIDENCIA(FECHA_INICIO, ID_LUGAR, ID_PERSONA, FECHA_FIN) VALUES
                  (TO_DATE('1989-08-09','YYYY-MM-DD'), 28, '00110', NULL);
INSERT INTO EX.FICHA_MEDICA(ID, ID_PERSONA, ID_CENTRO_SALUD, ID_LUGAR, ESTADO, FECHA_INFECCION, FECHA_RECUPERACION) VALUES
                                             (110, '00110', 13, 28, 'desconido', NULL, NULL);
INSERT INTO EX.SINTOMAS(FECHA_INICIO, ID_SINTOMA, ID_PERSONA, ID_FICHA_MEDICA) VALUES
                            (TO_DATE('2020-03-03','YYYY-MM-DD'), 1, '00110', 110);
INSERT INTO EX.SINTOMAS(FECHA_INICIO, ID_SINTOMA, ID_PERSONA, ID_FICHA_MEDICA) VALUES
                            (TO_DATE('2020-01-05','YYYY-MM-DD'), 2, '00110', 110);
INSERT INTO EX.PERSONA(DOC_IDENTIDAD, NOMBRE, NOMBRE1, APELLIDO, APELLIDO1, FECHA_NAC, GENERO, FOTO) VALUES
                  ('00111', 'April', 'Chelsey', 'Wade', 'James', TO_DATE('2001-01-19','YYYY-MM-DD'), 'f', NULL);
INSERT INTO EX.HISTORICO_RESIDENCIA(FECHA_INICIO, ID_LUGAR, ID_PERSONA, FECHA_FIN) VALUES
                  (TO_DATE('1973-06-27','YYYY-MM-DD'), 18, '00111', NULL);
INSERT INTO EX.FICHA_MEDICA(ID, ID_PERSONA, ID_CENTRO_SALUD, ID_LUGAR, ESTADO, FECHA_INFECCION, FECHA_RECUPERACION) VALUES
                                             (111, '00111', 3, 18, 'desconido', NULL, NULL);
INSERT INTO EX.PADECIMIENTOS(ID_PATOLOGIA, ID_PERSONA, ID_FICHA_MEDICA) VALUES
                            (1, '00111', 111);
INSERT INTO EX.PADECIMIENTOS(ID_PATOLOGIA, ID_PERSONA, ID_FICHA_MEDICA) VALUES
                            (2, '00111', 111);
INSERT INTO EX.PADECIMIENTOS(ID_PATOLOGIA, ID_PERSONA, ID_FICHA_MEDICA) VALUES
                            (3, '00111', 111);
INSERT INTO EX.PADECIMIENTOS(ID_PATOLOGIA, ID_PERSONA, ID_FICHA_MEDICA) VALUES
                            (4, '00111', 111);
INSERT INTO EX.PADECIMIENTOS(ID_PATOLOGIA, ID_PERSONA, ID_FICHA_MEDICA) VALUES
                            (5, '00111', 111);
INSERT INTO EX.PADECIMIENTOS(ID_PATOLOGIA, ID_PERSONA, ID_FICHA_MEDICA) VALUES
                            (6, '00111', 111);
INSERT INTO EX.PADECIMIENTOS(ID_PATOLOGIA, ID_PERSONA, ID_FICHA_MEDICA) VALUES
                            (7, '00111', 111);
INSERT INTO EX.PADECIMIENTOS(ID_PATOLOGIA, ID_PERSONA, ID_FICHA_MEDICA) VALUES
                            (8, '00111', 111);
INSERT INTO EX.PADECIMIENTOS(ID_PATOLOGIA, ID_PERSONA, ID_FICHA_MEDICA) VALUES
                            (9, '00111', 111);
INSERT INTO EX.PADECIMIENTOS(ID_PATOLOGIA, ID_PERSONA, ID_FICHA_MEDICA) VALUES
                            (10, '00111', 111);
INSERT INTO EX.PADECIMIENTOS(ID_PATOLOGIA, ID_PERSONA, ID_FICHA_MEDICA) VALUES
                            (11, '00111', 111);
INSERT INTO EX.PADECIMIENTOS(ID_PATOLOGIA, ID_PERSONA, ID_FICHA_MEDICA) VALUES
                            (12, '00111', 111);
INSERT INTO EX.PADECIMIENTOS(ID_PATOLOGIA, ID_PERSONA, ID_FICHA_MEDICA) VALUES
                            (13, '00111', 111);
INSERT INTO EX.PADECIMIENTOS(ID_PATOLOGIA, ID_PERSONA, ID_FICHA_MEDICA) VALUES
                            (14, '00111', 111);
INSERT INTO EX.PADECIMIENTOS(ID_PATOLOGIA, ID_PERSONA, ID_FICHA_MEDICA) VALUES
                            (15, '00111', 111);
INSERT INTO EX.SINTOMAS(FECHA_INICIO, ID_SINTOMA, ID_PERSONA, ID_FICHA_MEDICA) VALUES
                            (TO_DATE('2020-06-10','YYYY-MM-DD'), 1, '00111', 111);
INSERT INTO EX.SINTOMAS(FECHA_INICIO, ID_SINTOMA, ID_PERSONA, ID_FICHA_MEDICA) VALUES
                            (TO_DATE('2020-01-29','YYYY-MM-DD'), 2, '00111', 111);
INSERT INTO EX.SINTOMAS(FECHA_INICIO, ID_SINTOMA, ID_PERSONA, ID_FICHA_MEDICA) VALUES
                            (TO_DATE('2020-04-05','YYYY-MM-DD'), 3, '00111', 111);
INSERT INTO EX.SINTOMAS(FECHA_INICIO, ID_SINTOMA, ID_PERSONA, ID_FICHA_MEDICA) VALUES
                            (TO_DATE('2020-02-07','YYYY-MM-DD'), 4, '00111', 111);
INSERT INTO EX.SINTOMAS(FECHA_INICIO, ID_SINTOMA, ID_PERSONA, ID_FICHA_MEDICA) VALUES
                            (TO_DATE('2020-02-03','YYYY-MM-DD'), 5, '00111', 111);
INSERT INTO EX.SINTOMAS(FECHA_INICIO, ID_SINTOMA, ID_PERSONA, ID_FICHA_MEDICA) VALUES
                            (TO_DATE('2020-01-11','YYYY-MM-DD'), 6, '00111', 111);
INSERT INTO EX.PERSONA(DOC_IDENTIDAD, NOMBRE, NOMBRE1, APELLIDO, APELLIDO1, FECHA_NAC, GENERO, FOTO) VALUES
                  ('00112', 'Laurie', 'Juan', 'Oneal', 'Smith', TO_DATE('1988-05-10','YYYY-MM-DD'), 'm', NULL);
INSERT INTO EX.HISTORICO_RESIDENCIA(FECHA_INICIO, ID_LUGAR, ID_PERSONA, FECHA_FIN) VALUES
                  (TO_DATE('1986-02-24','YYYY-MM-DD'), 30, '00112', NULL);
INSERT INTO EX.FICHA_MEDICA(ID, ID_PERSONA, ID_CENTRO_SALUD, ID_LUGAR, ESTADO, FECHA_INFECCION, FECHA_RECUPERACION) VALUES
                                             (112, '00112', 15, 30, 'desconido', NULL, NULL);
INSERT INTO EX.PADECIMIENTOS(ID_PATOLOGIA, ID_PERSONA, ID_FICHA_MEDICA) VALUES
                            (1, '00112', 112);
INSERT INTO EX.PADECIMIENTOS(ID_PATOLOGIA, ID_PERSONA, ID_FICHA_MEDICA) VALUES
                            (2, '00112', 112);
INSERT INTO EX.PADECIMIENTOS(ID_PATOLOGIA, ID_PERSONA, ID_FICHA_MEDICA) VALUES
                            (3, '00112', 112);
INSERT INTO EX.PADECIMIENTOS(ID_PATOLOGIA, ID_PERSONA, ID_FICHA_MEDICA) VALUES
                            (4, '00112', 112);
INSERT INTO EX.PADECIMIENTOS(ID_PATOLOGIA, ID_PERSONA, ID_FICHA_MEDICA) VALUES
                            (5, '00112', 112);
INSERT INTO EX.PADECIMIENTOS(ID_PATOLOGIA, ID_PERSONA, ID_FICHA_MEDICA) VALUES
                            (6, '00112', 112);
INSERT INTO EX.PADECIMIENTOS(ID_PATOLOGIA, ID_PERSONA, ID_FICHA_MEDICA) VALUES
                            (7, '00112', 112);
INSERT INTO EX.PADECIMIENTOS(ID_PATOLOGIA, ID_PERSONA, ID_FICHA_MEDICA) VALUES
                            (8, '00112', 112);
INSERT INTO EX.PERSONA(DOC_IDENTIDAD, NOMBRE, NOMBRE1, APELLIDO, APELLIDO1, FECHA_NAC, GENERO, FOTO) VALUES
                  ('00113', 'Benjamin', 'Robin', 'Moore', 'Jones', TO_DATE('1998-03-23','YYYY-MM-DD'), 'f', NULL);
INSERT INTO EX.HISTORICO_RESIDENCIA(FECHA_INICIO, ID_LUGAR, ID_PERSONA, FECHA_FIN) VALUES
                  (TO_DATE('1983-11-19','YYYY-MM-DD'), 34, '00113', NULL);
INSERT INTO EX.FICHA_MEDICA(ID, ID_PERSONA, ID_CENTRO_SALUD, ID_LUGAR, ESTADO, FECHA_INFECCION, FECHA_RECUPERACION) VALUES
                                             (113, '00113', 19, 34, 'desconido', NULL, NULL);
INSERT INTO EX.PERSONA(DOC_IDENTIDAD, NOMBRE, NOMBRE1, APELLIDO, APELLIDO1, FECHA_NAC, GENERO, FOTO) VALUES
                  ('00114', 'Monica', 'Tyler', 'Murphy', 'Tucker', TO_DATE('1986-12-26','YYYY-MM-DD'), 'm', NULL);
INSERT INTO EX.HISTORICO_RESIDENCIA(FECHA_INICIO, ID_LUGAR, ID_PERSONA, FECHA_FIN) VALUES
                  (TO_DATE('1989-12-15','YYYY-MM-DD'), 45, '00114', NULL);
INSERT INTO EX.FICHA_MEDICA(ID, ID_PERSONA, ID_CENTRO_SALUD, ID_LUGAR, ESTADO, FECHA_INFECCION, FECHA_RECUPERACION) VALUES
                                             (114, '00114', 30, 45, 'desconido', NULL, NULL);
INSERT INTO EX.SINTOMAS(FECHA_INICIO, ID_SINTOMA, ID_PERSONA, ID_FICHA_MEDICA) VALUES
                            (TO_DATE('2020-04-27','YYYY-MM-DD'), 1, '00114', 114);
INSERT INTO EX.SINTOMAS(FECHA_INICIO, ID_SINTOMA, ID_PERSONA, ID_FICHA_MEDICA) VALUES
                            (TO_DATE('2020-02-19','YYYY-MM-DD'), 2, '00114', 114);
INSERT INTO EX.SINTOMAS(FECHA_INICIO, ID_SINTOMA, ID_PERSONA, ID_FICHA_MEDICA) VALUES
                            (TO_DATE('2020-05-11','YYYY-MM-DD'), 3, '00114', 114);
INSERT INTO EX.SINTOMAS(FECHA_INICIO, ID_SINTOMA, ID_PERSONA, ID_FICHA_MEDICA) VALUES
                            (TO_DATE('2020-02-19','YYYY-MM-DD'), 4, '00114', 114);
INSERT INTO EX.SINTOMAS(FECHA_INICIO, ID_SINTOMA, ID_PERSONA, ID_FICHA_MEDICA) VALUES
                            (TO_DATE('2020-03-06','YYYY-MM-DD'), 5, '00114', 114);
INSERT INTO EX.SINTOMAS(FECHA_INICIO, ID_SINTOMA, ID_PERSONA, ID_FICHA_MEDICA) VALUES
                            (TO_DATE('2020-06-25','YYYY-MM-DD'), 6, '00114', 114);
INSERT INTO EX.SINTOMAS(FECHA_INICIO, ID_SINTOMA, ID_PERSONA, ID_FICHA_MEDICA) VALUES
                            (TO_DATE('2020-05-11','YYYY-MM-DD'), 7, '00114', 114);
INSERT INTO EX.SINTOMAS(FECHA_INICIO, ID_SINTOMA, ID_PERSONA, ID_FICHA_MEDICA) VALUES
                            (TO_DATE('2020-04-16','YYYY-MM-DD'), 8, '00114', 114);
INSERT INTO EX.SINTOMAS(FECHA_INICIO, ID_SINTOMA, ID_PERSONA, ID_FICHA_MEDICA) VALUES
                            (TO_DATE('2020-05-16','YYYY-MM-DD'), 9, '00114', 114);
INSERT INTO EX.SINTOMAS(FECHA_INICIO, ID_SINTOMA, ID_PERSONA, ID_FICHA_MEDICA) VALUES
                            (TO_DATE('2020-06-03','YYYY-MM-DD'), 10, '00114', 114);
INSERT INTO EX.SINTOMAS(FECHA_INICIO, ID_SINTOMA, ID_PERSONA, ID_FICHA_MEDICA) VALUES
                            (TO_DATE('2020-05-15','YYYY-MM-DD'), 11, '00114', 114);
INSERT INTO EX.SINTOMAS(FECHA_INICIO, ID_SINTOMA, ID_PERSONA, ID_FICHA_MEDICA) VALUES
                            (TO_DATE('2020-01-14','YYYY-MM-DD'), 12, '00114', 114);
INSERT INTO EX.SINTOMAS(FECHA_INICIO, ID_SINTOMA, ID_PERSONA, ID_FICHA_MEDICA) VALUES
                            (TO_DATE('2020-02-07','YYYY-MM-DD'), 13, '00114', 114);
INSERT INTO EX.SINTOMAS(FECHA_INICIO, ID_SINTOMA, ID_PERSONA, ID_FICHA_MEDICA) VALUES
                            (TO_DATE('2020-04-21','YYYY-MM-DD'), 14, '00114', 114);
INSERT INTO EX.SINTOMAS(FECHA_INICIO, ID_SINTOMA, ID_PERSONA, ID_FICHA_MEDICA) VALUES
                            (TO_DATE('2020-04-22','YYYY-MM-DD'), 15, '00114', 114);
INSERT INTO EX.PERSONA(DOC_IDENTIDAD, NOMBRE, NOMBRE1, APELLIDO, APELLIDO1, FECHA_NAC, GENERO, FOTO) VALUES
                  ('00115', 'Robert', 'Jose', 'Mckee', 'Moore', TO_DATE('1998-11-09','YYYY-MM-DD'), 'f', NULL);
INSERT INTO EX.HISTORICO_RESIDENCIA(FECHA_INICIO, ID_LUGAR, ID_PERSONA, FECHA_FIN) VALUES
                  (TO_DATE('1996-09-16','YYYY-MM-DD'), 39, '00115', NULL);
INSERT INTO EX.FICHA_MEDICA(ID, ID_PERSONA, ID_CENTRO_SALUD, ID_LUGAR, ESTADO, FECHA_INFECCION, FECHA_RECUPERACION) VALUES
                                             (115, '00115', 24, 39, 'desconido', NULL, NULL);
INSERT INTO EX.SINTOMAS(FECHA_INICIO, ID_SINTOMA, ID_PERSONA, ID_FICHA_MEDICA) VALUES
                            (TO_DATE('2020-03-17','YYYY-MM-DD'), 1, '00115', 115);
INSERT INTO EX.SINTOMAS(FECHA_INICIO, ID_SINTOMA, ID_PERSONA, ID_FICHA_MEDICA) VALUES
                            (TO_DATE('2020-01-27','YYYY-MM-DD'), 2, '00115', 115);
INSERT INTO EX.SINTOMAS(FECHA_INICIO, ID_SINTOMA, ID_PERSONA, ID_FICHA_MEDICA) VALUES
                            (TO_DATE('2020-02-23','YYYY-MM-DD'), 3, '00115', 115);
INSERT INTO EX.SINTOMAS(FECHA_INICIO, ID_SINTOMA, ID_PERSONA, ID_FICHA_MEDICA) VALUES
                            (TO_DATE('2020-05-19','YYYY-MM-DD'), 4, '00115', 115);
INSERT INTO EX.SINTOMAS(FECHA_INICIO, ID_SINTOMA, ID_PERSONA, ID_FICHA_MEDICA) VALUES
                            (TO_DATE('2020-03-27','YYYY-MM-DD'), 5, '00115', 115);
INSERT INTO EX.SINTOMAS(FECHA_INICIO, ID_SINTOMA, ID_PERSONA, ID_FICHA_MEDICA) VALUES
                            (TO_DATE('2020-03-13','YYYY-MM-DD'), 6, '00115', 115);
INSERT INTO EX.PERSONA(DOC_IDENTIDAD, NOMBRE, NOMBRE1, APELLIDO, APELLIDO1, FECHA_NAC, GENERO, FOTO) VALUES
                  ('00116', 'Denise', 'Jeremiah', 'Smith', 'Mitchell', TO_DATE('1991-09-05','YYYY-MM-DD'), 'm', NULL);
INSERT INTO EX.HISTORICO_RESIDENCIA(FECHA_INICIO, ID_LUGAR, ID_PERSONA, FECHA_FIN) VALUES
                  (TO_DATE('2013-11-27','YYYY-MM-DD'), 32, '00116', NULL);
INSERT INTO EX.FICHA_MEDICA(ID, ID_PERSONA, ID_CENTRO_SALUD, ID_LUGAR, ESTADO, FECHA_INFECCION, FECHA_RECUPERACION) VALUES
                                             (116, '00116', 17, 32, 'desconido', NULL, NULL);
INSERT INTO EX.PERSONA(DOC_IDENTIDAD, NOMBRE, NOMBRE1, APELLIDO, APELLIDO1, FECHA_NAC, GENERO, FOTO) VALUES
                  ('00117', 'Shawn', 'Joshua', 'Martinez', 'White', TO_DATE('1973-07-21','YYYY-MM-DD'), 'f', NULL);
INSERT INTO EX.HISTORICO_RESIDENCIA(FECHA_INICIO, ID_LUGAR, ID_PERSONA, FECHA_FIN) VALUES
                  (TO_DATE('1974-04-01','YYYY-MM-DD'), 41, '00117', NULL);
INSERT INTO EX.FICHA_MEDICA(ID, ID_PERSONA, ID_CENTRO_SALUD, ID_LUGAR, ESTADO, FECHA_INFECCION, FECHA_RECUPERACION) VALUES
                                             (117, '00117', 26, 41, 'desconido', NULL, NULL);
INSERT INTO EX.PERSONA(DOC_IDENTIDAD, NOMBRE, NOMBRE1, APELLIDO, APELLIDO1, FECHA_NAC, GENERO, FOTO) VALUES
                  ('00118', 'John', 'Carrie', 'Smith', 'Macdonald', TO_DATE('1983-05-22','YYYY-MM-DD'), 'm', NULL);
INSERT INTO EX.HISTORICO_RESIDENCIA(FECHA_INICIO, ID_LUGAR, ID_PERSONA, FECHA_FIN) VALUES
                  (TO_DATE('2008-07-09','YYYY-MM-DD'), 37, '00118', NULL);
INSERT INTO EX.FICHA_MEDICA(ID, ID_PERSONA, ID_CENTRO_SALUD, ID_LUGAR, ESTADO, FECHA_INFECCION, FECHA_RECUPERACION) VALUES
                                             (118, '00118', 22, 37, 'desconido', NULL, NULL);
INSERT INTO EX.PERSONA(DOC_IDENTIDAD, NOMBRE, NOMBRE1, APELLIDO, APELLIDO1, FECHA_NAC, GENERO, FOTO) VALUES
                  ('00119', 'Thomas', 'Shawn', 'Johnson', 'Harris', TO_DATE('1970-03-28','YYYY-MM-DD'), 'f', NULL);
INSERT INTO EX.HISTORICO_RESIDENCIA(FECHA_INICIO, ID_LUGAR, ID_PERSONA, FECHA_FIN) VALUES
                  (TO_DATE('1987-02-24','YYYY-MM-DD'), 19, '00119', NULL);
INSERT INTO EX.FICHA_MEDICA(ID, ID_PERSONA, ID_CENTRO_SALUD, ID_LUGAR, ESTADO, FECHA_INFECCION, FECHA_RECUPERACION) VALUES
                                             (119, '00119', 4, 19, 'desconido', NULL, NULL);
INSERT INTO EX.PADECIMIENTOS(ID_PATOLOGIA, ID_PERSONA, ID_FICHA_MEDICA) VALUES
                            (1, '00119', 119);
INSERT INTO EX.PADECIMIENTOS(ID_PATOLOGIA, ID_PERSONA, ID_FICHA_MEDICA) VALUES
                            (2, '00119', 119);
INSERT INTO EX.PADECIMIENTOS(ID_PATOLOGIA, ID_PERSONA, ID_FICHA_MEDICA) VALUES
                            (3, '00119', 119);
INSERT INTO EX.PADECIMIENTOS(ID_PATOLOGIA, ID_PERSONA, ID_FICHA_MEDICA) VALUES
                            (4, '00119', 119);
INSERT INTO EX.PADECIMIENTOS(ID_PATOLOGIA, ID_PERSONA, ID_FICHA_MEDICA) VALUES
                            (5, '00119', 119);
INSERT INTO EX.PADECIMIENTOS(ID_PATOLOGIA, ID_PERSONA, ID_FICHA_MEDICA) VALUES
                            (6, '00119', 119);
INSERT INTO EX.PADECIMIENTOS(ID_PATOLOGIA, ID_PERSONA, ID_FICHA_MEDICA) VALUES
                            (7, '00119', 119);
INSERT INTO EX.PADECIMIENTOS(ID_PATOLOGIA, ID_PERSONA, ID_FICHA_MEDICA) VALUES
                            (8, '00119', 119);
INSERT INTO EX.PADECIMIENTOS(ID_PATOLOGIA, ID_PERSONA, ID_FICHA_MEDICA) VALUES
                            (9, '00119', 119);
INSERT INTO EX.PADECIMIENTOS(ID_PATOLOGIA, ID_PERSONA, ID_FICHA_MEDICA) VALUES
                            (10, '00119', 119);
INSERT INTO EX.PADECIMIENTOS(ID_PATOLOGIA, ID_PERSONA, ID_FICHA_MEDICA) VALUES
                            (11, '00119', 119);
INSERT INTO EX.PADECIMIENTOS(ID_PATOLOGIA, ID_PERSONA, ID_FICHA_MEDICA) VALUES
                            (12, '00119', 119);
INSERT INTO EX.PADECIMIENTOS(ID_PATOLOGIA, ID_PERSONA, ID_FICHA_MEDICA) VALUES
                            (13, '00119', 119);
INSERT INTO EX.PADECIMIENTOS(ID_PATOLOGIA, ID_PERSONA, ID_FICHA_MEDICA) VALUES
                            (14, '00119', 119);
INSERT INTO EX.PADECIMIENTOS(ID_PATOLOGIA, ID_PERSONA, ID_FICHA_MEDICA) VALUES
                            (15, '00119', 119);
INSERT INTO EX.PERSONA(DOC_IDENTIDAD, NOMBRE, NOMBRE1, APELLIDO, APELLIDO1, FECHA_NAC, GENERO, FOTO) VALUES
                  ('00120', 'Megan', 'Justin', 'Garrett', 'Cox', TO_DATE('1986-09-10','YYYY-MM-DD'), 'm', NULL);
INSERT INTO EX.HISTORICO_RESIDENCIA(FECHA_INICIO, ID_LUGAR, ID_PERSONA, FECHA_FIN) VALUES
                  (TO_DATE('2007-10-11','YYYY-MM-DD'), 26, '00120', NULL);
INSERT INTO EX.FICHA_MEDICA(ID, ID_PERSONA, ID_CENTRO_SALUD, ID_LUGAR, ESTADO, FECHA_INFECCION, FECHA_RECUPERACION) VALUES
                                             (120, '00120', 11, 26, 'desconido', NULL, NULL);
INSERT INTO EX.PERSONA(DOC_IDENTIDAD, NOMBRE, NOMBRE1, APELLIDO, APELLIDO1, FECHA_NAC, GENERO, FOTO) VALUES
                  ('00121', 'Jason', 'Sherry', 'Ward', 'Hampton', TO_DATE('2014-03-23','YYYY-MM-DD'), 'f', NULL);
INSERT INTO EX.HISTORICO_RESIDENCIA(FECHA_INICIO, ID_LUGAR, ID_PERSONA, FECHA_FIN) VALUES
                  (TO_DATE('2002-05-07','YYYY-MM-DD'), 36, '00121', NULL);
INSERT INTO EX.FICHA_MEDICA(ID, ID_PERSONA, ID_CENTRO_SALUD, ID_LUGAR, ESTADO, FECHA_INFECCION, FECHA_RECUPERACION) VALUES
                                             (121, '00121', 21, 36, 'desconido', NULL, NULL);
INSERT INTO EX.PADECIMIENTOS(ID_PATOLOGIA, ID_PERSONA, ID_FICHA_MEDICA) VALUES
                            (1, '00121', 121);
INSERT INTO EX.PADECIMIENTOS(ID_PATOLOGIA, ID_PERSONA, ID_FICHA_MEDICA) VALUES
                            (2, '00121', 121);
INSERT INTO EX.PADECIMIENTOS(ID_PATOLOGIA, ID_PERSONA, ID_FICHA_MEDICA) VALUES
                            (3, '00121', 121);
INSERT INTO EX.PADECIMIENTOS(ID_PATOLOGIA, ID_PERSONA, ID_FICHA_MEDICA) VALUES
                            (4, '00121', 121);
INSERT INTO EX.PADECIMIENTOS(ID_PATOLOGIA, ID_PERSONA, ID_FICHA_MEDICA) VALUES
                            (5, '00121', 121);
INSERT INTO EX.PADECIMIENTOS(ID_PATOLOGIA, ID_PERSONA, ID_FICHA_MEDICA) VALUES
                            (6, '00121', 121);
INSERT INTO EX.PADECIMIENTOS(ID_PATOLOGIA, ID_PERSONA, ID_FICHA_MEDICA) VALUES
                            (7, '00121', 121);
INSERT INTO EX.PADECIMIENTOS(ID_PATOLOGIA, ID_PERSONA, ID_FICHA_MEDICA) VALUES
                            (8, '00121', 121);
INSERT INTO EX.PADECIMIENTOS(ID_PATOLOGIA, ID_PERSONA, ID_FICHA_MEDICA) VALUES
                            (9, '00121', 121);
INSERT INTO EX.PADECIMIENTOS(ID_PATOLOGIA, ID_PERSONA, ID_FICHA_MEDICA) VALUES
                            (10, '00121', 121);
INSERT INTO EX.PADECIMIENTOS(ID_PATOLOGIA, ID_PERSONA, ID_FICHA_MEDICA) VALUES
                            (11, '00121', 121);
INSERT INTO EX.PADECIMIENTOS(ID_PATOLOGIA, ID_PERSONA, ID_FICHA_MEDICA) VALUES
                            (12, '00121', 121);
INSERT INTO EX.PADECIMIENTOS(ID_PATOLOGIA, ID_PERSONA, ID_FICHA_MEDICA) VALUES
                            (13, '00121', 121);
INSERT INTO EX.PERSONA(DOC_IDENTIDAD, NOMBRE, NOMBRE1, APELLIDO, APELLIDO1, FECHA_NAC, GENERO, FOTO) VALUES
                  ('00122', 'Randall', 'Kathleen', 'Lee', 'Davenport', TO_DATE('1971-06-08','YYYY-MM-DD'), 'm', NULL);
INSERT INTO EX.HISTORICO_RESIDENCIA(FECHA_INICIO, ID_LUGAR, ID_PERSONA, FECHA_FIN) VALUES
                  (TO_DATE('1970-01-04','YYYY-MM-DD'), 44, '00122', NULL);
INSERT INTO EX.FICHA_MEDICA(ID, ID_PERSONA, ID_CENTRO_SALUD, ID_LUGAR, ESTADO, FECHA_INFECCION, FECHA_RECUPERACION) VALUES
                                             (122, '00122', 29, 44, 'desconido', NULL, NULL);
INSERT INTO EX.PADECIMIENTOS(ID_PATOLOGIA, ID_PERSONA, ID_FICHA_MEDICA) VALUES
                            (1, '00122', 122);
INSERT INTO EX.PADECIMIENTOS(ID_PATOLOGIA, ID_PERSONA, ID_FICHA_MEDICA) VALUES
                            (2, '00122', 122);
INSERT INTO EX.PADECIMIENTOS(ID_PATOLOGIA, ID_PERSONA, ID_FICHA_MEDICA) VALUES
                            (3, '00122', 122);
INSERT INTO EX.PADECIMIENTOS(ID_PATOLOGIA, ID_PERSONA, ID_FICHA_MEDICA) VALUES
                            (4, '00122', 122);
INSERT INTO EX.PADECIMIENTOS(ID_PATOLOGIA, ID_PERSONA, ID_FICHA_MEDICA) VALUES
                            (5, '00122', 122);
INSERT INTO EX.PERSONA(DOC_IDENTIDAD, NOMBRE, NOMBRE1, APELLIDO, APELLIDO1, FECHA_NAC, GENERO, FOTO) VALUES
                  ('00123', 'Sarah', 'Shannon', 'Williams', 'Russell', TO_DATE('2013-10-10','YYYY-MM-DD'), 'f', NULL);
INSERT INTO EX.HISTORICO_RESIDENCIA(FECHA_INICIO, ID_LUGAR, ID_PERSONA, FECHA_FIN) VALUES
                  (TO_DATE('1976-10-17','YYYY-MM-DD'), 45, '00123', NULL);
INSERT INTO EX.FICHA_MEDICA(ID, ID_PERSONA, ID_CENTRO_SALUD, ID_LUGAR, ESTADO, FECHA_INFECCION, FECHA_RECUPERACION) VALUES
                                             (123, '00123', 30, 45, 'desconido', NULL, NULL);
INSERT INTO EX.PADECIMIENTOS(ID_PATOLOGIA, ID_PERSONA, ID_FICHA_MEDICA) VALUES
                            (1, '00123', 123);
INSERT INTO EX.PADECIMIENTOS(ID_PATOLOGIA, ID_PERSONA, ID_FICHA_MEDICA) VALUES
                            (2, '00123', 123);
INSERT INTO EX.PADECIMIENTOS(ID_PATOLOGIA, ID_PERSONA, ID_FICHA_MEDICA) VALUES
                            (3, '00123', 123);
INSERT INTO EX.PADECIMIENTOS(ID_PATOLOGIA, ID_PERSONA, ID_FICHA_MEDICA) VALUES
                            (4, '00123', 123);
INSERT INTO EX.PADECIMIENTOS(ID_PATOLOGIA, ID_PERSONA, ID_FICHA_MEDICA) VALUES
                            (5, '00123', 123);
INSERT INTO EX.PADECIMIENTOS(ID_PATOLOGIA, ID_PERSONA, ID_FICHA_MEDICA) VALUES
                            (6, '00123', 123);
INSERT INTO EX.PADECIMIENTOS(ID_PATOLOGIA, ID_PERSONA, ID_FICHA_MEDICA) VALUES
                            (7, '00123', 123);
INSERT INTO EX.PADECIMIENTOS(ID_PATOLOGIA, ID_PERSONA, ID_FICHA_MEDICA) VALUES
                            (8, '00123', 123);
INSERT INTO EX.PADECIMIENTOS(ID_PATOLOGIA, ID_PERSONA, ID_FICHA_MEDICA) VALUES
                            (9, '00123', 123);
INSERT INTO EX.PADECIMIENTOS(ID_PATOLOGIA, ID_PERSONA, ID_FICHA_MEDICA) VALUES
                            (10, '00123', 123);
INSERT INTO EX.PADECIMIENTOS(ID_PATOLOGIA, ID_PERSONA, ID_FICHA_MEDICA) VALUES
                            (11, '00123', 123);
INSERT INTO EX.PADECIMIENTOS(ID_PATOLOGIA, ID_PERSONA, ID_FICHA_MEDICA) VALUES
                            (12, '00123', 123);
INSERT INTO EX.PADECIMIENTOS(ID_PATOLOGIA, ID_PERSONA, ID_FICHA_MEDICA) VALUES
                            (13, '00123', 123);
INSERT INTO EX.SINTOMAS(FECHA_INICIO, ID_SINTOMA, ID_PERSONA, ID_FICHA_MEDICA) VALUES
                            (TO_DATE('2020-01-02','YYYY-MM-DD'), 1, '00123', 123);
INSERT INTO EX.SINTOMAS(FECHA_INICIO, ID_SINTOMA, ID_PERSONA, ID_FICHA_MEDICA) VALUES
                            (TO_DATE('2020-04-27','YYYY-MM-DD'), 2, '00123', 123);
INSERT INTO EX.SINTOMAS(FECHA_INICIO, ID_SINTOMA, ID_PERSONA, ID_FICHA_MEDICA) VALUES
                            (TO_DATE('2020-06-01','YYYY-MM-DD'), 3, '00123', 123);
INSERT INTO EX.PERSONA(DOC_IDENTIDAD, NOMBRE, NOMBRE1, APELLIDO, APELLIDO1, FECHA_NAC, GENERO, FOTO) VALUES
                  ('00124', 'Margaret', 'Nancy', 'Bell', 'Kirby', TO_DATE('1978-09-08','YYYY-MM-DD'), 'm', NULL);
INSERT INTO EX.HISTORICO_RESIDENCIA(FECHA_INICIO, ID_LUGAR, ID_PERSONA, FECHA_FIN) VALUES
                  (TO_DATE('1971-02-07','YYYY-MM-DD'), 27, '00124', NULL);
INSERT INTO EX.FICHA_MEDICA(ID, ID_PERSONA, ID_CENTRO_SALUD, ID_LUGAR, ESTADO, FECHA_INFECCION, FECHA_RECUPERACION) VALUES
                                             (124, '00124', 12, 27, 'desconido', NULL, NULL);
INSERT INTO EX.SINTOMAS(FECHA_INICIO, ID_SINTOMA, ID_PERSONA, ID_FICHA_MEDICA) VALUES
                            (TO_DATE('2020-06-17','YYYY-MM-DD'), 1, '00124', 124);
INSERT INTO EX.SINTOMAS(FECHA_INICIO, ID_SINTOMA, ID_PERSONA, ID_FICHA_MEDICA) VALUES
                            (TO_DATE('2020-01-17','YYYY-MM-DD'), 2, '00124', 124);
INSERT INTO EX.SINTOMAS(FECHA_INICIO, ID_SINTOMA, ID_PERSONA, ID_FICHA_MEDICA) VALUES
                            (TO_DATE('2020-03-18','YYYY-MM-DD'), 3, '00124', 124);
INSERT INTO EX.SINTOMAS(FECHA_INICIO, ID_SINTOMA, ID_PERSONA, ID_FICHA_MEDICA) VALUES
                            (TO_DATE('2020-03-02','YYYY-MM-DD'), 4, '00124', 124);
INSERT INTO EX.SINTOMAS(FECHA_INICIO, ID_SINTOMA, ID_PERSONA, ID_FICHA_MEDICA) VALUES
                            (TO_DATE('2020-05-03','YYYY-MM-DD'), 5, '00124', 124);
INSERT INTO EX.SINTOMAS(FECHA_INICIO, ID_SINTOMA, ID_PERSONA, ID_FICHA_MEDICA) VALUES
                            (TO_DATE('2020-06-21','YYYY-MM-DD'), 6, '00124', 124);
INSERT INTO EX.SINTOMAS(FECHA_INICIO, ID_SINTOMA, ID_PERSONA, ID_FICHA_MEDICA) VALUES
                            (TO_DATE('2020-05-08','YYYY-MM-DD'), 7, '00124', 124);
INSERT INTO EX.SINTOMAS(FECHA_INICIO, ID_SINTOMA, ID_PERSONA, ID_FICHA_MEDICA) VALUES
                            (TO_DATE('2020-06-26','YYYY-MM-DD'), 8, '00124', 124);
INSERT INTO EX.SINTOMAS(FECHA_INICIO, ID_SINTOMA, ID_PERSONA, ID_FICHA_MEDICA) VALUES
                            (TO_DATE('2020-06-28','YYYY-MM-DD'), 9, '00124', 124);
INSERT INTO EX.SINTOMAS(FECHA_INICIO, ID_SINTOMA, ID_PERSONA, ID_FICHA_MEDICA) VALUES
                            (TO_DATE('2020-05-07','YYYY-MM-DD'), 10, '00124', 124);
INSERT INTO EX.SINTOMAS(FECHA_INICIO, ID_SINTOMA, ID_PERSONA, ID_FICHA_MEDICA) VALUES
                            (TO_DATE('2020-01-03','YYYY-MM-DD'), 11, '00124', 124);
INSERT INTO EX.SINTOMAS(FECHA_INICIO, ID_SINTOMA, ID_PERSONA, ID_FICHA_MEDICA) VALUES
                            (TO_DATE('2020-06-12','YYYY-MM-DD'), 12, '00124', 124);
INSERT INTO EX.PERSONA(DOC_IDENTIDAD, NOMBRE, NOMBRE1, APELLIDO, APELLIDO1, FECHA_NAC, GENERO, FOTO) VALUES
                  ('00125', 'Matthew', 'Laura', 'Moran', 'Holland', TO_DATE('1991-05-14','YYYY-MM-DD'), 'f', NULL);
INSERT INTO EX.HISTORICO_RESIDENCIA(FECHA_INICIO, ID_LUGAR, ID_PERSONA, FECHA_FIN) VALUES
                  (TO_DATE('2013-12-20','YYYY-MM-DD'), 21, '00125', NULL);
INSERT INTO EX.FICHA_MEDICA(ID, ID_PERSONA, ID_CENTRO_SALUD, ID_LUGAR, ESTADO, FECHA_INFECCION, FECHA_RECUPERACION) VALUES
                                             (125, '00125', 6, 21, 'desconido', NULL, NULL);
INSERT INTO EX.PERSONA(DOC_IDENTIDAD, NOMBRE, NOMBRE1, APELLIDO, APELLIDO1, FECHA_NAC, GENERO, FOTO) VALUES
                  ('00126', 'Cynthia', 'John', 'Bean', 'Marsh', TO_DATE('1999-04-03','YYYY-MM-DD'), 'm', NULL);
INSERT INTO EX.HISTORICO_RESIDENCIA(FECHA_INICIO, ID_LUGAR, ID_PERSONA, FECHA_FIN) VALUES
                  (TO_DATE('1992-01-21','YYYY-MM-DD'), 21, '00126', NULL);
INSERT INTO EX.FICHA_MEDICA(ID, ID_PERSONA, ID_CENTRO_SALUD, ID_LUGAR, ESTADO, FECHA_INFECCION, FECHA_RECUPERACION) VALUES
                                             (126, '00126', 6, 21, 'desconido', NULL, NULL);
INSERT INTO EX.PADECIMIENTOS(ID_PATOLOGIA, ID_PERSONA, ID_FICHA_MEDICA) VALUES
                            (1, '00126', 126);
INSERT INTO EX.PADECIMIENTOS(ID_PATOLOGIA, ID_PERSONA, ID_FICHA_MEDICA) VALUES
                            (2, '00126', 126);
INSERT INTO EX.PADECIMIENTOS(ID_PATOLOGIA, ID_PERSONA, ID_FICHA_MEDICA) VALUES
                            (3, '00126', 126);
INSERT INTO EX.PADECIMIENTOS(ID_PATOLOGIA, ID_PERSONA, ID_FICHA_MEDICA) VALUES
                            (4, '00126', 126);
INSERT INTO EX.PADECIMIENTOS(ID_PATOLOGIA, ID_PERSONA, ID_FICHA_MEDICA) VALUES
                            (5, '00126', 126);
INSERT INTO EX.SINTOMAS(FECHA_INICIO, ID_SINTOMA, ID_PERSONA, ID_FICHA_MEDICA) VALUES
                            (TO_DATE('2020-05-30','YYYY-MM-DD'), 1, '00126', 126);
INSERT INTO EX.SINTOMAS(FECHA_INICIO, ID_SINTOMA, ID_PERSONA, ID_FICHA_MEDICA) VALUES
                            (TO_DATE('2020-03-19','YYYY-MM-DD'), 2, '00126', 126);
INSERT INTO EX.SINTOMAS(FECHA_INICIO, ID_SINTOMA, ID_PERSONA, ID_FICHA_MEDICA) VALUES
                            (TO_DATE('2020-03-05','YYYY-MM-DD'), 3, '00126', 126);
INSERT INTO EX.SINTOMAS(FECHA_INICIO, ID_SINTOMA, ID_PERSONA, ID_FICHA_MEDICA) VALUES
                            (TO_DATE('2020-03-30','YYYY-MM-DD'), 4, '00126', 126);
INSERT INTO EX.SINTOMAS(FECHA_INICIO, ID_SINTOMA, ID_PERSONA, ID_FICHA_MEDICA) VALUES
                            (TO_DATE('2020-01-30','YYYY-MM-DD'), 5, '00126', 126);
INSERT INTO EX.SINTOMAS(FECHA_INICIO, ID_SINTOMA, ID_PERSONA, ID_FICHA_MEDICA) VALUES
                            (TO_DATE('2020-02-21','YYYY-MM-DD'), 6, '00126', 126);
INSERT INTO EX.SINTOMAS(FECHA_INICIO, ID_SINTOMA, ID_PERSONA, ID_FICHA_MEDICA) VALUES
                            (TO_DATE('2020-05-09','YYYY-MM-DD'), 7, '00126', 126);
INSERT INTO EX.SINTOMAS(FECHA_INICIO, ID_SINTOMA, ID_PERSONA, ID_FICHA_MEDICA) VALUES
                            (TO_DATE('2020-04-21','YYYY-MM-DD'), 8, '00126', 126);
INSERT INTO EX.SINTOMAS(FECHA_INICIO, ID_SINTOMA, ID_PERSONA, ID_FICHA_MEDICA) VALUES
                            (TO_DATE('2020-05-09','YYYY-MM-DD'), 9, '00126', 126);
INSERT INTO EX.SINTOMAS(FECHA_INICIO, ID_SINTOMA, ID_PERSONA, ID_FICHA_MEDICA) VALUES
                            (TO_DATE('2020-06-23','YYYY-MM-DD'), 10, '00126', 126);
INSERT INTO EX.SINTOMAS(FECHA_INICIO, ID_SINTOMA, ID_PERSONA, ID_FICHA_MEDICA) VALUES
                            (TO_DATE('2020-05-21','YYYY-MM-DD'), 11, '00126', 126);
INSERT INTO EX.SINTOMAS(FECHA_INICIO, ID_SINTOMA, ID_PERSONA, ID_FICHA_MEDICA) VALUES
                            (TO_DATE('2020-02-13','YYYY-MM-DD'), 12, '00126', 126);
INSERT INTO EX.SINTOMAS(FECHA_INICIO, ID_SINTOMA, ID_PERSONA, ID_FICHA_MEDICA) VALUES
                            (TO_DATE('2020-06-18','YYYY-MM-DD'), 13, '00126', 126);
INSERT INTO EX.PERSONA(DOC_IDENTIDAD, NOMBRE, NOMBRE1, APELLIDO, APELLIDO1, FECHA_NAC, GENERO, FOTO) VALUES
                  ('00127', 'Maria', 'Diana', 'Beck', 'Smith', TO_DATE('1983-12-24','YYYY-MM-DD'), 'f', NULL);
INSERT INTO EX.HISTORICO_RESIDENCIA(FECHA_INICIO, ID_LUGAR, ID_PERSONA, FECHA_FIN) VALUES
                  (TO_DATE('1987-12-20','YYYY-MM-DD'), 29, '00127', NULL);
INSERT INTO EX.FICHA_MEDICA(ID, ID_PERSONA, ID_CENTRO_SALUD, ID_LUGAR, ESTADO, FECHA_INFECCION, FECHA_RECUPERACION) VALUES
                                             (127, '00127', 14, 29, 'desconido', NULL, NULL);
INSERT INTO EX.PADECIMIENTOS(ID_PATOLOGIA, ID_PERSONA, ID_FICHA_MEDICA) VALUES
                            (1, '00127', 127);
INSERT INTO EX.PADECIMIENTOS(ID_PATOLOGIA, ID_PERSONA, ID_FICHA_MEDICA) VALUES
                            (2, '00127', 127);
INSERT INTO EX.PADECIMIENTOS(ID_PATOLOGIA, ID_PERSONA, ID_FICHA_MEDICA) VALUES
                            (3, '00127', 127);
INSERT INTO EX.PADECIMIENTOS(ID_PATOLOGIA, ID_PERSONA, ID_FICHA_MEDICA) VALUES
                            (4, '00127', 127);
INSERT INTO EX.PADECIMIENTOS(ID_PATOLOGIA, ID_PERSONA, ID_FICHA_MEDICA) VALUES
                            (5, '00127', 127);
INSERT INTO EX.PADECIMIENTOS(ID_PATOLOGIA, ID_PERSONA, ID_FICHA_MEDICA) VALUES
                            (6, '00127', 127);
INSERT INTO EX.PADECIMIENTOS(ID_PATOLOGIA, ID_PERSONA, ID_FICHA_MEDICA) VALUES
                            (7, '00127', 127);
INSERT INTO EX.PADECIMIENTOS(ID_PATOLOGIA, ID_PERSONA, ID_FICHA_MEDICA) VALUES
                            (8, '00127', 127);
INSERT INTO EX.PADECIMIENTOS(ID_PATOLOGIA, ID_PERSONA, ID_FICHA_MEDICA) VALUES
                            (9, '00127', 127);
INSERT INTO EX.PADECIMIENTOS(ID_PATOLOGIA, ID_PERSONA, ID_FICHA_MEDICA) VALUES
                            (10, '00127', 127);
INSERT INTO EX.PADECIMIENTOS(ID_PATOLOGIA, ID_PERSONA, ID_FICHA_MEDICA) VALUES
                            (11, '00127', 127);
INSERT INTO EX.PADECIMIENTOS(ID_PATOLOGIA, ID_PERSONA, ID_FICHA_MEDICA) VALUES
                            (12, '00127', 127);
INSERT INTO EX.PADECIMIENTOS(ID_PATOLOGIA, ID_PERSONA, ID_FICHA_MEDICA) VALUES
                            (13, '00127', 127);
INSERT INTO EX.PADECIMIENTOS(ID_PATOLOGIA, ID_PERSONA, ID_FICHA_MEDICA) VALUES
                            (14, '00127', 127);
INSERT INTO EX.PERSONA(DOC_IDENTIDAD, NOMBRE, NOMBRE1, APELLIDO, APELLIDO1, FECHA_NAC, GENERO, FOTO) VALUES
                  ('00128', 'Christopher', 'Karl', 'Santos', 'Smith', TO_DATE('2013-08-21','YYYY-MM-DD'), 'm', NULL);
INSERT INTO EX.HISTORICO_RESIDENCIA(FECHA_INICIO, ID_LUGAR, ID_PERSONA, FECHA_FIN) VALUES
                  (TO_DATE('1972-08-24','YYYY-MM-DD'), 43, '00128', NULL);
INSERT INTO EX.FICHA_MEDICA(ID, ID_PERSONA, ID_CENTRO_SALUD, ID_LUGAR, ESTADO, FECHA_INFECCION, FECHA_RECUPERACION) VALUES
                                             (128, '00128', 28, 43, 'desconido', NULL, NULL);
INSERT INTO EX.SINTOMAS(FECHA_INICIO, ID_SINTOMA, ID_PERSONA, ID_FICHA_MEDICA) VALUES
                            (TO_DATE('2020-07-01','YYYY-MM-DD'), 1, '00128', 128);
INSERT INTO EX.SINTOMAS(FECHA_INICIO, ID_SINTOMA, ID_PERSONA, ID_FICHA_MEDICA) VALUES
                            (TO_DATE('2020-06-02','YYYY-MM-DD'), 2, '00128', 128);
INSERT INTO EX.SINTOMAS(FECHA_INICIO, ID_SINTOMA, ID_PERSONA, ID_FICHA_MEDICA) VALUES
                            (TO_DATE('2020-05-10','YYYY-MM-DD'), 3, '00128', 128);
INSERT INTO EX.SINTOMAS(FECHA_INICIO, ID_SINTOMA, ID_PERSONA, ID_FICHA_MEDICA) VALUES
                            (TO_DATE('2020-06-29','YYYY-MM-DD'), 4, '00128', 128);
INSERT INTO EX.SINTOMAS(FECHA_INICIO, ID_SINTOMA, ID_PERSONA, ID_FICHA_MEDICA) VALUES
                            (TO_DATE('2020-05-05','YYYY-MM-DD'), 5, '00128', 128);
INSERT INTO EX.SINTOMAS(FECHA_INICIO, ID_SINTOMA, ID_PERSONA, ID_FICHA_MEDICA) VALUES
                            (TO_DATE('2020-04-01','YYYY-MM-DD'), 6, '00128', 128);
INSERT INTO EX.SINTOMAS(FECHA_INICIO, ID_SINTOMA, ID_PERSONA, ID_FICHA_MEDICA) VALUES
                            (TO_DATE('2020-02-23','YYYY-MM-DD'), 7, '00128', 128);
INSERT INTO EX.SINTOMAS(FECHA_INICIO, ID_SINTOMA, ID_PERSONA, ID_FICHA_MEDICA) VALUES
                            (TO_DATE('2020-02-16','YYYY-MM-DD'), 8, '00128', 128);
INSERT INTO EX.SINTOMAS(FECHA_INICIO, ID_SINTOMA, ID_PERSONA, ID_FICHA_MEDICA) VALUES
                            (TO_DATE('2020-04-09','YYYY-MM-DD'), 9, '00128', 128);
INSERT INTO EX.SINTOMAS(FECHA_INICIO, ID_SINTOMA, ID_PERSONA, ID_FICHA_MEDICA) VALUES
                            (TO_DATE('2020-01-08','YYYY-MM-DD'), 10, '00128', 128);
INSERT INTO EX.SINTOMAS(FECHA_INICIO, ID_SINTOMA, ID_PERSONA, ID_FICHA_MEDICA) VALUES
                            (TO_DATE('2020-01-14','YYYY-MM-DD'), 11, '00128', 128);
INSERT INTO EX.SINTOMAS(FECHA_INICIO, ID_SINTOMA, ID_PERSONA, ID_FICHA_MEDICA) VALUES
                            (TO_DATE('2020-06-20','YYYY-MM-DD'), 12, '00128', 128);
INSERT INTO EX.PERSONA(DOC_IDENTIDAD, NOMBRE, NOMBRE1, APELLIDO, APELLIDO1, FECHA_NAC, GENERO, FOTO) VALUES
                  ('00129', 'Jesus', 'Mary', 'Rose', 'Benitez', TO_DATE('1980-07-07','YYYY-MM-DD'), 'f', NULL);
INSERT INTO EX.HISTORICO_RESIDENCIA(FECHA_INICIO, ID_LUGAR, ID_PERSONA, FECHA_FIN) VALUES
                  (TO_DATE('1977-06-20','YYYY-MM-DD'), 24, '00129', NULL);
INSERT INTO EX.FICHA_MEDICA(ID, ID_PERSONA, ID_CENTRO_SALUD, ID_LUGAR, ESTADO, FECHA_INFECCION, FECHA_RECUPERACION) VALUES
                                             (129, '00129', 9, 24, 'desconido', NULL, NULL);
INSERT INTO EX.PADECIMIENTOS(ID_PATOLOGIA, ID_PERSONA, ID_FICHA_MEDICA) VALUES
                            (1, '00129', 129);
INSERT INTO EX.PADECIMIENTOS(ID_PATOLOGIA, ID_PERSONA, ID_FICHA_MEDICA) VALUES
                            (2, '00129', 129);
INSERT INTO EX.PADECIMIENTOS(ID_PATOLOGIA, ID_PERSONA, ID_FICHA_MEDICA) VALUES
                            (3, '00129', 129);
INSERT INTO EX.PADECIMIENTOS(ID_PATOLOGIA, ID_PERSONA, ID_FICHA_MEDICA) VALUES
                            (4, '00129', 129);
INSERT INTO EX.SINTOMAS(FECHA_INICIO, ID_SINTOMA, ID_PERSONA, ID_FICHA_MEDICA) VALUES
                            (TO_DATE('2020-05-03','YYYY-MM-DD'), 1, '00129', 129);
INSERT INTO EX.SINTOMAS(FECHA_INICIO, ID_SINTOMA, ID_PERSONA, ID_FICHA_MEDICA) VALUES
                            (TO_DATE('2020-06-12','YYYY-MM-DD'), 2, '00129', 129);
INSERT INTO EX.SINTOMAS(FECHA_INICIO, ID_SINTOMA, ID_PERSONA, ID_FICHA_MEDICA) VALUES
                            (TO_DATE('2020-03-23','YYYY-MM-DD'), 3, '00129', 129);
INSERT INTO EX.SINTOMAS(FECHA_INICIO, ID_SINTOMA, ID_PERSONA, ID_FICHA_MEDICA) VALUES
                            (TO_DATE('2020-04-07','YYYY-MM-DD'), 4, '00129', 129);
INSERT INTO EX.SINTOMAS(FECHA_INICIO, ID_SINTOMA, ID_PERSONA, ID_FICHA_MEDICA) VALUES
                            (TO_DATE('2020-04-06','YYYY-MM-DD'), 5, '00129', 129);
INSERT INTO EX.SINTOMAS(FECHA_INICIO, ID_SINTOMA, ID_PERSONA, ID_FICHA_MEDICA) VALUES
                            (TO_DATE('2020-05-23','YYYY-MM-DD'), 6, '00129', 129);
INSERT INTO EX.SINTOMAS(FECHA_INICIO, ID_SINTOMA, ID_PERSONA, ID_FICHA_MEDICA) VALUES
                            (TO_DATE('2020-02-13','YYYY-MM-DD'), 7, '00129', 129);
INSERT INTO EX.SINTOMAS(FECHA_INICIO, ID_SINTOMA, ID_PERSONA, ID_FICHA_MEDICA) VALUES
                            (TO_DATE('2020-03-25','YYYY-MM-DD'), 8, '00129', 129);
INSERT INTO EX.SINTOMAS(FECHA_INICIO, ID_SINTOMA, ID_PERSONA, ID_FICHA_MEDICA) VALUES
                            (TO_DATE('2020-05-25','YYYY-MM-DD'), 9, '00129', 129);
INSERT INTO EX.SINTOMAS(FECHA_INICIO, ID_SINTOMA, ID_PERSONA, ID_FICHA_MEDICA) VALUES
                            (TO_DATE('2020-04-27','YYYY-MM-DD'), 10, '00129', 129);
INSERT INTO EX.SINTOMAS(FECHA_INICIO, ID_SINTOMA, ID_PERSONA, ID_FICHA_MEDICA) VALUES
                            (TO_DATE('2020-01-12','YYYY-MM-DD'), 11, '00129', 129);
INSERT INTO EX.SINTOMAS(FECHA_INICIO, ID_SINTOMA, ID_PERSONA, ID_FICHA_MEDICA) VALUES
                            (TO_DATE('2020-02-11','YYYY-MM-DD'), 12, '00129', 129);
INSERT INTO EX.SINTOMAS(FECHA_INICIO, ID_SINTOMA, ID_PERSONA, ID_FICHA_MEDICA) VALUES
                            (TO_DATE('2020-03-12','YYYY-MM-DD'), 13, '00129', 129);
INSERT INTO EX.SINTOMAS(FECHA_INICIO, ID_SINTOMA, ID_PERSONA, ID_FICHA_MEDICA) VALUES
                            (TO_DATE('2020-04-01','YYYY-MM-DD'), 14, '00129', 129);
INSERT INTO EX.SINTOMAS(FECHA_INICIO, ID_SINTOMA, ID_PERSONA, ID_FICHA_MEDICA) VALUES
                            (TO_DATE('2020-04-25','YYYY-MM-DD'), 15, '00129', 129);
INSERT INTO EX.SINTOMAS(FECHA_INICIO, ID_SINTOMA, ID_PERSONA, ID_FICHA_MEDICA) VALUES
                            (TO_DATE('2020-06-28','YYYY-MM-DD'), 16, '00129', 129);
INSERT INTO EX.SINTOMAS(FECHA_INICIO, ID_SINTOMA, ID_PERSONA, ID_FICHA_MEDICA) VALUES
                            (TO_DATE('2020-02-19','YYYY-MM-DD'), 17, '00129', 129);
INSERT INTO EX.PERSONA(DOC_IDENTIDAD, NOMBRE, NOMBRE1, APELLIDO, APELLIDO1, FECHA_NAC, GENERO, FOTO) VALUES
                  ('00130', 'David', 'David', 'Carpenter', 'Washington', TO_DATE('2015-02-20','YYYY-MM-DD'), 'm', NULL);
INSERT INTO EX.HISTORICO_RESIDENCIA(FECHA_INICIO, ID_LUGAR, ID_PERSONA, FECHA_FIN) VALUES
                  (TO_DATE('1980-12-12','YYYY-MM-DD'), 27, '00130', NULL);
INSERT INTO EX.FICHA_MEDICA(ID, ID_PERSONA, ID_CENTRO_SALUD, ID_LUGAR, ESTADO, FECHA_INFECCION, FECHA_RECUPERACION) VALUES
                                             (130, '00130', 12, 27, 'desconido', NULL, NULL);
INSERT INTO EX.PERSONA(DOC_IDENTIDAD, NOMBRE, NOMBRE1, APELLIDO, APELLIDO1, FECHA_NAC, GENERO, FOTO) VALUES
                  ('00131', 'Carrie', 'David', 'Thompson', 'Black', TO_DATE('2016-02-29','YYYY-MM-DD'), 'f', NULL);
INSERT INTO EX.HISTORICO_RESIDENCIA(FECHA_INICIO, ID_LUGAR, ID_PERSONA, FECHA_FIN) VALUES
                  (TO_DATE('1976-08-25','YYYY-MM-DD'), 42, '00131', NULL);
INSERT INTO EX.FICHA_MEDICA(ID, ID_PERSONA, ID_CENTRO_SALUD, ID_LUGAR, ESTADO, FECHA_INFECCION, FECHA_RECUPERACION) VALUES
                                             (131, '00131', 27, 42, 'desconido', NULL, NULL);
INSERT INTO EX.PERSONA(DOC_IDENTIDAD, NOMBRE, NOMBRE1, APELLIDO, APELLIDO1, FECHA_NAC, GENERO, FOTO) VALUES
                  ('00132', 'Jared', 'Philip', 'Ryan', 'Harris', TO_DATE('1998-11-19','YYYY-MM-DD'), 'm', NULL);
INSERT INTO EX.HISTORICO_RESIDENCIA(FECHA_INICIO, ID_LUGAR, ID_PERSONA, FECHA_FIN) VALUES
                  (TO_DATE('2017-07-09','YYYY-MM-DD'), 23, '00132', NULL);
INSERT INTO EX.FICHA_MEDICA(ID, ID_PERSONA, ID_CENTRO_SALUD, ID_LUGAR, ESTADO, FECHA_INFECCION, FECHA_RECUPERACION) VALUES
                                             (132, '00132', 8, 23, 'desconido', NULL, NULL);
INSERT INTO EX.PERSONA(DOC_IDENTIDAD, NOMBRE, NOMBRE1, APELLIDO, APELLIDO1, FECHA_NAC, GENERO, FOTO) VALUES
                  ('00133', 'Matthew', 'Melinda', 'Escobar', 'Williams', TO_DATE('2011-04-01','YYYY-MM-DD'), 'f', NULL);
INSERT INTO EX.HISTORICO_RESIDENCIA(FECHA_INICIO, ID_LUGAR, ID_PERSONA, FECHA_FIN) VALUES
                  (TO_DATE('2013-07-09','YYYY-MM-DD'), 33, '00133', NULL);
INSERT INTO EX.FICHA_MEDICA(ID, ID_PERSONA, ID_CENTRO_SALUD, ID_LUGAR, ESTADO, FECHA_INFECCION, FECHA_RECUPERACION) VALUES
                                             (133, '00133', 18, 33, 'desconido', NULL, NULL);
INSERT INTO EX.SINTOMAS(FECHA_INICIO, ID_SINTOMA, ID_PERSONA, ID_FICHA_MEDICA) VALUES
                            (TO_DATE('2020-01-17','YYYY-MM-DD'), 1, '00133', 133);
INSERT INTO EX.SINTOMAS(FECHA_INICIO, ID_SINTOMA, ID_PERSONA, ID_FICHA_MEDICA) VALUES
                            (TO_DATE('2020-03-12','YYYY-MM-DD'), 2, '00133', 133);
INSERT INTO EX.SINTOMAS(FECHA_INICIO, ID_SINTOMA, ID_PERSONA, ID_FICHA_MEDICA) VALUES
                            (TO_DATE('2020-02-05','YYYY-MM-DD'), 3, '00133', 133);
INSERT INTO EX.SINTOMAS(FECHA_INICIO, ID_SINTOMA, ID_PERSONA, ID_FICHA_MEDICA) VALUES
                            (TO_DATE('2020-05-04','YYYY-MM-DD'), 4, '00133', 133);
INSERT INTO EX.SINTOMAS(FECHA_INICIO, ID_SINTOMA, ID_PERSONA, ID_FICHA_MEDICA) VALUES
                            (TO_DATE('2020-06-22','YYYY-MM-DD'), 5, '00133', 133);
INSERT INTO EX.SINTOMAS(FECHA_INICIO, ID_SINTOMA, ID_PERSONA, ID_FICHA_MEDICA) VALUES
                            (TO_DATE('2020-06-01','YYYY-MM-DD'), 6, '00133', 133);
INSERT INTO EX.SINTOMAS(FECHA_INICIO, ID_SINTOMA, ID_PERSONA, ID_FICHA_MEDICA) VALUES
                            (TO_DATE('2020-05-20','YYYY-MM-DD'), 7, '00133', 133);
INSERT INTO EX.SINTOMAS(FECHA_INICIO, ID_SINTOMA, ID_PERSONA, ID_FICHA_MEDICA) VALUES
                            (TO_DATE('2020-04-30','YYYY-MM-DD'), 8, '00133', 133);
INSERT INTO EX.SINTOMAS(FECHA_INICIO, ID_SINTOMA, ID_PERSONA, ID_FICHA_MEDICA) VALUES
                            (TO_DATE('2020-02-21','YYYY-MM-DD'), 9, '00133', 133);
INSERT INTO EX.SINTOMAS(FECHA_INICIO, ID_SINTOMA, ID_PERSONA, ID_FICHA_MEDICA) VALUES
                            (TO_DATE('2020-05-18','YYYY-MM-DD'), 10, '00133', 133);
INSERT INTO EX.SINTOMAS(FECHA_INICIO, ID_SINTOMA, ID_PERSONA, ID_FICHA_MEDICA) VALUES
                            (TO_DATE('2020-03-02','YYYY-MM-DD'), 11, '00133', 133);
INSERT INTO EX.SINTOMAS(FECHA_INICIO, ID_SINTOMA, ID_PERSONA, ID_FICHA_MEDICA) VALUES
                            (TO_DATE('2020-02-10','YYYY-MM-DD'), 12, '00133', 133);
INSERT INTO EX.SINTOMAS(FECHA_INICIO, ID_SINTOMA, ID_PERSONA, ID_FICHA_MEDICA) VALUES
                            (TO_DATE('2020-06-01','YYYY-MM-DD'), 13, '00133', 133);
INSERT INTO EX.SINTOMAS(FECHA_INICIO, ID_SINTOMA, ID_PERSONA, ID_FICHA_MEDICA) VALUES
                            (TO_DATE('2020-05-24','YYYY-MM-DD'), 14, '00133', 133);
INSERT INTO EX.SINTOMAS(FECHA_INICIO, ID_SINTOMA, ID_PERSONA, ID_FICHA_MEDICA) VALUES
                            (TO_DATE('2020-02-03','YYYY-MM-DD'), 15, '00133', 133);
INSERT INTO EX.SINTOMAS(FECHA_INICIO, ID_SINTOMA, ID_PERSONA, ID_FICHA_MEDICA) VALUES
                            (TO_DATE('2020-05-06','YYYY-MM-DD'), 16, '00133', 133);
INSERT INTO EX.SINTOMAS(FECHA_INICIO, ID_SINTOMA, ID_PERSONA, ID_FICHA_MEDICA) VALUES
                            (TO_DATE('2020-01-01','YYYY-MM-DD'), 17, '00133', 133);
INSERT INTO EX.PERSONA(DOC_IDENTIDAD, NOMBRE, NOMBRE1, APELLIDO, APELLIDO1, FECHA_NAC, GENERO, FOTO) VALUES
                  ('00134', 'Monica', 'Richard', 'Sweeney', 'Roberts', TO_DATE('2003-06-12','YYYY-MM-DD'), 'm', NULL);
INSERT INTO EX.HISTORICO_RESIDENCIA(FECHA_INICIO, ID_LUGAR, ID_PERSONA, FECHA_FIN) VALUES
                  (TO_DATE('1990-10-17','YYYY-MM-DD'), 40, '00134', NULL);
INSERT INTO EX.FICHA_MEDICA(ID, ID_PERSONA, ID_CENTRO_SALUD, ID_LUGAR, ESTADO, FECHA_INFECCION, FECHA_RECUPERACION) VALUES
                                             (134, '00134', 25, 40, 'desconido', NULL, NULL);
INSERT INTO EX.PERSONA(DOC_IDENTIDAD, NOMBRE, NOMBRE1, APELLIDO, APELLIDO1, FECHA_NAC, GENERO, FOTO) VALUES
                  ('00135', 'Henry', 'Shawn', 'Mann', 'Shelton', TO_DATE('1986-03-07','YYYY-MM-DD'), 'f', NULL);
INSERT INTO EX.HISTORICO_RESIDENCIA(FECHA_INICIO, ID_LUGAR, ID_PERSONA, FECHA_FIN) VALUES
                  (TO_DATE('1972-07-15','YYYY-MM-DD'), 36, '00135', NULL);
INSERT INTO EX.FICHA_MEDICA(ID, ID_PERSONA, ID_CENTRO_SALUD, ID_LUGAR, ESTADO, FECHA_INFECCION, FECHA_RECUPERACION) VALUES
                                             (135, '00135', 21, 36, 'desconido', NULL, NULL);
INSERT INTO EX.PADECIMIENTOS(ID_PATOLOGIA, ID_PERSONA, ID_FICHA_MEDICA) VALUES
                            (1, '00135', 135);
INSERT INTO EX.PADECIMIENTOS(ID_PATOLOGIA, ID_PERSONA, ID_FICHA_MEDICA) VALUES
                            (2, '00135', 135);
INSERT INTO EX.PERSONA(DOC_IDENTIDAD, NOMBRE, NOMBRE1, APELLIDO, APELLIDO1, FECHA_NAC, GENERO, FOTO) VALUES
                  ('00136', 'Christy', 'Jennifer', 'Brown', 'Stewart', TO_DATE('1998-10-06','YYYY-MM-DD'), 'm', NULL);
INSERT INTO EX.HISTORICO_RESIDENCIA(FECHA_INICIO, ID_LUGAR, ID_PERSONA, FECHA_FIN) VALUES
                  (TO_DATE('1989-01-16','YYYY-MM-DD'), 19, '00136', NULL);
INSERT INTO EX.FICHA_MEDICA(ID, ID_PERSONA, ID_CENTRO_SALUD, ID_LUGAR, ESTADO, FECHA_INFECCION, FECHA_RECUPERACION) VALUES
                                             (136, '00136', 4, 19, 'desconido', NULL, NULL);
INSERT INTO EX.PERSONA(DOC_IDENTIDAD, NOMBRE, NOMBRE1, APELLIDO, APELLIDO1, FECHA_NAC, GENERO, FOTO) VALUES
                  ('00137', 'David', 'Caroline', 'Johnston', 'Hale', TO_DATE('2000-01-04','YYYY-MM-DD'), 'f', NULL);
INSERT INTO EX.HISTORICO_RESIDENCIA(FECHA_INICIO, ID_LUGAR, ID_PERSONA, FECHA_FIN) VALUES
                  (TO_DATE('1981-03-10','YYYY-MM-DD'), 29, '00137', NULL);
INSERT INTO EX.FICHA_MEDICA(ID, ID_PERSONA, ID_CENTRO_SALUD, ID_LUGAR, ESTADO, FECHA_INFECCION, FECHA_RECUPERACION) VALUES
                                             (137, '00137', 14, 29, 'desconido', NULL, NULL);
INSERT INTO EX.SINTOMAS(FECHA_INICIO, ID_SINTOMA, ID_PERSONA, ID_FICHA_MEDICA) VALUES
                            (TO_DATE('2020-06-24','YYYY-MM-DD'), 1, '00137', 137);
INSERT INTO EX.SINTOMAS(FECHA_INICIO, ID_SINTOMA, ID_PERSONA, ID_FICHA_MEDICA) VALUES
                            (TO_DATE('2020-04-19','YYYY-MM-DD'), 2, '00137', 137);
INSERT INTO EX.SINTOMAS(FECHA_INICIO, ID_SINTOMA, ID_PERSONA, ID_FICHA_MEDICA) VALUES
                            (TO_DATE('2020-04-27','YYYY-MM-DD'), 3, '00137', 137);
INSERT INTO EX.SINTOMAS(FECHA_INICIO, ID_SINTOMA, ID_PERSONA, ID_FICHA_MEDICA) VALUES
                            (TO_DATE('2020-01-28','YYYY-MM-DD'), 4, '00137', 137);
INSERT INTO EX.SINTOMAS(FECHA_INICIO, ID_SINTOMA, ID_PERSONA, ID_FICHA_MEDICA) VALUES
                            (TO_DATE('2020-02-06','YYYY-MM-DD'), 5, '00137', 137);
INSERT INTO EX.SINTOMAS(FECHA_INICIO, ID_SINTOMA, ID_PERSONA, ID_FICHA_MEDICA) VALUES
                            (TO_DATE('2020-05-15','YYYY-MM-DD'), 6, '00137', 137);
INSERT INTO EX.SINTOMAS(FECHA_INICIO, ID_SINTOMA, ID_PERSONA, ID_FICHA_MEDICA) VALUES
                            (TO_DATE('2020-03-20','YYYY-MM-DD'), 7, '00137', 137);
INSERT INTO EX.SINTOMAS(FECHA_INICIO, ID_SINTOMA, ID_PERSONA, ID_FICHA_MEDICA) VALUES
                            (TO_DATE('2020-05-04','YYYY-MM-DD'), 8, '00137', 137);
INSERT INTO EX.SINTOMAS(FECHA_INICIO, ID_SINTOMA, ID_PERSONA, ID_FICHA_MEDICA) VALUES
                            (TO_DATE('2020-02-29','YYYY-MM-DD'), 9, '00137', 137);
INSERT INTO EX.SINTOMAS(FECHA_INICIO, ID_SINTOMA, ID_PERSONA, ID_FICHA_MEDICA) VALUES
                            (TO_DATE('2020-04-15','YYYY-MM-DD'), 10, '00137', 137);
INSERT INTO EX.SINTOMAS(FECHA_INICIO, ID_SINTOMA, ID_PERSONA, ID_FICHA_MEDICA) VALUES
                            (TO_DATE('2020-02-08','YYYY-MM-DD'), 11, '00137', 137);
INSERT INTO EX.PERSONA(DOC_IDENTIDAD, NOMBRE, NOMBRE1, APELLIDO, APELLIDO1, FECHA_NAC, GENERO, FOTO) VALUES
                  ('00138', 'Angelica', 'George', 'Malone', 'Alvarado', TO_DATE('2007-05-26','YYYY-MM-DD'), 'm', NULL);
INSERT INTO EX.HISTORICO_RESIDENCIA(FECHA_INICIO, ID_LUGAR, ID_PERSONA, FECHA_FIN) VALUES
                  (TO_DATE('2009-04-23','YYYY-MM-DD'), 38, '00138', NULL);
INSERT INTO EX.FICHA_MEDICA(ID, ID_PERSONA, ID_CENTRO_SALUD, ID_LUGAR, ESTADO, FECHA_INFECCION, FECHA_RECUPERACION) VALUES
                                             (138, '00138', 23, 38, 'desconido', NULL, NULL);
INSERT INTO EX.PADECIMIENTOS(ID_PATOLOGIA, ID_PERSONA, ID_FICHA_MEDICA) VALUES
                            (1, '00138', 138);
INSERT INTO EX.PADECIMIENTOS(ID_PATOLOGIA, ID_PERSONA, ID_FICHA_MEDICA) VALUES
                            (2, '00138', 138);
INSERT INTO EX.PADECIMIENTOS(ID_PATOLOGIA, ID_PERSONA, ID_FICHA_MEDICA) VALUES
                            (3, '00138', 138);
INSERT INTO EX.PADECIMIENTOS(ID_PATOLOGIA, ID_PERSONA, ID_FICHA_MEDICA) VALUES
                            (4, '00138', 138);
INSERT INTO EX.PADECIMIENTOS(ID_PATOLOGIA, ID_PERSONA, ID_FICHA_MEDICA) VALUES
                            (5, '00138', 138);
INSERT INTO EX.PADECIMIENTOS(ID_PATOLOGIA, ID_PERSONA, ID_FICHA_MEDICA) VALUES
                            (6, '00138', 138);
INSERT INTO EX.PADECIMIENTOS(ID_PATOLOGIA, ID_PERSONA, ID_FICHA_MEDICA) VALUES
                            (7, '00138', 138);
INSERT INTO EX.PADECIMIENTOS(ID_PATOLOGIA, ID_PERSONA, ID_FICHA_MEDICA) VALUES
                            (8, '00138', 138);
INSERT INTO EX.PADECIMIENTOS(ID_PATOLOGIA, ID_PERSONA, ID_FICHA_MEDICA) VALUES
                            (9, '00138', 138);
INSERT INTO EX.SINTOMAS(FECHA_INICIO, ID_SINTOMA, ID_PERSONA, ID_FICHA_MEDICA) VALUES
                            (TO_DATE('2020-03-12','YYYY-MM-DD'), 1, '00138', 138);
INSERT INTO EX.SINTOMAS(FECHA_INICIO, ID_SINTOMA, ID_PERSONA, ID_FICHA_MEDICA) VALUES
                            (TO_DATE('2020-02-29','YYYY-MM-DD'), 2, '00138', 138);
INSERT INTO EX.SINTOMAS(FECHA_INICIO, ID_SINTOMA, ID_PERSONA, ID_FICHA_MEDICA) VALUES
                            (TO_DATE('2020-03-23','YYYY-MM-DD'), 3, '00138', 138);
INSERT INTO EX.SINTOMAS(FECHA_INICIO, ID_SINTOMA, ID_PERSONA, ID_FICHA_MEDICA) VALUES
                            (TO_DATE('2020-04-25','YYYY-MM-DD'), 4, '00138', 138);
INSERT INTO EX.SINTOMAS(FECHA_INICIO, ID_SINTOMA, ID_PERSONA, ID_FICHA_MEDICA) VALUES
                            (TO_DATE('2020-02-13','YYYY-MM-DD'), 5, '00138', 138);
INSERT INTO EX.SINTOMAS(FECHA_INICIO, ID_SINTOMA, ID_PERSONA, ID_FICHA_MEDICA) VALUES
                            (TO_DATE('2020-01-14','YYYY-MM-DD'), 6, '00138', 138);
INSERT INTO EX.SINTOMAS(FECHA_INICIO, ID_SINTOMA, ID_PERSONA, ID_FICHA_MEDICA) VALUES
                            (TO_DATE('2020-05-17','YYYY-MM-DD'), 7, '00138', 138);
INSERT INTO EX.SINTOMAS(FECHA_INICIO, ID_SINTOMA, ID_PERSONA, ID_FICHA_MEDICA) VALUES
                            (TO_DATE('2020-01-13','YYYY-MM-DD'), 8, '00138', 138);
INSERT INTO EX.SINTOMAS(FECHA_INICIO, ID_SINTOMA, ID_PERSONA, ID_FICHA_MEDICA) VALUES
                            (TO_DATE('2020-05-25','YYYY-MM-DD'), 9, '00138', 138);
INSERT INTO EX.SINTOMAS(FECHA_INICIO, ID_SINTOMA, ID_PERSONA, ID_FICHA_MEDICA) VALUES
                            (TO_DATE('2020-06-23','YYYY-MM-DD'), 10, '00138', 138);
INSERT INTO EX.PERSONA(DOC_IDENTIDAD, NOMBRE, NOMBRE1, APELLIDO, APELLIDO1, FECHA_NAC, GENERO, FOTO) VALUES
                  ('00139', 'Monica', 'Evelyn', 'Guzman', 'Reed', TO_DATE('1986-11-01','YYYY-MM-DD'), 'f', NULL);
INSERT INTO EX.HISTORICO_RESIDENCIA(FECHA_INICIO, ID_LUGAR, ID_PERSONA, FECHA_FIN) VALUES
                  (TO_DATE('1972-07-12','YYYY-MM-DD'), 23, '00139', NULL);
INSERT INTO EX.FICHA_MEDICA(ID, ID_PERSONA, ID_CENTRO_SALUD, ID_LUGAR, ESTADO, FECHA_INFECCION, FECHA_RECUPERACION) VALUES
                                             (139, '00139', 8, 23, 'desconido', NULL, NULL);
INSERT INTO EX.SINTOMAS(FECHA_INICIO, ID_SINTOMA, ID_PERSONA, ID_FICHA_MEDICA) VALUES
                            (TO_DATE('2020-04-23','YYYY-MM-DD'), 1, '00139', 139);
INSERT INTO EX.PERSONA(DOC_IDENTIDAD, NOMBRE, NOMBRE1, APELLIDO, APELLIDO1, FECHA_NAC, GENERO, FOTO) VALUES
                  ('00140', 'Timothy', 'Alyssa', 'Lee', 'Franklin', TO_DATE('1984-09-08','YYYY-MM-DD'), 'm', NULL);
INSERT INTO EX.HISTORICO_RESIDENCIA(FECHA_INICIO, ID_LUGAR, ID_PERSONA, FECHA_FIN) VALUES
                  (TO_DATE('1979-06-26','YYYY-MM-DD'), 38, '00140', NULL);
INSERT INTO EX.FICHA_MEDICA(ID, ID_PERSONA, ID_CENTRO_SALUD, ID_LUGAR, ESTADO, FECHA_INFECCION, FECHA_RECUPERACION) VALUES
                                             (140, '00140', 23, 38, 'desconido', NULL, NULL);
INSERT INTO EX.PERSONA(DOC_IDENTIDAD, NOMBRE, NOMBRE1, APELLIDO, APELLIDO1, FECHA_NAC, GENERO, FOTO) VALUES
                  ('00141', 'Michael', 'Deborah', 'Mcgee', 'Hall', TO_DATE('1983-01-28','YYYY-MM-DD'), 'f', NULL);
INSERT INTO EX.HISTORICO_RESIDENCIA(FECHA_INICIO, ID_LUGAR, ID_PERSONA, FECHA_FIN) VALUES
                  (TO_DATE('1989-11-19','YYYY-MM-DD'), 34, '00141', NULL);
INSERT INTO EX.FICHA_MEDICA(ID, ID_PERSONA, ID_CENTRO_SALUD, ID_LUGAR, ESTADO, FECHA_INFECCION, FECHA_RECUPERACION) VALUES
                                             (141, '00141', 19, 34, 'desconido', NULL, NULL);
INSERT INTO EX.SINTOMAS(FECHA_INICIO, ID_SINTOMA, ID_PERSONA, ID_FICHA_MEDICA) VALUES
                            (TO_DATE('2020-03-07','YYYY-MM-DD'), 1, '00141', 141);
INSERT INTO EX.SINTOMAS(FECHA_INICIO, ID_SINTOMA, ID_PERSONA, ID_FICHA_MEDICA) VALUES
                            (TO_DATE('2020-01-23','YYYY-MM-DD'), 2, '00141', 141);
INSERT INTO EX.SINTOMAS(FECHA_INICIO, ID_SINTOMA, ID_PERSONA, ID_FICHA_MEDICA) VALUES
                            (TO_DATE('2020-05-06','YYYY-MM-DD'), 3, '00141', 141);
INSERT INTO EX.SINTOMAS(FECHA_INICIO, ID_SINTOMA, ID_PERSONA, ID_FICHA_MEDICA) VALUES
                            (TO_DATE('2020-04-08','YYYY-MM-DD'), 4, '00141', 141);
INSERT INTO EX.SINTOMAS(FECHA_INICIO, ID_SINTOMA, ID_PERSONA, ID_FICHA_MEDICA) VALUES
                            (TO_DATE('2020-03-06','YYYY-MM-DD'), 5, '00141', 141);
INSERT INTO EX.SINTOMAS(FECHA_INICIO, ID_SINTOMA, ID_PERSONA, ID_FICHA_MEDICA) VALUES
                            (TO_DATE('2020-03-29','YYYY-MM-DD'), 6, '00141', 141);
INSERT INTO EX.SINTOMAS(FECHA_INICIO, ID_SINTOMA, ID_PERSONA, ID_FICHA_MEDICA) VALUES
                            (TO_DATE('2020-02-26','YYYY-MM-DD'), 7, '00141', 141);
INSERT INTO EX.SINTOMAS(FECHA_INICIO, ID_SINTOMA, ID_PERSONA, ID_FICHA_MEDICA) VALUES
                            (TO_DATE('2020-05-31','YYYY-MM-DD'), 8, '00141', 141);
INSERT INTO EX.SINTOMAS(FECHA_INICIO, ID_SINTOMA, ID_PERSONA, ID_FICHA_MEDICA) VALUES
                            (TO_DATE('2020-02-02','YYYY-MM-DD'), 9, '00141', 141);
INSERT INTO EX.SINTOMAS(FECHA_INICIO, ID_SINTOMA, ID_PERSONA, ID_FICHA_MEDICA) VALUES
                            (TO_DATE('2020-01-01','YYYY-MM-DD'), 10, '00141', 141);
INSERT INTO EX.PERSONA(DOC_IDENTIDAD, NOMBRE, NOMBRE1, APELLIDO, APELLIDO1, FECHA_NAC, GENERO, FOTO) VALUES
                  ('00142', 'Shawn', 'Jeffrey', 'Buchanan', 'Garcia', TO_DATE('1993-04-20','YYYY-MM-DD'), 'm', NULL);
INSERT INTO EX.HISTORICO_RESIDENCIA(FECHA_INICIO, ID_LUGAR, ID_PERSONA, FECHA_FIN) VALUES
                  (TO_DATE('2007-04-15','YYYY-MM-DD'), 45, '00142', NULL);
INSERT INTO EX.FICHA_MEDICA(ID, ID_PERSONA, ID_CENTRO_SALUD, ID_LUGAR, ESTADO, FECHA_INFECCION, FECHA_RECUPERACION) VALUES
                                             (142, '00142', 30, 45, 'desconido', NULL, NULL);
INSERT INTO EX.SINTOMAS(FECHA_INICIO, ID_SINTOMA, ID_PERSONA, ID_FICHA_MEDICA) VALUES
                            (TO_DATE('2020-05-26','YYYY-MM-DD'), 1, '00142', 142);
INSERT INTO EX.SINTOMAS(FECHA_INICIO, ID_SINTOMA, ID_PERSONA, ID_FICHA_MEDICA) VALUES
                            (TO_DATE('2020-05-12','YYYY-MM-DD'), 2, '00142', 142);
INSERT INTO EX.SINTOMAS(FECHA_INICIO, ID_SINTOMA, ID_PERSONA, ID_FICHA_MEDICA) VALUES
                            (TO_DATE('2020-01-05','YYYY-MM-DD'), 3, '00142', 142);
INSERT INTO EX.PERSONA(DOC_IDENTIDAD, NOMBRE, NOMBRE1, APELLIDO, APELLIDO1, FECHA_NAC, GENERO, FOTO) VALUES
                  ('00143', 'Tanya', 'Janice', 'Wallace', 'Adams', TO_DATE('1987-03-08','YYYY-MM-DD'), 'f', NULL);
INSERT INTO EX.HISTORICO_RESIDENCIA(FECHA_INICIO, ID_LUGAR, ID_PERSONA, FECHA_FIN) VALUES
                  (TO_DATE('1988-02-22','YYYY-MM-DD'), 45, '00143', NULL);
INSERT INTO EX.FICHA_MEDICA(ID, ID_PERSONA, ID_CENTRO_SALUD, ID_LUGAR, ESTADO, FECHA_INFECCION, FECHA_RECUPERACION) VALUES
                                             (143, '00143', 30, 45, 'desconido', NULL, NULL);
INSERT INTO EX.SINTOMAS(FECHA_INICIO, ID_SINTOMA, ID_PERSONA, ID_FICHA_MEDICA) VALUES
                            (TO_DATE('2020-06-11','YYYY-MM-DD'), 1, '00143', 143);
INSERT INTO EX.SINTOMAS(FECHA_INICIO, ID_SINTOMA, ID_PERSONA, ID_FICHA_MEDICA) VALUES
                            (TO_DATE('2020-01-29','YYYY-MM-DD'), 2, '00143', 143);
INSERT INTO EX.SINTOMAS(FECHA_INICIO, ID_SINTOMA, ID_PERSONA, ID_FICHA_MEDICA) VALUES
                            (TO_DATE('2020-04-06','YYYY-MM-DD'), 3, '00143', 143);
INSERT INTO EX.SINTOMAS(FECHA_INICIO, ID_SINTOMA, ID_PERSONA, ID_FICHA_MEDICA) VALUES
                            (TO_DATE('2020-01-13','YYYY-MM-DD'), 4, '00143', 143);
INSERT INTO EX.SINTOMAS(FECHA_INICIO, ID_SINTOMA, ID_PERSONA, ID_FICHA_MEDICA) VALUES
                            (TO_DATE('2020-05-29','YYYY-MM-DD'), 5, '00143', 143);
INSERT INTO EX.SINTOMAS(FECHA_INICIO, ID_SINTOMA, ID_PERSONA, ID_FICHA_MEDICA) VALUES
                            (TO_DATE('2020-02-23','YYYY-MM-DD'), 6, '00143', 143);
INSERT INTO EX.SINTOMAS(FECHA_INICIO, ID_SINTOMA, ID_PERSONA, ID_FICHA_MEDICA) VALUES
                            (TO_DATE('2020-01-04','YYYY-MM-DD'), 7, '00143', 143);
INSERT INTO EX.SINTOMAS(FECHA_INICIO, ID_SINTOMA, ID_PERSONA, ID_FICHA_MEDICA) VALUES
                            (TO_DATE('2020-01-23','YYYY-MM-DD'), 8, '00143', 143);
INSERT INTO EX.SINTOMAS(FECHA_INICIO, ID_SINTOMA, ID_PERSONA, ID_FICHA_MEDICA) VALUES
                            (TO_DATE('2020-01-19','YYYY-MM-DD'), 9, '00143', 143);
INSERT INTO EX.PERSONA(DOC_IDENTIDAD, NOMBRE, NOMBRE1, APELLIDO, APELLIDO1, FECHA_NAC, GENERO, FOTO) VALUES
                  ('00144', 'Mark', 'Brandon', 'Parrish', 'Jackson', TO_DATE('2010-12-17','YYYY-MM-DD'), 'm', NULL);
INSERT INTO EX.HISTORICO_RESIDENCIA(FECHA_INICIO, ID_LUGAR, ID_PERSONA, FECHA_FIN) VALUES
                  (TO_DATE('2004-12-22','YYYY-MM-DD'), 31, '00144', NULL);
INSERT INTO EX.FICHA_MEDICA(ID, ID_PERSONA, ID_CENTRO_SALUD, ID_LUGAR, ESTADO, FECHA_INFECCION, FECHA_RECUPERACION) VALUES
                                             (144, '00144', 16, 31, 'desconido', NULL, NULL);
INSERT INTO EX.SINTOMAS(FECHA_INICIO, ID_SINTOMA, ID_PERSONA, ID_FICHA_MEDICA) VALUES
                            (TO_DATE('2020-06-29','YYYY-MM-DD'), 1, '00144', 144);
INSERT INTO EX.SINTOMAS(FECHA_INICIO, ID_SINTOMA, ID_PERSONA, ID_FICHA_MEDICA) VALUES
                            (TO_DATE('2020-05-06','YYYY-MM-DD'), 2, '00144', 144);
INSERT INTO EX.SINTOMAS(FECHA_INICIO, ID_SINTOMA, ID_PERSONA, ID_FICHA_MEDICA) VALUES
                            (TO_DATE('2020-03-20','YYYY-MM-DD'), 3, '00144', 144);
INSERT INTO EX.SINTOMAS(FECHA_INICIO, ID_SINTOMA, ID_PERSONA, ID_FICHA_MEDICA) VALUES
                            (TO_DATE('2020-06-19','YYYY-MM-DD'), 4, '00144', 144);
INSERT INTO EX.SINTOMAS(FECHA_INICIO, ID_SINTOMA, ID_PERSONA, ID_FICHA_MEDICA) VALUES
                            (TO_DATE('2020-06-28','YYYY-MM-DD'), 5, '00144', 144);
INSERT INTO EX.SINTOMAS(FECHA_INICIO, ID_SINTOMA, ID_PERSONA, ID_FICHA_MEDICA) VALUES
                            (TO_DATE('2020-02-02','YYYY-MM-DD'), 6, '00144', 144);
INSERT INTO EX.SINTOMAS(FECHA_INICIO, ID_SINTOMA, ID_PERSONA, ID_FICHA_MEDICA) VALUES
                            (TO_DATE('2020-05-09','YYYY-MM-DD'), 7, '00144', 144);
INSERT INTO EX.SINTOMAS(FECHA_INICIO, ID_SINTOMA, ID_PERSONA, ID_FICHA_MEDICA) VALUES
                            (TO_DATE('2020-06-03','YYYY-MM-DD'), 8, '00144', 144);
INSERT INTO EX.PERSONA(DOC_IDENTIDAD, NOMBRE, NOMBRE1, APELLIDO, APELLIDO1, FECHA_NAC, GENERO, FOTO) VALUES
                  ('00145', 'Melinda', 'David', 'Hunt', 'House', TO_DATE('1975-01-03','YYYY-MM-DD'), 'f', NULL);
INSERT INTO EX.HISTORICO_RESIDENCIA(FECHA_INICIO, ID_LUGAR, ID_PERSONA, FECHA_FIN) VALUES
                  (TO_DATE('2005-01-29','YYYY-MM-DD'), 41, '00145', NULL);
INSERT INTO EX.FICHA_MEDICA(ID, ID_PERSONA, ID_CENTRO_SALUD, ID_LUGAR, ESTADO, FECHA_INFECCION, FECHA_RECUPERACION) VALUES
                                             (145, '00145', 26, 41, 'desconido', NULL, NULL);
INSERT INTO EX.PERSONA(DOC_IDENTIDAD, NOMBRE, NOMBRE1, APELLIDO, APELLIDO1, FECHA_NAC, GENERO, FOTO) VALUES
                  ('00146', 'Patricia', 'Rebecca', 'Gutierrez', 'Alexander', TO_DATE('1982-07-04','YYYY-MM-DD'), 'm', NULL);
INSERT INTO EX.HISTORICO_RESIDENCIA(FECHA_INICIO, ID_LUGAR, ID_PERSONA, FECHA_FIN) VALUES
                  (TO_DATE('1996-02-05','YYYY-MM-DD'), 19, '00146', NULL);
INSERT INTO EX.FICHA_MEDICA(ID, ID_PERSONA, ID_CENTRO_SALUD, ID_LUGAR, ESTADO, FECHA_INFECCION, FECHA_RECUPERACION) VALUES
                                             (146, '00146', 4, 19, 'desconido', NULL, NULL);
INSERT INTO EX.PADECIMIENTOS(ID_PATOLOGIA, ID_PERSONA, ID_FICHA_MEDICA) VALUES
                            (1, '00146', 146);
INSERT INTO EX.PADECIMIENTOS(ID_PATOLOGIA, ID_PERSONA, ID_FICHA_MEDICA) VALUES
                            (2, '00146', 146);
INSERT INTO EX.PADECIMIENTOS(ID_PATOLOGIA, ID_PERSONA, ID_FICHA_MEDICA) VALUES
                            (3, '00146', 146);
INSERT INTO EX.PADECIMIENTOS(ID_PATOLOGIA, ID_PERSONA, ID_FICHA_MEDICA) VALUES
                            (4, '00146', 146);
INSERT INTO EX.PADECIMIENTOS(ID_PATOLOGIA, ID_PERSONA, ID_FICHA_MEDICA) VALUES
                            (5, '00146', 146);
INSERT INTO EX.SINTOMAS(FECHA_INICIO, ID_SINTOMA, ID_PERSONA, ID_FICHA_MEDICA) VALUES
                            (TO_DATE('2020-03-24','YYYY-MM-DD'), 1, '00146', 146);
INSERT INTO EX.SINTOMAS(FECHA_INICIO, ID_SINTOMA, ID_PERSONA, ID_FICHA_MEDICA) VALUES
                            (TO_DATE('2020-06-09','YYYY-MM-DD'), 2, '00146', 146);
INSERT INTO EX.SINTOMAS(FECHA_INICIO, ID_SINTOMA, ID_PERSONA, ID_FICHA_MEDICA) VALUES
                            (TO_DATE('2020-03-04','YYYY-MM-DD'), 3, '00146', 146);
INSERT INTO EX.SINTOMAS(FECHA_INICIO, ID_SINTOMA, ID_PERSONA, ID_FICHA_MEDICA) VALUES
                            (TO_DATE('2020-03-22','YYYY-MM-DD'), 4, '00146', 146);
INSERT INTO EX.SINTOMAS(FECHA_INICIO, ID_SINTOMA, ID_PERSONA, ID_FICHA_MEDICA) VALUES
                            (TO_DATE('2020-01-08','YYYY-MM-DD'), 5, '00146', 146);
INSERT INTO EX.SINTOMAS(FECHA_INICIO, ID_SINTOMA, ID_PERSONA, ID_FICHA_MEDICA) VALUES
                            (TO_DATE('2020-03-08','YYYY-MM-DD'), 6, '00146', 146);
INSERT INTO EX.SINTOMAS(FECHA_INICIO, ID_SINTOMA, ID_PERSONA, ID_FICHA_MEDICA) VALUES
                            (TO_DATE('2020-02-15','YYYY-MM-DD'), 7, '00146', 146);
INSERT INTO EX.SINTOMAS(FECHA_INICIO, ID_SINTOMA, ID_PERSONA, ID_FICHA_MEDICA) VALUES
                            (TO_DATE('2020-04-09','YYYY-MM-DD'), 8, '00146', 146);
INSERT INTO EX.SINTOMAS(FECHA_INICIO, ID_SINTOMA, ID_PERSONA, ID_FICHA_MEDICA) VALUES
                            (TO_DATE('2020-06-29','YYYY-MM-DD'), 9, '00146', 146);
INSERT INTO EX.SINTOMAS(FECHA_INICIO, ID_SINTOMA, ID_PERSONA, ID_FICHA_MEDICA) VALUES
                            (TO_DATE('2020-07-01','YYYY-MM-DD'), 10, '00146', 146);
INSERT INTO EX.SINTOMAS(FECHA_INICIO, ID_SINTOMA, ID_PERSONA, ID_FICHA_MEDICA) VALUES
                            (TO_DATE('2020-01-22','YYYY-MM-DD'), 11, '00146', 146);
INSERT INTO EX.SINTOMAS(FECHA_INICIO, ID_SINTOMA, ID_PERSONA, ID_FICHA_MEDICA) VALUES
                            (TO_DATE('2020-02-07','YYYY-MM-DD'), 12, '00146', 146);
INSERT INTO EX.SINTOMAS(FECHA_INICIO, ID_SINTOMA, ID_PERSONA, ID_FICHA_MEDICA) VALUES
                            (TO_DATE('2020-03-29','YYYY-MM-DD'), 13, '00146', 146);
INSERT INTO EX.SINTOMAS(FECHA_INICIO, ID_SINTOMA, ID_PERSONA, ID_FICHA_MEDICA) VALUES
                            (TO_DATE('2020-05-14','YYYY-MM-DD'), 14, '00146', 146);
INSERT INTO EX.SINTOMAS(FECHA_INICIO, ID_SINTOMA, ID_PERSONA, ID_FICHA_MEDICA) VALUES
                            (TO_DATE('2020-02-13','YYYY-MM-DD'), 15, '00146', 146);
INSERT INTO EX.SINTOMAS(FECHA_INICIO, ID_SINTOMA, ID_PERSONA, ID_FICHA_MEDICA) VALUES
                            (TO_DATE('2020-03-27','YYYY-MM-DD'), 16, '00146', 146);
INSERT INTO EX.PERSONA(DOC_IDENTIDAD, NOMBRE, NOMBRE1, APELLIDO, APELLIDO1, FECHA_NAC, GENERO, FOTO) VALUES
                  ('00147', 'Sheila', 'William', 'Anderson', 'Miles', TO_DATE('2011-10-27','YYYY-MM-DD'), 'f', NULL);
INSERT INTO EX.HISTORICO_RESIDENCIA(FECHA_INICIO, ID_LUGAR, ID_PERSONA, FECHA_FIN) VALUES
                  (TO_DATE('2002-10-09','YYYY-MM-DD'), 30, '00147', NULL);
INSERT INTO EX.FICHA_MEDICA(ID, ID_PERSONA, ID_CENTRO_SALUD, ID_LUGAR, ESTADO, FECHA_INFECCION, FECHA_RECUPERACION) VALUES
                                             (147, '00147', 15, 30, 'desconido', NULL, NULL);
INSERT INTO EX.SINTOMAS(FECHA_INICIO, ID_SINTOMA, ID_PERSONA, ID_FICHA_MEDICA) VALUES
                            (TO_DATE('2020-04-10','YYYY-MM-DD'), 1, '00147', 147);
INSERT INTO EX.SINTOMAS(FECHA_INICIO, ID_SINTOMA, ID_PERSONA, ID_FICHA_MEDICA) VALUES
                            (TO_DATE('2020-03-04','YYYY-MM-DD'), 2, '00147', 147);
INSERT INTO EX.SINTOMAS(FECHA_INICIO, ID_SINTOMA, ID_PERSONA, ID_FICHA_MEDICA) VALUES
                            (TO_DATE('2020-05-21','YYYY-MM-DD'), 3, '00147', 147);
INSERT INTO EX.SINTOMAS(FECHA_INICIO, ID_SINTOMA, ID_PERSONA, ID_FICHA_MEDICA) VALUES
                            (TO_DATE('2020-04-09','YYYY-MM-DD'), 4, '00147', 147);
INSERT INTO EX.PERSONA(DOC_IDENTIDAD, NOMBRE, NOMBRE1, APELLIDO, APELLIDO1, FECHA_NAC, GENERO, FOTO) VALUES
                  ('00148', 'Travis', 'Madison', 'Morris', 'Moore', TO_DATE('2007-01-10','YYYY-MM-DD'), 'm', NULL);
INSERT INTO EX.HISTORICO_RESIDENCIA(FECHA_INICIO, ID_LUGAR, ID_PERSONA, FECHA_FIN) VALUES
                  (TO_DATE('2009-04-03','YYYY-MM-DD'), 22, '00148', NULL);
INSERT INTO EX.FICHA_MEDICA(ID, ID_PERSONA, ID_CENTRO_SALUD, ID_LUGAR, ESTADO, FECHA_INFECCION, FECHA_RECUPERACION) VALUES
                                             (148, '00148', 7, 22, 'desconido', NULL, NULL);
INSERT INTO EX.PADECIMIENTOS(ID_PATOLOGIA, ID_PERSONA, ID_FICHA_MEDICA) VALUES
                            (1, '00148', 148);
INSERT INTO EX.PADECIMIENTOS(ID_PATOLOGIA, ID_PERSONA, ID_FICHA_MEDICA) VALUES
                            (2, '00148', 148);
INSERT INTO EX.PADECIMIENTOS(ID_PATOLOGIA, ID_PERSONA, ID_FICHA_MEDICA) VALUES
                            (3, '00148', 148);
INSERT INTO EX.PADECIMIENTOS(ID_PATOLOGIA, ID_PERSONA, ID_FICHA_MEDICA) VALUES
                            (4, '00148', 148);
INSERT INTO EX.PADECIMIENTOS(ID_PATOLOGIA, ID_PERSONA, ID_FICHA_MEDICA) VALUES
                            (5, '00148', 148);
INSERT INTO EX.PADECIMIENTOS(ID_PATOLOGIA, ID_PERSONA, ID_FICHA_MEDICA) VALUES
                            (6, '00148', 148);
INSERT INTO EX.PADECIMIENTOS(ID_PATOLOGIA, ID_PERSONA, ID_FICHA_MEDICA) VALUES
                            (7, '00148', 148);
INSERT INTO EX.PADECIMIENTOS(ID_PATOLOGIA, ID_PERSONA, ID_FICHA_MEDICA) VALUES
                            (8, '00148', 148);
INSERT INTO EX.PADECIMIENTOS(ID_PATOLOGIA, ID_PERSONA, ID_FICHA_MEDICA) VALUES
                            (9, '00148', 148);
INSERT INTO EX.PADECIMIENTOS(ID_PATOLOGIA, ID_PERSONA, ID_FICHA_MEDICA) VALUES
                            (10, '00148', 148);
INSERT INTO EX.PADECIMIENTOS(ID_PATOLOGIA, ID_PERSONA, ID_FICHA_MEDICA) VALUES
                            (11, '00148', 148);
INSERT INTO EX.PADECIMIENTOS(ID_PATOLOGIA, ID_PERSONA, ID_FICHA_MEDICA) VALUES
                            (12, '00148', 148);
INSERT INTO EX.PADECIMIENTOS(ID_PATOLOGIA, ID_PERSONA, ID_FICHA_MEDICA) VALUES
                            (13, '00148', 148);
INSERT INTO EX.PADECIMIENTOS(ID_PATOLOGIA, ID_PERSONA, ID_FICHA_MEDICA) VALUES
                            (14, '00148', 148);
INSERT INTO EX.SINTOMAS(FECHA_INICIO, ID_SINTOMA, ID_PERSONA, ID_FICHA_MEDICA) VALUES
                            (TO_DATE('2020-03-14','YYYY-MM-DD'), 1, '00148', 148);
INSERT INTO EX.SINTOMAS(FECHA_INICIO, ID_SINTOMA, ID_PERSONA, ID_FICHA_MEDICA) VALUES
                            (TO_DATE('2020-03-28','YYYY-MM-DD'), 2, '00148', 148);
INSERT INTO EX.SINTOMAS(FECHA_INICIO, ID_SINTOMA, ID_PERSONA, ID_FICHA_MEDICA) VALUES
                            (TO_DATE('2020-02-17','YYYY-MM-DD'), 3, '00148', 148);
INSERT INTO EX.SINTOMAS(FECHA_INICIO, ID_SINTOMA, ID_PERSONA, ID_FICHA_MEDICA) VALUES
                            (TO_DATE('2020-06-18','YYYY-MM-DD'), 4, '00148', 148);
INSERT INTO EX.SINTOMAS(FECHA_INICIO, ID_SINTOMA, ID_PERSONA, ID_FICHA_MEDICA) VALUES
                            (TO_DATE('2020-05-30','YYYY-MM-DD'), 5, '00148', 148);
INSERT INTO EX.SINTOMAS(FECHA_INICIO, ID_SINTOMA, ID_PERSONA, ID_FICHA_MEDICA) VALUES
                            (TO_DATE('2020-02-16','YYYY-MM-DD'), 6, '00148', 148);
INSERT INTO EX.SINTOMAS(FECHA_INICIO, ID_SINTOMA, ID_PERSONA, ID_FICHA_MEDICA) VALUES
                            (TO_DATE('2020-06-30','YYYY-MM-DD'), 7, '00148', 148);
INSERT INTO EX.SINTOMAS(FECHA_INICIO, ID_SINTOMA, ID_PERSONA, ID_FICHA_MEDICA) VALUES
                            (TO_DATE('2020-03-27','YYYY-MM-DD'), 8, '00148', 148);
INSERT INTO EX.SINTOMAS(FECHA_INICIO, ID_SINTOMA, ID_PERSONA, ID_FICHA_MEDICA) VALUES
                            (TO_DATE('2020-02-15','YYYY-MM-DD'), 9, '00148', 148);
INSERT INTO EX.SINTOMAS(FECHA_INICIO, ID_SINTOMA, ID_PERSONA, ID_FICHA_MEDICA) VALUES
                            (TO_DATE('2020-04-19','YYYY-MM-DD'), 10, '00148', 148);
INSERT INTO EX.SINTOMAS(FECHA_INICIO, ID_SINTOMA, ID_PERSONA, ID_FICHA_MEDICA) VALUES
                            (TO_DATE('2020-05-31','YYYY-MM-DD'), 11, '00148', 148);
INSERT INTO EX.SINTOMAS(FECHA_INICIO, ID_SINTOMA, ID_PERSONA, ID_FICHA_MEDICA) VALUES
                            (TO_DATE('2020-02-27','YYYY-MM-DD'), 12, '00148', 148);
INSERT INTO EX.SINTOMAS(FECHA_INICIO, ID_SINTOMA, ID_PERSONA, ID_FICHA_MEDICA) VALUES
                            (TO_DATE('2020-01-09','YYYY-MM-DD'), 13, '00148', 148);
INSERT INTO EX.SINTOMAS(FECHA_INICIO, ID_SINTOMA, ID_PERSONA, ID_FICHA_MEDICA) VALUES
                            (TO_DATE('2020-06-24','YYYY-MM-DD'), 14, '00148', 148);
INSERT INTO EX.SINTOMAS(FECHA_INICIO, ID_SINTOMA, ID_PERSONA, ID_FICHA_MEDICA) VALUES
                            (TO_DATE('2020-01-23','YYYY-MM-DD'), 15, '00148', 148);
INSERT INTO EX.PERSONA(DOC_IDENTIDAD, NOMBRE, NOMBRE1, APELLIDO, APELLIDO1, FECHA_NAC, GENERO, FOTO) VALUES
                  ('00149', 'Leslie', 'Jesus', 'Bridges', 'Frost', TO_DATE('1982-06-27','YYYY-MM-DD'), 'f', NULL);
INSERT INTO EX.HISTORICO_RESIDENCIA(FECHA_INICIO, ID_LUGAR, ID_PERSONA, FECHA_FIN) VALUES
                  (TO_DATE('2009-05-30','YYYY-MM-DD'), 19, '00149', NULL);
INSERT INTO EX.FICHA_MEDICA(ID, ID_PERSONA, ID_CENTRO_SALUD, ID_LUGAR, ESTADO, FECHA_INFECCION, FECHA_RECUPERACION) VALUES
                                             (149, '00149', 4, 19, 'desconido', NULL, NULL);
INSERT INTO EX.PERSONA(DOC_IDENTIDAD, NOMBRE, NOMBRE1, APELLIDO, APELLIDO1, FECHA_NAC, GENERO, FOTO) VALUES
                  ('00150', 'Jesse', 'Timothy', 'Brown', 'Novak', TO_DATE('2020-01-28','YYYY-MM-DD'), 'm', NULL);
INSERT INTO EX.HISTORICO_RESIDENCIA(FECHA_INICIO, ID_LUGAR, ID_PERSONA, FECHA_FIN) VALUES
                  (TO_DATE('2013-10-15','YYYY-MM-DD'), 26, '00150', NULL);
INSERT INTO EX.FICHA_MEDICA(ID, ID_PERSONA, ID_CENTRO_SALUD, ID_LUGAR, ESTADO, FECHA_INFECCION, FECHA_RECUPERACION) VALUES
                                             (150, '00150', 11, 26, 'desconido', NULL, NULL);
INSERT INTO EX.PERSONA(DOC_IDENTIDAD, NOMBRE, NOMBRE1, APELLIDO, APELLIDO1, FECHA_NAC, GENERO, FOTO) VALUES
                  ('00151', 'Jodi', 'Gary', 'Brown', 'Vaughn', TO_DATE('1980-03-26','YYYY-MM-DD'), 'f', NULL);
INSERT INTO EX.HISTORICO_RESIDENCIA(FECHA_INICIO, ID_LUGAR, ID_PERSONA, FECHA_FIN) VALUES
                  (TO_DATE('1985-02-19','YYYY-MM-DD'), 20, '00151', NULL);
INSERT INTO EX.FICHA_MEDICA(ID, ID_PERSONA, ID_CENTRO_SALUD, ID_LUGAR, ESTADO, FECHA_INFECCION, FECHA_RECUPERACION) VALUES
                                             (151, '00151', 5, 20, 'desconido', NULL, NULL);
INSERT INTO EX.PADECIMIENTOS(ID_PATOLOGIA, ID_PERSONA, ID_FICHA_MEDICA) VALUES
                            (1, '00151', 151);
INSERT INTO EX.PADECIMIENTOS(ID_PATOLOGIA, ID_PERSONA, ID_FICHA_MEDICA) VALUES
                            (2, '00151', 151);
INSERT INTO EX.PADECIMIENTOS(ID_PATOLOGIA, ID_PERSONA, ID_FICHA_MEDICA) VALUES
                            (3, '00151', 151);
INSERT INTO EX.PADECIMIENTOS(ID_PATOLOGIA, ID_PERSONA, ID_FICHA_MEDICA) VALUES
                            (4, '00151', 151);
INSERT INTO EX.PADECIMIENTOS(ID_PATOLOGIA, ID_PERSONA, ID_FICHA_MEDICA) VALUES
                            (5, '00151', 151);
INSERT INTO EX.PADECIMIENTOS(ID_PATOLOGIA, ID_PERSONA, ID_FICHA_MEDICA) VALUES
                            (6, '00151', 151);
INSERT INTO EX.PADECIMIENTOS(ID_PATOLOGIA, ID_PERSONA, ID_FICHA_MEDICA) VALUES
                            (7, '00151', 151);
INSERT INTO EX.PADECIMIENTOS(ID_PATOLOGIA, ID_PERSONA, ID_FICHA_MEDICA) VALUES
                            (8, '00151', 151);
INSERT INTO EX.PADECIMIENTOS(ID_PATOLOGIA, ID_PERSONA, ID_FICHA_MEDICA) VALUES
                            (9, '00151', 151);
INSERT INTO EX.SINTOMAS(FECHA_INICIO, ID_SINTOMA, ID_PERSONA, ID_FICHA_MEDICA) VALUES
                            (TO_DATE('2020-02-21','YYYY-MM-DD'), 1, '00151', 151);
INSERT INTO EX.SINTOMAS(FECHA_INICIO, ID_SINTOMA, ID_PERSONA, ID_FICHA_MEDICA) VALUES
                            (TO_DATE('2020-03-25','YYYY-MM-DD'), 2, '00151', 151);
INSERT INTO EX.PERSONA(DOC_IDENTIDAD, NOMBRE, NOMBRE1, APELLIDO, APELLIDO1, FECHA_NAC, GENERO, FOTO) VALUES
                  ('00152', 'Edward', 'Crystal', 'Gallegos', 'Contreras', TO_DATE('1996-06-15','YYYY-MM-DD'), 'm', NULL);
INSERT INTO EX.HISTORICO_RESIDENCIA(FECHA_INICIO, ID_LUGAR, ID_PERSONA, FECHA_FIN) VALUES
                  (TO_DATE('1973-08-21','YYYY-MM-DD'), 22, '00152', NULL);
INSERT INTO EX.FICHA_MEDICA(ID, ID_PERSONA, ID_CENTRO_SALUD, ID_LUGAR, ESTADO, FECHA_INFECCION, FECHA_RECUPERACION) VALUES
                                             (152, '00152', 7, 22, 'desconido', NULL, NULL);
INSERT INTO EX.PADECIMIENTOS(ID_PATOLOGIA, ID_PERSONA, ID_FICHA_MEDICA) VALUES
                            (1, '00152', 152);
INSERT INTO EX.PADECIMIENTOS(ID_PATOLOGIA, ID_PERSONA, ID_FICHA_MEDICA) VALUES
                            (2, '00152', 152);
INSERT INTO EX.PADECIMIENTOS(ID_PATOLOGIA, ID_PERSONA, ID_FICHA_MEDICA) VALUES
                            (3, '00152', 152);
INSERT INTO EX.PADECIMIENTOS(ID_PATOLOGIA, ID_PERSONA, ID_FICHA_MEDICA) VALUES
                            (4, '00152', 152);
INSERT INTO EX.PADECIMIENTOS(ID_PATOLOGIA, ID_PERSONA, ID_FICHA_MEDICA) VALUES
                            (5, '00152', 152);
INSERT INTO EX.PADECIMIENTOS(ID_PATOLOGIA, ID_PERSONA, ID_FICHA_MEDICA) VALUES
                            (6, '00152', 152);
INSERT INTO EX.PADECIMIENTOS(ID_PATOLOGIA, ID_PERSONA, ID_FICHA_MEDICA) VALUES
                            (7, '00152', 152);
INSERT INTO EX.PADECIMIENTOS(ID_PATOLOGIA, ID_PERSONA, ID_FICHA_MEDICA) VALUES
                            (8, '00152', 152);
INSERT INTO EX.PADECIMIENTOS(ID_PATOLOGIA, ID_PERSONA, ID_FICHA_MEDICA) VALUES
                            (9, '00152', 152);
INSERT INTO EX.PADECIMIENTOS(ID_PATOLOGIA, ID_PERSONA, ID_FICHA_MEDICA) VALUES
                            (10, '00152', 152);
INSERT INTO EX.PERSONA(DOC_IDENTIDAD, NOMBRE, NOMBRE1, APELLIDO, APELLIDO1, FECHA_NAC, GENERO, FOTO) VALUES
                  ('00153', 'Rebecca', 'Cheryl', 'Garcia', 'Long', TO_DATE('1972-03-12','YYYY-MM-DD'), 'f', NULL);
INSERT INTO EX.HISTORICO_RESIDENCIA(FECHA_INICIO, ID_LUGAR, ID_PERSONA, FECHA_FIN) VALUES
                  (TO_DATE('1994-05-11','YYYY-MM-DD'), 36, '00153', NULL);
INSERT INTO EX.FICHA_MEDICA(ID, ID_PERSONA, ID_CENTRO_SALUD, ID_LUGAR, ESTADO, FECHA_INFECCION, FECHA_RECUPERACION) VALUES
                                             (153, '00153', 21, 36, 'desconido', NULL, NULL);
INSERT INTO EX.PERSONA(DOC_IDENTIDAD, NOMBRE, NOMBRE1, APELLIDO, APELLIDO1, FECHA_NAC, GENERO, FOTO) VALUES
                  ('00154', 'John', 'Cory', 'Flores', 'Jackson', TO_DATE('1997-09-04','YYYY-MM-DD'), 'm', NULL);
INSERT INTO EX.HISTORICO_RESIDENCIA(FECHA_INICIO, ID_LUGAR, ID_PERSONA, FECHA_FIN) VALUES
                  (TO_DATE('1993-11-30','YYYY-MM-DD'), 32, '00154', NULL);
INSERT INTO EX.FICHA_MEDICA(ID, ID_PERSONA, ID_CENTRO_SALUD, ID_LUGAR, ESTADO, FECHA_INFECCION, FECHA_RECUPERACION) VALUES
                                             (154, '00154', 17, 32, 'desconido', NULL, NULL);
INSERT INTO EX.SINTOMAS(FECHA_INICIO, ID_SINTOMA, ID_PERSONA, ID_FICHA_MEDICA) VALUES
                            (TO_DATE('2020-06-19','YYYY-MM-DD'), 1, '00154', 154);
INSERT INTO EX.SINTOMAS(FECHA_INICIO, ID_SINTOMA, ID_PERSONA, ID_FICHA_MEDICA) VALUES
                            (TO_DATE('2020-06-23','YYYY-MM-DD'), 2, '00154', 154);
INSERT INTO EX.SINTOMAS(FECHA_INICIO, ID_SINTOMA, ID_PERSONA, ID_FICHA_MEDICA) VALUES
                            (TO_DATE('2020-05-10','YYYY-MM-DD'), 3, '00154', 154);
INSERT INTO EX.SINTOMAS(FECHA_INICIO, ID_SINTOMA, ID_PERSONA, ID_FICHA_MEDICA) VALUES
                            (TO_DATE('2020-06-28','YYYY-MM-DD'), 4, '00154', 154);
INSERT INTO EX.SINTOMAS(FECHA_INICIO, ID_SINTOMA, ID_PERSONA, ID_FICHA_MEDICA) VALUES
                            (TO_DATE('2020-04-14','YYYY-MM-DD'), 5, '00154', 154);
INSERT INTO EX.SINTOMAS(FECHA_INICIO, ID_SINTOMA, ID_PERSONA, ID_FICHA_MEDICA) VALUES
                            (TO_DATE('2020-03-24','YYYY-MM-DD'), 6, '00154', 154);
INSERT INTO EX.SINTOMAS(FECHA_INICIO, ID_SINTOMA, ID_PERSONA, ID_FICHA_MEDICA) VALUES
                            (TO_DATE('2020-03-27','YYYY-MM-DD'), 7, '00154', 154);
INSERT INTO EX.SINTOMAS(FECHA_INICIO, ID_SINTOMA, ID_PERSONA, ID_FICHA_MEDICA) VALUES
                            (TO_DATE('2020-03-26','YYYY-MM-DD'), 8, '00154', 154);
INSERT INTO EX.SINTOMAS(FECHA_INICIO, ID_SINTOMA, ID_PERSONA, ID_FICHA_MEDICA) VALUES
                            (TO_DATE('2020-01-27','YYYY-MM-DD'), 9, '00154', 154);
INSERT INTO EX.SINTOMAS(FECHA_INICIO, ID_SINTOMA, ID_PERSONA, ID_FICHA_MEDICA) VALUES
                            (TO_DATE('2020-05-28','YYYY-MM-DD'), 10, '00154', 154);
INSERT INTO EX.SINTOMAS(FECHA_INICIO, ID_SINTOMA, ID_PERSONA, ID_FICHA_MEDICA) VALUES
                            (TO_DATE('2020-01-13','YYYY-MM-DD'), 11, '00154', 154);
INSERT INTO EX.SINTOMAS(FECHA_INICIO, ID_SINTOMA, ID_PERSONA, ID_FICHA_MEDICA) VALUES
                            (TO_DATE('2020-03-26','YYYY-MM-DD'), 12, '00154', 154);
INSERT INTO EX.SINTOMAS(FECHA_INICIO, ID_SINTOMA, ID_PERSONA, ID_FICHA_MEDICA) VALUES
                            (TO_DATE('2020-01-12','YYYY-MM-DD'), 13, '00154', 154);
INSERT INTO EX.SINTOMAS(FECHA_INICIO, ID_SINTOMA, ID_PERSONA, ID_FICHA_MEDICA) VALUES
                            (TO_DATE('2020-02-23','YYYY-MM-DD'), 14, '00154', 154);
INSERT INTO EX.SINTOMAS(FECHA_INICIO, ID_SINTOMA, ID_PERSONA, ID_FICHA_MEDICA) VALUES
                            (TO_DATE('2020-04-23','YYYY-MM-DD'), 15, '00154', 154);
INSERT INTO EX.PERSONA(DOC_IDENTIDAD, NOMBRE, NOMBRE1, APELLIDO, APELLIDO1, FECHA_NAC, GENERO, FOTO) VALUES
                  ('00155', 'Rachel', 'Hayden', 'Simon', 'Smith', TO_DATE('1982-09-15','YYYY-MM-DD'), 'f', NULL);
INSERT INTO EX.HISTORICO_RESIDENCIA(FECHA_INICIO, ID_LUGAR, ID_PERSONA, FECHA_FIN) VALUES
                  (TO_DATE('1979-09-12','YYYY-MM-DD'), 23, '00155', NULL);
INSERT INTO EX.FICHA_MEDICA(ID, ID_PERSONA, ID_CENTRO_SALUD, ID_LUGAR, ESTADO, FECHA_INFECCION, FECHA_RECUPERACION) VALUES
                                             (155, '00155', 8, 23, 'desconido', NULL, NULL);
INSERT INTO EX.PADECIMIENTOS(ID_PATOLOGIA, ID_PERSONA, ID_FICHA_MEDICA) VALUES
                            (1, '00155', 155);
INSERT INTO EX.PADECIMIENTOS(ID_PATOLOGIA, ID_PERSONA, ID_FICHA_MEDICA) VALUES
                            (2, '00155', 155);
INSERT INTO EX.PADECIMIENTOS(ID_PATOLOGIA, ID_PERSONA, ID_FICHA_MEDICA) VALUES
                            (3, '00155', 155);
INSERT INTO EX.PADECIMIENTOS(ID_PATOLOGIA, ID_PERSONA, ID_FICHA_MEDICA) VALUES
                            (4, '00155', 155);
INSERT INTO EX.PADECIMIENTOS(ID_PATOLOGIA, ID_PERSONA, ID_FICHA_MEDICA) VALUES
                            (5, '00155', 155);
INSERT INTO EX.PADECIMIENTOS(ID_PATOLOGIA, ID_PERSONA, ID_FICHA_MEDICA) VALUES
                            (6, '00155', 155);
INSERT INTO EX.PADECIMIENTOS(ID_PATOLOGIA, ID_PERSONA, ID_FICHA_MEDICA) VALUES
                            (7, '00155', 155);
INSERT INTO EX.PADECIMIENTOS(ID_PATOLOGIA, ID_PERSONA, ID_FICHA_MEDICA) VALUES
                            (8, '00155', 155);
INSERT INTO EX.PADECIMIENTOS(ID_PATOLOGIA, ID_PERSONA, ID_FICHA_MEDICA) VALUES
                            (9, '00155', 155);
INSERT INTO EX.PADECIMIENTOS(ID_PATOLOGIA, ID_PERSONA, ID_FICHA_MEDICA) VALUES
                            (10, '00155', 155);
INSERT INTO EX.SINTOMAS(FECHA_INICIO, ID_SINTOMA, ID_PERSONA, ID_FICHA_MEDICA) VALUES
                            (TO_DATE('2020-01-28','YYYY-MM-DD'), 1, '00155', 155);
INSERT INTO EX.SINTOMAS(FECHA_INICIO, ID_SINTOMA, ID_PERSONA, ID_FICHA_MEDICA) VALUES
                            (TO_DATE('2020-03-29','YYYY-MM-DD'), 2, '00155', 155);
INSERT INTO EX.SINTOMAS(FECHA_INICIO, ID_SINTOMA, ID_PERSONA, ID_FICHA_MEDICA) VALUES
                            (TO_DATE('2020-03-06','YYYY-MM-DD'), 3, '00155', 155);
INSERT INTO EX.SINTOMAS(FECHA_INICIO, ID_SINTOMA, ID_PERSONA, ID_FICHA_MEDICA) VALUES
                            (TO_DATE('2020-02-07','YYYY-MM-DD'), 4, '00155', 155);
INSERT INTO EX.SINTOMAS(FECHA_INICIO, ID_SINTOMA, ID_PERSONA, ID_FICHA_MEDICA) VALUES
                            (TO_DATE('2020-03-03','YYYY-MM-DD'), 5, '00155', 155);
INSERT INTO EX.SINTOMAS(FECHA_INICIO, ID_SINTOMA, ID_PERSONA, ID_FICHA_MEDICA) VALUES
                            (TO_DATE('2020-06-19','YYYY-MM-DD'), 6, '00155', 155);
INSERT INTO EX.SINTOMAS(FECHA_INICIO, ID_SINTOMA, ID_PERSONA, ID_FICHA_MEDICA) VALUES
                            (TO_DATE('2020-06-10','YYYY-MM-DD'), 7, '00155', 155);
INSERT INTO EX.SINTOMAS(FECHA_INICIO, ID_SINTOMA, ID_PERSONA, ID_FICHA_MEDICA) VALUES
                            (TO_DATE('2020-01-06','YYYY-MM-DD'), 8, '00155', 155);
INSERT INTO EX.SINTOMAS(FECHA_INICIO, ID_SINTOMA, ID_PERSONA, ID_FICHA_MEDICA) VALUES
                            (TO_DATE('2020-04-11','YYYY-MM-DD'), 9, '00155', 155);
INSERT INTO EX.SINTOMAS(FECHA_INICIO, ID_SINTOMA, ID_PERSONA, ID_FICHA_MEDICA) VALUES
                            (TO_DATE('2020-04-15','YYYY-MM-DD'), 10, '00155', 155);
INSERT INTO EX.SINTOMAS(FECHA_INICIO, ID_SINTOMA, ID_PERSONA, ID_FICHA_MEDICA) VALUES
                            (TO_DATE('2020-04-06','YYYY-MM-DD'), 11, '00155', 155);
INSERT INTO EX.SINTOMAS(FECHA_INICIO, ID_SINTOMA, ID_PERSONA, ID_FICHA_MEDICA) VALUES
                            (TO_DATE('2020-02-11','YYYY-MM-DD'), 12, '00155', 155);
INSERT INTO EX.SINTOMAS(FECHA_INICIO, ID_SINTOMA, ID_PERSONA, ID_FICHA_MEDICA) VALUES
                            (TO_DATE('2020-04-09','YYYY-MM-DD'), 13, '00155', 155);
INSERT INTO EX.SINTOMAS(FECHA_INICIO, ID_SINTOMA, ID_PERSONA, ID_FICHA_MEDICA) VALUES
                            (TO_DATE('2020-03-31','YYYY-MM-DD'), 14, '00155', 155);
INSERT INTO EX.PERSONA(DOC_IDENTIDAD, NOMBRE, NOMBRE1, APELLIDO, APELLIDO1, FECHA_NAC, GENERO, FOTO) VALUES
                  ('00156', 'Paul', 'Nicole', 'Shaw', 'Perez', TO_DATE('2006-01-07','YYYY-MM-DD'), 'm', NULL);
INSERT INTO EX.HISTORICO_RESIDENCIA(FECHA_INICIO, ID_LUGAR, ID_PERSONA, FECHA_FIN) VALUES
                  (TO_DATE('1970-10-18','YYYY-MM-DD'), 20, '00156', NULL);
INSERT INTO EX.FICHA_MEDICA(ID, ID_PERSONA, ID_CENTRO_SALUD, ID_LUGAR, ESTADO, FECHA_INFECCION, FECHA_RECUPERACION) VALUES
                                             (156, '00156', 5, 20, 'desconido', NULL, NULL);
INSERT INTO EX.SINTOMAS(FECHA_INICIO, ID_SINTOMA, ID_PERSONA, ID_FICHA_MEDICA) VALUES
                            (TO_DATE('2020-01-31','YYYY-MM-DD'), 1, '00156', 156);
INSERT INTO EX.SINTOMAS(FECHA_INICIO, ID_SINTOMA, ID_PERSONA, ID_FICHA_MEDICA) VALUES
                            (TO_DATE('2020-03-08','YYYY-MM-DD'), 2, '00156', 156);
INSERT INTO EX.SINTOMAS(FECHA_INICIO, ID_SINTOMA, ID_PERSONA, ID_FICHA_MEDICA) VALUES
                            (TO_DATE('2020-03-27','YYYY-MM-DD'), 3, '00156', 156);
INSERT INTO EX.SINTOMAS(FECHA_INICIO, ID_SINTOMA, ID_PERSONA, ID_FICHA_MEDICA) VALUES
                            (TO_DATE('2020-05-31','YYYY-MM-DD'), 4, '00156', 156);
INSERT INTO EX.SINTOMAS(FECHA_INICIO, ID_SINTOMA, ID_PERSONA, ID_FICHA_MEDICA) VALUES
                            (TO_DATE('2020-04-30','YYYY-MM-DD'), 5, '00156', 156);
INSERT INTO EX.SINTOMAS(FECHA_INICIO, ID_SINTOMA, ID_PERSONA, ID_FICHA_MEDICA) VALUES
                            (TO_DATE('2020-06-09','YYYY-MM-DD'), 6, '00156', 156);
INSERT INTO EX.SINTOMAS(FECHA_INICIO, ID_SINTOMA, ID_PERSONA, ID_FICHA_MEDICA) VALUES
                            (TO_DATE('2020-03-09','YYYY-MM-DD'), 7, '00156', 156);
INSERT INTO EX.SINTOMAS(FECHA_INICIO, ID_SINTOMA, ID_PERSONA, ID_FICHA_MEDICA) VALUES
                            (TO_DATE('2020-06-05','YYYY-MM-DD'), 8, '00156', 156);
INSERT INTO EX.SINTOMAS(FECHA_INICIO, ID_SINTOMA, ID_PERSONA, ID_FICHA_MEDICA) VALUES
                            (TO_DATE('2020-05-08','YYYY-MM-DD'), 9, '00156', 156);
INSERT INTO EX.SINTOMAS(FECHA_INICIO, ID_SINTOMA, ID_PERSONA, ID_FICHA_MEDICA) VALUES
                            (TO_DATE('2020-02-14','YYYY-MM-DD'), 10, '00156', 156);
INSERT INTO EX.SINTOMAS(FECHA_INICIO, ID_SINTOMA, ID_PERSONA, ID_FICHA_MEDICA) VALUES
                            (TO_DATE('2020-03-17','YYYY-MM-DD'), 11, '00156', 156);
INSERT INTO EX.SINTOMAS(FECHA_INICIO, ID_SINTOMA, ID_PERSONA, ID_FICHA_MEDICA) VALUES
                            (TO_DATE('2020-05-17','YYYY-MM-DD'), 12, '00156', 156);
INSERT INTO EX.SINTOMAS(FECHA_INICIO, ID_SINTOMA, ID_PERSONA, ID_FICHA_MEDICA) VALUES
                            (TO_DATE('2020-02-21','YYYY-MM-DD'), 13, '00156', 156);
INSERT INTO EX.SINTOMAS(FECHA_INICIO, ID_SINTOMA, ID_PERSONA, ID_FICHA_MEDICA) VALUES
                            (TO_DATE('2020-01-20','YYYY-MM-DD'), 14, '00156', 156);
INSERT INTO EX.SINTOMAS(FECHA_INICIO, ID_SINTOMA, ID_PERSONA, ID_FICHA_MEDICA) VALUES
                            (TO_DATE('2020-06-15','YYYY-MM-DD'), 15, '00156', 156);
INSERT INTO EX.SINTOMAS(FECHA_INICIO, ID_SINTOMA, ID_PERSONA, ID_FICHA_MEDICA) VALUES
                            (TO_DATE('2020-05-02','YYYY-MM-DD'), 16, '00156', 156);
INSERT INTO EX.SINTOMAS(FECHA_INICIO, ID_SINTOMA, ID_PERSONA, ID_FICHA_MEDICA) VALUES
                            (TO_DATE('2020-03-20','YYYY-MM-DD'), 17, '00156', 156);
INSERT INTO EX.SINTOMAS(FECHA_INICIO, ID_SINTOMA, ID_PERSONA, ID_FICHA_MEDICA) VALUES
                            (TO_DATE('2020-02-22','YYYY-MM-DD'), 18, '00156', 156);
INSERT INTO EX.PERSONA(DOC_IDENTIDAD, NOMBRE, NOMBRE1, APELLIDO, APELLIDO1, FECHA_NAC, GENERO, FOTO) VALUES
                  ('00157', 'Kimberly', 'Roy', 'Rodriguez', 'Forbes', TO_DATE('1983-04-23','YYYY-MM-DD'), 'f', NULL);
INSERT INTO EX.HISTORICO_RESIDENCIA(FECHA_INICIO, ID_LUGAR, ID_PERSONA, FECHA_FIN) VALUES
                  (TO_DATE('1997-03-27','YYYY-MM-DD'), 29, '00157', NULL);
INSERT INTO EX.FICHA_MEDICA(ID, ID_PERSONA, ID_CENTRO_SALUD, ID_LUGAR, ESTADO, FECHA_INFECCION, FECHA_RECUPERACION) VALUES
                                             (157, '00157', 14, 29, 'desconido', NULL, NULL);
INSERT INTO EX.PADECIMIENTOS(ID_PATOLOGIA, ID_PERSONA, ID_FICHA_MEDICA) VALUES
                            (1, '00157', 157);
INSERT INTO EX.PADECIMIENTOS(ID_PATOLOGIA, ID_PERSONA, ID_FICHA_MEDICA) VALUES
                            (2, '00157', 157);
INSERT INTO EX.PADECIMIENTOS(ID_PATOLOGIA, ID_PERSONA, ID_FICHA_MEDICA) VALUES
                            (3, '00157', 157);
INSERT INTO EX.PADECIMIENTOS(ID_PATOLOGIA, ID_PERSONA, ID_FICHA_MEDICA) VALUES
                            (4, '00157', 157);
INSERT INTO EX.PERSONA(DOC_IDENTIDAD, NOMBRE, NOMBRE1, APELLIDO, APELLIDO1, FECHA_NAC, GENERO, FOTO) VALUES
                  ('00158', 'Tanya', 'Michael', 'Jones', 'Pena', TO_DATE('1998-04-27','YYYY-MM-DD'), 'm', NULL);
INSERT INTO EX.HISTORICO_RESIDENCIA(FECHA_INICIO, ID_LUGAR, ID_PERSONA, FECHA_FIN) VALUES
                  (TO_DATE('1985-10-20','YYYY-MM-DD'), 43, '00158', NULL);
INSERT INTO EX.FICHA_MEDICA(ID, ID_PERSONA, ID_CENTRO_SALUD, ID_LUGAR, ESTADO, FECHA_INFECCION, FECHA_RECUPERACION) VALUES
                                             (158, '00158', 28, 43, 'desconido', NULL, NULL);
INSERT INTO EX.PADECIMIENTOS(ID_PATOLOGIA, ID_PERSONA, ID_FICHA_MEDICA) VALUES
                            (1, '00158', 158);
INSERT INTO EX.PERSONA(DOC_IDENTIDAD, NOMBRE, NOMBRE1, APELLIDO, APELLIDO1, FECHA_NAC, GENERO, FOTO) VALUES
                  ('00159', 'Joseph', 'Melanie', 'Little', 'Fitzpatrick', TO_DATE('1985-03-11','YYYY-MM-DD'), 'f', NULL);
INSERT INTO EX.HISTORICO_RESIDENCIA(FECHA_INICIO, ID_LUGAR, ID_PERSONA, FECHA_FIN) VALUES
                  (TO_DATE('1977-03-11','YYYY-MM-DD'), 20, '00159', NULL);
INSERT INTO EX.FICHA_MEDICA(ID, ID_PERSONA, ID_CENTRO_SALUD, ID_LUGAR, ESTADO, FECHA_INFECCION, FECHA_RECUPERACION) VALUES
                                             (159, '00159', 5, 20, 'desconido', NULL, NULL);
INSERT INTO EX.SINTOMAS(FECHA_INICIO, ID_SINTOMA, ID_PERSONA, ID_FICHA_MEDICA) VALUES
                            (TO_DATE('2020-06-08','YYYY-MM-DD'), 1, '00159', 159);
INSERT INTO EX.SINTOMAS(FECHA_INICIO, ID_SINTOMA, ID_PERSONA, ID_FICHA_MEDICA) VALUES
                            (TO_DATE('2020-01-10','YYYY-MM-DD'), 2, '00159', 159);
INSERT INTO EX.SINTOMAS(FECHA_INICIO, ID_SINTOMA, ID_PERSONA, ID_FICHA_MEDICA) VALUES
                            (TO_DATE('2020-04-23','YYYY-MM-DD'), 3, '00159', 159);
INSERT INTO EX.SINTOMAS(FECHA_INICIO, ID_SINTOMA, ID_PERSONA, ID_FICHA_MEDICA) VALUES
                            (TO_DATE('2020-01-23','YYYY-MM-DD'), 4, '00159', 159);
INSERT INTO EX.SINTOMAS(FECHA_INICIO, ID_SINTOMA, ID_PERSONA, ID_FICHA_MEDICA) VALUES
                            (TO_DATE('2020-02-18','YYYY-MM-DD'), 5, '00159', 159);
INSERT INTO EX.SINTOMAS(FECHA_INICIO, ID_SINTOMA, ID_PERSONA, ID_FICHA_MEDICA) VALUES
                            (TO_DATE('2020-01-01','YYYY-MM-DD'), 6, '00159', 159);
INSERT INTO EX.PERSONA(DOC_IDENTIDAD, NOMBRE, NOMBRE1, APELLIDO, APELLIDO1, FECHA_NAC, GENERO, FOTO) VALUES
                  ('00160', 'Amy', 'James', 'Soto', 'Monroe', TO_DATE('1980-12-16','YYYY-MM-DD'), 'm', NULL);
INSERT INTO EX.HISTORICO_RESIDENCIA(FECHA_INICIO, ID_LUGAR, ID_PERSONA, FECHA_FIN) VALUES
                  (TO_DATE('1986-07-30','YYYY-MM-DD'), 34, '00160', NULL);
INSERT INTO EX.FICHA_MEDICA(ID, ID_PERSONA, ID_CENTRO_SALUD, ID_LUGAR, ESTADO, FECHA_INFECCION, FECHA_RECUPERACION) VALUES
                                             (160, '00160', 19, 34, 'desconido', NULL, NULL);
INSERT INTO EX.PADECIMIENTOS(ID_PATOLOGIA, ID_PERSONA, ID_FICHA_MEDICA) VALUES
                            (1, '00160', 160);
INSERT INTO EX.PADECIMIENTOS(ID_PATOLOGIA, ID_PERSONA, ID_FICHA_MEDICA) VALUES
                            (2, '00160', 160);
INSERT INTO EX.PADECIMIENTOS(ID_PATOLOGIA, ID_PERSONA, ID_FICHA_MEDICA) VALUES
                            (3, '00160', 160);
INSERT INTO EX.PADECIMIENTOS(ID_PATOLOGIA, ID_PERSONA, ID_FICHA_MEDICA) VALUES
                            (4, '00160', 160);
INSERT INTO EX.PADECIMIENTOS(ID_PATOLOGIA, ID_PERSONA, ID_FICHA_MEDICA) VALUES
                            (5, '00160', 160);
INSERT INTO EX.PADECIMIENTOS(ID_PATOLOGIA, ID_PERSONA, ID_FICHA_MEDICA) VALUES
                            (6, '00160', 160);
INSERT INTO EX.PADECIMIENTOS(ID_PATOLOGIA, ID_PERSONA, ID_FICHA_MEDICA) VALUES
                            (7, '00160', 160);
INSERT INTO EX.PADECIMIENTOS(ID_PATOLOGIA, ID_PERSONA, ID_FICHA_MEDICA) VALUES
                            (8, '00160', 160);
INSERT INTO EX.PADECIMIENTOS(ID_PATOLOGIA, ID_PERSONA, ID_FICHA_MEDICA) VALUES
                            (9, '00160', 160);
INSERT INTO EX.PADECIMIENTOS(ID_PATOLOGIA, ID_PERSONA, ID_FICHA_MEDICA) VALUES
                            (10, '00160', 160);
INSERT INTO EX.PADECIMIENTOS(ID_PATOLOGIA, ID_PERSONA, ID_FICHA_MEDICA) VALUES
                            (11, '00160', 160);
INSERT INTO EX.PADECIMIENTOS(ID_PATOLOGIA, ID_PERSONA, ID_FICHA_MEDICA) VALUES
                            (12, '00160', 160);
INSERT INTO EX.PADECIMIENTOS(ID_PATOLOGIA, ID_PERSONA, ID_FICHA_MEDICA) VALUES
                            (13, '00160', 160);
INSERT INTO EX.SINTOMAS(FECHA_INICIO, ID_SINTOMA, ID_PERSONA, ID_FICHA_MEDICA) VALUES
                            (TO_DATE('2020-06-24','YYYY-MM-DD'), 1, '00160', 160);
INSERT INTO EX.SINTOMAS(FECHA_INICIO, ID_SINTOMA, ID_PERSONA, ID_FICHA_MEDICA) VALUES
                            (TO_DATE('2020-02-10','YYYY-MM-DD'), 2, '00160', 160);
INSERT INTO EX.SINTOMAS(FECHA_INICIO, ID_SINTOMA, ID_PERSONA, ID_FICHA_MEDICA) VALUES
                            (TO_DATE('2020-02-25','YYYY-MM-DD'), 3, '00160', 160);
INSERT INTO EX.SINTOMAS(FECHA_INICIO, ID_SINTOMA, ID_PERSONA, ID_FICHA_MEDICA) VALUES
                            (TO_DATE('2020-06-16','YYYY-MM-DD'), 4, '00160', 160);
INSERT INTO EX.SINTOMAS(FECHA_INICIO, ID_SINTOMA, ID_PERSONA, ID_FICHA_MEDICA) VALUES
                            (TO_DATE('2020-06-09','YYYY-MM-DD'), 5, '00160', 160);
INSERT INTO EX.SINTOMAS(FECHA_INICIO, ID_SINTOMA, ID_PERSONA, ID_FICHA_MEDICA) VALUES
                            (TO_DATE('2020-02-14','YYYY-MM-DD'), 6, '00160', 160);
INSERT INTO EX.SINTOMAS(FECHA_INICIO, ID_SINTOMA, ID_PERSONA, ID_FICHA_MEDICA) VALUES
                            (TO_DATE('2020-05-24','YYYY-MM-DD'), 7, '00160', 160);
INSERT INTO EX.SINTOMAS(FECHA_INICIO, ID_SINTOMA, ID_PERSONA, ID_FICHA_MEDICA) VALUES
                            (TO_DATE('2020-06-04','YYYY-MM-DD'), 8, '00160', 160);
INSERT INTO EX.SINTOMAS(FECHA_INICIO, ID_SINTOMA, ID_PERSONA, ID_FICHA_MEDICA) VALUES
                            (TO_DATE('2020-06-22','YYYY-MM-DD'), 9, '00160', 160);
INSERT INTO EX.SINTOMAS(FECHA_INICIO, ID_SINTOMA, ID_PERSONA, ID_FICHA_MEDICA) VALUES
                            (TO_DATE('2020-02-17','YYYY-MM-DD'), 10, '00160', 160);
INSERT INTO EX.SINTOMAS(FECHA_INICIO, ID_SINTOMA, ID_PERSONA, ID_FICHA_MEDICA) VALUES
                            (TO_DATE('2020-04-24','YYYY-MM-DD'), 11, '00160', 160);
INSERT INTO EX.SINTOMAS(FECHA_INICIO, ID_SINTOMA, ID_PERSONA, ID_FICHA_MEDICA) VALUES
                            (TO_DATE('2020-04-03','YYYY-MM-DD'), 12, '00160', 160);
INSERT INTO EX.SINTOMAS(FECHA_INICIO, ID_SINTOMA, ID_PERSONA, ID_FICHA_MEDICA) VALUES
                            (TO_DATE('2020-06-02','YYYY-MM-DD'), 13, '00160', 160);
INSERT INTO EX.SINTOMAS(FECHA_INICIO, ID_SINTOMA, ID_PERSONA, ID_FICHA_MEDICA) VALUES
                            (TO_DATE('2020-01-21','YYYY-MM-DD'), 14, '00160', 160);
INSERT INTO EX.SINTOMAS(FECHA_INICIO, ID_SINTOMA, ID_PERSONA, ID_FICHA_MEDICA) VALUES
                            (TO_DATE('2020-03-23','YYYY-MM-DD'), 15, '00160', 160);
INSERT INTO EX.SINTOMAS(FECHA_INICIO, ID_SINTOMA, ID_PERSONA, ID_FICHA_MEDICA) VALUES
                            (TO_DATE('2020-05-15','YYYY-MM-DD'), 16, '00160', 160);
INSERT INTO EX.SINTOMAS(FECHA_INICIO, ID_SINTOMA, ID_PERSONA, ID_FICHA_MEDICA) VALUES
                            (TO_DATE('2020-05-03','YYYY-MM-DD'), 17, '00160', 160);
INSERT INTO EX.SINTOMAS(FECHA_INICIO, ID_SINTOMA, ID_PERSONA, ID_FICHA_MEDICA) VALUES
                            (TO_DATE('2020-05-20','YYYY-MM-DD'), 18, '00160', 160);
INSERT INTO EX.SINTOMAS(FECHA_INICIO, ID_SINTOMA, ID_PERSONA, ID_FICHA_MEDICA) VALUES
                            (TO_DATE('2020-01-07','YYYY-MM-DD'), 19, '00160', 160);
INSERT INTO EX.PERSONA(DOC_IDENTIDAD, NOMBRE, NOMBRE1, APELLIDO, APELLIDO1, FECHA_NAC, GENERO, FOTO) VALUES
                  ('00161', 'Suzanne', 'Kimberly', 'Davis', 'Roberts', TO_DATE('1987-10-03','YYYY-MM-DD'), 'f', NULL);
INSERT INTO EX.HISTORICO_RESIDENCIA(FECHA_INICIO, ID_LUGAR, ID_PERSONA, FECHA_FIN) VALUES
                  (TO_DATE('2004-11-09','YYYY-MM-DD'), 20, '00161', NULL);
INSERT INTO EX.FICHA_MEDICA(ID, ID_PERSONA, ID_CENTRO_SALUD, ID_LUGAR, ESTADO, FECHA_INFECCION, FECHA_RECUPERACION) VALUES
                                             (161, '00161', 5, 20, 'desconido', NULL, NULL);
INSERT INTO EX.PADECIMIENTOS(ID_PATOLOGIA, ID_PERSONA, ID_FICHA_MEDICA) VALUES
                            (1, '00161', 161);
INSERT INTO EX.PADECIMIENTOS(ID_PATOLOGIA, ID_PERSONA, ID_FICHA_MEDICA) VALUES
                            (2, '00161', 161);
INSERT INTO EX.PADECIMIENTOS(ID_PATOLOGIA, ID_PERSONA, ID_FICHA_MEDICA) VALUES
                            (3, '00161', 161);
INSERT INTO EX.PADECIMIENTOS(ID_PATOLOGIA, ID_PERSONA, ID_FICHA_MEDICA) VALUES
                            (4, '00161', 161);
INSERT INTO EX.PADECIMIENTOS(ID_PATOLOGIA, ID_PERSONA, ID_FICHA_MEDICA) VALUES
                            (5, '00161', 161);
INSERT INTO EX.SINTOMAS(FECHA_INICIO, ID_SINTOMA, ID_PERSONA, ID_FICHA_MEDICA) VALUES
                            (TO_DATE('2020-03-28','YYYY-MM-DD'), 1, '00161', 161);
INSERT INTO EX.SINTOMAS(FECHA_INICIO, ID_SINTOMA, ID_PERSONA, ID_FICHA_MEDICA) VALUES
                            (TO_DATE('2020-05-16','YYYY-MM-DD'), 2, '00161', 161);
INSERT INTO EX.SINTOMAS(FECHA_INICIO, ID_SINTOMA, ID_PERSONA, ID_FICHA_MEDICA) VALUES
                            (TO_DATE('2020-06-30','YYYY-MM-DD'), 3, '00161', 161);
INSERT INTO EX.SINTOMAS(FECHA_INICIO, ID_SINTOMA, ID_PERSONA, ID_FICHA_MEDICA) VALUES
                            (TO_DATE('2020-05-02','YYYY-MM-DD'), 4, '00161', 161);
INSERT INTO EX.SINTOMAS(FECHA_INICIO, ID_SINTOMA, ID_PERSONA, ID_FICHA_MEDICA) VALUES
                            (TO_DATE('2020-05-28','YYYY-MM-DD'), 5, '00161', 161);
INSERT INTO EX.SINTOMAS(FECHA_INICIO, ID_SINTOMA, ID_PERSONA, ID_FICHA_MEDICA) VALUES
                            (TO_DATE('2020-03-12','YYYY-MM-DD'), 6, '00161', 161);
INSERT INTO EX.SINTOMAS(FECHA_INICIO, ID_SINTOMA, ID_PERSONA, ID_FICHA_MEDICA) VALUES
                            (TO_DATE('2020-04-10','YYYY-MM-DD'), 7, '00161', 161);
INSERT INTO EX.SINTOMAS(FECHA_INICIO, ID_SINTOMA, ID_PERSONA, ID_FICHA_MEDICA) VALUES
                            (TO_DATE('2020-07-01','YYYY-MM-DD'), 8, '00161', 161);
INSERT INTO EX.SINTOMAS(FECHA_INICIO, ID_SINTOMA, ID_PERSONA, ID_FICHA_MEDICA) VALUES
                            (TO_DATE('2020-06-16','YYYY-MM-DD'), 9, '00161', 161);
INSERT INTO EX.SINTOMAS(FECHA_INICIO, ID_SINTOMA, ID_PERSONA, ID_FICHA_MEDICA) VALUES
                            (TO_DATE('2020-04-09','YYYY-MM-DD'), 10, '00161', 161);
INSERT INTO EX.SINTOMAS(FECHA_INICIO, ID_SINTOMA, ID_PERSONA, ID_FICHA_MEDICA) VALUES
                            (TO_DATE('2020-05-12','YYYY-MM-DD'), 11, '00161', 161);
INSERT INTO EX.SINTOMAS(FECHA_INICIO, ID_SINTOMA, ID_PERSONA, ID_FICHA_MEDICA) VALUES
                            (TO_DATE('2020-05-20','YYYY-MM-DD'), 12, '00161', 161);
INSERT INTO EX.SINTOMAS(FECHA_INICIO, ID_SINTOMA, ID_PERSONA, ID_FICHA_MEDICA) VALUES
                            (TO_DATE('2020-05-20','YYYY-MM-DD'), 13, '00161', 161);
INSERT INTO EX.PERSONA(DOC_IDENTIDAD, NOMBRE, NOMBRE1, APELLIDO, APELLIDO1, FECHA_NAC, GENERO, FOTO) VALUES
                  ('00162', 'Erika', 'Rachael', 'Palmer', 'Nixon', TO_DATE('1991-06-20','YYYY-MM-DD'), 'm', NULL);
INSERT INTO EX.HISTORICO_RESIDENCIA(FECHA_INICIO, ID_LUGAR, ID_PERSONA, FECHA_FIN) VALUES
                  (TO_DATE('2017-09-23','YYYY-MM-DD'), 43, '00162', NULL);
INSERT INTO EX.FICHA_MEDICA(ID, ID_PERSONA, ID_CENTRO_SALUD, ID_LUGAR, ESTADO, FECHA_INFECCION, FECHA_RECUPERACION) VALUES
                                             (162, '00162', 28, 43, 'desconido', NULL, NULL);
INSERT INTO EX.PERSONA(DOC_IDENTIDAD, NOMBRE, NOMBRE1, APELLIDO, APELLIDO1, FECHA_NAC, GENERO, FOTO) VALUES
                  ('00163', 'Maria', 'Jessica', 'May', 'West', TO_DATE('1977-11-26','YYYY-MM-DD'), 'f', NULL);
INSERT INTO EX.HISTORICO_RESIDENCIA(FECHA_INICIO, ID_LUGAR, ID_PERSONA, FECHA_FIN) VALUES
                  (TO_DATE('1981-12-10','YYYY-MM-DD'), 25, '00163', NULL);
INSERT INTO EX.FICHA_MEDICA(ID, ID_PERSONA, ID_CENTRO_SALUD, ID_LUGAR, ESTADO, FECHA_INFECCION, FECHA_RECUPERACION) VALUES
                                             (163, '00163', 10, 25, 'desconido', NULL, NULL);
INSERT INTO EX.PADECIMIENTOS(ID_PATOLOGIA, ID_PERSONA, ID_FICHA_MEDICA) VALUES
                            (1, '00163', 163);
INSERT INTO EX.PADECIMIENTOS(ID_PATOLOGIA, ID_PERSONA, ID_FICHA_MEDICA) VALUES
                            (2, '00163', 163);
INSERT INTO EX.PADECIMIENTOS(ID_PATOLOGIA, ID_PERSONA, ID_FICHA_MEDICA) VALUES
                            (3, '00163', 163);
INSERT INTO EX.PADECIMIENTOS(ID_PATOLOGIA, ID_PERSONA, ID_FICHA_MEDICA) VALUES
                            (4, '00163', 163);
INSERT INTO EX.PADECIMIENTOS(ID_PATOLOGIA, ID_PERSONA, ID_FICHA_MEDICA) VALUES
                            (5, '00163', 163);
INSERT INTO EX.PADECIMIENTOS(ID_PATOLOGIA, ID_PERSONA, ID_FICHA_MEDICA) VALUES
                            (6, '00163', 163);
INSERT INTO EX.PADECIMIENTOS(ID_PATOLOGIA, ID_PERSONA, ID_FICHA_MEDICA) VALUES
                            (7, '00163', 163);
INSERT INTO EX.PADECIMIENTOS(ID_PATOLOGIA, ID_PERSONA, ID_FICHA_MEDICA) VALUES
                            (8, '00163', 163);
INSERT INTO EX.PADECIMIENTOS(ID_PATOLOGIA, ID_PERSONA, ID_FICHA_MEDICA) VALUES
                            (9, '00163', 163);
INSERT INTO EX.SINTOMAS(FECHA_INICIO, ID_SINTOMA, ID_PERSONA, ID_FICHA_MEDICA) VALUES
                            (TO_DATE('2020-03-07','YYYY-MM-DD'), 1, '00163', 163);
INSERT INTO EX.SINTOMAS(FECHA_INICIO, ID_SINTOMA, ID_PERSONA, ID_FICHA_MEDICA) VALUES
                            (TO_DATE('2020-04-09','YYYY-MM-DD'), 2, '00163', 163);
INSERT INTO EX.SINTOMAS(FECHA_INICIO, ID_SINTOMA, ID_PERSONA, ID_FICHA_MEDICA) VALUES
                            (TO_DATE('2020-01-07','YYYY-MM-DD'), 3, '00163', 163);
INSERT INTO EX.SINTOMAS(FECHA_INICIO, ID_SINTOMA, ID_PERSONA, ID_FICHA_MEDICA) VALUES
                            (TO_DATE('2020-01-02','YYYY-MM-DD'), 4, '00163', 163);
INSERT INTO EX.SINTOMAS(FECHA_INICIO, ID_SINTOMA, ID_PERSONA, ID_FICHA_MEDICA) VALUES
                            (TO_DATE('2020-01-26','YYYY-MM-DD'), 5, '00163', 163);
INSERT INTO EX.SINTOMAS(FECHA_INICIO, ID_SINTOMA, ID_PERSONA, ID_FICHA_MEDICA) VALUES
                            (TO_DATE('2020-01-14','YYYY-MM-DD'), 6, '00163', 163);
INSERT INTO EX.SINTOMAS(FECHA_INICIO, ID_SINTOMA, ID_PERSONA, ID_FICHA_MEDICA) VALUES
                            (TO_DATE('2020-03-11','YYYY-MM-DD'), 7, '00163', 163);
INSERT INTO EX.SINTOMAS(FECHA_INICIO, ID_SINTOMA, ID_PERSONA, ID_FICHA_MEDICA) VALUES
                            (TO_DATE('2020-06-06','YYYY-MM-DD'), 8, '00163', 163);
INSERT INTO EX.SINTOMAS(FECHA_INICIO, ID_SINTOMA, ID_PERSONA, ID_FICHA_MEDICA) VALUES
                            (TO_DATE('2020-01-01','YYYY-MM-DD'), 9, '00163', 163);
INSERT INTO EX.SINTOMAS(FECHA_INICIO, ID_SINTOMA, ID_PERSONA, ID_FICHA_MEDICA) VALUES
                            (TO_DATE('2020-05-18','YYYY-MM-DD'), 10, '00163', 163);
INSERT INTO EX.SINTOMAS(FECHA_INICIO, ID_SINTOMA, ID_PERSONA, ID_FICHA_MEDICA) VALUES
                            (TO_DATE('2020-03-15','YYYY-MM-DD'), 11, '00163', 163);
INSERT INTO EX.SINTOMAS(FECHA_INICIO, ID_SINTOMA, ID_PERSONA, ID_FICHA_MEDICA) VALUES
                            (TO_DATE('2020-06-06','YYYY-MM-DD'), 12, '00163', 163);
INSERT INTO EX.SINTOMAS(FECHA_INICIO, ID_SINTOMA, ID_PERSONA, ID_FICHA_MEDICA) VALUES
                            (TO_DATE('2020-04-13','YYYY-MM-DD'), 13, '00163', 163);
INSERT INTO EX.PERSONA(DOC_IDENTIDAD, NOMBRE, NOMBRE1, APELLIDO, APELLIDO1, FECHA_NAC, GENERO, FOTO) VALUES
                  ('00164', 'Julie', 'Wayne', 'Williams', 'Villanueva', TO_DATE('1994-06-07','YYYY-MM-DD'), 'm', NULL);
INSERT INTO EX.HISTORICO_RESIDENCIA(FECHA_INICIO, ID_LUGAR, ID_PERSONA, FECHA_FIN) VALUES
                  (TO_DATE('1988-01-08','YYYY-MM-DD'), 32, '00164', NULL);
INSERT INTO EX.FICHA_MEDICA(ID, ID_PERSONA, ID_CENTRO_SALUD, ID_LUGAR, ESTADO, FECHA_INFECCION, FECHA_RECUPERACION) VALUES
                                             (164, '00164', 17, 32, 'desconido', NULL, NULL);
INSERT INTO EX.PADECIMIENTOS(ID_PATOLOGIA, ID_PERSONA, ID_FICHA_MEDICA) VALUES
                            (1, '00164', 164);
INSERT INTO EX.PADECIMIENTOS(ID_PATOLOGIA, ID_PERSONA, ID_FICHA_MEDICA) VALUES
                            (2, '00164', 164);
INSERT INTO EX.PADECIMIENTOS(ID_PATOLOGIA, ID_PERSONA, ID_FICHA_MEDICA) VALUES
                            (3, '00164', 164);
INSERT INTO EX.PADECIMIENTOS(ID_PATOLOGIA, ID_PERSONA, ID_FICHA_MEDICA) VALUES
                            (4, '00164', 164);
INSERT INTO EX.PADECIMIENTOS(ID_PATOLOGIA, ID_PERSONA, ID_FICHA_MEDICA) VALUES
                            (5, '00164', 164);
INSERT INTO EX.PADECIMIENTOS(ID_PATOLOGIA, ID_PERSONA, ID_FICHA_MEDICA) VALUES
                            (6, '00164', 164);
INSERT INTO EX.SINTOMAS(FECHA_INICIO, ID_SINTOMA, ID_PERSONA, ID_FICHA_MEDICA) VALUES
                            (TO_DATE('2020-05-30','YYYY-MM-DD'), 1, '00164', 164);
INSERT INTO EX.SINTOMAS(FECHA_INICIO, ID_SINTOMA, ID_PERSONA, ID_FICHA_MEDICA) VALUES
                            (TO_DATE('2020-02-27','YYYY-MM-DD'), 2, '00164', 164);
INSERT INTO EX.SINTOMAS(FECHA_INICIO, ID_SINTOMA, ID_PERSONA, ID_FICHA_MEDICA) VALUES
                            (TO_DATE('2020-02-29','YYYY-MM-DD'), 3, '00164', 164);
INSERT INTO EX.SINTOMAS(FECHA_INICIO, ID_SINTOMA, ID_PERSONA, ID_FICHA_MEDICA) VALUES
                            (TO_DATE('2020-03-13','YYYY-MM-DD'), 4, '00164', 164);
INSERT INTO EX.SINTOMAS(FECHA_INICIO, ID_SINTOMA, ID_PERSONA, ID_FICHA_MEDICA) VALUES
                            (TO_DATE('2020-06-09','YYYY-MM-DD'), 5, '00164', 164);
INSERT INTO EX.SINTOMAS(FECHA_INICIO, ID_SINTOMA, ID_PERSONA, ID_FICHA_MEDICA) VALUES
                            (TO_DATE('2020-04-18','YYYY-MM-DD'), 6, '00164', 164);
INSERT INTO EX.SINTOMAS(FECHA_INICIO, ID_SINTOMA, ID_PERSONA, ID_FICHA_MEDICA) VALUES
                            (TO_DATE('2020-02-02','YYYY-MM-DD'), 7, '00164', 164);
INSERT INTO EX.SINTOMAS(FECHA_INICIO, ID_SINTOMA, ID_PERSONA, ID_FICHA_MEDICA) VALUES
                            (TO_DATE('2020-02-22','YYYY-MM-DD'), 8, '00164', 164);
INSERT INTO EX.SINTOMAS(FECHA_INICIO, ID_SINTOMA, ID_PERSONA, ID_FICHA_MEDICA) VALUES
                            (TO_DATE('2020-04-24','YYYY-MM-DD'), 9, '00164', 164);
INSERT INTO EX.SINTOMAS(FECHA_INICIO, ID_SINTOMA, ID_PERSONA, ID_FICHA_MEDICA) VALUES
                            (TO_DATE('2020-06-04','YYYY-MM-DD'), 10, '00164', 164);
INSERT INTO EX.SINTOMAS(FECHA_INICIO, ID_SINTOMA, ID_PERSONA, ID_FICHA_MEDICA) VALUES
                            (TO_DATE('2020-02-13','YYYY-MM-DD'), 11, '00164', 164);
INSERT INTO EX.SINTOMAS(FECHA_INICIO, ID_SINTOMA, ID_PERSONA, ID_FICHA_MEDICA) VALUES
                            (TO_DATE('2020-03-16','YYYY-MM-DD'), 12, '00164', 164);
INSERT INTO EX.SINTOMAS(FECHA_INICIO, ID_SINTOMA, ID_PERSONA, ID_FICHA_MEDICA) VALUES
                            (TO_DATE('2020-01-12','YYYY-MM-DD'), 13, '00164', 164);
INSERT INTO EX.SINTOMAS(FECHA_INICIO, ID_SINTOMA, ID_PERSONA, ID_FICHA_MEDICA) VALUES
                            (TO_DATE('2020-04-25','YYYY-MM-DD'), 14, '00164', 164);
INSERT INTO EX.SINTOMAS(FECHA_INICIO, ID_SINTOMA, ID_PERSONA, ID_FICHA_MEDICA) VALUES
                            (TO_DATE('2020-06-08','YYYY-MM-DD'), 15, '00164', 164);
INSERT INTO EX.SINTOMAS(FECHA_INICIO, ID_SINTOMA, ID_PERSONA, ID_FICHA_MEDICA) VALUES
                            (TO_DATE('2020-03-31','YYYY-MM-DD'), 16, '00164', 164);
INSERT INTO EX.SINTOMAS(FECHA_INICIO, ID_SINTOMA, ID_PERSONA, ID_FICHA_MEDICA) VALUES
                            (TO_DATE('2020-01-03','YYYY-MM-DD'), 17, '00164', 164);
INSERT INTO EX.PERSONA(DOC_IDENTIDAD, NOMBRE, NOMBRE1, APELLIDO, APELLIDO1, FECHA_NAC, GENERO, FOTO) VALUES
                  ('00165', 'Melinda', 'Charles', 'Smith', 'Cortez', TO_DATE('1975-01-08','YYYY-MM-DD'), 'f', NULL);
INSERT INTO EX.HISTORICO_RESIDENCIA(FECHA_INICIO, ID_LUGAR, ID_PERSONA, FECHA_FIN) VALUES
                  (TO_DATE('1992-12-05','YYYY-MM-DD'), 42, '00165', NULL);
INSERT INTO EX.FICHA_MEDICA(ID, ID_PERSONA, ID_CENTRO_SALUD, ID_LUGAR, ESTADO, FECHA_INFECCION, FECHA_RECUPERACION) VALUES
                                             (165, '00165', 27, 42, 'desconido', NULL, NULL);
INSERT INTO EX.PERSONA(DOC_IDENTIDAD, NOMBRE, NOMBRE1, APELLIDO, APELLIDO1, FECHA_NAC, GENERO, FOTO) VALUES
                  ('00166', 'Jennifer', 'Michael', 'Sawyer', 'David', TO_DATE('1994-09-18','YYYY-MM-DD'), 'm', NULL);
INSERT INTO EX.HISTORICO_RESIDENCIA(FECHA_INICIO, ID_LUGAR, ID_PERSONA, FECHA_FIN) VALUES
                  (TO_DATE('2002-09-02','YYYY-MM-DD'), 42, '00166', NULL);
INSERT INTO EX.FICHA_MEDICA(ID, ID_PERSONA, ID_CENTRO_SALUD, ID_LUGAR, ESTADO, FECHA_INFECCION, FECHA_RECUPERACION) VALUES
                                             (166, '00166', 27, 42, 'desconido', NULL, NULL);
INSERT INTO EX.SINTOMAS(FECHA_INICIO, ID_SINTOMA, ID_PERSONA, ID_FICHA_MEDICA) VALUES
                            (TO_DATE('2020-03-29','YYYY-MM-DD'), 1, '00166', 166);
INSERT INTO EX.SINTOMAS(FECHA_INICIO, ID_SINTOMA, ID_PERSONA, ID_FICHA_MEDICA) VALUES
                            (TO_DATE('2020-02-13','YYYY-MM-DD'), 2, '00166', 166);
INSERT INTO EX.SINTOMAS(FECHA_INICIO, ID_SINTOMA, ID_PERSONA, ID_FICHA_MEDICA) VALUES
                            (TO_DATE('2020-03-07','YYYY-MM-DD'), 3, '00166', 166);
INSERT INTO EX.SINTOMAS(FECHA_INICIO, ID_SINTOMA, ID_PERSONA, ID_FICHA_MEDICA) VALUES
                            (TO_DATE('2020-02-13','YYYY-MM-DD'), 4, '00166', 166);
INSERT INTO EX.SINTOMAS(FECHA_INICIO, ID_SINTOMA, ID_PERSONA, ID_FICHA_MEDICA) VALUES
                            (TO_DATE('2020-05-09','YYYY-MM-DD'), 5, '00166', 166);
INSERT INTO EX.SINTOMAS(FECHA_INICIO, ID_SINTOMA, ID_PERSONA, ID_FICHA_MEDICA) VALUES
                            (TO_DATE('2020-05-01','YYYY-MM-DD'), 6, '00166', 166);
INSERT INTO EX.SINTOMAS(FECHA_INICIO, ID_SINTOMA, ID_PERSONA, ID_FICHA_MEDICA) VALUES
                            (TO_DATE('2020-01-27','YYYY-MM-DD'), 7, '00166', 166);
INSERT INTO EX.SINTOMAS(FECHA_INICIO, ID_SINTOMA, ID_PERSONA, ID_FICHA_MEDICA) VALUES
                            (TO_DATE('2020-03-04','YYYY-MM-DD'), 8, '00166', 166);
INSERT INTO EX.SINTOMAS(FECHA_INICIO, ID_SINTOMA, ID_PERSONA, ID_FICHA_MEDICA) VALUES
                            (TO_DATE('2020-05-21','YYYY-MM-DD'), 9, '00166', 166);
INSERT INTO EX.SINTOMAS(FECHA_INICIO, ID_SINTOMA, ID_PERSONA, ID_FICHA_MEDICA) VALUES
                            (TO_DATE('2020-05-30','YYYY-MM-DD'), 10, '00166', 166);
INSERT INTO EX.SINTOMAS(FECHA_INICIO, ID_SINTOMA, ID_PERSONA, ID_FICHA_MEDICA) VALUES
                            (TO_DATE('2020-05-16','YYYY-MM-DD'), 11, '00166', 166);
INSERT INTO EX.SINTOMAS(FECHA_INICIO, ID_SINTOMA, ID_PERSONA, ID_FICHA_MEDICA) VALUES
                            (TO_DATE('2020-02-14','YYYY-MM-DD'), 12, '00166', 166);
INSERT INTO EX.SINTOMAS(FECHA_INICIO, ID_SINTOMA, ID_PERSONA, ID_FICHA_MEDICA) VALUES
                            (TO_DATE('2020-01-22','YYYY-MM-DD'), 13, '00166', 166);
INSERT INTO EX.PERSONA(DOC_IDENTIDAD, NOMBRE, NOMBRE1, APELLIDO, APELLIDO1, FECHA_NAC, GENERO, FOTO) VALUES
                  ('00167', 'Rodney', 'Stephanie', 'Foster', 'Doyle', TO_DATE('1998-12-28','YYYY-MM-DD'), 'f', NULL);
INSERT INTO EX.HISTORICO_RESIDENCIA(FECHA_INICIO, ID_LUGAR, ID_PERSONA, FECHA_FIN) VALUES
                  (TO_DATE('1986-12-01','YYYY-MM-DD'), 29, '00167', NULL);
INSERT INTO EX.FICHA_MEDICA(ID, ID_PERSONA, ID_CENTRO_SALUD, ID_LUGAR, ESTADO, FECHA_INFECCION, FECHA_RECUPERACION) VALUES
                                             (167, '00167', 14, 29, 'desconido', NULL, NULL);
INSERT INTO EX.PADECIMIENTOS(ID_PATOLOGIA, ID_PERSONA, ID_FICHA_MEDICA) VALUES
                            (1, '00167', 167);
INSERT INTO EX.PADECIMIENTOS(ID_PATOLOGIA, ID_PERSONA, ID_FICHA_MEDICA) VALUES
                            (2, '00167', 167);
INSERT INTO EX.PADECIMIENTOS(ID_PATOLOGIA, ID_PERSONA, ID_FICHA_MEDICA) VALUES
                            (3, '00167', 167);
INSERT INTO EX.PADECIMIENTOS(ID_PATOLOGIA, ID_PERSONA, ID_FICHA_MEDICA) VALUES
                            (4, '00167', 167);
INSERT INTO EX.PADECIMIENTOS(ID_PATOLOGIA, ID_PERSONA, ID_FICHA_MEDICA) VALUES
                            (5, '00167', 167);
INSERT INTO EX.PADECIMIENTOS(ID_PATOLOGIA, ID_PERSONA, ID_FICHA_MEDICA) VALUES
                            (6, '00167', 167);
INSERT INTO EX.PERSONA(DOC_IDENTIDAD, NOMBRE, NOMBRE1, APELLIDO, APELLIDO1, FECHA_NAC, GENERO, FOTO) VALUES
                  ('00168', 'Natasha', 'Sheila', 'Hall', 'Walton', TO_DATE('2006-12-11','YYYY-MM-DD'), 'm', NULL);
INSERT INTO EX.HISTORICO_RESIDENCIA(FECHA_INICIO, ID_LUGAR, ID_PERSONA, FECHA_FIN) VALUES
                  (TO_DATE('1998-05-04','YYYY-MM-DD'), 34, '00168', NULL);
INSERT INTO EX.FICHA_MEDICA(ID, ID_PERSONA, ID_CENTRO_SALUD, ID_LUGAR, ESTADO, FECHA_INFECCION, FECHA_RECUPERACION) VALUES
                                             (168, '00168', 19, 34, 'desconido', NULL, NULL);
INSERT INTO EX.PADECIMIENTOS(ID_PATOLOGIA, ID_PERSONA, ID_FICHA_MEDICA) VALUES
                            (1, '00168', 168);
INSERT INTO EX.PADECIMIENTOS(ID_PATOLOGIA, ID_PERSONA, ID_FICHA_MEDICA) VALUES
                            (2, '00168', 168);
INSERT INTO EX.PADECIMIENTOS(ID_PATOLOGIA, ID_PERSONA, ID_FICHA_MEDICA) VALUES
                            (3, '00168', 168);
INSERT INTO EX.PADECIMIENTOS(ID_PATOLOGIA, ID_PERSONA, ID_FICHA_MEDICA) VALUES
                            (4, '00168', 168);
INSERT INTO EX.PADECIMIENTOS(ID_PATOLOGIA, ID_PERSONA, ID_FICHA_MEDICA) VALUES
                            (5, '00168', 168);
INSERT INTO EX.PADECIMIENTOS(ID_PATOLOGIA, ID_PERSONA, ID_FICHA_MEDICA) VALUES
                            (6, '00168', 168);
INSERT INTO EX.PADECIMIENTOS(ID_PATOLOGIA, ID_PERSONA, ID_FICHA_MEDICA) VALUES
                            (7, '00168', 168);
INSERT INTO EX.PADECIMIENTOS(ID_PATOLOGIA, ID_PERSONA, ID_FICHA_MEDICA) VALUES
                            (8, '00168', 168);
INSERT INTO EX.PADECIMIENTOS(ID_PATOLOGIA, ID_PERSONA, ID_FICHA_MEDICA) VALUES
                            (9, '00168', 168);
INSERT INTO EX.SINTOMAS(FECHA_INICIO, ID_SINTOMA, ID_PERSONA, ID_FICHA_MEDICA) VALUES
                            (TO_DATE('2020-04-13','YYYY-MM-DD'), 1, '00168', 168);
INSERT INTO EX.SINTOMAS(FECHA_INICIO, ID_SINTOMA, ID_PERSONA, ID_FICHA_MEDICA) VALUES
                            (TO_DATE('2020-02-27','YYYY-MM-DD'), 2, '00168', 168);
INSERT INTO EX.SINTOMAS(FECHA_INICIO, ID_SINTOMA, ID_PERSONA, ID_FICHA_MEDICA) VALUES
                            (TO_DATE('2020-03-21','YYYY-MM-DD'), 3, '00168', 168);
INSERT INTO EX.SINTOMAS(FECHA_INICIO, ID_SINTOMA, ID_PERSONA, ID_FICHA_MEDICA) VALUES
                            (TO_DATE('2020-03-05','YYYY-MM-DD'), 4, '00168', 168);
INSERT INTO EX.SINTOMAS(FECHA_INICIO, ID_SINTOMA, ID_PERSONA, ID_FICHA_MEDICA) VALUES
                            (TO_DATE('2020-04-08','YYYY-MM-DD'), 5, '00168', 168);
INSERT INTO EX.SINTOMAS(FECHA_INICIO, ID_SINTOMA, ID_PERSONA, ID_FICHA_MEDICA) VALUES
                            (TO_DATE('2020-05-28','YYYY-MM-DD'), 6, '00168', 168);
INSERT INTO EX.SINTOMAS(FECHA_INICIO, ID_SINTOMA, ID_PERSONA, ID_FICHA_MEDICA) VALUES
                            (TO_DATE('2020-03-08','YYYY-MM-DD'), 7, '00168', 168);
INSERT INTO EX.SINTOMAS(FECHA_INICIO, ID_SINTOMA, ID_PERSONA, ID_FICHA_MEDICA) VALUES
                            (TO_DATE('2020-06-01','YYYY-MM-DD'), 8, '00168', 168);
INSERT INTO EX.SINTOMAS(FECHA_INICIO, ID_SINTOMA, ID_PERSONA, ID_FICHA_MEDICA) VALUES
                            (TO_DATE('2020-03-06','YYYY-MM-DD'), 9, '00168', 168);
INSERT INTO EX.SINTOMAS(FECHA_INICIO, ID_SINTOMA, ID_PERSONA, ID_FICHA_MEDICA) VALUES
                            (TO_DATE('2020-05-09','YYYY-MM-DD'), 10, '00168', 168);
INSERT INTO EX.SINTOMAS(FECHA_INICIO, ID_SINTOMA, ID_PERSONA, ID_FICHA_MEDICA) VALUES
                            (TO_DATE('2020-06-29','YYYY-MM-DD'), 11, '00168', 168);
INSERT INTO EX.SINTOMAS(FECHA_INICIO, ID_SINTOMA, ID_PERSONA, ID_FICHA_MEDICA) VALUES
                            (TO_DATE('2020-02-06','YYYY-MM-DD'), 12, '00168', 168);
INSERT INTO EX.SINTOMAS(FECHA_INICIO, ID_SINTOMA, ID_PERSONA, ID_FICHA_MEDICA) VALUES
                            (TO_DATE('2020-03-21','YYYY-MM-DD'), 13, '00168', 168);
INSERT INTO EX.SINTOMAS(FECHA_INICIO, ID_SINTOMA, ID_PERSONA, ID_FICHA_MEDICA) VALUES
                            (TO_DATE('2020-06-08','YYYY-MM-DD'), 14, '00168', 168);
INSERT INTO EX.SINTOMAS(FECHA_INICIO, ID_SINTOMA, ID_PERSONA, ID_FICHA_MEDICA) VALUES
                            (TO_DATE('2020-06-18','YYYY-MM-DD'), 15, '00168', 168);
INSERT INTO EX.SINTOMAS(FECHA_INICIO, ID_SINTOMA, ID_PERSONA, ID_FICHA_MEDICA) VALUES
                            (TO_DATE('2020-02-15','YYYY-MM-DD'), 16, '00168', 168);
INSERT INTO EX.SINTOMAS(FECHA_INICIO, ID_SINTOMA, ID_PERSONA, ID_FICHA_MEDICA) VALUES
                            (TO_DATE('2020-04-18','YYYY-MM-DD'), 17, '00168', 168);
INSERT INTO EX.PERSONA(DOC_IDENTIDAD, NOMBRE, NOMBRE1, APELLIDO, APELLIDO1, FECHA_NAC, GENERO, FOTO) VALUES
                  ('00169', 'Rebecca', 'Amanda', 'Sullivan', 'Perez', TO_DATE('1986-06-27','YYYY-MM-DD'), 'f', NULL);
INSERT INTO EX.HISTORICO_RESIDENCIA(FECHA_INICIO, ID_LUGAR, ID_PERSONA, FECHA_FIN) VALUES
                  (TO_DATE('2013-01-17','YYYY-MM-DD'), 36, '00169', NULL);
INSERT INTO EX.FICHA_MEDICA(ID, ID_PERSONA, ID_CENTRO_SALUD, ID_LUGAR, ESTADO, FECHA_INFECCION, FECHA_RECUPERACION) VALUES
                                             (169, '00169', 21, 36, 'desconido', NULL, NULL);
INSERT INTO EX.PADECIMIENTOS(ID_PATOLOGIA, ID_PERSONA, ID_FICHA_MEDICA) VALUES
                            (1, '00169', 169);
INSERT INTO EX.PADECIMIENTOS(ID_PATOLOGIA, ID_PERSONA, ID_FICHA_MEDICA) VALUES
                            (2, '00169', 169);
INSERT INTO EX.PADECIMIENTOS(ID_PATOLOGIA, ID_PERSONA, ID_FICHA_MEDICA) VALUES
                            (3, '00169', 169);
INSERT INTO EX.PADECIMIENTOS(ID_PATOLOGIA, ID_PERSONA, ID_FICHA_MEDICA) VALUES
                            (4, '00169', 169);
INSERT INTO EX.PADECIMIENTOS(ID_PATOLOGIA, ID_PERSONA, ID_FICHA_MEDICA) VALUES
                            (5, '00169', 169);
INSERT INTO EX.PADECIMIENTOS(ID_PATOLOGIA, ID_PERSONA, ID_FICHA_MEDICA) VALUES
                            (6, '00169', 169);
INSERT INTO EX.PADECIMIENTOS(ID_PATOLOGIA, ID_PERSONA, ID_FICHA_MEDICA) VALUES
                            (7, '00169', 169);
INSERT INTO EX.PADECIMIENTOS(ID_PATOLOGIA, ID_PERSONA, ID_FICHA_MEDICA) VALUES
                            (8, '00169', 169);
INSERT INTO EX.PADECIMIENTOS(ID_PATOLOGIA, ID_PERSONA, ID_FICHA_MEDICA) VALUES
                            (9, '00169', 169);
INSERT INTO EX.PADECIMIENTOS(ID_PATOLOGIA, ID_PERSONA, ID_FICHA_MEDICA) VALUES
                            (10, '00169', 169);
INSERT INTO EX.PADECIMIENTOS(ID_PATOLOGIA, ID_PERSONA, ID_FICHA_MEDICA) VALUES
                            (11, '00169', 169);
INSERT INTO EX.PADECIMIENTOS(ID_PATOLOGIA, ID_PERSONA, ID_FICHA_MEDICA) VALUES
                            (12, '00169', 169);
INSERT INTO EX.PADECIMIENTOS(ID_PATOLOGIA, ID_PERSONA, ID_FICHA_MEDICA) VALUES
                            (13, '00169', 169);
INSERT INTO EX.PADECIMIENTOS(ID_PATOLOGIA, ID_PERSONA, ID_FICHA_MEDICA) VALUES
                            (14, '00169', 169);
INSERT INTO EX.PERSONA(DOC_IDENTIDAD, NOMBRE, NOMBRE1, APELLIDO, APELLIDO1, FECHA_NAC, GENERO, FOTO) VALUES
                  ('00170', 'Jill', 'Jeffrey', 'Hicks', 'Lang', TO_DATE('1974-10-25','YYYY-MM-DD'), 'm', NULL);
INSERT INTO EX.HISTORICO_RESIDENCIA(FECHA_INICIO, ID_LUGAR, ID_PERSONA, FECHA_FIN) VALUES
                  (TO_DATE('1973-11-30','YYYY-MM-DD'), 21, '00170', NULL);
INSERT INTO EX.FICHA_MEDICA(ID, ID_PERSONA, ID_CENTRO_SALUD, ID_LUGAR, ESTADO, FECHA_INFECCION, FECHA_RECUPERACION) VALUES
                                             (170, '00170', 6, 21, 'desconido', NULL, NULL);
INSERT INTO EX.PADECIMIENTOS(ID_PATOLOGIA, ID_PERSONA, ID_FICHA_MEDICA) VALUES
                            (1, '00170', 170);
INSERT INTO EX.PADECIMIENTOS(ID_PATOLOGIA, ID_PERSONA, ID_FICHA_MEDICA) VALUES
                            (2, '00170', 170);
INSERT INTO EX.PADECIMIENTOS(ID_PATOLOGIA, ID_PERSONA, ID_FICHA_MEDICA) VALUES
                            (3, '00170', 170);
INSERT INTO EX.PADECIMIENTOS(ID_PATOLOGIA, ID_PERSONA, ID_FICHA_MEDICA) VALUES
                            (4, '00170', 170);
INSERT INTO EX.PADECIMIENTOS(ID_PATOLOGIA, ID_PERSONA, ID_FICHA_MEDICA) VALUES
                            (5, '00170', 170);
INSERT INTO EX.PADECIMIENTOS(ID_PATOLOGIA, ID_PERSONA, ID_FICHA_MEDICA) VALUES
                            (6, '00170', 170);
INSERT INTO EX.PADECIMIENTOS(ID_PATOLOGIA, ID_PERSONA, ID_FICHA_MEDICA) VALUES
                            (7, '00170', 170);
INSERT INTO EX.PADECIMIENTOS(ID_PATOLOGIA, ID_PERSONA, ID_FICHA_MEDICA) VALUES
                            (8, '00170', 170);
INSERT INTO EX.SINTOMAS(FECHA_INICIO, ID_SINTOMA, ID_PERSONA, ID_FICHA_MEDICA) VALUES
                            (TO_DATE('2020-04-28','YYYY-MM-DD'), 1, '00170', 170);
INSERT INTO EX.SINTOMAS(FECHA_INICIO, ID_SINTOMA, ID_PERSONA, ID_FICHA_MEDICA) VALUES
                            (TO_DATE('2020-03-07','YYYY-MM-DD'), 2, '00170', 170);
INSERT INTO EX.SINTOMAS(FECHA_INICIO, ID_SINTOMA, ID_PERSONA, ID_FICHA_MEDICA) VALUES
                            (TO_DATE('2020-02-20','YYYY-MM-DD'), 3, '00170', 170);
INSERT INTO EX.SINTOMAS(FECHA_INICIO, ID_SINTOMA, ID_PERSONA, ID_FICHA_MEDICA) VALUES
                            (TO_DATE('2020-06-15','YYYY-MM-DD'), 4, '00170', 170);
INSERT INTO EX.SINTOMAS(FECHA_INICIO, ID_SINTOMA, ID_PERSONA, ID_FICHA_MEDICA) VALUES
                            (TO_DATE('2020-05-11','YYYY-MM-DD'), 5, '00170', 170);
INSERT INTO EX.SINTOMAS(FECHA_INICIO, ID_SINTOMA, ID_PERSONA, ID_FICHA_MEDICA) VALUES
                            (TO_DATE('2020-03-30','YYYY-MM-DD'), 6, '00170', 170);
INSERT INTO EX.SINTOMAS(FECHA_INICIO, ID_SINTOMA, ID_PERSONA, ID_FICHA_MEDICA) VALUES
                            (TO_DATE('2020-01-27','YYYY-MM-DD'), 7, '00170', 170);
INSERT INTO EX.PERSONA(DOC_IDENTIDAD, NOMBRE, NOMBRE1, APELLIDO, APELLIDO1, FECHA_NAC, GENERO, FOTO) VALUES
                  ('00171', 'Julie', 'Christopher', 'Oconnell', 'Duncan', TO_DATE('1981-06-20','YYYY-MM-DD'), 'f', NULL);
INSERT INTO EX.HISTORICO_RESIDENCIA(FECHA_INICIO, ID_LUGAR, ID_PERSONA, FECHA_FIN) VALUES
                  (TO_DATE('1992-02-01','YYYY-MM-DD'), 27, '00171', NULL);
INSERT INTO EX.FICHA_MEDICA(ID, ID_PERSONA, ID_CENTRO_SALUD, ID_LUGAR, ESTADO, FECHA_INFECCION, FECHA_RECUPERACION) VALUES
                                             (171, '00171', 12, 27, 'desconido', NULL, NULL);
INSERT INTO EX.SINTOMAS(FECHA_INICIO, ID_SINTOMA, ID_PERSONA, ID_FICHA_MEDICA) VALUES
                            (TO_DATE('2020-04-23','YYYY-MM-DD'), 1, '00171', 171);
INSERT INTO EX.SINTOMAS(FECHA_INICIO, ID_SINTOMA, ID_PERSONA, ID_FICHA_MEDICA) VALUES
                            (TO_DATE('2020-02-18','YYYY-MM-DD'), 2, '00171', 171);
INSERT INTO EX.SINTOMAS(FECHA_INICIO, ID_SINTOMA, ID_PERSONA, ID_FICHA_MEDICA) VALUES
                            (TO_DATE('2020-05-25','YYYY-MM-DD'), 3, '00171', 171);
INSERT INTO EX.SINTOMAS(FECHA_INICIO, ID_SINTOMA, ID_PERSONA, ID_FICHA_MEDICA) VALUES
                            (TO_DATE('2020-03-17','YYYY-MM-DD'), 4, '00171', 171);
INSERT INTO EX.SINTOMAS(FECHA_INICIO, ID_SINTOMA, ID_PERSONA, ID_FICHA_MEDICA) VALUES
                            (TO_DATE('2020-02-22','YYYY-MM-DD'), 5, '00171', 171);
INSERT INTO EX.SINTOMAS(FECHA_INICIO, ID_SINTOMA, ID_PERSONA, ID_FICHA_MEDICA) VALUES
                            (TO_DATE('2020-02-10','YYYY-MM-DD'), 6, '00171', 171);
INSERT INTO EX.SINTOMAS(FECHA_INICIO, ID_SINTOMA, ID_PERSONA, ID_FICHA_MEDICA) VALUES
                            (TO_DATE('2020-03-20','YYYY-MM-DD'), 7, '00171', 171);
INSERT INTO EX.SINTOMAS(FECHA_INICIO, ID_SINTOMA, ID_PERSONA, ID_FICHA_MEDICA) VALUES
                            (TO_DATE('2020-05-27','YYYY-MM-DD'), 8, '00171', 171);
INSERT INTO EX.SINTOMAS(FECHA_INICIO, ID_SINTOMA, ID_PERSONA, ID_FICHA_MEDICA) VALUES
                            (TO_DATE('2020-01-02','YYYY-MM-DD'), 9, '00171', 171);
INSERT INTO EX.SINTOMAS(FECHA_INICIO, ID_SINTOMA, ID_PERSONA, ID_FICHA_MEDICA) VALUES
                            (TO_DATE('2020-01-27','YYYY-MM-DD'), 10, '00171', 171);
INSERT INTO EX.SINTOMAS(FECHA_INICIO, ID_SINTOMA, ID_PERSONA, ID_FICHA_MEDICA) VALUES
                            (TO_DATE('2020-01-13','YYYY-MM-DD'), 11, '00171', 171);
INSERT INTO EX.PERSONA(DOC_IDENTIDAD, NOMBRE, NOMBRE1, APELLIDO, APELLIDO1, FECHA_NAC, GENERO, FOTO) VALUES
                  ('00172', 'Kristen', 'Bryan', 'Graves', 'Rodriguez', TO_DATE('2016-07-18','YYYY-MM-DD'), 'm', NULL);
INSERT INTO EX.HISTORICO_RESIDENCIA(FECHA_INICIO, ID_LUGAR, ID_PERSONA, FECHA_FIN) VALUES
                  (TO_DATE('2019-04-15','YYYY-MM-DD'), 39, '00172', NULL);
INSERT INTO EX.FICHA_MEDICA(ID, ID_PERSONA, ID_CENTRO_SALUD, ID_LUGAR, ESTADO, FECHA_INFECCION, FECHA_RECUPERACION) VALUES
                                             (172, '00172', 24, 39, 'desconido', NULL, NULL);
INSERT INTO EX.PADECIMIENTOS(ID_PATOLOGIA, ID_PERSONA, ID_FICHA_MEDICA) VALUES
                            (1, '00172', 172);
INSERT INTO EX.PADECIMIENTOS(ID_PATOLOGIA, ID_PERSONA, ID_FICHA_MEDICA) VALUES
                            (2, '00172', 172);
INSERT INTO EX.SINTOMAS(FECHA_INICIO, ID_SINTOMA, ID_PERSONA, ID_FICHA_MEDICA) VALUES
                            (TO_DATE('2020-01-08','YYYY-MM-DD'), 1, '00172', 172);
INSERT INTO EX.SINTOMAS(FECHA_INICIO, ID_SINTOMA, ID_PERSONA, ID_FICHA_MEDICA) VALUES
                            (TO_DATE('2020-02-28','YYYY-MM-DD'), 2, '00172', 172);
INSERT INTO EX.SINTOMAS(FECHA_INICIO, ID_SINTOMA, ID_PERSONA, ID_FICHA_MEDICA) VALUES
                            (TO_DATE('2020-03-10','YYYY-MM-DD'), 3, '00172', 172);
INSERT INTO EX.SINTOMAS(FECHA_INICIO, ID_SINTOMA, ID_PERSONA, ID_FICHA_MEDICA) VALUES
                            (TO_DATE('2020-05-01','YYYY-MM-DD'), 4, '00172', 172);
INSERT INTO EX.SINTOMAS(FECHA_INICIO, ID_SINTOMA, ID_PERSONA, ID_FICHA_MEDICA) VALUES
                            (TO_DATE('2020-05-30','YYYY-MM-DD'), 5, '00172', 172);
INSERT INTO EX.PERSONA(DOC_IDENTIDAD, NOMBRE, NOMBRE1, APELLIDO, APELLIDO1, FECHA_NAC, GENERO, FOTO) VALUES
                  ('00173', 'Tara', 'Matthew', 'Gonzalez', 'Harris', TO_DATE('1986-06-04','YYYY-MM-DD'), 'f', NULL);
INSERT INTO EX.HISTORICO_RESIDENCIA(FECHA_INICIO, ID_LUGAR, ID_PERSONA, FECHA_FIN) VALUES
                  (TO_DATE('1987-09-18','YYYY-MM-DD'), 33, '00173', NULL);
INSERT INTO EX.FICHA_MEDICA(ID, ID_PERSONA, ID_CENTRO_SALUD, ID_LUGAR, ESTADO, FECHA_INFECCION, FECHA_RECUPERACION) VALUES
                                             (173, '00173', 18, 33, 'desconido', NULL, NULL);
INSERT INTO EX.SINTOMAS(FECHA_INICIO, ID_SINTOMA, ID_PERSONA, ID_FICHA_MEDICA) VALUES
                            (TO_DATE('2020-06-16','YYYY-MM-DD'), 1, '00173', 173);
INSERT INTO EX.SINTOMAS(FECHA_INICIO, ID_SINTOMA, ID_PERSONA, ID_FICHA_MEDICA) VALUES
                            (TO_DATE('2020-06-14','YYYY-MM-DD'), 2, '00173', 173);
INSERT INTO EX.SINTOMAS(FECHA_INICIO, ID_SINTOMA, ID_PERSONA, ID_FICHA_MEDICA) VALUES
                            (TO_DATE('2020-06-25','YYYY-MM-DD'), 3, '00173', 173);
INSERT INTO EX.SINTOMAS(FECHA_INICIO, ID_SINTOMA, ID_PERSONA, ID_FICHA_MEDICA) VALUES
                            (TO_DATE('2020-06-08','YYYY-MM-DD'), 4, '00173', 173);
INSERT INTO EX.SINTOMAS(FECHA_INICIO, ID_SINTOMA, ID_PERSONA, ID_FICHA_MEDICA) VALUES
                            (TO_DATE('2020-06-08','YYYY-MM-DD'), 5, '00173', 173);
INSERT INTO EX.SINTOMAS(FECHA_INICIO, ID_SINTOMA, ID_PERSONA, ID_FICHA_MEDICA) VALUES
                            (TO_DATE('2020-02-08','YYYY-MM-DD'), 6, '00173', 173);
INSERT INTO EX.SINTOMAS(FECHA_INICIO, ID_SINTOMA, ID_PERSONA, ID_FICHA_MEDICA) VALUES
                            (TO_DATE('2020-05-06','YYYY-MM-DD'), 7, '00173', 173);
INSERT INTO EX.SINTOMAS(FECHA_INICIO, ID_SINTOMA, ID_PERSONA, ID_FICHA_MEDICA) VALUES
                            (TO_DATE('2020-05-26','YYYY-MM-DD'), 8, '00173', 173);
INSERT INTO EX.SINTOMAS(FECHA_INICIO, ID_SINTOMA, ID_PERSONA, ID_FICHA_MEDICA) VALUES
                            (TO_DATE('2020-02-16','YYYY-MM-DD'), 9, '00173', 173);
INSERT INTO EX.SINTOMAS(FECHA_INICIO, ID_SINTOMA, ID_PERSONA, ID_FICHA_MEDICA) VALUES
                            (TO_DATE('2020-02-08','YYYY-MM-DD'), 10, '00173', 173);
INSERT INTO EX.SINTOMAS(FECHA_INICIO, ID_SINTOMA, ID_PERSONA, ID_FICHA_MEDICA) VALUES
                            (TO_DATE('2020-03-01','YYYY-MM-DD'), 11, '00173', 173);
INSERT INTO EX.SINTOMAS(FECHA_INICIO, ID_SINTOMA, ID_PERSONA, ID_FICHA_MEDICA) VALUES
                            (TO_DATE('2020-02-12','YYYY-MM-DD'), 12, '00173', 173);
INSERT INTO EX.SINTOMAS(FECHA_INICIO, ID_SINTOMA, ID_PERSONA, ID_FICHA_MEDICA) VALUES
                            (TO_DATE('2020-03-26','YYYY-MM-DD'), 13, '00173', 173);
INSERT INTO EX.SINTOMAS(FECHA_INICIO, ID_SINTOMA, ID_PERSONA, ID_FICHA_MEDICA) VALUES
                            (TO_DATE('2020-03-02','YYYY-MM-DD'), 14, '00173', 173);
INSERT INTO EX.SINTOMAS(FECHA_INICIO, ID_SINTOMA, ID_PERSONA, ID_FICHA_MEDICA) VALUES
                            (TO_DATE('2020-05-18','YYYY-MM-DD'), 15, '00173', 173);
INSERT INTO EX.SINTOMAS(FECHA_INICIO, ID_SINTOMA, ID_PERSONA, ID_FICHA_MEDICA) VALUES
                            (TO_DATE('2020-04-05','YYYY-MM-DD'), 16, '00173', 173);
INSERT INTO EX.PERSONA(DOC_IDENTIDAD, NOMBRE, NOMBRE1, APELLIDO, APELLIDO1, FECHA_NAC, GENERO, FOTO) VALUES
                  ('00174', 'Andre', 'Caroline', 'Sullivan', 'Cole', TO_DATE('1975-06-23','YYYY-MM-DD'), 'm', NULL);
INSERT INTO EX.HISTORICO_RESIDENCIA(FECHA_INICIO, ID_LUGAR, ID_PERSONA, FECHA_FIN) VALUES
                  (TO_DATE('2006-08-02','YYYY-MM-DD'), 19, '00174', NULL);
INSERT INTO EX.FICHA_MEDICA(ID, ID_PERSONA, ID_CENTRO_SALUD, ID_LUGAR, ESTADO, FECHA_INFECCION, FECHA_RECUPERACION) VALUES
                                             (174, '00174', 4, 19, 'desconido', NULL, NULL);
INSERT INTO EX.SINTOMAS(FECHA_INICIO, ID_SINTOMA, ID_PERSONA, ID_FICHA_MEDICA) VALUES
                            (TO_DATE('2020-05-27','YYYY-MM-DD'), 1, '00174', 174);
INSERT INTO EX.SINTOMAS(FECHA_INICIO, ID_SINTOMA, ID_PERSONA, ID_FICHA_MEDICA) VALUES
                            (TO_DATE('2020-02-19','YYYY-MM-DD'), 2, '00174', 174);
INSERT INTO EX.SINTOMAS(FECHA_INICIO, ID_SINTOMA, ID_PERSONA, ID_FICHA_MEDICA) VALUES
                            (TO_DATE('2020-06-03','YYYY-MM-DD'), 3, '00174', 174);
INSERT INTO EX.SINTOMAS(FECHA_INICIO, ID_SINTOMA, ID_PERSONA, ID_FICHA_MEDICA) VALUES
                            (TO_DATE('2020-06-30','YYYY-MM-DD'), 4, '00174', 174);
INSERT INTO EX.SINTOMAS(FECHA_INICIO, ID_SINTOMA, ID_PERSONA, ID_FICHA_MEDICA) VALUES
                            (TO_DATE('2020-05-20','YYYY-MM-DD'), 5, '00174', 174);
INSERT INTO EX.SINTOMAS(FECHA_INICIO, ID_SINTOMA, ID_PERSONA, ID_FICHA_MEDICA) VALUES
                            (TO_DATE('2020-01-23','YYYY-MM-DD'), 6, '00174', 174);
INSERT INTO EX.SINTOMAS(FECHA_INICIO, ID_SINTOMA, ID_PERSONA, ID_FICHA_MEDICA) VALUES
                            (TO_DATE('2020-03-13','YYYY-MM-DD'), 7, '00174', 174);
INSERT INTO EX.SINTOMAS(FECHA_INICIO, ID_SINTOMA, ID_PERSONA, ID_FICHA_MEDICA) VALUES
                            (TO_DATE('2020-06-15','YYYY-MM-DD'), 8, '00174', 174);
INSERT INTO EX.SINTOMAS(FECHA_INICIO, ID_SINTOMA, ID_PERSONA, ID_FICHA_MEDICA) VALUES
                            (TO_DATE('2020-04-17','YYYY-MM-DD'), 9, '00174', 174);
INSERT INTO EX.SINTOMAS(FECHA_INICIO, ID_SINTOMA, ID_PERSONA, ID_FICHA_MEDICA) VALUES
                            (TO_DATE('2020-04-20','YYYY-MM-DD'), 10, '00174', 174);
INSERT INTO EX.SINTOMAS(FECHA_INICIO, ID_SINTOMA, ID_PERSONA, ID_FICHA_MEDICA) VALUES
                            (TO_DATE('2020-02-08','YYYY-MM-DD'), 11, '00174', 174);
INSERT INTO EX.SINTOMAS(FECHA_INICIO, ID_SINTOMA, ID_PERSONA, ID_FICHA_MEDICA) VALUES
                            (TO_DATE('2020-02-18','YYYY-MM-DD'), 12, '00174', 174);
INSERT INTO EX.SINTOMAS(FECHA_INICIO, ID_SINTOMA, ID_PERSONA, ID_FICHA_MEDICA) VALUES
                            (TO_DATE('2020-05-12','YYYY-MM-DD'), 13, '00174', 174);
INSERT INTO EX.PERSONA(DOC_IDENTIDAD, NOMBRE, NOMBRE1, APELLIDO, APELLIDO1, FECHA_NAC, GENERO, FOTO) VALUES
                  ('00175', 'Christine', 'Mark', 'Horton', 'Navarro', TO_DATE('2010-10-20','YYYY-MM-DD'), 'f', NULL);
INSERT INTO EX.HISTORICO_RESIDENCIA(FECHA_INICIO, ID_LUGAR, ID_PERSONA, FECHA_FIN) VALUES
                  (TO_DATE('2010-07-11','YYYY-MM-DD'), 26, '00175', NULL);
INSERT INTO EX.FICHA_MEDICA(ID, ID_PERSONA, ID_CENTRO_SALUD, ID_LUGAR, ESTADO, FECHA_INFECCION, FECHA_RECUPERACION) VALUES
                                             (175, '00175', 11, 26, 'desconido', NULL, NULL);
INSERT INTO EX.SINTOMAS(FECHA_INICIO, ID_SINTOMA, ID_PERSONA, ID_FICHA_MEDICA) VALUES
                            (TO_DATE('2020-05-02','YYYY-MM-DD'), 1, '00175', 175);
INSERT INTO EX.SINTOMAS(FECHA_INICIO, ID_SINTOMA, ID_PERSONA, ID_FICHA_MEDICA) VALUES
                            (TO_DATE('2020-04-14','YYYY-MM-DD'), 2, '00175', 175);
INSERT INTO EX.SINTOMAS(FECHA_INICIO, ID_SINTOMA, ID_PERSONA, ID_FICHA_MEDICA) VALUES
                            (TO_DATE('2020-01-24','YYYY-MM-DD'), 3, '00175', 175);
INSERT INTO EX.SINTOMAS(FECHA_INICIO, ID_SINTOMA, ID_PERSONA, ID_FICHA_MEDICA) VALUES
                            (TO_DATE('2020-02-18','YYYY-MM-DD'), 4, '00175', 175);
INSERT INTO EX.SINTOMAS(FECHA_INICIO, ID_SINTOMA, ID_PERSONA, ID_FICHA_MEDICA) VALUES
                            (TO_DATE('2020-01-25','YYYY-MM-DD'), 5, '00175', 175);
INSERT INTO EX.SINTOMAS(FECHA_INICIO, ID_SINTOMA, ID_PERSONA, ID_FICHA_MEDICA) VALUES
                            (TO_DATE('2020-01-11','YYYY-MM-DD'), 6, '00175', 175);
INSERT INTO EX.SINTOMAS(FECHA_INICIO, ID_SINTOMA, ID_PERSONA, ID_FICHA_MEDICA) VALUES
                            (TO_DATE('2020-06-11','YYYY-MM-DD'), 7, '00175', 175);
INSERT INTO EX.SINTOMAS(FECHA_INICIO, ID_SINTOMA, ID_PERSONA, ID_FICHA_MEDICA) VALUES
                            (TO_DATE('2020-02-11','YYYY-MM-DD'), 8, '00175', 175);
INSERT INTO EX.SINTOMAS(FECHA_INICIO, ID_SINTOMA, ID_PERSONA, ID_FICHA_MEDICA) VALUES
                            (TO_DATE('2020-03-27','YYYY-MM-DD'), 9, '00175', 175);
INSERT INTO EX.SINTOMAS(FECHA_INICIO, ID_SINTOMA, ID_PERSONA, ID_FICHA_MEDICA) VALUES
                            (TO_DATE('2020-02-01','YYYY-MM-DD'), 10, '00175', 175);
INSERT INTO EX.SINTOMAS(FECHA_INICIO, ID_SINTOMA, ID_PERSONA, ID_FICHA_MEDICA) VALUES
                            (TO_DATE('2020-03-20','YYYY-MM-DD'), 11, '00175', 175);
INSERT INTO EX.SINTOMAS(FECHA_INICIO, ID_SINTOMA, ID_PERSONA, ID_FICHA_MEDICA) VALUES
                            (TO_DATE('2020-02-22','YYYY-MM-DD'), 12, '00175', 175);
INSERT INTO EX.SINTOMAS(FECHA_INICIO, ID_SINTOMA, ID_PERSONA, ID_FICHA_MEDICA) VALUES
                            (TO_DATE('2020-02-19','YYYY-MM-DD'), 13, '00175', 175);
INSERT INTO EX.PERSONA(DOC_IDENTIDAD, NOMBRE, NOMBRE1, APELLIDO, APELLIDO1, FECHA_NAC, GENERO, FOTO) VALUES
                  ('00176', 'Misty', 'Henry', 'Olson', 'Barrett', TO_DATE('1981-08-28','YYYY-MM-DD'), 'm', NULL);
INSERT INTO EX.HISTORICO_RESIDENCIA(FECHA_INICIO, ID_LUGAR, ID_PERSONA, FECHA_FIN) VALUES
                  (TO_DATE('1978-06-19','YYYY-MM-DD'), 38, '00176', NULL);
INSERT INTO EX.FICHA_MEDICA(ID, ID_PERSONA, ID_CENTRO_SALUD, ID_LUGAR, ESTADO, FECHA_INFECCION, FECHA_RECUPERACION) VALUES
                                             (176, '00176', 23, 38, 'desconido', NULL, NULL);
INSERT INTO EX.PADECIMIENTOS(ID_PATOLOGIA, ID_PERSONA, ID_FICHA_MEDICA) VALUES
                            (1, '00176', 176);
INSERT INTO EX.PADECIMIENTOS(ID_PATOLOGIA, ID_PERSONA, ID_FICHA_MEDICA) VALUES
                            (2, '00176', 176);
INSERT INTO EX.PADECIMIENTOS(ID_PATOLOGIA, ID_PERSONA, ID_FICHA_MEDICA) VALUES
                            (3, '00176', 176);
INSERT INTO EX.PADECIMIENTOS(ID_PATOLOGIA, ID_PERSONA, ID_FICHA_MEDICA) VALUES
                            (4, '00176', 176);
INSERT INTO EX.PADECIMIENTOS(ID_PATOLOGIA, ID_PERSONA, ID_FICHA_MEDICA) VALUES
                            (5, '00176', 176);
INSERT INTO EX.PADECIMIENTOS(ID_PATOLOGIA, ID_PERSONA, ID_FICHA_MEDICA) VALUES
                            (6, '00176', 176);
INSERT INTO EX.PADECIMIENTOS(ID_PATOLOGIA, ID_PERSONA, ID_FICHA_MEDICA) VALUES
                            (7, '00176', 176);
INSERT INTO EX.PADECIMIENTOS(ID_PATOLOGIA, ID_PERSONA, ID_FICHA_MEDICA) VALUES
                            (8, '00176', 176);
INSERT INTO EX.PADECIMIENTOS(ID_PATOLOGIA, ID_PERSONA, ID_FICHA_MEDICA) VALUES
                            (9, '00176', 176);
INSERT INTO EX.PERSONA(DOC_IDENTIDAD, NOMBRE, NOMBRE1, APELLIDO, APELLIDO1, FECHA_NAC, GENERO, FOTO) VALUES
                  ('00177', 'Jacob', 'Miranda', 'Avery', 'Murphy', TO_DATE('1996-09-13','YYYY-MM-DD'), 'f', NULL);
INSERT INTO EX.HISTORICO_RESIDENCIA(FECHA_INICIO, ID_LUGAR, ID_PERSONA, FECHA_FIN) VALUES
                  (TO_DATE('2012-03-14','YYYY-MM-DD'), 29, '00177', NULL);
INSERT INTO EX.FICHA_MEDICA(ID, ID_PERSONA, ID_CENTRO_SALUD, ID_LUGAR, ESTADO, FECHA_INFECCION, FECHA_RECUPERACION) VALUES
                                             (177, '00177', 14, 29, 'desconido', NULL, NULL);
INSERT INTO EX.PADECIMIENTOS(ID_PATOLOGIA, ID_PERSONA, ID_FICHA_MEDICA) VALUES
                            (1, '00177', 177);
INSERT INTO EX.PADECIMIENTOS(ID_PATOLOGIA, ID_PERSONA, ID_FICHA_MEDICA) VALUES
                            (2, '00177', 177);
INSERT INTO EX.PADECIMIENTOS(ID_PATOLOGIA, ID_PERSONA, ID_FICHA_MEDICA) VALUES
                            (3, '00177', 177);
INSERT INTO EX.PADECIMIENTOS(ID_PATOLOGIA, ID_PERSONA, ID_FICHA_MEDICA) VALUES
                            (4, '00177', 177);
INSERT INTO EX.PADECIMIENTOS(ID_PATOLOGIA, ID_PERSONA, ID_FICHA_MEDICA) VALUES
                            (5, '00177', 177);
INSERT INTO EX.SINTOMAS(FECHA_INICIO, ID_SINTOMA, ID_PERSONA, ID_FICHA_MEDICA) VALUES
                            (TO_DATE('2020-06-26','YYYY-MM-DD'), 1, '00177', 177);
INSERT INTO EX.SINTOMAS(FECHA_INICIO, ID_SINTOMA, ID_PERSONA, ID_FICHA_MEDICA) VALUES
                            (TO_DATE('2020-02-13','YYYY-MM-DD'), 2, '00177', 177);
INSERT INTO EX.SINTOMAS(FECHA_INICIO, ID_SINTOMA, ID_PERSONA, ID_FICHA_MEDICA) VALUES
                            (TO_DATE('2020-04-17','YYYY-MM-DD'), 3, '00177', 177);
INSERT INTO EX.SINTOMAS(FECHA_INICIO, ID_SINTOMA, ID_PERSONA, ID_FICHA_MEDICA) VALUES
                            (TO_DATE('2020-06-29','YYYY-MM-DD'), 4, '00177', 177);
INSERT INTO EX.SINTOMAS(FECHA_INICIO, ID_SINTOMA, ID_PERSONA, ID_FICHA_MEDICA) VALUES
                            (TO_DATE('2020-05-14','YYYY-MM-DD'), 5, '00177', 177);
INSERT INTO EX.SINTOMAS(FECHA_INICIO, ID_SINTOMA, ID_PERSONA, ID_FICHA_MEDICA) VALUES
                            (TO_DATE('2020-06-23','YYYY-MM-DD'), 6, '00177', 177);
INSERT INTO EX.SINTOMAS(FECHA_INICIO, ID_SINTOMA, ID_PERSONA, ID_FICHA_MEDICA) VALUES
                            (TO_DATE('2020-05-05','YYYY-MM-DD'), 7, '00177', 177);
INSERT INTO EX.SINTOMAS(FECHA_INICIO, ID_SINTOMA, ID_PERSONA, ID_FICHA_MEDICA) VALUES
                            (TO_DATE('2020-01-29','YYYY-MM-DD'), 8, '00177', 177);
INSERT INTO EX.SINTOMAS(FECHA_INICIO, ID_SINTOMA, ID_PERSONA, ID_FICHA_MEDICA) VALUES
                            (TO_DATE('2020-02-29','YYYY-MM-DD'), 9, '00177', 177);
INSERT INTO EX.SINTOMAS(FECHA_INICIO, ID_SINTOMA, ID_PERSONA, ID_FICHA_MEDICA) VALUES
                            (TO_DATE('2020-02-10','YYYY-MM-DD'), 10, '00177', 177);
INSERT INTO EX.SINTOMAS(FECHA_INICIO, ID_SINTOMA, ID_PERSONA, ID_FICHA_MEDICA) VALUES
                            (TO_DATE('2020-01-30','YYYY-MM-DD'), 11, '00177', 177);
INSERT INTO EX.SINTOMAS(FECHA_INICIO, ID_SINTOMA, ID_PERSONA, ID_FICHA_MEDICA) VALUES
                            (TO_DATE('2020-04-05','YYYY-MM-DD'), 12, '00177', 177);
INSERT INTO EX.SINTOMAS(FECHA_INICIO, ID_SINTOMA, ID_PERSONA, ID_FICHA_MEDICA) VALUES
                            (TO_DATE('2020-04-08','YYYY-MM-DD'), 13, '00177', 177);
INSERT INTO EX.SINTOMAS(FECHA_INICIO, ID_SINTOMA, ID_PERSONA, ID_FICHA_MEDICA) VALUES
                            (TO_DATE('2020-04-07','YYYY-MM-DD'), 14, '00177', 177);
INSERT INTO EX.PERSONA(DOC_IDENTIDAD, NOMBRE, NOMBRE1, APELLIDO, APELLIDO1, FECHA_NAC, GENERO, FOTO) VALUES
                  ('00178', 'Robert', 'Tracy', 'Clayton', 'Garcia', TO_DATE('1980-10-06','YYYY-MM-DD'), 'm', NULL);
INSERT INTO EX.HISTORICO_RESIDENCIA(FECHA_INICIO, ID_LUGAR, ID_PERSONA, FECHA_FIN) VALUES
                  (TO_DATE('2019-10-27','YYYY-MM-DD'), 40, '00178', NULL);
INSERT INTO EX.FICHA_MEDICA(ID, ID_PERSONA, ID_CENTRO_SALUD, ID_LUGAR, ESTADO, FECHA_INFECCION, FECHA_RECUPERACION) VALUES
                                             (178, '00178', 25, 40, 'desconido', NULL, NULL);
INSERT INTO EX.PADECIMIENTOS(ID_PATOLOGIA, ID_PERSONA, ID_FICHA_MEDICA) VALUES
                            (1, '00178', 178);
INSERT INTO EX.PADECIMIENTOS(ID_PATOLOGIA, ID_PERSONA, ID_FICHA_MEDICA) VALUES
                            (2, '00178', 178);
INSERT INTO EX.PADECIMIENTOS(ID_PATOLOGIA, ID_PERSONA, ID_FICHA_MEDICA) VALUES
                            (3, '00178', 178);
INSERT INTO EX.PADECIMIENTOS(ID_PATOLOGIA, ID_PERSONA, ID_FICHA_MEDICA) VALUES
                            (4, '00178', 178);
INSERT INTO EX.SINTOMAS(FECHA_INICIO, ID_SINTOMA, ID_PERSONA, ID_FICHA_MEDICA) VALUES
                            (TO_DATE('2020-06-17','YYYY-MM-DD'), 1, '00178', 178);
INSERT INTO EX.SINTOMAS(FECHA_INICIO, ID_SINTOMA, ID_PERSONA, ID_FICHA_MEDICA) VALUES
                            (TO_DATE('2020-03-06','YYYY-MM-DD'), 2, '00178', 178);
INSERT INTO EX.SINTOMAS(FECHA_INICIO, ID_SINTOMA, ID_PERSONA, ID_FICHA_MEDICA) VALUES
                            (TO_DATE('2020-05-04','YYYY-MM-DD'), 3, '00178', 178);
INSERT INTO EX.SINTOMAS(FECHA_INICIO, ID_SINTOMA, ID_PERSONA, ID_FICHA_MEDICA) VALUES
                            (TO_DATE('2020-06-15','YYYY-MM-DD'), 4, '00178', 178);
INSERT INTO EX.SINTOMAS(FECHA_INICIO, ID_SINTOMA, ID_PERSONA, ID_FICHA_MEDICA) VALUES
                            (TO_DATE('2020-04-07','YYYY-MM-DD'), 5, '00178', 178);
INSERT INTO EX.SINTOMAS(FECHA_INICIO, ID_SINTOMA, ID_PERSONA, ID_FICHA_MEDICA) VALUES
                            (TO_DATE('2020-05-25','YYYY-MM-DD'), 6, '00178', 178);
INSERT INTO EX.SINTOMAS(FECHA_INICIO, ID_SINTOMA, ID_PERSONA, ID_FICHA_MEDICA) VALUES
                            (TO_DATE('2020-04-25','YYYY-MM-DD'), 7, '00178', 178);
INSERT INTO EX.SINTOMAS(FECHA_INICIO, ID_SINTOMA, ID_PERSONA, ID_FICHA_MEDICA) VALUES
                            (TO_DATE('2020-01-09','YYYY-MM-DD'), 8, '00178', 178);
INSERT INTO EX.SINTOMAS(FECHA_INICIO, ID_SINTOMA, ID_PERSONA, ID_FICHA_MEDICA) VALUES
                            (TO_DATE('2020-01-04','YYYY-MM-DD'), 9, '00178', 178);
INSERT INTO EX.SINTOMAS(FECHA_INICIO, ID_SINTOMA, ID_PERSONA, ID_FICHA_MEDICA) VALUES
                            (TO_DATE('2020-03-25','YYYY-MM-DD'), 10, '00178', 178);
INSERT INTO EX.SINTOMAS(FECHA_INICIO, ID_SINTOMA, ID_PERSONA, ID_FICHA_MEDICA) VALUES
                            (TO_DATE('2020-03-30','YYYY-MM-DD'), 11, '00178', 178);
INSERT INTO EX.PERSONA(DOC_IDENTIDAD, NOMBRE, NOMBRE1, APELLIDO, APELLIDO1, FECHA_NAC, GENERO, FOTO) VALUES
                  ('00179', 'Jessica', 'Barbara', 'Hill', 'Olson', TO_DATE('2016-07-01','YYYY-MM-DD'), 'f', NULL);
INSERT INTO EX.HISTORICO_RESIDENCIA(FECHA_INICIO, ID_LUGAR, ID_PERSONA, FECHA_FIN) VALUES
                  (TO_DATE('2008-11-22','YYYY-MM-DD'), 38, '00179', NULL);
INSERT INTO EX.FICHA_MEDICA(ID, ID_PERSONA, ID_CENTRO_SALUD, ID_LUGAR, ESTADO, FECHA_INFECCION, FECHA_RECUPERACION) VALUES
                                             (179, '00179', 23, 38, 'desconido', NULL, NULL);
INSERT INTO EX.PADECIMIENTOS(ID_PATOLOGIA, ID_PERSONA, ID_FICHA_MEDICA) VALUES
                            (1, '00179', 179);
INSERT INTO EX.PADECIMIENTOS(ID_PATOLOGIA, ID_PERSONA, ID_FICHA_MEDICA) VALUES
                            (2, '00179', 179);
INSERT INTO EX.PADECIMIENTOS(ID_PATOLOGIA, ID_PERSONA, ID_FICHA_MEDICA) VALUES
                            (3, '00179', 179);
INSERT INTO EX.PADECIMIENTOS(ID_PATOLOGIA, ID_PERSONA, ID_FICHA_MEDICA) VALUES
                            (4, '00179', 179);
INSERT INTO EX.PADECIMIENTOS(ID_PATOLOGIA, ID_PERSONA, ID_FICHA_MEDICA) VALUES
                            (5, '00179', 179);
INSERT INTO EX.PADECIMIENTOS(ID_PATOLOGIA, ID_PERSONA, ID_FICHA_MEDICA) VALUES
                            (6, '00179', 179);
INSERT INTO EX.PADECIMIENTOS(ID_PATOLOGIA, ID_PERSONA, ID_FICHA_MEDICA) VALUES
                            (7, '00179', 179);
INSERT INTO EX.PADECIMIENTOS(ID_PATOLOGIA, ID_PERSONA, ID_FICHA_MEDICA) VALUES
                            (8, '00179', 179);
INSERT INTO EX.PADECIMIENTOS(ID_PATOLOGIA, ID_PERSONA, ID_FICHA_MEDICA) VALUES
                            (9, '00179', 179);
INSERT INTO EX.PADECIMIENTOS(ID_PATOLOGIA, ID_PERSONA, ID_FICHA_MEDICA) VALUES
                            (10, '00179', 179);
INSERT INTO EX.SINTOMAS(FECHA_INICIO, ID_SINTOMA, ID_PERSONA, ID_FICHA_MEDICA) VALUES
                            (TO_DATE('2020-04-14','YYYY-MM-DD'), 1, '00179', 179);
INSERT INTO EX.SINTOMAS(FECHA_INICIO, ID_SINTOMA, ID_PERSONA, ID_FICHA_MEDICA) VALUES
                            (TO_DATE('2020-04-14','YYYY-MM-DD'), 2, '00179', 179);
INSERT INTO EX.SINTOMAS(FECHA_INICIO, ID_SINTOMA, ID_PERSONA, ID_FICHA_MEDICA) VALUES
                            (TO_DATE('2020-03-20','YYYY-MM-DD'), 3, '00179', 179);
INSERT INTO EX.SINTOMAS(FECHA_INICIO, ID_SINTOMA, ID_PERSONA, ID_FICHA_MEDICA) VALUES
                            (TO_DATE('2020-06-07','YYYY-MM-DD'), 4, '00179', 179);
INSERT INTO EX.SINTOMAS(FECHA_INICIO, ID_SINTOMA, ID_PERSONA, ID_FICHA_MEDICA) VALUES
                            (TO_DATE('2020-02-15','YYYY-MM-DD'), 5, '00179', 179);
INSERT INTO EX.SINTOMAS(FECHA_INICIO, ID_SINTOMA, ID_PERSONA, ID_FICHA_MEDICA) VALUES
                            (TO_DATE('2020-06-25','YYYY-MM-DD'), 6, '00179', 179);
INSERT INTO EX.SINTOMAS(FECHA_INICIO, ID_SINTOMA, ID_PERSONA, ID_FICHA_MEDICA) VALUES
                            (TO_DATE('2020-02-24','YYYY-MM-DD'), 7, '00179', 179);
INSERT INTO EX.SINTOMAS(FECHA_INICIO, ID_SINTOMA, ID_PERSONA, ID_FICHA_MEDICA) VALUES
                            (TO_DATE('2020-03-25','YYYY-MM-DD'), 8, '00179', 179);
INSERT INTO EX.SINTOMAS(FECHA_INICIO, ID_SINTOMA, ID_PERSONA, ID_FICHA_MEDICA) VALUES
                            (TO_DATE('2020-02-19','YYYY-MM-DD'), 9, '00179', 179);
INSERT INTO EX.SINTOMAS(FECHA_INICIO, ID_SINTOMA, ID_PERSONA, ID_FICHA_MEDICA) VALUES
                            (TO_DATE('2020-02-21','YYYY-MM-DD'), 10, '00179', 179);
INSERT INTO EX.SINTOMAS(FECHA_INICIO, ID_SINTOMA, ID_PERSONA, ID_FICHA_MEDICA) VALUES
                            (TO_DATE('2020-05-08','YYYY-MM-DD'), 11, '00179', 179);
INSERT INTO EX.SINTOMAS(FECHA_INICIO, ID_SINTOMA, ID_PERSONA, ID_FICHA_MEDICA) VALUES
                            (TO_DATE('2020-06-27','YYYY-MM-DD'), 12, '00179', 179);
INSERT INTO EX.SINTOMAS(FECHA_INICIO, ID_SINTOMA, ID_PERSONA, ID_FICHA_MEDICA) VALUES
                            (TO_DATE('2020-04-15','YYYY-MM-DD'), 13, '00179', 179);
INSERT INTO EX.SINTOMAS(FECHA_INICIO, ID_SINTOMA, ID_PERSONA, ID_FICHA_MEDICA) VALUES
                            (TO_DATE('2020-02-26','YYYY-MM-DD'), 14, '00179', 179);
INSERT INTO EX.SINTOMAS(FECHA_INICIO, ID_SINTOMA, ID_PERSONA, ID_FICHA_MEDICA) VALUES
                            (TO_DATE('2020-03-30','YYYY-MM-DD'), 15, '00179', 179);
INSERT INTO EX.SINTOMAS(FECHA_INICIO, ID_SINTOMA, ID_PERSONA, ID_FICHA_MEDICA) VALUES
                            (TO_DATE('2020-04-29','YYYY-MM-DD'), 16, '00179', 179);
INSERT INTO EX.PERSONA(DOC_IDENTIDAD, NOMBRE, NOMBRE1, APELLIDO, APELLIDO1, FECHA_NAC, GENERO, FOTO) VALUES
                  ('00180', 'Erika', 'Nicole', 'Henderson', 'Green', TO_DATE('1996-09-08','YYYY-MM-DD'), 'm', NULL);
INSERT INTO EX.HISTORICO_RESIDENCIA(FECHA_INICIO, ID_LUGAR, ID_PERSONA, FECHA_FIN) VALUES
                  (TO_DATE('2013-07-27','YYYY-MM-DD'), 28, '00180', NULL);
INSERT INTO EX.FICHA_MEDICA(ID, ID_PERSONA, ID_CENTRO_SALUD, ID_LUGAR, ESTADO, FECHA_INFECCION, FECHA_RECUPERACION) VALUES
                                             (180, '00180', 13, 28, 'desconido', NULL, NULL);
INSERT INTO EX.PADECIMIENTOS(ID_PATOLOGIA, ID_PERSONA, ID_FICHA_MEDICA) VALUES
                            (1, '00180', 180);
INSERT INTO EX.PADECIMIENTOS(ID_PATOLOGIA, ID_PERSONA, ID_FICHA_MEDICA) VALUES
                            (2, '00180', 180);
INSERT INTO EX.PADECIMIENTOS(ID_PATOLOGIA, ID_PERSONA, ID_FICHA_MEDICA) VALUES
                            (3, '00180', 180);
INSERT INTO EX.PADECIMIENTOS(ID_PATOLOGIA, ID_PERSONA, ID_FICHA_MEDICA) VALUES
                            (4, '00180', 180);
INSERT INTO EX.PADECIMIENTOS(ID_PATOLOGIA, ID_PERSONA, ID_FICHA_MEDICA) VALUES
                            (5, '00180', 180);
INSERT INTO EX.PADECIMIENTOS(ID_PATOLOGIA, ID_PERSONA, ID_FICHA_MEDICA) VALUES
                            (6, '00180', 180);
INSERT INTO EX.PADECIMIENTOS(ID_PATOLOGIA, ID_PERSONA, ID_FICHA_MEDICA) VALUES
                            (7, '00180', 180);
INSERT INTO EX.PADECIMIENTOS(ID_PATOLOGIA, ID_PERSONA, ID_FICHA_MEDICA) VALUES
                            (8, '00180', 180);
INSERT INTO EX.PADECIMIENTOS(ID_PATOLOGIA, ID_PERSONA, ID_FICHA_MEDICA) VALUES
                            (9, '00180', 180);
INSERT INTO EX.PADECIMIENTOS(ID_PATOLOGIA, ID_PERSONA, ID_FICHA_MEDICA) VALUES
                            (10, '00180', 180);
INSERT INTO EX.PADECIMIENTOS(ID_PATOLOGIA, ID_PERSONA, ID_FICHA_MEDICA) VALUES
                            (11, '00180', 180);
INSERT INTO EX.PADECIMIENTOS(ID_PATOLOGIA, ID_PERSONA, ID_FICHA_MEDICA) VALUES
                            (12, '00180', 180);
INSERT INTO EX.PADECIMIENTOS(ID_PATOLOGIA, ID_PERSONA, ID_FICHA_MEDICA) VALUES
                            (13, '00180', 180);
INSERT INTO EX.PADECIMIENTOS(ID_PATOLOGIA, ID_PERSONA, ID_FICHA_MEDICA) VALUES
                            (14, '00180', 180);
INSERT INTO EX.PADECIMIENTOS(ID_PATOLOGIA, ID_PERSONA, ID_FICHA_MEDICA) VALUES
                            (15, '00180', 180);
INSERT INTO EX.SINTOMAS(FECHA_INICIO, ID_SINTOMA, ID_PERSONA, ID_FICHA_MEDICA) VALUES
                            (TO_DATE('2020-04-02','YYYY-MM-DD'), 1, '00180', 180);
INSERT INTO EX.SINTOMAS(FECHA_INICIO, ID_SINTOMA, ID_PERSONA, ID_FICHA_MEDICA) VALUES
                            (TO_DATE('2020-03-31','YYYY-MM-DD'), 2, '00180', 180);
INSERT INTO EX.SINTOMAS(FECHA_INICIO, ID_SINTOMA, ID_PERSONA, ID_FICHA_MEDICA) VALUES
                            (TO_DATE('2020-02-28','YYYY-MM-DD'), 3, '00180', 180);
INSERT INTO EX.SINTOMAS(FECHA_INICIO, ID_SINTOMA, ID_PERSONA, ID_FICHA_MEDICA) VALUES
                            (TO_DATE('2020-05-07','YYYY-MM-DD'), 4, '00180', 180);
INSERT INTO EX.SINTOMAS(FECHA_INICIO, ID_SINTOMA, ID_PERSONA, ID_FICHA_MEDICA) VALUES
                            (TO_DATE('2020-01-12','YYYY-MM-DD'), 5, '00180', 180);
INSERT INTO EX.SINTOMAS(FECHA_INICIO, ID_SINTOMA, ID_PERSONA, ID_FICHA_MEDICA) VALUES
                            (TO_DATE('2020-04-16','YYYY-MM-DD'), 6, '00180', 180);
INSERT INTO EX.SINTOMAS(FECHA_INICIO, ID_SINTOMA, ID_PERSONA, ID_FICHA_MEDICA) VALUES
                            (TO_DATE('2020-02-06','YYYY-MM-DD'), 7, '00180', 180);
INSERT INTO EX.SINTOMAS(FECHA_INICIO, ID_SINTOMA, ID_PERSONA, ID_FICHA_MEDICA) VALUES
                            (TO_DATE('2020-02-09','YYYY-MM-DD'), 8, '00180', 180);
INSERT INTO EX.PERSONA(DOC_IDENTIDAD, NOMBRE, NOMBRE1, APELLIDO, APELLIDO1, FECHA_NAC, GENERO, FOTO) VALUES
                  ('00181', 'Robert', 'Austin', 'Smith', 'Lopez', TO_DATE('1987-06-12','YYYY-MM-DD'), 'f', NULL);
INSERT INTO EX.HISTORICO_RESIDENCIA(FECHA_INICIO, ID_LUGAR, ID_PERSONA, FECHA_FIN) VALUES
                  (TO_DATE('2015-10-12','YYYY-MM-DD'), 34, '00181', NULL);
INSERT INTO EX.FICHA_MEDICA(ID, ID_PERSONA, ID_CENTRO_SALUD, ID_LUGAR, ESTADO, FECHA_INFECCION, FECHA_RECUPERACION) VALUES
                                             (181, '00181', 19, 34, 'desconido', NULL, NULL);
INSERT INTO EX.SINTOMAS(FECHA_INICIO, ID_SINTOMA, ID_PERSONA, ID_FICHA_MEDICA) VALUES
                            (TO_DATE('2020-05-14','YYYY-MM-DD'), 1, '00181', 181);
INSERT INTO EX.SINTOMAS(FECHA_INICIO, ID_SINTOMA, ID_PERSONA, ID_FICHA_MEDICA) VALUES
                            (TO_DATE('2020-03-24','YYYY-MM-DD'), 2, '00181', 181);
INSERT INTO EX.SINTOMAS(FECHA_INICIO, ID_SINTOMA, ID_PERSONA, ID_FICHA_MEDICA) VALUES
                            (TO_DATE('2020-04-03','YYYY-MM-DD'), 3, '00181', 181);
INSERT INTO EX.SINTOMAS(FECHA_INICIO, ID_SINTOMA, ID_PERSONA, ID_FICHA_MEDICA) VALUES
                            (TO_DATE('2020-03-06','YYYY-MM-DD'), 4, '00181', 181);
INSERT INTO EX.SINTOMAS(FECHA_INICIO, ID_SINTOMA, ID_PERSONA, ID_FICHA_MEDICA) VALUES
                            (TO_DATE('2020-01-10','YYYY-MM-DD'), 5, '00181', 181);
INSERT INTO EX.SINTOMAS(FECHA_INICIO, ID_SINTOMA, ID_PERSONA, ID_FICHA_MEDICA) VALUES
                            (TO_DATE('2020-06-09','YYYY-MM-DD'), 6, '00181', 181);
INSERT INTO EX.SINTOMAS(FECHA_INICIO, ID_SINTOMA, ID_PERSONA, ID_FICHA_MEDICA) VALUES
                            (TO_DATE('2020-02-19','YYYY-MM-DD'), 7, '00181', 181);
INSERT INTO EX.SINTOMAS(FECHA_INICIO, ID_SINTOMA, ID_PERSONA, ID_FICHA_MEDICA) VALUES
                            (TO_DATE('2020-04-26','YYYY-MM-DD'), 8, '00181', 181);
INSERT INTO EX.SINTOMAS(FECHA_INICIO, ID_SINTOMA, ID_PERSONA, ID_FICHA_MEDICA) VALUES
                            (TO_DATE('2020-05-15','YYYY-MM-DD'), 9, '00181', 181);
INSERT INTO EX.SINTOMAS(FECHA_INICIO, ID_SINTOMA, ID_PERSONA, ID_FICHA_MEDICA) VALUES
                            (TO_DATE('2020-06-24','YYYY-MM-DD'), 10, '00181', 181);
INSERT INTO EX.PERSONA(DOC_IDENTIDAD, NOMBRE, NOMBRE1, APELLIDO, APELLIDO1, FECHA_NAC, GENERO, FOTO) VALUES
                  ('00182', 'Brandy', 'Ashley', 'Coleman', 'Gray', TO_DATE('1993-12-11','YYYY-MM-DD'), 'm', NULL);
INSERT INTO EX.HISTORICO_RESIDENCIA(FECHA_INICIO, ID_LUGAR, ID_PERSONA, FECHA_FIN) VALUES
                  (TO_DATE('1988-12-29','YYYY-MM-DD'), 29, '00182', NULL);
INSERT INTO EX.FICHA_MEDICA(ID, ID_PERSONA, ID_CENTRO_SALUD, ID_LUGAR, ESTADO, FECHA_INFECCION, FECHA_RECUPERACION) VALUES
                                             (182, '00182', 14, 29, 'desconido', NULL, NULL);
INSERT INTO EX.PERSONA(DOC_IDENTIDAD, NOMBRE, NOMBRE1, APELLIDO, APELLIDO1, FECHA_NAC, GENERO, FOTO) VALUES
                  ('00183', 'Connie', 'Kimberly', 'Huber', 'Jackson', TO_DATE('2010-02-21','YYYY-MM-DD'), 'f', NULL);
INSERT INTO EX.HISTORICO_RESIDENCIA(FECHA_INICIO, ID_LUGAR, ID_PERSONA, FECHA_FIN) VALUES
                  (TO_DATE('2017-03-08','YYYY-MM-DD'), 29, '00183', NULL);
INSERT INTO EX.FICHA_MEDICA(ID, ID_PERSONA, ID_CENTRO_SALUD, ID_LUGAR, ESTADO, FECHA_INFECCION, FECHA_RECUPERACION) VALUES
                                             (183, '00183', 14, 29, 'desconido', NULL, NULL);
INSERT INTO EX.PERSONA(DOC_IDENTIDAD, NOMBRE, NOMBRE1, APELLIDO, APELLIDO1, FECHA_NAC, GENERO, FOTO) VALUES
                  ('00184', 'Vanessa', 'Lindsay', 'Henry', 'Frederick', TO_DATE('1981-03-03','YYYY-MM-DD'), 'm', NULL);
INSERT INTO EX.HISTORICO_RESIDENCIA(FECHA_INICIO, ID_LUGAR, ID_PERSONA, FECHA_FIN) VALUES
                  (TO_DATE('2012-01-12','YYYY-MM-DD'), 26, '00184', NULL);
INSERT INTO EX.FICHA_MEDICA(ID, ID_PERSONA, ID_CENTRO_SALUD, ID_LUGAR, ESTADO, FECHA_INFECCION, FECHA_RECUPERACION) VALUES
                                             (184, '00184', 11, 26, 'desconido', NULL, NULL);
INSERT INTO EX.PERSONA(DOC_IDENTIDAD, NOMBRE, NOMBRE1, APELLIDO, APELLIDO1, FECHA_NAC, GENERO, FOTO) VALUES
                  ('00185', 'Kristen', 'Natasha', 'Mathis', 'Wright', TO_DATE('2013-12-13','YYYY-MM-DD'), 'f', NULL);
INSERT INTO EX.HISTORICO_RESIDENCIA(FECHA_INICIO, ID_LUGAR, ID_PERSONA, FECHA_FIN) VALUES
                  (TO_DATE('1999-07-27','YYYY-MM-DD'), 38, '00185', NULL);
INSERT INTO EX.FICHA_MEDICA(ID, ID_PERSONA, ID_CENTRO_SALUD, ID_LUGAR, ESTADO, FECHA_INFECCION, FECHA_RECUPERACION) VALUES
                                             (185, '00185', 23, 38, 'desconido', NULL, NULL);
INSERT INTO EX.PADECIMIENTOS(ID_PATOLOGIA, ID_PERSONA, ID_FICHA_MEDICA) VALUES
                            (1, '00185', 185);
INSERT INTO EX.PADECIMIENTOS(ID_PATOLOGIA, ID_PERSONA, ID_FICHA_MEDICA) VALUES
                            (2, '00185', 185);
INSERT INTO EX.PADECIMIENTOS(ID_PATOLOGIA, ID_PERSONA, ID_FICHA_MEDICA) VALUES
                            (3, '00185', 185);
INSERT INTO EX.PADECIMIENTOS(ID_PATOLOGIA, ID_PERSONA, ID_FICHA_MEDICA) VALUES
                            (4, '00185', 185);
INSERT INTO EX.PADECIMIENTOS(ID_PATOLOGIA, ID_PERSONA, ID_FICHA_MEDICA) VALUES
                            (5, '00185', 185);
INSERT INTO EX.PADECIMIENTOS(ID_PATOLOGIA, ID_PERSONA, ID_FICHA_MEDICA) VALUES
                            (6, '00185', 185);
INSERT INTO EX.PADECIMIENTOS(ID_PATOLOGIA, ID_PERSONA, ID_FICHA_MEDICA) VALUES
                            (7, '00185', 185);
INSERT INTO EX.PADECIMIENTOS(ID_PATOLOGIA, ID_PERSONA, ID_FICHA_MEDICA) VALUES
                            (8, '00185', 185);
INSERT INTO EX.PADECIMIENTOS(ID_PATOLOGIA, ID_PERSONA, ID_FICHA_MEDICA) VALUES
                            (9, '00185', 185);
INSERT INTO EX.PADECIMIENTOS(ID_PATOLOGIA, ID_PERSONA, ID_FICHA_MEDICA) VALUES
                            (10, '00185', 185);
INSERT INTO EX.PADECIMIENTOS(ID_PATOLOGIA, ID_PERSONA, ID_FICHA_MEDICA) VALUES
                            (11, '00185', 185);
INSERT INTO EX.PADECIMIENTOS(ID_PATOLOGIA, ID_PERSONA, ID_FICHA_MEDICA) VALUES
                            (12, '00185', 185);
INSERT INTO EX.PADECIMIENTOS(ID_PATOLOGIA, ID_PERSONA, ID_FICHA_MEDICA) VALUES
                            (13, '00185', 185);
INSERT INTO EX.PADECIMIENTOS(ID_PATOLOGIA, ID_PERSONA, ID_FICHA_MEDICA) VALUES
                            (14, '00185', 185);
INSERT INTO EX.PADECIMIENTOS(ID_PATOLOGIA, ID_PERSONA, ID_FICHA_MEDICA) VALUES
                            (15, '00185', 185);
INSERT INTO EX.PERSONA(DOC_IDENTIDAD, NOMBRE, NOMBRE1, APELLIDO, APELLIDO1, FECHA_NAC, GENERO, FOTO) VALUES
                  ('00186', 'Mark', 'Dennis', 'Hernandez', 'Jackson', TO_DATE('1989-05-25','YYYY-MM-DD'), 'm', NULL);
INSERT INTO EX.HISTORICO_RESIDENCIA(FECHA_INICIO, ID_LUGAR, ID_PERSONA, FECHA_FIN) VALUES
                  (TO_DATE('2015-06-20','YYYY-MM-DD'), 38, '00186', NULL);
INSERT INTO EX.FICHA_MEDICA(ID, ID_PERSONA, ID_CENTRO_SALUD, ID_LUGAR, ESTADO, FECHA_INFECCION, FECHA_RECUPERACION) VALUES
                                             (186, '00186', 23, 38, 'desconido', NULL, NULL);
INSERT INTO EX.PERSONA(DOC_IDENTIDAD, NOMBRE, NOMBRE1, APELLIDO, APELLIDO1, FECHA_NAC, GENERO, FOTO) VALUES
                  ('00187', 'Kelly', 'Jeffrey', 'Nelson', 'Adkins', TO_DATE('1982-12-09','YYYY-MM-DD'), 'f', NULL);
INSERT INTO EX.HISTORICO_RESIDENCIA(FECHA_INICIO, ID_LUGAR, ID_PERSONA, FECHA_FIN) VALUES
                  (TO_DATE('2015-11-05','YYYY-MM-DD'), 39, '00187', NULL);
INSERT INTO EX.FICHA_MEDICA(ID, ID_PERSONA, ID_CENTRO_SALUD, ID_LUGAR, ESTADO, FECHA_INFECCION, FECHA_RECUPERACION) VALUES
                                             (187, '00187', 24, 39, 'desconido', NULL, NULL);
INSERT INTO EX.PADECIMIENTOS(ID_PATOLOGIA, ID_PERSONA, ID_FICHA_MEDICA) VALUES
                            (1, '00187', 187);
INSERT INTO EX.PADECIMIENTOS(ID_PATOLOGIA, ID_PERSONA, ID_FICHA_MEDICA) VALUES
                            (2, '00187', 187);
INSERT INTO EX.PADECIMIENTOS(ID_PATOLOGIA, ID_PERSONA, ID_FICHA_MEDICA) VALUES
                            (3, '00187', 187);
INSERT INTO EX.PADECIMIENTOS(ID_PATOLOGIA, ID_PERSONA, ID_FICHA_MEDICA) VALUES
                            (4, '00187', 187);
INSERT INTO EX.PADECIMIENTOS(ID_PATOLOGIA, ID_PERSONA, ID_FICHA_MEDICA) VALUES
                            (5, '00187', 187);
INSERT INTO EX.PADECIMIENTOS(ID_PATOLOGIA, ID_PERSONA, ID_FICHA_MEDICA) VALUES
                            (6, '00187', 187);
INSERT INTO EX.PADECIMIENTOS(ID_PATOLOGIA, ID_PERSONA, ID_FICHA_MEDICA) VALUES
                            (7, '00187', 187);
INSERT INTO EX.PADECIMIENTOS(ID_PATOLOGIA, ID_PERSONA, ID_FICHA_MEDICA) VALUES
                            (8, '00187', 187);
INSERT INTO EX.PADECIMIENTOS(ID_PATOLOGIA, ID_PERSONA, ID_FICHA_MEDICA) VALUES
                            (9, '00187', 187);
INSERT INTO EX.PADECIMIENTOS(ID_PATOLOGIA, ID_PERSONA, ID_FICHA_MEDICA) VALUES
                            (10, '00187', 187);
INSERT INTO EX.PADECIMIENTOS(ID_PATOLOGIA, ID_PERSONA, ID_FICHA_MEDICA) VALUES
                            (11, '00187', 187);
INSERT INTO EX.PADECIMIENTOS(ID_PATOLOGIA, ID_PERSONA, ID_FICHA_MEDICA) VALUES
                            (12, '00187', 187);
INSERT INTO EX.PADECIMIENTOS(ID_PATOLOGIA, ID_PERSONA, ID_FICHA_MEDICA) VALUES
                            (13, '00187', 187);
INSERT INTO EX.PADECIMIENTOS(ID_PATOLOGIA, ID_PERSONA, ID_FICHA_MEDICA) VALUES
                            (14, '00187', 187);
INSERT INTO EX.PADECIMIENTOS(ID_PATOLOGIA, ID_PERSONA, ID_FICHA_MEDICA) VALUES
                            (15, '00187', 187);
INSERT INTO EX.PERSONA(DOC_IDENTIDAD, NOMBRE, NOMBRE1, APELLIDO, APELLIDO1, FECHA_NAC, GENERO, FOTO) VALUES
                  ('00188', 'Mario', 'Bryan', 'Saunders', 'Andrews', TO_DATE('2010-03-03','YYYY-MM-DD'), 'm', NULL);
INSERT INTO EX.HISTORICO_RESIDENCIA(FECHA_INICIO, ID_LUGAR, ID_PERSONA, FECHA_FIN) VALUES
                  (TO_DATE('1991-01-29','YYYY-MM-DD'), 23, '00188', NULL);
INSERT INTO EX.FICHA_MEDICA(ID, ID_PERSONA, ID_CENTRO_SALUD, ID_LUGAR, ESTADO, FECHA_INFECCION, FECHA_RECUPERACION) VALUES
                                             (188, '00188', 8, 23, 'desconido', NULL, NULL);
INSERT INTO EX.PADECIMIENTOS(ID_PATOLOGIA, ID_PERSONA, ID_FICHA_MEDICA) VALUES
                            (1, '00188', 188);
INSERT INTO EX.PADECIMIENTOS(ID_PATOLOGIA, ID_PERSONA, ID_FICHA_MEDICA) VALUES
                            (2, '00188', 188);
INSERT INTO EX.PADECIMIENTOS(ID_PATOLOGIA, ID_PERSONA, ID_FICHA_MEDICA) VALUES
                            (3, '00188', 188);
INSERT INTO EX.PADECIMIENTOS(ID_PATOLOGIA, ID_PERSONA, ID_FICHA_MEDICA) VALUES
                            (4, '00188', 188);
INSERT INTO EX.PADECIMIENTOS(ID_PATOLOGIA, ID_PERSONA, ID_FICHA_MEDICA) VALUES
                            (5, '00188', 188);
INSERT INTO EX.PADECIMIENTOS(ID_PATOLOGIA, ID_PERSONA, ID_FICHA_MEDICA) VALUES
                            (6, '00188', 188);
INSERT INTO EX.PADECIMIENTOS(ID_PATOLOGIA, ID_PERSONA, ID_FICHA_MEDICA) VALUES
                            (7, '00188', 188);
INSERT INTO EX.PADECIMIENTOS(ID_PATOLOGIA, ID_PERSONA, ID_FICHA_MEDICA) VALUES
                            (8, '00188', 188);
INSERT INTO EX.PADECIMIENTOS(ID_PATOLOGIA, ID_PERSONA, ID_FICHA_MEDICA) VALUES
                            (9, '00188', 188);
INSERT INTO EX.PADECIMIENTOS(ID_PATOLOGIA, ID_PERSONA, ID_FICHA_MEDICA) VALUES
                            (10, '00188', 188);
INSERT INTO EX.PADECIMIENTOS(ID_PATOLOGIA, ID_PERSONA, ID_FICHA_MEDICA) VALUES
                            (11, '00188', 188);
INSERT INTO EX.PADECIMIENTOS(ID_PATOLOGIA, ID_PERSONA, ID_FICHA_MEDICA) VALUES
                            (12, '00188', 188);
INSERT INTO EX.PADECIMIENTOS(ID_PATOLOGIA, ID_PERSONA, ID_FICHA_MEDICA) VALUES
                            (13, '00188', 188);
INSERT INTO EX.PADECIMIENTOS(ID_PATOLOGIA, ID_PERSONA, ID_FICHA_MEDICA) VALUES
                            (14, '00188', 188);
INSERT INTO EX.PERSONA(DOC_IDENTIDAD, NOMBRE, NOMBRE1, APELLIDO, APELLIDO1, FECHA_NAC, GENERO, FOTO) VALUES
                  ('00189', 'Curtis', 'Valerie', 'Williams', 'Schneider', TO_DATE('2014-11-06','YYYY-MM-DD'), 'f', NULL);
INSERT INTO EX.HISTORICO_RESIDENCIA(FECHA_INICIO, ID_LUGAR, ID_PERSONA, FECHA_FIN) VALUES
                  (TO_DATE('2016-12-26','YYYY-MM-DD'), 42, '00189', NULL);
INSERT INTO EX.FICHA_MEDICA(ID, ID_PERSONA, ID_CENTRO_SALUD, ID_LUGAR, ESTADO, FECHA_INFECCION, FECHA_RECUPERACION) VALUES
                                             (189, '00189', 27, 42, 'desconido', NULL, NULL);
INSERT INTO EX.PADECIMIENTOS(ID_PATOLOGIA, ID_PERSONA, ID_FICHA_MEDICA) VALUES
                            (1, '00189', 189);
INSERT INTO EX.PADECIMIENTOS(ID_PATOLOGIA, ID_PERSONA, ID_FICHA_MEDICA) VALUES
                            (2, '00189', 189);
INSERT INTO EX.PADECIMIENTOS(ID_PATOLOGIA, ID_PERSONA, ID_FICHA_MEDICA) VALUES
                            (3, '00189', 189);
INSERT INTO EX.PADECIMIENTOS(ID_PATOLOGIA, ID_PERSONA, ID_FICHA_MEDICA) VALUES
                            (4, '00189', 189);
INSERT INTO EX.PADECIMIENTOS(ID_PATOLOGIA, ID_PERSONA, ID_FICHA_MEDICA) VALUES
                            (5, '00189', 189);
INSERT INTO EX.PADECIMIENTOS(ID_PATOLOGIA, ID_PERSONA, ID_FICHA_MEDICA) VALUES
                            (6, '00189', 189);
INSERT INTO EX.PADECIMIENTOS(ID_PATOLOGIA, ID_PERSONA, ID_FICHA_MEDICA) VALUES
                            (7, '00189', 189);
INSERT INTO EX.PADECIMIENTOS(ID_PATOLOGIA, ID_PERSONA, ID_FICHA_MEDICA) VALUES
                            (8, '00189', 189);
INSERT INTO EX.PADECIMIENTOS(ID_PATOLOGIA, ID_PERSONA, ID_FICHA_MEDICA) VALUES
                            (9, '00189', 189);
INSERT INTO EX.PADECIMIENTOS(ID_PATOLOGIA, ID_PERSONA, ID_FICHA_MEDICA) VALUES
                            (10, '00189', 189);
INSERT INTO EX.PADECIMIENTOS(ID_PATOLOGIA, ID_PERSONA, ID_FICHA_MEDICA) VALUES
                            (11, '00189', 189);
INSERT INTO EX.PADECIMIENTOS(ID_PATOLOGIA, ID_PERSONA, ID_FICHA_MEDICA) VALUES
                            (12, '00189', 189);
INSERT INTO EX.PADECIMIENTOS(ID_PATOLOGIA, ID_PERSONA, ID_FICHA_MEDICA) VALUES
                            (13, '00189', 189);
INSERT INTO EX.PADECIMIENTOS(ID_PATOLOGIA, ID_PERSONA, ID_FICHA_MEDICA) VALUES
                            (14, '00189', 189);
INSERT INTO EX.PERSONA(DOC_IDENTIDAD, NOMBRE, NOMBRE1, APELLIDO, APELLIDO1, FECHA_NAC, GENERO, FOTO) VALUES
                  ('00190', 'Deborah', 'Shannon', 'Frank', 'Cruz', TO_DATE('2006-10-27','YYYY-MM-DD'), 'm', NULL);
INSERT INTO EX.HISTORICO_RESIDENCIA(FECHA_INICIO, ID_LUGAR, ID_PERSONA, FECHA_FIN) VALUES
                  (TO_DATE('1979-11-20','YYYY-MM-DD'), 39, '00190', NULL);
INSERT INTO EX.FICHA_MEDICA(ID, ID_PERSONA, ID_CENTRO_SALUD, ID_LUGAR, ESTADO, FECHA_INFECCION, FECHA_RECUPERACION) VALUES
                                             (190, '00190', 24, 39, 'desconido', NULL, NULL);
INSERT INTO EX.SINTOMAS(FECHA_INICIO, ID_SINTOMA, ID_PERSONA, ID_FICHA_MEDICA) VALUES
                            (TO_DATE('2020-06-07','YYYY-MM-DD'), 1, '00190', 190);
INSERT INTO EX.SINTOMAS(FECHA_INICIO, ID_SINTOMA, ID_PERSONA, ID_FICHA_MEDICA) VALUES
                            (TO_DATE('2020-06-01','YYYY-MM-DD'), 2, '00190', 190);
INSERT INTO EX.SINTOMAS(FECHA_INICIO, ID_SINTOMA, ID_PERSONA, ID_FICHA_MEDICA) VALUES
                            (TO_DATE('2020-06-08','YYYY-MM-DD'), 3, '00190', 190);
INSERT INTO EX.SINTOMAS(FECHA_INICIO, ID_SINTOMA, ID_PERSONA, ID_FICHA_MEDICA) VALUES
                            (TO_DATE('2020-02-26','YYYY-MM-DD'), 4, '00190', 190);
INSERT INTO EX.SINTOMAS(FECHA_INICIO, ID_SINTOMA, ID_PERSONA, ID_FICHA_MEDICA) VALUES
                            (TO_DATE('2020-06-14','YYYY-MM-DD'), 5, '00190', 190);
INSERT INTO EX.SINTOMAS(FECHA_INICIO, ID_SINTOMA, ID_PERSONA, ID_FICHA_MEDICA) VALUES
                            (TO_DATE('2020-06-09','YYYY-MM-DD'), 6, '00190', 190);
INSERT INTO EX.SINTOMAS(FECHA_INICIO, ID_SINTOMA, ID_PERSONA, ID_FICHA_MEDICA) VALUES
                            (TO_DATE('2020-03-18','YYYY-MM-DD'), 7, '00190', 190);
INSERT INTO EX.PERSONA(DOC_IDENTIDAD, NOMBRE, NOMBRE1, APELLIDO, APELLIDO1, FECHA_NAC, GENERO, FOTO) VALUES
                  ('00191', 'Gary', 'Jennifer', 'Rivera', 'Webb', TO_DATE('1975-03-19','YYYY-MM-DD'), 'f', NULL);
INSERT INTO EX.HISTORICO_RESIDENCIA(FECHA_INICIO, ID_LUGAR, ID_PERSONA, FECHA_FIN) VALUES
                  (TO_DATE('1995-10-23','YYYY-MM-DD'), 37, '00191', NULL);
INSERT INTO EX.FICHA_MEDICA(ID, ID_PERSONA, ID_CENTRO_SALUD, ID_LUGAR, ESTADO, FECHA_INFECCION, FECHA_RECUPERACION) VALUES
                                             (191, '00191', 22, 37, 'desconido', NULL, NULL);
INSERT INTO EX.PADECIMIENTOS(ID_PATOLOGIA, ID_PERSONA, ID_FICHA_MEDICA) VALUES
                            (1, '00191', 191);
INSERT INTO EX.PADECIMIENTOS(ID_PATOLOGIA, ID_PERSONA, ID_FICHA_MEDICA) VALUES
                            (2, '00191', 191);
INSERT INTO EX.PADECIMIENTOS(ID_PATOLOGIA, ID_PERSONA, ID_FICHA_MEDICA) VALUES
                            (3, '00191', 191);
INSERT INTO EX.PADECIMIENTOS(ID_PATOLOGIA, ID_PERSONA, ID_FICHA_MEDICA) VALUES
                            (4, '00191', 191);
INSERT INTO EX.PADECIMIENTOS(ID_PATOLOGIA, ID_PERSONA, ID_FICHA_MEDICA) VALUES
                            (5, '00191', 191);
INSERT INTO EX.PADECIMIENTOS(ID_PATOLOGIA, ID_PERSONA, ID_FICHA_MEDICA) VALUES
                            (6, '00191', 191);
INSERT INTO EX.PADECIMIENTOS(ID_PATOLOGIA, ID_PERSONA, ID_FICHA_MEDICA) VALUES
                            (7, '00191', 191);
INSERT INTO EX.PADECIMIENTOS(ID_PATOLOGIA, ID_PERSONA, ID_FICHA_MEDICA) VALUES
                            (8, '00191', 191);
INSERT INTO EX.PADECIMIENTOS(ID_PATOLOGIA, ID_PERSONA, ID_FICHA_MEDICA) VALUES
                            (9, '00191', 191);
INSERT INTO EX.PADECIMIENTOS(ID_PATOLOGIA, ID_PERSONA, ID_FICHA_MEDICA) VALUES
                            (10, '00191', 191);
INSERT INTO EX.PADECIMIENTOS(ID_PATOLOGIA, ID_PERSONA, ID_FICHA_MEDICA) VALUES
                            (11, '00191', 191);
INSERT INTO EX.PADECIMIENTOS(ID_PATOLOGIA, ID_PERSONA, ID_FICHA_MEDICA) VALUES
                            (12, '00191', 191);
INSERT INTO EX.PERSONA(DOC_IDENTIDAD, NOMBRE, NOMBRE1, APELLIDO, APELLIDO1, FECHA_NAC, GENERO, FOTO) VALUES
                  ('00192', 'Mandy', 'Philip', 'Morrison', 'Moore', TO_DATE('1985-05-21','YYYY-MM-DD'), 'm', NULL);
INSERT INTO EX.HISTORICO_RESIDENCIA(FECHA_INICIO, ID_LUGAR, ID_PERSONA, FECHA_FIN) VALUES
                  (TO_DATE('1997-12-19','YYYY-MM-DD'), 44, '00192', NULL);
INSERT INTO EX.FICHA_MEDICA(ID, ID_PERSONA, ID_CENTRO_SALUD, ID_LUGAR, ESTADO, FECHA_INFECCION, FECHA_RECUPERACION) VALUES
                                             (192, '00192', 29, 44, 'desconido', NULL, NULL);
INSERT INTO EX.PADECIMIENTOS(ID_PATOLOGIA, ID_PERSONA, ID_FICHA_MEDICA) VALUES
                            (1, '00192', 192);
INSERT INTO EX.PERSONA(DOC_IDENTIDAD, NOMBRE, NOMBRE1, APELLIDO, APELLIDO1, FECHA_NAC, GENERO, FOTO) VALUES
                  ('00193', 'Amanda', 'James', 'Hull', 'Duncan', TO_DATE('1986-11-05','YYYY-MM-DD'), 'f', NULL);
INSERT INTO EX.HISTORICO_RESIDENCIA(FECHA_INICIO, ID_LUGAR, ID_PERSONA, FECHA_FIN) VALUES
                  (TO_DATE('1992-01-16','YYYY-MM-DD'), 35, '00193', NULL);
INSERT INTO EX.FICHA_MEDICA(ID, ID_PERSONA, ID_CENTRO_SALUD, ID_LUGAR, ESTADO, FECHA_INFECCION, FECHA_RECUPERACION) VALUES
                                             (193, '00193', 20, 35, 'desconido', NULL, NULL);
INSERT INTO EX.PADECIMIENTOS(ID_PATOLOGIA, ID_PERSONA, ID_FICHA_MEDICA) VALUES
                            (1, '00193', 193);
INSERT INTO EX.PADECIMIENTOS(ID_PATOLOGIA, ID_PERSONA, ID_FICHA_MEDICA) VALUES
                            (2, '00193', 193);
INSERT INTO EX.PADECIMIENTOS(ID_PATOLOGIA, ID_PERSONA, ID_FICHA_MEDICA) VALUES
                            (3, '00193', 193);
INSERT INTO EX.PADECIMIENTOS(ID_PATOLOGIA, ID_PERSONA, ID_FICHA_MEDICA) VALUES
                            (4, '00193', 193);
INSERT INTO EX.PADECIMIENTOS(ID_PATOLOGIA, ID_PERSONA, ID_FICHA_MEDICA) VALUES
                            (5, '00193', 193);
INSERT INTO EX.PADECIMIENTOS(ID_PATOLOGIA, ID_PERSONA, ID_FICHA_MEDICA) VALUES
                            (6, '00193', 193);
INSERT INTO EX.PADECIMIENTOS(ID_PATOLOGIA, ID_PERSONA, ID_FICHA_MEDICA) VALUES
                            (7, '00193', 193);
INSERT INTO EX.PADECIMIENTOS(ID_PATOLOGIA, ID_PERSONA, ID_FICHA_MEDICA) VALUES
                            (8, '00193', 193);
INSERT INTO EX.PADECIMIENTOS(ID_PATOLOGIA, ID_PERSONA, ID_FICHA_MEDICA) VALUES
                            (9, '00193', 193);
INSERT INTO EX.PADECIMIENTOS(ID_PATOLOGIA, ID_PERSONA, ID_FICHA_MEDICA) VALUES
                            (10, '00193', 193);
INSERT INTO EX.PADECIMIENTOS(ID_PATOLOGIA, ID_PERSONA, ID_FICHA_MEDICA) VALUES
                            (11, '00193', 193);
INSERT INTO EX.PADECIMIENTOS(ID_PATOLOGIA, ID_PERSONA, ID_FICHA_MEDICA) VALUES
                            (12, '00193', 193);
INSERT INTO EX.PADECIMIENTOS(ID_PATOLOGIA, ID_PERSONA, ID_FICHA_MEDICA) VALUES
                            (13, '00193', 193);
INSERT INTO EX.PADECIMIENTOS(ID_PATOLOGIA, ID_PERSONA, ID_FICHA_MEDICA) VALUES
                            (14, '00193', 193);
INSERT INTO EX.PADECIMIENTOS(ID_PATOLOGIA, ID_PERSONA, ID_FICHA_MEDICA) VALUES
                            (15, '00193', 193);
INSERT INTO EX.SINTOMAS(FECHA_INICIO, ID_SINTOMA, ID_PERSONA, ID_FICHA_MEDICA) VALUES
                            (TO_DATE('2020-02-21','YYYY-MM-DD'), 1, '00193', 193);
INSERT INTO EX.SINTOMAS(FECHA_INICIO, ID_SINTOMA, ID_PERSONA, ID_FICHA_MEDICA) VALUES
                            (TO_DATE('2020-05-02','YYYY-MM-DD'), 2, '00193', 193);
INSERT INTO EX.SINTOMAS(FECHA_INICIO, ID_SINTOMA, ID_PERSONA, ID_FICHA_MEDICA) VALUES
                            (TO_DATE('2020-04-23','YYYY-MM-DD'), 3, '00193', 193);
INSERT INTO EX.SINTOMAS(FECHA_INICIO, ID_SINTOMA, ID_PERSONA, ID_FICHA_MEDICA) VALUES
                            (TO_DATE('2020-06-03','YYYY-MM-DD'), 4, '00193', 193);
INSERT INTO EX.SINTOMAS(FECHA_INICIO, ID_SINTOMA, ID_PERSONA, ID_FICHA_MEDICA) VALUES
                            (TO_DATE('2020-02-03','YYYY-MM-DD'), 5, '00193', 193);
INSERT INTO EX.SINTOMAS(FECHA_INICIO, ID_SINTOMA, ID_PERSONA, ID_FICHA_MEDICA) VALUES
                            (TO_DATE('2020-02-21','YYYY-MM-DD'), 6, '00193', 193);
INSERT INTO EX.SINTOMAS(FECHA_INICIO, ID_SINTOMA, ID_PERSONA, ID_FICHA_MEDICA) VALUES
                            (TO_DATE('2020-01-20','YYYY-MM-DD'), 7, '00193', 193);
INSERT INTO EX.SINTOMAS(FECHA_INICIO, ID_SINTOMA, ID_PERSONA, ID_FICHA_MEDICA) VALUES
                            (TO_DATE('2020-01-11','YYYY-MM-DD'), 8, '00193', 193);
INSERT INTO EX.SINTOMAS(FECHA_INICIO, ID_SINTOMA, ID_PERSONA, ID_FICHA_MEDICA) VALUES
                            (TO_DATE('2020-04-02','YYYY-MM-DD'), 9, '00193', 193);
INSERT INTO EX.PERSONA(DOC_IDENTIDAD, NOMBRE, NOMBRE1, APELLIDO, APELLIDO1, FECHA_NAC, GENERO, FOTO) VALUES
                  ('00194', 'Jesse', 'Robert', 'Tran', 'Holmes', TO_DATE('2001-05-30','YYYY-MM-DD'), 'm', NULL);
INSERT INTO EX.HISTORICO_RESIDENCIA(FECHA_INICIO, ID_LUGAR, ID_PERSONA, FECHA_FIN) VALUES
                  (TO_DATE('2011-12-10','YYYY-MM-DD'), 34, '00194', NULL);
INSERT INTO EX.FICHA_MEDICA(ID, ID_PERSONA, ID_CENTRO_SALUD, ID_LUGAR, ESTADO, FECHA_INFECCION, FECHA_RECUPERACION) VALUES
                                             (194, '00194', 19, 34, 'desconido', NULL, NULL);
INSERT INTO EX.PADECIMIENTOS(ID_PATOLOGIA, ID_PERSONA, ID_FICHA_MEDICA) VALUES
                            (1, '00194', 194);
INSERT INTO EX.PADECIMIENTOS(ID_PATOLOGIA, ID_PERSONA, ID_FICHA_MEDICA) VALUES
                            (2, '00194', 194);
INSERT INTO EX.PADECIMIENTOS(ID_PATOLOGIA, ID_PERSONA, ID_FICHA_MEDICA) VALUES
                            (3, '00194', 194);
INSERT INTO EX.PADECIMIENTOS(ID_PATOLOGIA, ID_PERSONA, ID_FICHA_MEDICA) VALUES
                            (4, '00194', 194);
INSERT INTO EX.PADECIMIENTOS(ID_PATOLOGIA, ID_PERSONA, ID_FICHA_MEDICA) VALUES
                            (5, '00194', 194);
INSERT INTO EX.PADECIMIENTOS(ID_PATOLOGIA, ID_PERSONA, ID_FICHA_MEDICA) VALUES
                            (6, '00194', 194);
INSERT INTO EX.PADECIMIENTOS(ID_PATOLOGIA, ID_PERSONA, ID_FICHA_MEDICA) VALUES
                            (7, '00194', 194);
INSERT INTO EX.PADECIMIENTOS(ID_PATOLOGIA, ID_PERSONA, ID_FICHA_MEDICA) VALUES
                            (8, '00194', 194);
INSERT INTO EX.PADECIMIENTOS(ID_PATOLOGIA, ID_PERSONA, ID_FICHA_MEDICA) VALUES
                            (9, '00194', 194);
INSERT INTO EX.PADECIMIENTOS(ID_PATOLOGIA, ID_PERSONA, ID_FICHA_MEDICA) VALUES
                            (10, '00194', 194);
INSERT INTO EX.PADECIMIENTOS(ID_PATOLOGIA, ID_PERSONA, ID_FICHA_MEDICA) VALUES
                            (11, '00194', 194);
INSERT INTO EX.PADECIMIENTOS(ID_PATOLOGIA, ID_PERSONA, ID_FICHA_MEDICA) VALUES
                            (12, '00194', 194);
INSERT INTO EX.PADECIMIENTOS(ID_PATOLOGIA, ID_PERSONA, ID_FICHA_MEDICA) VALUES
                            (13, '00194', 194);
INSERT INTO EX.PADECIMIENTOS(ID_PATOLOGIA, ID_PERSONA, ID_FICHA_MEDICA) VALUES
                            (14, '00194', 194);
INSERT INTO EX.PADECIMIENTOS(ID_PATOLOGIA, ID_PERSONA, ID_FICHA_MEDICA) VALUES
                            (15, '00194', 194);
INSERT INTO EX.SINTOMAS(FECHA_INICIO, ID_SINTOMA, ID_PERSONA, ID_FICHA_MEDICA) VALUES
                            (TO_DATE('2020-04-21','YYYY-MM-DD'), 1, '00194', 194);
INSERT INTO EX.SINTOMAS(FECHA_INICIO, ID_SINTOMA, ID_PERSONA, ID_FICHA_MEDICA) VALUES
                            (TO_DATE('2020-03-22','YYYY-MM-DD'), 2, '00194', 194);
INSERT INTO EX.SINTOMAS(FECHA_INICIO, ID_SINTOMA, ID_PERSONA, ID_FICHA_MEDICA) VALUES
                            (TO_DATE('2020-04-26','YYYY-MM-DD'), 3, '00194', 194);
INSERT INTO EX.SINTOMAS(FECHA_INICIO, ID_SINTOMA, ID_PERSONA, ID_FICHA_MEDICA) VALUES
                            (TO_DATE('2020-01-09','YYYY-MM-DD'), 4, '00194', 194);
INSERT INTO EX.SINTOMAS(FECHA_INICIO, ID_SINTOMA, ID_PERSONA, ID_FICHA_MEDICA) VALUES
                            (TO_DATE('2020-05-22','YYYY-MM-DD'), 5, '00194', 194);
INSERT INTO EX.SINTOMAS(FECHA_INICIO, ID_SINTOMA, ID_PERSONA, ID_FICHA_MEDICA) VALUES
                            (TO_DATE('2020-06-24','YYYY-MM-DD'), 6, '00194', 194);
INSERT INTO EX.SINTOMAS(FECHA_INICIO, ID_SINTOMA, ID_PERSONA, ID_FICHA_MEDICA) VALUES
                            (TO_DATE('2020-06-25','YYYY-MM-DD'), 7, '00194', 194);
INSERT INTO EX.SINTOMAS(FECHA_INICIO, ID_SINTOMA, ID_PERSONA, ID_FICHA_MEDICA) VALUES
                            (TO_DATE('2020-05-29','YYYY-MM-DD'), 8, '00194', 194);
INSERT INTO EX.PERSONA(DOC_IDENTIDAD, NOMBRE, NOMBRE1, APELLIDO, APELLIDO1, FECHA_NAC, GENERO, FOTO) VALUES
                  ('00195', 'Jonathan', 'Christine', 'Estes', 'Schwartz', TO_DATE('1985-06-05','YYYY-MM-DD'), 'f', NULL);
INSERT INTO EX.HISTORICO_RESIDENCIA(FECHA_INICIO, ID_LUGAR, ID_PERSONA, FECHA_FIN) VALUES
                  (TO_DATE('2010-11-12','YYYY-MM-DD'), 29, '00195', NULL);
INSERT INTO EX.FICHA_MEDICA(ID, ID_PERSONA, ID_CENTRO_SALUD, ID_LUGAR, ESTADO, FECHA_INFECCION, FECHA_RECUPERACION) VALUES
                                             (195, '00195', 14, 29, 'desconido', NULL, NULL);
INSERT INTO EX.PERSONA(DOC_IDENTIDAD, NOMBRE, NOMBRE1, APELLIDO, APELLIDO1, FECHA_NAC, GENERO, FOTO) VALUES
                  ('00196', 'Michael', 'Glenn', 'Murphy', 'Gregory', TO_DATE('1988-02-28','YYYY-MM-DD'), 'm', NULL);
INSERT INTO EX.HISTORICO_RESIDENCIA(FECHA_INICIO, ID_LUGAR, ID_PERSONA, FECHA_FIN) VALUES
                  (TO_DATE('1972-02-04','YYYY-MM-DD'), 25, '00196', NULL);
INSERT INTO EX.FICHA_MEDICA(ID, ID_PERSONA, ID_CENTRO_SALUD, ID_LUGAR, ESTADO, FECHA_INFECCION, FECHA_RECUPERACION) VALUES
                                             (196, '00196', 10, 25, 'desconido', NULL, NULL);
INSERT INTO EX.PADECIMIENTOS(ID_PATOLOGIA, ID_PERSONA, ID_FICHA_MEDICA) VALUES
                            (1, '00196', 196);
INSERT INTO EX.PADECIMIENTOS(ID_PATOLOGIA, ID_PERSONA, ID_FICHA_MEDICA) VALUES
                            (2, '00196', 196);
INSERT INTO EX.PADECIMIENTOS(ID_PATOLOGIA, ID_PERSONA, ID_FICHA_MEDICA) VALUES
                            (3, '00196', 196);
INSERT INTO EX.PADECIMIENTOS(ID_PATOLOGIA, ID_PERSONA, ID_FICHA_MEDICA) VALUES
                            (4, '00196', 196);
INSERT INTO EX.PADECIMIENTOS(ID_PATOLOGIA, ID_PERSONA, ID_FICHA_MEDICA) VALUES
                            (5, '00196', 196);
INSERT INTO EX.PADECIMIENTOS(ID_PATOLOGIA, ID_PERSONA, ID_FICHA_MEDICA) VALUES
                            (6, '00196', 196);
INSERT INTO EX.PADECIMIENTOS(ID_PATOLOGIA, ID_PERSONA, ID_FICHA_MEDICA) VALUES
                            (7, '00196', 196);
INSERT INTO EX.PADECIMIENTOS(ID_PATOLOGIA, ID_PERSONA, ID_FICHA_MEDICA) VALUES
                            (8, '00196', 196);
INSERT INTO EX.PERSONA(DOC_IDENTIDAD, NOMBRE, NOMBRE1, APELLIDO, APELLIDO1, FECHA_NAC, GENERO, FOTO) VALUES
                  ('00197', 'Michelle', 'Mark', 'Kim', 'Brown', TO_DATE('1986-03-06','YYYY-MM-DD'), 'f', NULL);
INSERT INTO EX.HISTORICO_RESIDENCIA(FECHA_INICIO, ID_LUGAR, ID_PERSONA, FECHA_FIN) VALUES
                  (TO_DATE('1990-11-18','YYYY-MM-DD'), 41, '00197', NULL);
INSERT INTO EX.FICHA_MEDICA(ID, ID_PERSONA, ID_CENTRO_SALUD, ID_LUGAR, ESTADO, FECHA_INFECCION, FECHA_RECUPERACION) VALUES
                                             (197, '00197', 26, 41, 'desconido', NULL, NULL);
INSERT INTO EX.PERSONA(DOC_IDENTIDAD, NOMBRE, NOMBRE1, APELLIDO, APELLIDO1, FECHA_NAC, GENERO, FOTO) VALUES
                  ('00198', 'Joseph', 'Brianna', 'Rowe', 'Rodriguez', TO_DATE('1997-03-11','YYYY-MM-DD'), 'm', NULL);
INSERT INTO EX.HISTORICO_RESIDENCIA(FECHA_INICIO, ID_LUGAR, ID_PERSONA, FECHA_FIN) VALUES
                  (TO_DATE('1991-06-23','YYYY-MM-DD'), 19, '00198', NULL);
INSERT INTO EX.FICHA_MEDICA(ID, ID_PERSONA, ID_CENTRO_SALUD, ID_LUGAR, ESTADO, FECHA_INFECCION, FECHA_RECUPERACION) VALUES
                                             (198, '00198', 4, 19, 'desconido', NULL, NULL);
INSERT INTO EX.SINTOMAS(FECHA_INICIO, ID_SINTOMA, ID_PERSONA, ID_FICHA_MEDICA) VALUES
                            (TO_DATE('2020-04-16','YYYY-MM-DD'), 1, '00198', 198);
INSERT INTO EX.SINTOMAS(FECHA_INICIO, ID_SINTOMA, ID_PERSONA, ID_FICHA_MEDICA) VALUES
                            (TO_DATE('2020-05-27','YYYY-MM-DD'), 2, '00198', 198);
INSERT INTO EX.SINTOMAS(FECHA_INICIO, ID_SINTOMA, ID_PERSONA, ID_FICHA_MEDICA) VALUES
                            (TO_DATE('2020-05-25','YYYY-MM-DD'), 3, '00198', 198);
INSERT INTO EX.SINTOMAS(FECHA_INICIO, ID_SINTOMA, ID_PERSONA, ID_FICHA_MEDICA) VALUES
                            (TO_DATE('2020-03-02','YYYY-MM-DD'), 4, '00198', 198);
INSERT INTO EX.SINTOMAS(FECHA_INICIO, ID_SINTOMA, ID_PERSONA, ID_FICHA_MEDICA) VALUES
                            (TO_DATE('2020-05-25','YYYY-MM-DD'), 5, '00198', 198);
INSERT INTO EX.SINTOMAS(FECHA_INICIO, ID_SINTOMA, ID_PERSONA, ID_FICHA_MEDICA) VALUES
                            (TO_DATE('2020-01-15','YYYY-MM-DD'), 6, '00198', 198);
INSERT INTO EX.SINTOMAS(FECHA_INICIO, ID_SINTOMA, ID_PERSONA, ID_FICHA_MEDICA) VALUES
                            (TO_DATE('2020-04-01','YYYY-MM-DD'), 7, '00198', 198);
INSERT INTO EX.SINTOMAS(FECHA_INICIO, ID_SINTOMA, ID_PERSONA, ID_FICHA_MEDICA) VALUES
                            (TO_DATE('2020-01-05','YYYY-MM-DD'), 8, '00198', 198);
INSERT INTO EX.SINTOMAS(FECHA_INICIO, ID_SINTOMA, ID_PERSONA, ID_FICHA_MEDICA) VALUES
                            (TO_DATE('2020-01-31','YYYY-MM-DD'), 9, '00198', 198);
INSERT INTO EX.SINTOMAS(FECHA_INICIO, ID_SINTOMA, ID_PERSONA, ID_FICHA_MEDICA) VALUES
                            (TO_DATE('2020-02-28','YYYY-MM-DD'), 10, '00198', 198);
INSERT INTO EX.SINTOMAS(FECHA_INICIO, ID_SINTOMA, ID_PERSONA, ID_FICHA_MEDICA) VALUES
                            (TO_DATE('2020-01-21','YYYY-MM-DD'), 11, '00198', 198);
INSERT INTO EX.SINTOMAS(FECHA_INICIO, ID_SINTOMA, ID_PERSONA, ID_FICHA_MEDICA) VALUES
                            (TO_DATE('2020-02-28','YYYY-MM-DD'), 12, '00198', 198);
INSERT INTO EX.SINTOMAS(FECHA_INICIO, ID_SINTOMA, ID_PERSONA, ID_FICHA_MEDICA) VALUES
                            (TO_DATE('2020-04-02','YYYY-MM-DD'), 13, '00198', 198);
INSERT INTO EX.SINTOMAS(FECHA_INICIO, ID_SINTOMA, ID_PERSONA, ID_FICHA_MEDICA) VALUES
                            (TO_DATE('2020-01-10','YYYY-MM-DD'), 14, '00198', 198);
INSERT INTO EX.SINTOMAS(FECHA_INICIO, ID_SINTOMA, ID_PERSONA, ID_FICHA_MEDICA) VALUES
                            (TO_DATE('2020-03-26','YYYY-MM-DD'), 15, '00198', 198);
INSERT INTO EX.SINTOMAS(FECHA_INICIO, ID_SINTOMA, ID_PERSONA, ID_FICHA_MEDICA) VALUES
                            (TO_DATE('2020-06-14','YYYY-MM-DD'), 16, '00198', 198);
INSERT INTO EX.SINTOMAS(FECHA_INICIO, ID_SINTOMA, ID_PERSONA, ID_FICHA_MEDICA) VALUES
                            (TO_DATE('2020-06-25','YYYY-MM-DD'), 17, '00198', 198);
INSERT INTO EX.SINTOMAS(FECHA_INICIO, ID_SINTOMA, ID_PERSONA, ID_FICHA_MEDICA) VALUES
                            (TO_DATE('2020-02-11','YYYY-MM-DD'), 18, '00198', 198);
INSERT INTO EX.PERSONA(DOC_IDENTIDAD, NOMBRE, NOMBRE1, APELLIDO, APELLIDO1, FECHA_NAC, GENERO, FOTO) VALUES
                  ('00199', 'Michael', 'Christopher', 'Briggs', 'Garner', TO_DATE('1985-11-27','YYYY-MM-DD'), 'f', NULL);
INSERT INTO EX.HISTORICO_RESIDENCIA(FECHA_INICIO, ID_LUGAR, ID_PERSONA, FECHA_FIN) VALUES
                  (TO_DATE('1989-07-09','YYYY-MM-DD'), 33, '00199', NULL);
INSERT INTO EX.FICHA_MEDICA(ID, ID_PERSONA, ID_CENTRO_SALUD, ID_LUGAR, ESTADO, FECHA_INFECCION, FECHA_RECUPERACION) VALUES
                                             (199, '00199', 18, 33, 'desconido', NULL, NULL);
INSERT INTO EX.PERSONA(DOC_IDENTIDAD, NOMBRE, NOMBRE1, APELLIDO, APELLIDO1, FECHA_NAC, GENERO, FOTO) VALUES
                  ('00200', 'Eric', 'Michael', 'Clark', 'Phillips', TO_DATE('1970-01-18','YYYY-MM-DD'), 'm', NULL);
INSERT INTO EX.HISTORICO_RESIDENCIA(FECHA_INICIO, ID_LUGAR, ID_PERSONA, FECHA_FIN) VALUES
                  (TO_DATE('1981-04-26','YYYY-MM-DD'), 35, '00200', NULL);
INSERT INTO EX.FICHA_MEDICA(ID, ID_PERSONA, ID_CENTRO_SALUD, ID_LUGAR, ESTADO, FECHA_INFECCION, FECHA_RECUPERACION) VALUES
                                             (200, '00200', 20, 35, 'desconido', NULL, NULL);
INSERT INTO EX.PADECIMIENTOS(ID_PATOLOGIA, ID_PERSONA, ID_FICHA_MEDICA) VALUES
                            (1, '00200', 200);
INSERT INTO EX.PADECIMIENTOS(ID_PATOLOGIA, ID_PERSONA, ID_FICHA_MEDICA) VALUES
                            (2, '00200', 200);
INSERT INTO EX.PADECIMIENTOS(ID_PATOLOGIA, ID_PERSONA, ID_FICHA_MEDICA) VALUES
                            (3, '00200', 200);
INSERT INTO EX.PADECIMIENTOS(ID_PATOLOGIA, ID_PERSONA, ID_FICHA_MEDICA) VALUES
                            (4, '00200', 200);
INSERT INTO EX.PADECIMIENTOS(ID_PATOLOGIA, ID_PERSONA, ID_FICHA_MEDICA) VALUES
                            (5, '00200', 200);
INSERT INTO EX.PADECIMIENTOS(ID_PATOLOGIA, ID_PERSONA, ID_FICHA_MEDICA) VALUES
                            (6, '00200', 200);
INSERT INTO EX.PADECIMIENTOS(ID_PATOLOGIA, ID_PERSONA, ID_FICHA_MEDICA) VALUES
                            (7, '00200', 200);
INSERT INTO EX.PADECIMIENTOS(ID_PATOLOGIA, ID_PERSONA, ID_FICHA_MEDICA) VALUES
                            (8, '00200', 200);
INSERT INTO EX.PADECIMIENTOS(ID_PATOLOGIA, ID_PERSONA, ID_FICHA_MEDICA) VALUES
                            (9, '00200', 200);
INSERT INTO EX.PERSONA(DOC_IDENTIDAD, NOMBRE, NOMBRE1, APELLIDO, APELLIDO1, FECHA_NAC, GENERO, FOTO) VALUES
                  ('00201', 'Jasmine', 'Krista', 'Acosta', 'Cox', TO_DATE('1995-03-10','YYYY-MM-DD'), 'f', NULL);
INSERT INTO EX.HISTORICO_RESIDENCIA(FECHA_INICIO, ID_LUGAR, ID_PERSONA, FECHA_FIN) VALUES
                  (TO_DATE('1995-12-14','YYYY-MM-DD'), 44, '00201', NULL);
INSERT INTO EX.FICHA_MEDICA(ID, ID_PERSONA, ID_CENTRO_SALUD, ID_LUGAR, ESTADO, FECHA_INFECCION, FECHA_RECUPERACION) VALUES
                                             (201, '00201', 29, 44, 'desconido', NULL, NULL);
INSERT INTO EX.SINTOMAS(FECHA_INICIO, ID_SINTOMA, ID_PERSONA, ID_FICHA_MEDICA) VALUES
                            (TO_DATE('2020-03-14','YYYY-MM-DD'), 1, '00201', 201);
INSERT INTO EX.SINTOMAS(FECHA_INICIO, ID_SINTOMA, ID_PERSONA, ID_FICHA_MEDICA) VALUES
                            (TO_DATE('2020-05-12','YYYY-MM-DD'), 2, '00201', 201);
INSERT INTO EX.SINTOMAS(FECHA_INICIO, ID_SINTOMA, ID_PERSONA, ID_FICHA_MEDICA) VALUES
                            (TO_DATE('2020-02-09','YYYY-MM-DD'), 3, '00201', 201);
INSERT INTO EX.SINTOMAS(FECHA_INICIO, ID_SINTOMA, ID_PERSONA, ID_FICHA_MEDICA) VALUES
                            (TO_DATE('2020-03-09','YYYY-MM-DD'), 4, '00201', 201);
INSERT INTO EX.SINTOMAS(FECHA_INICIO, ID_SINTOMA, ID_PERSONA, ID_FICHA_MEDICA) VALUES
                            (TO_DATE('2020-03-13','YYYY-MM-DD'), 5, '00201', 201);
INSERT INTO EX.SINTOMAS(FECHA_INICIO, ID_SINTOMA, ID_PERSONA, ID_FICHA_MEDICA) VALUES
                            (TO_DATE('2020-02-14','YYYY-MM-DD'), 6, '00201', 201);
INSERT INTO EX.SINTOMAS(FECHA_INICIO, ID_SINTOMA, ID_PERSONA, ID_FICHA_MEDICA) VALUES
                            (TO_DATE('2020-02-22','YYYY-MM-DD'), 7, '00201', 201);
INSERT INTO EX.SINTOMAS(FECHA_INICIO, ID_SINTOMA, ID_PERSONA, ID_FICHA_MEDICA) VALUES
                            (TO_DATE('2020-04-04','YYYY-MM-DD'), 8, '00201', 201);
INSERT INTO EX.SINTOMAS(FECHA_INICIO, ID_SINTOMA, ID_PERSONA, ID_FICHA_MEDICA) VALUES
                            (TO_DATE('2020-01-18','YYYY-MM-DD'), 9, '00201', 201);
INSERT INTO EX.SINTOMAS(FECHA_INICIO, ID_SINTOMA, ID_PERSONA, ID_FICHA_MEDICA) VALUES
                            (TO_DATE('2020-03-10','YYYY-MM-DD'), 10, '00201', 201);
INSERT INTO EX.PERSONA(DOC_IDENTIDAD, NOMBRE, NOMBRE1, APELLIDO, APELLIDO1, FECHA_NAC, GENERO, FOTO) VALUES
                  ('00202', 'Daniel', 'Christopher', 'Herrera', 'Murphy', TO_DATE('2006-08-21','YYYY-MM-DD'), 'm', NULL);
INSERT INTO EX.HISTORICO_RESIDENCIA(FECHA_INICIO, ID_LUGAR, ID_PERSONA, FECHA_FIN) VALUES
                  (TO_DATE('1992-04-15','YYYY-MM-DD'), 45, '00202', NULL);
INSERT INTO EX.FICHA_MEDICA(ID, ID_PERSONA, ID_CENTRO_SALUD, ID_LUGAR, ESTADO, FECHA_INFECCION, FECHA_RECUPERACION) VALUES
                                             (202, '00202', 30, 45, 'desconido', NULL, NULL);
INSERT INTO EX.SINTOMAS(FECHA_INICIO, ID_SINTOMA, ID_PERSONA, ID_FICHA_MEDICA) VALUES
                            (TO_DATE('2020-04-02','YYYY-MM-DD'), 1, '00202', 202);
INSERT INTO EX.SINTOMAS(FECHA_INICIO, ID_SINTOMA, ID_PERSONA, ID_FICHA_MEDICA) VALUES
                            (TO_DATE('2020-03-21','YYYY-MM-DD'), 2, '00202', 202);
INSERT INTO EX.SINTOMAS(FECHA_INICIO, ID_SINTOMA, ID_PERSONA, ID_FICHA_MEDICA) VALUES
                            (TO_DATE('2020-05-05','YYYY-MM-DD'), 3, '00202', 202);
INSERT INTO EX.SINTOMAS(FECHA_INICIO, ID_SINTOMA, ID_PERSONA, ID_FICHA_MEDICA) VALUES
                            (TO_DATE('2020-05-22','YYYY-MM-DD'), 4, '00202', 202);
INSERT INTO EX.SINTOMAS(FECHA_INICIO, ID_SINTOMA, ID_PERSONA, ID_FICHA_MEDICA) VALUES
                            (TO_DATE('2020-05-08','YYYY-MM-DD'), 5, '00202', 202);
INSERT INTO EX.SINTOMAS(FECHA_INICIO, ID_SINTOMA, ID_PERSONA, ID_FICHA_MEDICA) VALUES
                            (TO_DATE('2020-05-01','YYYY-MM-DD'), 6, '00202', 202);
INSERT INTO EX.SINTOMAS(FECHA_INICIO, ID_SINTOMA, ID_PERSONA, ID_FICHA_MEDICA) VALUES
                            (TO_DATE('2020-04-09','YYYY-MM-DD'), 7, '00202', 202);
INSERT INTO EX.SINTOMAS(FECHA_INICIO, ID_SINTOMA, ID_PERSONA, ID_FICHA_MEDICA) VALUES
                            (TO_DATE('2020-05-17','YYYY-MM-DD'), 8, '00202', 202);
INSERT INTO EX.SINTOMAS(FECHA_INICIO, ID_SINTOMA, ID_PERSONA, ID_FICHA_MEDICA) VALUES
                            (TO_DATE('2020-02-28','YYYY-MM-DD'), 9, '00202', 202);
INSERT INTO EX.SINTOMAS(FECHA_INICIO, ID_SINTOMA, ID_PERSONA, ID_FICHA_MEDICA) VALUES
                            (TO_DATE('2020-02-18','YYYY-MM-DD'), 10, '00202', 202);
INSERT INTO EX.SINTOMAS(FECHA_INICIO, ID_SINTOMA, ID_PERSONA, ID_FICHA_MEDICA) VALUES
                            (TO_DATE('2020-04-02','YYYY-MM-DD'), 11, '00202', 202);
INSERT INTO EX.SINTOMAS(FECHA_INICIO, ID_SINTOMA, ID_PERSONA, ID_FICHA_MEDICA) VALUES
                            (TO_DATE('2020-04-11','YYYY-MM-DD'), 12, '00202', 202);
INSERT INTO EX.SINTOMAS(FECHA_INICIO, ID_SINTOMA, ID_PERSONA, ID_FICHA_MEDICA) VALUES
                            (TO_DATE('2020-01-08','YYYY-MM-DD'), 13, '00202', 202);
INSERT INTO EX.PERSONA(DOC_IDENTIDAD, NOMBRE, NOMBRE1, APELLIDO, APELLIDO1, FECHA_NAC, GENERO, FOTO) VALUES
                  ('00203', 'Daniel', 'Fernando', 'Rodriguez', 'Roberts', TO_DATE('1982-01-20','YYYY-MM-DD'), 'f', NULL);
INSERT INTO EX.HISTORICO_RESIDENCIA(FECHA_INICIO, ID_LUGAR, ID_PERSONA, FECHA_FIN) VALUES
                  (TO_DATE('2007-07-31','YYYY-MM-DD'), 38, '00203', NULL);
INSERT INTO EX.FICHA_MEDICA(ID, ID_PERSONA, ID_CENTRO_SALUD, ID_LUGAR, ESTADO, FECHA_INFECCION, FECHA_RECUPERACION) VALUES
                                             (203, '00203', 23, 38, 'desconido', NULL, NULL);
INSERT INTO EX.SINTOMAS(FECHA_INICIO, ID_SINTOMA, ID_PERSONA, ID_FICHA_MEDICA) VALUES
                            (TO_DATE('2020-04-19','YYYY-MM-DD'), 1, '00203', 203);
INSERT INTO EX.SINTOMAS(FECHA_INICIO, ID_SINTOMA, ID_PERSONA, ID_FICHA_MEDICA) VALUES
                            (TO_DATE('2020-01-07','YYYY-MM-DD'), 2, '00203', 203);
INSERT INTO EX.SINTOMAS(FECHA_INICIO, ID_SINTOMA, ID_PERSONA, ID_FICHA_MEDICA) VALUES
                            (TO_DATE('2020-01-03','YYYY-MM-DD'), 3, '00203', 203);
INSERT INTO EX.SINTOMAS(FECHA_INICIO, ID_SINTOMA, ID_PERSONA, ID_FICHA_MEDICA) VALUES
                            (TO_DATE('2020-02-24','YYYY-MM-DD'), 4, '00203', 203);
INSERT INTO EX.SINTOMAS(FECHA_INICIO, ID_SINTOMA, ID_PERSONA, ID_FICHA_MEDICA) VALUES
                            (TO_DATE('2020-04-03','YYYY-MM-DD'), 5, '00203', 203);
INSERT INTO EX.SINTOMAS(FECHA_INICIO, ID_SINTOMA, ID_PERSONA, ID_FICHA_MEDICA) VALUES
                            (TO_DATE('2020-05-10','YYYY-MM-DD'), 6, '00203', 203);
INSERT INTO EX.SINTOMAS(FECHA_INICIO, ID_SINTOMA, ID_PERSONA, ID_FICHA_MEDICA) VALUES
                            (TO_DATE('2020-05-08','YYYY-MM-DD'), 7, '00203', 203);
INSERT INTO EX.SINTOMAS(FECHA_INICIO, ID_SINTOMA, ID_PERSONA, ID_FICHA_MEDICA) VALUES
                            (TO_DATE('2020-04-13','YYYY-MM-DD'), 8, '00203', 203);
INSERT INTO EX.SINTOMAS(FECHA_INICIO, ID_SINTOMA, ID_PERSONA, ID_FICHA_MEDICA) VALUES
                            (TO_DATE('2020-02-08','YYYY-MM-DD'), 9, '00203', 203);
INSERT INTO EX.SINTOMAS(FECHA_INICIO, ID_SINTOMA, ID_PERSONA, ID_FICHA_MEDICA) VALUES
                            (TO_DATE('2020-03-31','YYYY-MM-DD'), 10, '00203', 203);
INSERT INTO EX.SINTOMAS(FECHA_INICIO, ID_SINTOMA, ID_PERSONA, ID_FICHA_MEDICA) VALUES
                            (TO_DATE('2020-06-04','YYYY-MM-DD'), 11, '00203', 203);
INSERT INTO EX.SINTOMAS(FECHA_INICIO, ID_SINTOMA, ID_PERSONA, ID_FICHA_MEDICA) VALUES
                            (TO_DATE('2020-01-09','YYYY-MM-DD'), 12, '00203', 203);
INSERT INTO EX.SINTOMAS(FECHA_INICIO, ID_SINTOMA, ID_PERSONA, ID_FICHA_MEDICA) VALUES
                            (TO_DATE('2020-01-10','YYYY-MM-DD'), 13, '00203', 203);
INSERT INTO EX.SINTOMAS(FECHA_INICIO, ID_SINTOMA, ID_PERSONA, ID_FICHA_MEDICA) VALUES
                            (TO_DATE('2020-06-10','YYYY-MM-DD'), 14, '00203', 203);
INSERT INTO EX.SINTOMAS(FECHA_INICIO, ID_SINTOMA, ID_PERSONA, ID_FICHA_MEDICA) VALUES
                            (TO_DATE('2020-05-11','YYYY-MM-DD'), 15, '00203', 203);
INSERT INTO EX.SINTOMAS(FECHA_INICIO, ID_SINTOMA, ID_PERSONA, ID_FICHA_MEDICA) VALUES
                            (TO_DATE('2020-03-03','YYYY-MM-DD'), 16, '00203', 203);
INSERT INTO EX.SINTOMAS(FECHA_INICIO, ID_SINTOMA, ID_PERSONA, ID_FICHA_MEDICA) VALUES
                            (TO_DATE('2020-05-05','YYYY-MM-DD'), 17, '00203', 203);
INSERT INTO EX.PERSONA(DOC_IDENTIDAD, NOMBRE, NOMBRE1, APELLIDO, APELLIDO1, FECHA_NAC, GENERO, FOTO) VALUES
                  ('00204', 'Robert', 'Megan', 'Lopez', 'Moreno', TO_DATE('1975-04-10','YYYY-MM-DD'), 'm', NULL);
INSERT INTO EX.HISTORICO_RESIDENCIA(FECHA_INICIO, ID_LUGAR, ID_PERSONA, FECHA_FIN) VALUES
                  (TO_DATE('2003-04-12','YYYY-MM-DD'), 22, '00204', NULL);
INSERT INTO EX.FICHA_MEDICA(ID, ID_PERSONA, ID_CENTRO_SALUD, ID_LUGAR, ESTADO, FECHA_INFECCION, FECHA_RECUPERACION) VALUES
                                             (204, '00204', 7, 22, 'desconido', NULL, NULL);
INSERT INTO EX.PERSONA(DOC_IDENTIDAD, NOMBRE, NOMBRE1, APELLIDO, APELLIDO1, FECHA_NAC, GENERO, FOTO) VALUES
                  ('00205', 'Sally', 'Carrie', 'Mckenzie', 'Flowers', TO_DATE('2007-05-06','YYYY-MM-DD'), 'f', NULL);
INSERT INTO EX.HISTORICO_RESIDENCIA(FECHA_INICIO, ID_LUGAR, ID_PERSONA, FECHA_FIN) VALUES
                  (TO_DATE('1975-12-28','YYYY-MM-DD'), 34, '00205', NULL);
INSERT INTO EX.FICHA_MEDICA(ID, ID_PERSONA, ID_CENTRO_SALUD, ID_LUGAR, ESTADO, FECHA_INFECCION, FECHA_RECUPERACION) VALUES
                                             (205, '00205', 19, 34, 'desconido', NULL, NULL);
INSERT INTO EX.PADECIMIENTOS(ID_PATOLOGIA, ID_PERSONA, ID_FICHA_MEDICA) VALUES
                            (1, '00205', 205);
INSERT INTO EX.PADECIMIENTOS(ID_PATOLOGIA, ID_PERSONA, ID_FICHA_MEDICA) VALUES
                            (2, '00205', 205);
INSERT INTO EX.SINTOMAS(FECHA_INICIO, ID_SINTOMA, ID_PERSONA, ID_FICHA_MEDICA) VALUES
                            (TO_DATE('2020-01-19','YYYY-MM-DD'), 1, '00205', 205);
INSERT INTO EX.SINTOMAS(FECHA_INICIO, ID_SINTOMA, ID_PERSONA, ID_FICHA_MEDICA) VALUES
                            (TO_DATE('2020-02-21','YYYY-MM-DD'), 2, '00205', 205);
INSERT INTO EX.SINTOMAS(FECHA_INICIO, ID_SINTOMA, ID_PERSONA, ID_FICHA_MEDICA) VALUES
                            (TO_DATE('2020-01-23','YYYY-MM-DD'), 3, '00205', 205);
INSERT INTO EX.SINTOMAS(FECHA_INICIO, ID_SINTOMA, ID_PERSONA, ID_FICHA_MEDICA) VALUES
                            (TO_DATE('2020-06-25','YYYY-MM-DD'), 4, '00205', 205);
INSERT INTO EX.SINTOMAS(FECHA_INICIO, ID_SINTOMA, ID_PERSONA, ID_FICHA_MEDICA) VALUES
                            (TO_DATE('2020-06-04','YYYY-MM-DD'), 5, '00205', 205);
INSERT INTO EX.PERSONA(DOC_IDENTIDAD, NOMBRE, NOMBRE1, APELLIDO, APELLIDO1, FECHA_NAC, GENERO, FOTO) VALUES
                  ('00206', 'Nathaniel', 'John', 'Martinez', 'Jensen', TO_DATE('1977-09-02','YYYY-MM-DD'), 'm', NULL);
INSERT INTO EX.HISTORICO_RESIDENCIA(FECHA_INICIO, ID_LUGAR, ID_PERSONA, FECHA_FIN) VALUES
                  (TO_DATE('2001-03-24','YYYY-MM-DD'), 33, '00206', NULL);
INSERT INTO EX.FICHA_MEDICA(ID, ID_PERSONA, ID_CENTRO_SALUD, ID_LUGAR, ESTADO, FECHA_INFECCION, FECHA_RECUPERACION) VALUES
                                             (206, '00206', 18, 33, 'desconido', NULL, NULL);
INSERT INTO EX.PADECIMIENTOS(ID_PATOLOGIA, ID_PERSONA, ID_FICHA_MEDICA) VALUES
                            (1, '00206', 206);
INSERT INTO EX.PADECIMIENTOS(ID_PATOLOGIA, ID_PERSONA, ID_FICHA_MEDICA) VALUES
                            (2, '00206', 206);
INSERT INTO EX.PERSONA(DOC_IDENTIDAD, NOMBRE, NOMBRE1, APELLIDO, APELLIDO1, FECHA_NAC, GENERO, FOTO) VALUES
                  ('00207', 'Daniel', 'Deanna', 'Smith', 'Thomas', TO_DATE('2001-08-04','YYYY-MM-DD'), 'f', NULL);
INSERT INTO EX.HISTORICO_RESIDENCIA(FECHA_INICIO, ID_LUGAR, ID_PERSONA, FECHA_FIN) VALUES
                  (TO_DATE('2008-05-06','YYYY-MM-DD'), 27, '00207', NULL);
INSERT INTO EX.FICHA_MEDICA(ID, ID_PERSONA, ID_CENTRO_SALUD, ID_LUGAR, ESTADO, FECHA_INFECCION, FECHA_RECUPERACION) VALUES
                                             (207, '00207', 12, 27, 'desconido', NULL, NULL);
INSERT INTO EX.PADECIMIENTOS(ID_PATOLOGIA, ID_PERSONA, ID_FICHA_MEDICA) VALUES
                            (1, '00207', 207);
INSERT INTO EX.PADECIMIENTOS(ID_PATOLOGIA, ID_PERSONA, ID_FICHA_MEDICA) VALUES
                            (2, '00207', 207);
INSERT INTO EX.PADECIMIENTOS(ID_PATOLOGIA, ID_PERSONA, ID_FICHA_MEDICA) VALUES
                            (3, '00207', 207);
INSERT INTO EX.PADECIMIENTOS(ID_PATOLOGIA, ID_PERSONA, ID_FICHA_MEDICA) VALUES
                            (4, '00207', 207);
INSERT INTO EX.PADECIMIENTOS(ID_PATOLOGIA, ID_PERSONA, ID_FICHA_MEDICA) VALUES
                            (5, '00207', 207);
INSERT INTO EX.PADECIMIENTOS(ID_PATOLOGIA, ID_PERSONA, ID_FICHA_MEDICA) VALUES
                            (6, '00207', 207);
INSERT INTO EX.PADECIMIENTOS(ID_PATOLOGIA, ID_PERSONA, ID_FICHA_MEDICA) VALUES
                            (7, '00207', 207);
INSERT INTO EX.PADECIMIENTOS(ID_PATOLOGIA, ID_PERSONA, ID_FICHA_MEDICA) VALUES
                            (8, '00207', 207);
INSERT INTO EX.PADECIMIENTOS(ID_PATOLOGIA, ID_PERSONA, ID_FICHA_MEDICA) VALUES
                            (9, '00207', 207);
INSERT INTO EX.PADECIMIENTOS(ID_PATOLOGIA, ID_PERSONA, ID_FICHA_MEDICA) VALUES
                            (10, '00207', 207);
INSERT INTO EX.PADECIMIENTOS(ID_PATOLOGIA, ID_PERSONA, ID_FICHA_MEDICA) VALUES
                            (11, '00207', 207);
INSERT INTO EX.PADECIMIENTOS(ID_PATOLOGIA, ID_PERSONA, ID_FICHA_MEDICA) VALUES
                            (12, '00207', 207);
INSERT INTO EX.PADECIMIENTOS(ID_PATOLOGIA, ID_PERSONA, ID_FICHA_MEDICA) VALUES
                            (13, '00207', 207);
INSERT INTO EX.SINTOMAS(FECHA_INICIO, ID_SINTOMA, ID_PERSONA, ID_FICHA_MEDICA) VALUES
                            (TO_DATE('2020-03-11','YYYY-MM-DD'), 1, '00207', 207);
INSERT INTO EX.SINTOMAS(FECHA_INICIO, ID_SINTOMA, ID_PERSONA, ID_FICHA_MEDICA) VALUES
                            (TO_DATE('2020-06-15','YYYY-MM-DD'), 2, '00207', 207);
INSERT INTO EX.SINTOMAS(FECHA_INICIO, ID_SINTOMA, ID_PERSONA, ID_FICHA_MEDICA) VALUES
                            (TO_DATE('2020-06-18','YYYY-MM-DD'), 3, '00207', 207);
INSERT INTO EX.SINTOMAS(FECHA_INICIO, ID_SINTOMA, ID_PERSONA, ID_FICHA_MEDICA) VALUES
                            (TO_DATE('2020-03-14','YYYY-MM-DD'), 4, '00207', 207);
INSERT INTO EX.SINTOMAS(FECHA_INICIO, ID_SINTOMA, ID_PERSONA, ID_FICHA_MEDICA) VALUES
                            (TO_DATE('2020-05-16','YYYY-MM-DD'), 5, '00207', 207);
INSERT INTO EX.SINTOMAS(FECHA_INICIO, ID_SINTOMA, ID_PERSONA, ID_FICHA_MEDICA) VALUES
                            (TO_DATE('2020-03-29','YYYY-MM-DD'), 6, '00207', 207);
INSERT INTO EX.SINTOMAS(FECHA_INICIO, ID_SINTOMA, ID_PERSONA, ID_FICHA_MEDICA) VALUES
                            (TO_DATE('2020-01-18','YYYY-MM-DD'), 7, '00207', 207);
INSERT INTO EX.SINTOMAS(FECHA_INICIO, ID_SINTOMA, ID_PERSONA, ID_FICHA_MEDICA) VALUES
                            (TO_DATE('2020-01-27','YYYY-MM-DD'), 8, '00207', 207);
INSERT INTO EX.PERSONA(DOC_IDENTIDAD, NOMBRE, NOMBRE1, APELLIDO, APELLIDO1, FECHA_NAC, GENERO, FOTO) VALUES
                  ('00208', 'Samantha', 'Katherine', 'Moore', 'English', TO_DATE('2012-01-08','YYYY-MM-DD'), 'm', NULL);
INSERT INTO EX.HISTORICO_RESIDENCIA(FECHA_INICIO, ID_LUGAR, ID_PERSONA, FECHA_FIN) VALUES
                  (TO_DATE('1979-01-07','YYYY-MM-DD'), 21, '00208', NULL);
INSERT INTO EX.FICHA_MEDICA(ID, ID_PERSONA, ID_CENTRO_SALUD, ID_LUGAR, ESTADO, FECHA_INFECCION, FECHA_RECUPERACION) VALUES
                                             (208, '00208', 6, 21, 'desconido', NULL, NULL);
INSERT INTO EX.PADECIMIENTOS(ID_PATOLOGIA, ID_PERSONA, ID_FICHA_MEDICA) VALUES
                            (1, '00208', 208);
INSERT INTO EX.PERSONA(DOC_IDENTIDAD, NOMBRE, NOMBRE1, APELLIDO, APELLIDO1, FECHA_NAC, GENERO, FOTO) VALUES
                  ('00209', 'Nicholas', 'Tony', 'Garcia', 'Dixon', TO_DATE('1978-08-21','YYYY-MM-DD'), 'f', NULL);
INSERT INTO EX.HISTORICO_RESIDENCIA(FECHA_INICIO, ID_LUGAR, ID_PERSONA, FECHA_FIN) VALUES
                  (TO_DATE('2006-10-27','YYYY-MM-DD'), 20, '00209', NULL);
INSERT INTO EX.FICHA_MEDICA(ID, ID_PERSONA, ID_CENTRO_SALUD, ID_LUGAR, ESTADO, FECHA_INFECCION, FECHA_RECUPERACION) VALUES
                                             (209, '00209', 5, 20, 'desconido', NULL, NULL);
INSERT INTO EX.PERSONA(DOC_IDENTIDAD, NOMBRE, NOMBRE1, APELLIDO, APELLIDO1, FECHA_NAC, GENERO, FOTO) VALUES
                  ('00210', 'Kari', 'Ashley', 'Jordan', 'Velez', TO_DATE('1976-03-09','YYYY-MM-DD'), 'm', NULL);
INSERT INTO EX.HISTORICO_RESIDENCIA(FECHA_INICIO, ID_LUGAR, ID_PERSONA, FECHA_FIN) VALUES
                  (TO_DATE('1997-05-28','YYYY-MM-DD'), 35, '00210', NULL);
INSERT INTO EX.FICHA_MEDICA(ID, ID_PERSONA, ID_CENTRO_SALUD, ID_LUGAR, ESTADO, FECHA_INFECCION, FECHA_RECUPERACION) VALUES
                                             (210, '00210', 20, 35, 'desconido', NULL, NULL);
INSERT INTO EX.SINTOMAS(FECHA_INICIO, ID_SINTOMA, ID_PERSONA, ID_FICHA_MEDICA) VALUES
                            (TO_DATE('2020-02-12','YYYY-MM-DD'), 1, '00210', 210);
INSERT INTO EX.SINTOMAS(FECHA_INICIO, ID_SINTOMA, ID_PERSONA, ID_FICHA_MEDICA) VALUES
                            (TO_DATE('2020-04-01','YYYY-MM-DD'), 2, '00210', 210);
INSERT INTO EX.SINTOMAS(FECHA_INICIO, ID_SINTOMA, ID_PERSONA, ID_FICHA_MEDICA) VALUES
                            (TO_DATE('2020-02-27','YYYY-MM-DD'), 3, '00210', 210);
INSERT INTO EX.PERSONA(DOC_IDENTIDAD, NOMBRE, NOMBRE1, APELLIDO, APELLIDO1, FECHA_NAC, GENERO, FOTO) VALUES
                  ('00211', 'George', 'Brittany', 'Reed', 'Richardson', TO_DATE('2011-09-07','YYYY-MM-DD'), 'f', NULL);
INSERT INTO EX.HISTORICO_RESIDENCIA(FECHA_INICIO, ID_LUGAR, ID_PERSONA, FECHA_FIN) VALUES
                  (TO_DATE('1982-10-22','YYYY-MM-DD'), 43, '00211', NULL);
INSERT INTO EX.FICHA_MEDICA(ID, ID_PERSONA, ID_CENTRO_SALUD, ID_LUGAR, ESTADO, FECHA_INFECCION, FECHA_RECUPERACION) VALUES
                                             (211, '00211', 28, 43, 'desconido', NULL, NULL);
INSERT INTO EX.PADECIMIENTOS(ID_PATOLOGIA, ID_PERSONA, ID_FICHA_MEDICA) VALUES
                            (1, '00211', 211);
INSERT INTO EX.PADECIMIENTOS(ID_PATOLOGIA, ID_PERSONA, ID_FICHA_MEDICA) VALUES
                            (2, '00211', 211);
INSERT INTO EX.PADECIMIENTOS(ID_PATOLOGIA, ID_PERSONA, ID_FICHA_MEDICA) VALUES
                            (3, '00211', 211);
INSERT INTO EX.PADECIMIENTOS(ID_PATOLOGIA, ID_PERSONA, ID_FICHA_MEDICA) VALUES
                            (4, '00211', 211);
INSERT INTO EX.PADECIMIENTOS(ID_PATOLOGIA, ID_PERSONA, ID_FICHA_MEDICA) VALUES
                            (5, '00211', 211);
INSERT INTO EX.PADECIMIENTOS(ID_PATOLOGIA, ID_PERSONA, ID_FICHA_MEDICA) VALUES
                            (6, '00211', 211);
INSERT INTO EX.PADECIMIENTOS(ID_PATOLOGIA, ID_PERSONA, ID_FICHA_MEDICA) VALUES
                            (7, '00211', 211);
INSERT INTO EX.PADECIMIENTOS(ID_PATOLOGIA, ID_PERSONA, ID_FICHA_MEDICA) VALUES
                            (8, '00211', 211);
INSERT INTO EX.PADECIMIENTOS(ID_PATOLOGIA, ID_PERSONA, ID_FICHA_MEDICA) VALUES
                            (9, '00211', 211);
INSERT INTO EX.PADECIMIENTOS(ID_PATOLOGIA, ID_PERSONA, ID_FICHA_MEDICA) VALUES
                            (10, '00211', 211);
INSERT INTO EX.PADECIMIENTOS(ID_PATOLOGIA, ID_PERSONA, ID_FICHA_MEDICA) VALUES
                            (11, '00211', 211);
INSERT INTO EX.PERSONA(DOC_IDENTIDAD, NOMBRE, NOMBRE1, APELLIDO, APELLIDO1, FECHA_NAC, GENERO, FOTO) VALUES
                  ('00212', 'Elizabeth', 'Michael', 'Smith', 'Novak', TO_DATE('1984-11-04','YYYY-MM-DD'), 'm', NULL);
INSERT INTO EX.HISTORICO_RESIDENCIA(FECHA_INICIO, ID_LUGAR, ID_PERSONA, FECHA_FIN) VALUES
                  (TO_DATE('1977-01-08','YYYY-MM-DD'), 39, '00212', NULL);
INSERT INTO EX.FICHA_MEDICA(ID, ID_PERSONA, ID_CENTRO_SALUD, ID_LUGAR, ESTADO, FECHA_INFECCION, FECHA_RECUPERACION) VALUES
                                             (212, '00212', 24, 39, 'desconido', NULL, NULL);
INSERT INTO EX.SINTOMAS(FECHA_INICIO, ID_SINTOMA, ID_PERSONA, ID_FICHA_MEDICA) VALUES
                            (TO_DATE('2020-06-11','YYYY-MM-DD'), 1, '00212', 212);
INSERT INTO EX.SINTOMAS(FECHA_INICIO, ID_SINTOMA, ID_PERSONA, ID_FICHA_MEDICA) VALUES
                            (TO_DATE('2020-03-15','YYYY-MM-DD'), 2, '00212', 212);
INSERT INTO EX.SINTOMAS(FECHA_INICIO, ID_SINTOMA, ID_PERSONA, ID_FICHA_MEDICA) VALUES
                            (TO_DATE('2020-04-05','YYYY-MM-DD'), 3, '00212', 212);
INSERT INTO EX.SINTOMAS(FECHA_INICIO, ID_SINTOMA, ID_PERSONA, ID_FICHA_MEDICA) VALUES
                            (TO_DATE('2020-04-23','YYYY-MM-DD'), 4, '00212', 212);
INSERT INTO EX.SINTOMAS(FECHA_INICIO, ID_SINTOMA, ID_PERSONA, ID_FICHA_MEDICA) VALUES
                            (TO_DATE('2020-04-08','YYYY-MM-DD'), 5, '00212', 212);
INSERT INTO EX.SINTOMAS(FECHA_INICIO, ID_SINTOMA, ID_PERSONA, ID_FICHA_MEDICA) VALUES
                            (TO_DATE('2020-02-15','YYYY-MM-DD'), 6, '00212', 212);
INSERT INTO EX.SINTOMAS(FECHA_INICIO, ID_SINTOMA, ID_PERSONA, ID_FICHA_MEDICA) VALUES
                            (TO_DATE('2020-03-27','YYYY-MM-DD'), 7, '00212', 212);
INSERT INTO EX.SINTOMAS(FECHA_INICIO, ID_SINTOMA, ID_PERSONA, ID_FICHA_MEDICA) VALUES
                            (TO_DATE('2020-03-11','YYYY-MM-DD'), 8, '00212', 212);
INSERT INTO EX.SINTOMAS(FECHA_INICIO, ID_SINTOMA, ID_PERSONA, ID_FICHA_MEDICA) VALUES
                            (TO_DATE('2020-02-10','YYYY-MM-DD'), 9, '00212', 212);
INSERT INTO EX.SINTOMAS(FECHA_INICIO, ID_SINTOMA, ID_PERSONA, ID_FICHA_MEDICA) VALUES
                            (TO_DATE('2020-01-11','YYYY-MM-DD'), 10, '00212', 212);
INSERT INTO EX.SINTOMAS(FECHA_INICIO, ID_SINTOMA, ID_PERSONA, ID_FICHA_MEDICA) VALUES
                            (TO_DATE('2020-03-12','YYYY-MM-DD'), 11, '00212', 212);
INSERT INTO EX.SINTOMAS(FECHA_INICIO, ID_SINTOMA, ID_PERSONA, ID_FICHA_MEDICA) VALUES
                            (TO_DATE('2020-05-20','YYYY-MM-DD'), 12, '00212', 212);
INSERT INTO EX.SINTOMAS(FECHA_INICIO, ID_SINTOMA, ID_PERSONA, ID_FICHA_MEDICA) VALUES
                            (TO_DATE('2020-01-14','YYYY-MM-DD'), 13, '00212', 212);
INSERT INTO EX.SINTOMAS(FECHA_INICIO, ID_SINTOMA, ID_PERSONA, ID_FICHA_MEDICA) VALUES
                            (TO_DATE('2020-01-30','YYYY-MM-DD'), 14, '00212', 212);
INSERT INTO EX.SINTOMAS(FECHA_INICIO, ID_SINTOMA, ID_PERSONA, ID_FICHA_MEDICA) VALUES
                            (TO_DATE('2020-04-02','YYYY-MM-DD'), 15, '00212', 212);
INSERT INTO EX.SINTOMAS(FECHA_INICIO, ID_SINTOMA, ID_PERSONA, ID_FICHA_MEDICA) VALUES
                            (TO_DATE('2020-01-09','YYYY-MM-DD'), 16, '00212', 212);
INSERT INTO EX.SINTOMAS(FECHA_INICIO, ID_SINTOMA, ID_PERSONA, ID_FICHA_MEDICA) VALUES
                            (TO_DATE('2020-04-18','YYYY-MM-DD'), 17, '00212', 212);
INSERT INTO EX.SINTOMAS(FECHA_INICIO, ID_SINTOMA, ID_PERSONA, ID_FICHA_MEDICA) VALUES
                            (TO_DATE('2020-02-20','YYYY-MM-DD'), 18, '00212', 212);
INSERT INTO EX.SINTOMAS(FECHA_INICIO, ID_SINTOMA, ID_PERSONA, ID_FICHA_MEDICA) VALUES
                            (TO_DATE('2020-01-15','YYYY-MM-DD'), 19, '00212', 212);
INSERT INTO EX.PERSONA(DOC_IDENTIDAD, NOMBRE, NOMBRE1, APELLIDO, APELLIDO1, FECHA_NAC, GENERO, FOTO) VALUES
                  ('00213', 'Michelle', 'Adam', 'Brown', 'Lucas', TO_DATE('1982-07-22','YYYY-MM-DD'), 'f', NULL);
INSERT INTO EX.HISTORICO_RESIDENCIA(FECHA_INICIO, ID_LUGAR, ID_PERSONA, FECHA_FIN) VALUES
                  (TO_DATE('1985-01-27','YYYY-MM-DD'), 22, '00213', NULL);
INSERT INTO EX.FICHA_MEDICA(ID, ID_PERSONA, ID_CENTRO_SALUD, ID_LUGAR, ESTADO, FECHA_INFECCION, FECHA_RECUPERACION) VALUES
                                             (213, '00213', 7, 22, 'desconido', NULL, NULL);
INSERT INTO EX.PERSONA(DOC_IDENTIDAD, NOMBRE, NOMBRE1, APELLIDO, APELLIDO1, FECHA_NAC, GENERO, FOTO) VALUES
                  ('00214', 'Crystal', 'Shawn', 'Davis', 'Solis', TO_DATE('1971-01-02','YYYY-MM-DD'), 'm', NULL);
INSERT INTO EX.HISTORICO_RESIDENCIA(FECHA_INICIO, ID_LUGAR, ID_PERSONA, FECHA_FIN) VALUES
                  (TO_DATE('1992-03-28','YYYY-MM-DD'), 29, '00214', NULL);
INSERT INTO EX.FICHA_MEDICA(ID, ID_PERSONA, ID_CENTRO_SALUD, ID_LUGAR, ESTADO, FECHA_INFECCION, FECHA_RECUPERACION) VALUES
                                             (214, '00214', 14, 29, 'desconido', NULL, NULL);
INSERT INTO EX.PADECIMIENTOS(ID_PATOLOGIA, ID_PERSONA, ID_FICHA_MEDICA) VALUES
                            (1, '00214', 214);
INSERT INTO EX.PADECIMIENTOS(ID_PATOLOGIA, ID_PERSONA, ID_FICHA_MEDICA) VALUES
                            (2, '00214', 214);
INSERT INTO EX.PADECIMIENTOS(ID_PATOLOGIA, ID_PERSONA, ID_FICHA_MEDICA) VALUES
                            (3, '00214', 214);
INSERT INTO EX.PADECIMIENTOS(ID_PATOLOGIA, ID_PERSONA, ID_FICHA_MEDICA) VALUES
                            (4, '00214', 214);
INSERT INTO EX.PADECIMIENTOS(ID_PATOLOGIA, ID_PERSONA, ID_FICHA_MEDICA) VALUES
                            (5, '00214', 214);
INSERT INTO EX.PADECIMIENTOS(ID_PATOLOGIA, ID_PERSONA, ID_FICHA_MEDICA) VALUES
                            (6, '00214', 214);
INSERT INTO EX.PADECIMIENTOS(ID_PATOLOGIA, ID_PERSONA, ID_FICHA_MEDICA) VALUES
                            (7, '00214', 214);
INSERT INTO EX.PADECIMIENTOS(ID_PATOLOGIA, ID_PERSONA, ID_FICHA_MEDICA) VALUES
                            (8, '00214', 214);
INSERT INTO EX.PADECIMIENTOS(ID_PATOLOGIA, ID_PERSONA, ID_FICHA_MEDICA) VALUES
                            (9, '00214', 214);
INSERT INTO EX.PADECIMIENTOS(ID_PATOLOGIA, ID_PERSONA, ID_FICHA_MEDICA) VALUES
                            (10, '00214', 214);
INSERT INTO EX.PADECIMIENTOS(ID_PATOLOGIA, ID_PERSONA, ID_FICHA_MEDICA) VALUES
                            (11, '00214', 214);
INSERT INTO EX.PADECIMIENTOS(ID_PATOLOGIA, ID_PERSONA, ID_FICHA_MEDICA) VALUES
                            (12, '00214', 214);
INSERT INTO EX.PADECIMIENTOS(ID_PATOLOGIA, ID_PERSONA, ID_FICHA_MEDICA) VALUES
                            (13, '00214', 214);
INSERT INTO EX.PADECIMIENTOS(ID_PATOLOGIA, ID_PERSONA, ID_FICHA_MEDICA) VALUES
                            (14, '00214', 214);
INSERT INTO EX.PADECIMIENTOS(ID_PATOLOGIA, ID_PERSONA, ID_FICHA_MEDICA) VALUES
                            (15, '00214', 214);
INSERT INTO EX.SINTOMAS(FECHA_INICIO, ID_SINTOMA, ID_PERSONA, ID_FICHA_MEDICA) VALUES
                            (TO_DATE('2020-04-30','YYYY-MM-DD'), 1, '00214', 214);
INSERT INTO EX.SINTOMAS(FECHA_INICIO, ID_SINTOMA, ID_PERSONA, ID_FICHA_MEDICA) VALUES
                            (TO_DATE('2020-03-28','YYYY-MM-DD'), 2, '00214', 214);
INSERT INTO EX.SINTOMAS(FECHA_INICIO, ID_SINTOMA, ID_PERSONA, ID_FICHA_MEDICA) VALUES
                            (TO_DATE('2020-06-29','YYYY-MM-DD'), 3, '00214', 214);
INSERT INTO EX.SINTOMAS(FECHA_INICIO, ID_SINTOMA, ID_PERSONA, ID_FICHA_MEDICA) VALUES
                            (TO_DATE('2020-06-11','YYYY-MM-DD'), 4, '00214', 214);
INSERT INTO EX.SINTOMAS(FECHA_INICIO, ID_SINTOMA, ID_PERSONA, ID_FICHA_MEDICA) VALUES
                            (TO_DATE('2020-04-30','YYYY-MM-DD'), 5, '00214', 214);
INSERT INTO EX.SINTOMAS(FECHA_INICIO, ID_SINTOMA, ID_PERSONA, ID_FICHA_MEDICA) VALUES
                            (TO_DATE('2020-03-06','YYYY-MM-DD'), 6, '00214', 214);
INSERT INTO EX.SINTOMAS(FECHA_INICIO, ID_SINTOMA, ID_PERSONA, ID_FICHA_MEDICA) VALUES
                            (TO_DATE('2020-02-13','YYYY-MM-DD'), 7, '00214', 214);
INSERT INTO EX.SINTOMAS(FECHA_INICIO, ID_SINTOMA, ID_PERSONA, ID_FICHA_MEDICA) VALUES
                            (TO_DATE('2020-06-03','YYYY-MM-DD'), 8, '00214', 214);
INSERT INTO EX.SINTOMAS(FECHA_INICIO, ID_SINTOMA, ID_PERSONA, ID_FICHA_MEDICA) VALUES
                            (TO_DATE('2020-05-30','YYYY-MM-DD'), 9, '00214', 214);
INSERT INTO EX.SINTOMAS(FECHA_INICIO, ID_SINTOMA, ID_PERSONA, ID_FICHA_MEDICA) VALUES
                            (TO_DATE('2020-03-24','YYYY-MM-DD'), 10, '00214', 214);
INSERT INTO EX.SINTOMAS(FECHA_INICIO, ID_SINTOMA, ID_PERSONA, ID_FICHA_MEDICA) VALUES
                            (TO_DATE('2020-02-08','YYYY-MM-DD'), 11, '00214', 214);
INSERT INTO EX.SINTOMAS(FECHA_INICIO, ID_SINTOMA, ID_PERSONA, ID_FICHA_MEDICA) VALUES
                            (TO_DATE('2020-04-08','YYYY-MM-DD'), 12, '00214', 214);
INSERT INTO EX.SINTOMAS(FECHA_INICIO, ID_SINTOMA, ID_PERSONA, ID_FICHA_MEDICA) VALUES
                            (TO_DATE('2020-03-10','YYYY-MM-DD'), 13, '00214', 214);
INSERT INTO EX.SINTOMAS(FECHA_INICIO, ID_SINTOMA, ID_PERSONA, ID_FICHA_MEDICA) VALUES
                            (TO_DATE('2020-05-19','YYYY-MM-DD'), 14, '00214', 214);
INSERT INTO EX.SINTOMAS(FECHA_INICIO, ID_SINTOMA, ID_PERSONA, ID_FICHA_MEDICA) VALUES
                            (TO_DATE('2020-03-24','YYYY-MM-DD'), 15, '00214', 214);
INSERT INTO EX.SINTOMAS(FECHA_INICIO, ID_SINTOMA, ID_PERSONA, ID_FICHA_MEDICA) VALUES
                            (TO_DATE('2020-03-24','YYYY-MM-DD'), 16, '00214', 214);
INSERT INTO EX.SINTOMAS(FECHA_INICIO, ID_SINTOMA, ID_PERSONA, ID_FICHA_MEDICA) VALUES
                            (TO_DATE('2020-03-04','YYYY-MM-DD'), 17, '00214', 214);
INSERT INTO EX.PERSONA(DOC_IDENTIDAD, NOMBRE, NOMBRE1, APELLIDO, APELLIDO1, FECHA_NAC, GENERO, FOTO) VALUES
                  ('00215', 'Joshua', 'Kayla', 'Barton', 'Miller', TO_DATE('1990-10-24','YYYY-MM-DD'), 'f', NULL);
INSERT INTO EX.HISTORICO_RESIDENCIA(FECHA_INICIO, ID_LUGAR, ID_PERSONA, FECHA_FIN) VALUES
                  (TO_DATE('1970-10-26','YYYY-MM-DD'), 34, '00215', NULL);
INSERT INTO EX.FICHA_MEDICA(ID, ID_PERSONA, ID_CENTRO_SALUD, ID_LUGAR, ESTADO, FECHA_INFECCION, FECHA_RECUPERACION) VALUES
                                             (215, '00215', 19, 34, 'desconido', NULL, NULL);
INSERT INTO EX.PADECIMIENTOS(ID_PATOLOGIA, ID_PERSONA, ID_FICHA_MEDICA) VALUES
                            (1, '00215', 215);
INSERT INTO EX.PADECIMIENTOS(ID_PATOLOGIA, ID_PERSONA, ID_FICHA_MEDICA) VALUES
                            (2, '00215', 215);
INSERT INTO EX.PADECIMIENTOS(ID_PATOLOGIA, ID_PERSONA, ID_FICHA_MEDICA) VALUES
                            (3, '00215', 215);
INSERT INTO EX.PADECIMIENTOS(ID_PATOLOGIA, ID_PERSONA, ID_FICHA_MEDICA) VALUES
                            (4, '00215', 215);
INSERT INTO EX.PADECIMIENTOS(ID_PATOLOGIA, ID_PERSONA, ID_FICHA_MEDICA) VALUES
                            (5, '00215', 215);
INSERT INTO EX.PADECIMIENTOS(ID_PATOLOGIA, ID_PERSONA, ID_FICHA_MEDICA) VALUES
                            (6, '00215', 215);
INSERT INTO EX.PADECIMIENTOS(ID_PATOLOGIA, ID_PERSONA, ID_FICHA_MEDICA) VALUES
                            (7, '00215', 215);
INSERT INTO EX.PADECIMIENTOS(ID_PATOLOGIA, ID_PERSONA, ID_FICHA_MEDICA) VALUES
                            (8, '00215', 215);
INSERT INTO EX.PADECIMIENTOS(ID_PATOLOGIA, ID_PERSONA, ID_FICHA_MEDICA) VALUES
                            (9, '00215', 215);
INSERT INTO EX.PADECIMIENTOS(ID_PATOLOGIA, ID_PERSONA, ID_FICHA_MEDICA) VALUES
                            (10, '00215', 215);
INSERT INTO EX.PADECIMIENTOS(ID_PATOLOGIA, ID_PERSONA, ID_FICHA_MEDICA) VALUES
                            (11, '00215', 215);
INSERT INTO EX.PADECIMIENTOS(ID_PATOLOGIA, ID_PERSONA, ID_FICHA_MEDICA) VALUES
                            (12, '00215', 215);
INSERT INTO EX.PADECIMIENTOS(ID_PATOLOGIA, ID_PERSONA, ID_FICHA_MEDICA) VALUES
                            (13, '00215', 215);
INSERT INTO EX.PADECIMIENTOS(ID_PATOLOGIA, ID_PERSONA, ID_FICHA_MEDICA) VALUES
                            (14, '00215', 215);
INSERT INTO EX.SINTOMAS(FECHA_INICIO, ID_SINTOMA, ID_PERSONA, ID_FICHA_MEDICA) VALUES
                            (TO_DATE('2020-06-15','YYYY-MM-DD'), 1, '00215', 215);
INSERT INTO EX.SINTOMAS(FECHA_INICIO, ID_SINTOMA, ID_PERSONA, ID_FICHA_MEDICA) VALUES
                            (TO_DATE('2020-01-15','YYYY-MM-DD'), 2, '00215', 215);
INSERT INTO EX.SINTOMAS(FECHA_INICIO, ID_SINTOMA, ID_PERSONA, ID_FICHA_MEDICA) VALUES
                            (TO_DATE('2020-01-28','YYYY-MM-DD'), 3, '00215', 215);
INSERT INTO EX.SINTOMAS(FECHA_INICIO, ID_SINTOMA, ID_PERSONA, ID_FICHA_MEDICA) VALUES
                            (TO_DATE('2020-01-30','YYYY-MM-DD'), 4, '00215', 215);
INSERT INTO EX.SINTOMAS(FECHA_INICIO, ID_SINTOMA, ID_PERSONA, ID_FICHA_MEDICA) VALUES
                            (TO_DATE('2020-03-31','YYYY-MM-DD'), 5, '00215', 215);
INSERT INTO EX.SINTOMAS(FECHA_INICIO, ID_SINTOMA, ID_PERSONA, ID_FICHA_MEDICA) VALUES
                            (TO_DATE('2020-03-28','YYYY-MM-DD'), 6, '00215', 215);
INSERT INTO EX.SINTOMAS(FECHA_INICIO, ID_SINTOMA, ID_PERSONA, ID_FICHA_MEDICA) VALUES
                            (TO_DATE('2020-06-14','YYYY-MM-DD'), 7, '00215', 215);
INSERT INTO EX.SINTOMAS(FECHA_INICIO, ID_SINTOMA, ID_PERSONA, ID_FICHA_MEDICA) VALUES
                            (TO_DATE('2020-02-28','YYYY-MM-DD'), 8, '00215', 215);
INSERT INTO EX.SINTOMAS(FECHA_INICIO, ID_SINTOMA, ID_PERSONA, ID_FICHA_MEDICA) VALUES
                            (TO_DATE('2020-05-16','YYYY-MM-DD'), 9, '00215', 215);
INSERT INTO EX.SINTOMAS(FECHA_INICIO, ID_SINTOMA, ID_PERSONA, ID_FICHA_MEDICA) VALUES
                            (TO_DATE('2020-03-09','YYYY-MM-DD'), 10, '00215', 215);
INSERT INTO EX.SINTOMAS(FECHA_INICIO, ID_SINTOMA, ID_PERSONA, ID_FICHA_MEDICA) VALUES
                            (TO_DATE('2020-06-18','YYYY-MM-DD'), 11, '00215', 215);
INSERT INTO EX.PERSONA(DOC_IDENTIDAD, NOMBRE, NOMBRE1, APELLIDO, APELLIDO1, FECHA_NAC, GENERO, FOTO) VALUES
                  ('00216', 'Bridget', 'Marie', 'Evans', 'Ayala', TO_DATE('1975-10-26','YYYY-MM-DD'), 'm', NULL);
INSERT INTO EX.HISTORICO_RESIDENCIA(FECHA_INICIO, ID_LUGAR, ID_PERSONA, FECHA_FIN) VALUES
                  (TO_DATE('1978-12-20','YYYY-MM-DD'), 36, '00216', NULL);
INSERT INTO EX.FICHA_MEDICA(ID, ID_PERSONA, ID_CENTRO_SALUD, ID_LUGAR, ESTADO, FECHA_INFECCION, FECHA_RECUPERACION) VALUES
                                             (216, '00216', 21, 36, 'desconido', NULL, NULL);
INSERT INTO EX.SINTOMAS(FECHA_INICIO, ID_SINTOMA, ID_PERSONA, ID_FICHA_MEDICA) VALUES
                            (TO_DATE('2020-03-21','YYYY-MM-DD'), 1, '00216', 216);
INSERT INTO EX.SINTOMAS(FECHA_INICIO, ID_SINTOMA, ID_PERSONA, ID_FICHA_MEDICA) VALUES
                            (TO_DATE('2020-06-24','YYYY-MM-DD'), 2, '00216', 216);
INSERT INTO EX.SINTOMAS(FECHA_INICIO, ID_SINTOMA, ID_PERSONA, ID_FICHA_MEDICA) VALUES
                            (TO_DATE('2020-03-19','YYYY-MM-DD'), 3, '00216', 216);
INSERT INTO EX.SINTOMAS(FECHA_INICIO, ID_SINTOMA, ID_PERSONA, ID_FICHA_MEDICA) VALUES
                            (TO_DATE('2020-05-08','YYYY-MM-DD'), 4, '00216', 216);
INSERT INTO EX.SINTOMAS(FECHA_INICIO, ID_SINTOMA, ID_PERSONA, ID_FICHA_MEDICA) VALUES
                            (TO_DATE('2020-04-30','YYYY-MM-DD'), 5, '00216', 216);
INSERT INTO EX.SINTOMAS(FECHA_INICIO, ID_SINTOMA, ID_PERSONA, ID_FICHA_MEDICA) VALUES
                            (TO_DATE('2020-03-23','YYYY-MM-DD'), 6, '00216', 216);
INSERT INTO EX.SINTOMAS(FECHA_INICIO, ID_SINTOMA, ID_PERSONA, ID_FICHA_MEDICA) VALUES
                            (TO_DATE('2020-06-20','YYYY-MM-DD'), 7, '00216', 216);
INSERT INTO EX.SINTOMAS(FECHA_INICIO, ID_SINTOMA, ID_PERSONA, ID_FICHA_MEDICA) VALUES
                            (TO_DATE('2020-04-17','YYYY-MM-DD'), 8, '00216', 216);
INSERT INTO EX.SINTOMAS(FECHA_INICIO, ID_SINTOMA, ID_PERSONA, ID_FICHA_MEDICA) VALUES
                            (TO_DATE('2020-03-11','YYYY-MM-DD'), 9, '00216', 216);
INSERT INTO EX.SINTOMAS(FECHA_INICIO, ID_SINTOMA, ID_PERSONA, ID_FICHA_MEDICA) VALUES
                            (TO_DATE('2020-06-08','YYYY-MM-DD'), 10, '00216', 216);
INSERT INTO EX.SINTOMAS(FECHA_INICIO, ID_SINTOMA, ID_PERSONA, ID_FICHA_MEDICA) VALUES
                            (TO_DATE('2020-05-30','YYYY-MM-DD'), 11, '00216', 216);
INSERT INTO EX.SINTOMAS(FECHA_INICIO, ID_SINTOMA, ID_PERSONA, ID_FICHA_MEDICA) VALUES
                            (TO_DATE('2020-01-14','YYYY-MM-DD'), 12, '00216', 216);
INSERT INTO EX.SINTOMAS(FECHA_INICIO, ID_SINTOMA, ID_PERSONA, ID_FICHA_MEDICA) VALUES
                            (TO_DATE('2020-03-18','YYYY-MM-DD'), 13, '00216', 216);
INSERT INTO EX.SINTOMAS(FECHA_INICIO, ID_SINTOMA, ID_PERSONA, ID_FICHA_MEDICA) VALUES
                            (TO_DATE('2020-01-12','YYYY-MM-DD'), 14, '00216', 216);
INSERT INTO EX.PERSONA(DOC_IDENTIDAD, NOMBRE, NOMBRE1, APELLIDO, APELLIDO1, FECHA_NAC, GENERO, FOTO) VALUES
                  ('00217', 'Amy', 'Michael', 'Ortega', 'Johnson', TO_DATE('2010-08-20','YYYY-MM-DD'), 'f', NULL);
INSERT INTO EX.HISTORICO_RESIDENCIA(FECHA_INICIO, ID_LUGAR, ID_PERSONA, FECHA_FIN) VALUES
                  (TO_DATE('1999-06-17','YYYY-MM-DD'), 37, '00217', NULL);
INSERT INTO EX.FICHA_MEDICA(ID, ID_PERSONA, ID_CENTRO_SALUD, ID_LUGAR, ESTADO, FECHA_INFECCION, FECHA_RECUPERACION) VALUES
                                             (217, '00217', 22, 37, 'desconido', NULL, NULL);
INSERT INTO EX.SINTOMAS(FECHA_INICIO, ID_SINTOMA, ID_PERSONA, ID_FICHA_MEDICA) VALUES
                            (TO_DATE('2020-05-13','YYYY-MM-DD'), 1, '00217', 217);
INSERT INTO EX.SINTOMAS(FECHA_INICIO, ID_SINTOMA, ID_PERSONA, ID_FICHA_MEDICA) VALUES
                            (TO_DATE('2020-06-23','YYYY-MM-DD'), 2, '00217', 217);
INSERT INTO EX.SINTOMAS(FECHA_INICIO, ID_SINTOMA, ID_PERSONA, ID_FICHA_MEDICA) VALUES
                            (TO_DATE('2020-01-15','YYYY-MM-DD'), 3, '00217', 217);
INSERT INTO EX.SINTOMAS(FECHA_INICIO, ID_SINTOMA, ID_PERSONA, ID_FICHA_MEDICA) VALUES
                            (TO_DATE('2020-04-07','YYYY-MM-DD'), 4, '00217', 217);
INSERT INTO EX.SINTOMAS(FECHA_INICIO, ID_SINTOMA, ID_PERSONA, ID_FICHA_MEDICA) VALUES
                            (TO_DATE('2020-06-16','YYYY-MM-DD'), 5, '00217', 217);
INSERT INTO EX.SINTOMAS(FECHA_INICIO, ID_SINTOMA, ID_PERSONA, ID_FICHA_MEDICA) VALUES
                            (TO_DATE('2020-07-01','YYYY-MM-DD'), 6, '00217', 217);
INSERT INTO EX.SINTOMAS(FECHA_INICIO, ID_SINTOMA, ID_PERSONA, ID_FICHA_MEDICA) VALUES
                            (TO_DATE('2020-04-25','YYYY-MM-DD'), 7, '00217', 217);
INSERT INTO EX.SINTOMAS(FECHA_INICIO, ID_SINTOMA, ID_PERSONA, ID_FICHA_MEDICA) VALUES
                            (TO_DATE('2020-02-15','YYYY-MM-DD'), 8, '00217', 217);
INSERT INTO EX.SINTOMAS(FECHA_INICIO, ID_SINTOMA, ID_PERSONA, ID_FICHA_MEDICA) VALUES
                            (TO_DATE('2020-04-02','YYYY-MM-DD'), 9, '00217', 217);
INSERT INTO EX.SINTOMAS(FECHA_INICIO, ID_SINTOMA, ID_PERSONA, ID_FICHA_MEDICA) VALUES
                            (TO_DATE('2020-03-10','YYYY-MM-DD'), 10, '00217', 217);
INSERT INTO EX.PERSONA(DOC_IDENTIDAD, NOMBRE, NOMBRE1, APELLIDO, APELLIDO1, FECHA_NAC, GENERO, FOTO) VALUES
                  ('00218', 'Aaron', 'Elijah', 'Murphy', 'Reynolds', TO_DATE('1999-01-31','YYYY-MM-DD'), 'm', NULL);
INSERT INTO EX.HISTORICO_RESIDENCIA(FECHA_INICIO, ID_LUGAR, ID_PERSONA, FECHA_FIN) VALUES
                  (TO_DATE('1973-07-29','YYYY-MM-DD'), 40, '00218', NULL);
INSERT INTO EX.FICHA_MEDICA(ID, ID_PERSONA, ID_CENTRO_SALUD, ID_LUGAR, ESTADO, FECHA_INFECCION, FECHA_RECUPERACION) VALUES
                                             (218, '00218', 25, 40, 'desconido', NULL, NULL);
INSERT INTO EX.SINTOMAS(FECHA_INICIO, ID_SINTOMA, ID_PERSONA, ID_FICHA_MEDICA) VALUES
                            (TO_DATE('2020-01-01','YYYY-MM-DD'), 1, '00218', 218);
INSERT INTO EX.SINTOMAS(FECHA_INICIO, ID_SINTOMA, ID_PERSONA, ID_FICHA_MEDICA) VALUES
                            (TO_DATE('2020-04-26','YYYY-MM-DD'), 2, '00218', 218);
INSERT INTO EX.PERSONA(DOC_IDENTIDAD, NOMBRE, NOMBRE1, APELLIDO, APELLIDO1, FECHA_NAC, GENERO, FOTO) VALUES
                  ('00219', 'David', 'Kevin', 'Parsons', 'Johnson', TO_DATE('1973-04-26','YYYY-MM-DD'), 'f', NULL);
INSERT INTO EX.HISTORICO_RESIDENCIA(FECHA_INICIO, ID_LUGAR, ID_PERSONA, FECHA_FIN) VALUES
                  (TO_DATE('1971-04-19','YYYY-MM-DD'), 20, '00219', NULL);
INSERT INTO EX.FICHA_MEDICA(ID, ID_PERSONA, ID_CENTRO_SALUD, ID_LUGAR, ESTADO, FECHA_INFECCION, FECHA_RECUPERACION) VALUES
                                             (219, '00219', 5, 20, 'desconido', NULL, NULL);
INSERT INTO EX.PADECIMIENTOS(ID_PATOLOGIA, ID_PERSONA, ID_FICHA_MEDICA) VALUES
                            (1, '00219', 219);
INSERT INTO EX.PADECIMIENTOS(ID_PATOLOGIA, ID_PERSONA, ID_FICHA_MEDICA) VALUES
                            (2, '00219', 219);
INSERT INTO EX.PADECIMIENTOS(ID_PATOLOGIA, ID_PERSONA, ID_FICHA_MEDICA) VALUES
                            (3, '00219', 219);
INSERT INTO EX.SINTOMAS(FECHA_INICIO, ID_SINTOMA, ID_PERSONA, ID_FICHA_MEDICA) VALUES
                            (TO_DATE('2020-05-07','YYYY-MM-DD'), 1, '00219', 219);
INSERT INTO EX.SINTOMAS(FECHA_INICIO, ID_SINTOMA, ID_PERSONA, ID_FICHA_MEDICA) VALUES
                            (TO_DATE('2020-03-27','YYYY-MM-DD'), 2, '00219', 219);
INSERT INTO EX.SINTOMAS(FECHA_INICIO, ID_SINTOMA, ID_PERSONA, ID_FICHA_MEDICA) VALUES
                            (TO_DATE('2020-06-23','YYYY-MM-DD'), 3, '00219', 219);
INSERT INTO EX.SINTOMAS(FECHA_INICIO, ID_SINTOMA, ID_PERSONA, ID_FICHA_MEDICA) VALUES
                            (TO_DATE('2020-02-14','YYYY-MM-DD'), 4, '00219', 219);
INSERT INTO EX.SINTOMAS(FECHA_INICIO, ID_SINTOMA, ID_PERSONA, ID_FICHA_MEDICA) VALUES
                            (TO_DATE('2020-05-23','YYYY-MM-DD'), 5, '00219', 219);
INSERT INTO EX.SINTOMAS(FECHA_INICIO, ID_SINTOMA, ID_PERSONA, ID_FICHA_MEDICA) VALUES
                            (TO_DATE('2020-04-06','YYYY-MM-DD'), 6, '00219', 219);
INSERT INTO EX.SINTOMAS(FECHA_INICIO, ID_SINTOMA, ID_PERSONA, ID_FICHA_MEDICA) VALUES
                            (TO_DATE('2020-01-05','YYYY-MM-DD'), 7, '00219', 219);
INSERT INTO EX.SINTOMAS(FECHA_INICIO, ID_SINTOMA, ID_PERSONA, ID_FICHA_MEDICA) VALUES
                            (TO_DATE('2020-04-06','YYYY-MM-DD'), 8, '00219', 219);
INSERT INTO EX.SINTOMAS(FECHA_INICIO, ID_SINTOMA, ID_PERSONA, ID_FICHA_MEDICA) VALUES
                            (TO_DATE('2020-01-16','YYYY-MM-DD'), 9, '00219', 219);
INSERT INTO EX.SINTOMAS(FECHA_INICIO, ID_SINTOMA, ID_PERSONA, ID_FICHA_MEDICA) VALUES
                            (TO_DATE('2020-06-07','YYYY-MM-DD'), 10, '00219', 219);
INSERT INTO EX.SINTOMAS(FECHA_INICIO, ID_SINTOMA, ID_PERSONA, ID_FICHA_MEDICA) VALUES
                            (TO_DATE('2020-01-22','YYYY-MM-DD'), 11, '00219', 219);
INSERT INTO EX.SINTOMAS(FECHA_INICIO, ID_SINTOMA, ID_PERSONA, ID_FICHA_MEDICA) VALUES
                            (TO_DATE('2020-05-19','YYYY-MM-DD'), 12, '00219', 219);
INSERT INTO EX.SINTOMAS(FECHA_INICIO, ID_SINTOMA, ID_PERSONA, ID_FICHA_MEDICA) VALUES
                            (TO_DATE('2020-03-04','YYYY-MM-DD'), 13, '00219', 219);
INSERT INTO EX.SINTOMAS(FECHA_INICIO, ID_SINTOMA, ID_PERSONA, ID_FICHA_MEDICA) VALUES
                            (TO_DATE('2020-07-01','YYYY-MM-DD'), 14, '00219', 219);
INSERT INTO EX.PERSONA(DOC_IDENTIDAD, NOMBRE, NOMBRE1, APELLIDO, APELLIDO1, FECHA_NAC, GENERO, FOTO) VALUES
                  ('00220', 'Brian', 'Traci', 'Ramirez', 'James', TO_DATE('1987-06-29','YYYY-MM-DD'), 'm', NULL);
INSERT INTO EX.HISTORICO_RESIDENCIA(FECHA_INICIO, ID_LUGAR, ID_PERSONA, FECHA_FIN) VALUES
                  (TO_DATE('1977-07-31','YYYY-MM-DD'), 41, '00220', NULL);
INSERT INTO EX.FICHA_MEDICA(ID, ID_PERSONA, ID_CENTRO_SALUD, ID_LUGAR, ESTADO, FECHA_INFECCION, FECHA_RECUPERACION) VALUES
                                             (220, '00220', 26, 41, 'desconido', NULL, NULL);
INSERT INTO EX.PERSONA(DOC_IDENTIDAD, NOMBRE, NOMBRE1, APELLIDO, APELLIDO1, FECHA_NAC, GENERO, FOTO) VALUES
                  ('00221', 'Maria', 'Jacqueline', 'Rogers', 'Roberts', TO_DATE('2012-08-05','YYYY-MM-DD'), 'f', NULL);
INSERT INTO EX.HISTORICO_RESIDENCIA(FECHA_INICIO, ID_LUGAR, ID_PERSONA, FECHA_FIN) VALUES
                  (TO_DATE('1996-03-27','YYYY-MM-DD'), 21, '00221', NULL);
INSERT INTO EX.FICHA_MEDICA(ID, ID_PERSONA, ID_CENTRO_SALUD, ID_LUGAR, ESTADO, FECHA_INFECCION, FECHA_RECUPERACION) VALUES
                                             (221, '00221', 6, 21, 'desconido', NULL, NULL);
INSERT INTO EX.SINTOMAS(FECHA_INICIO, ID_SINTOMA, ID_PERSONA, ID_FICHA_MEDICA) VALUES
                            (TO_DATE('2020-05-11','YYYY-MM-DD'), 1, '00221', 221);
INSERT INTO EX.SINTOMAS(FECHA_INICIO, ID_SINTOMA, ID_PERSONA, ID_FICHA_MEDICA) VALUES
                            (TO_DATE('2020-07-01','YYYY-MM-DD'), 2, '00221', 221);
INSERT INTO EX.SINTOMAS(FECHA_INICIO, ID_SINTOMA, ID_PERSONA, ID_FICHA_MEDICA) VALUES
                            (TO_DATE('2020-04-20','YYYY-MM-DD'), 3, '00221', 221);
INSERT INTO EX.SINTOMAS(FECHA_INICIO, ID_SINTOMA, ID_PERSONA, ID_FICHA_MEDICA) VALUES
                            (TO_DATE('2020-03-29','YYYY-MM-DD'), 4, '00221', 221);
INSERT INTO EX.SINTOMAS(FECHA_INICIO, ID_SINTOMA, ID_PERSONA, ID_FICHA_MEDICA) VALUES
                            (TO_DATE('2020-02-24','YYYY-MM-DD'), 5, '00221', 221);
INSERT INTO EX.SINTOMAS(FECHA_INICIO, ID_SINTOMA, ID_PERSONA, ID_FICHA_MEDICA) VALUES
                            (TO_DATE('2020-05-05','YYYY-MM-DD'), 6, '00221', 221);
INSERT INTO EX.SINTOMAS(FECHA_INICIO, ID_SINTOMA, ID_PERSONA, ID_FICHA_MEDICA) VALUES
                            (TO_DATE('2020-04-18','YYYY-MM-DD'), 7, '00221', 221);
INSERT INTO EX.SINTOMAS(FECHA_INICIO, ID_SINTOMA, ID_PERSONA, ID_FICHA_MEDICA) VALUES
                            (TO_DATE('2020-04-12','YYYY-MM-DD'), 8, '00221', 221);
INSERT INTO EX.SINTOMAS(FECHA_INICIO, ID_SINTOMA, ID_PERSONA, ID_FICHA_MEDICA) VALUES
                            (TO_DATE('2020-03-03','YYYY-MM-DD'), 9, '00221', 221);
INSERT INTO EX.SINTOMAS(FECHA_INICIO, ID_SINTOMA, ID_PERSONA, ID_FICHA_MEDICA) VALUES
                            (TO_DATE('2020-05-19','YYYY-MM-DD'), 10, '00221', 221);
INSERT INTO EX.SINTOMAS(FECHA_INICIO, ID_SINTOMA, ID_PERSONA, ID_FICHA_MEDICA) VALUES
                            (TO_DATE('2020-06-16','YYYY-MM-DD'), 11, '00221', 221);
INSERT INTO EX.SINTOMAS(FECHA_INICIO, ID_SINTOMA, ID_PERSONA, ID_FICHA_MEDICA) VALUES
                            (TO_DATE('2020-05-28','YYYY-MM-DD'), 12, '00221', 221);
INSERT INTO EX.SINTOMAS(FECHA_INICIO, ID_SINTOMA, ID_PERSONA, ID_FICHA_MEDICA) VALUES
                            (TO_DATE('2020-01-15','YYYY-MM-DD'), 13, '00221', 221);
INSERT INTO EX.SINTOMAS(FECHA_INICIO, ID_SINTOMA, ID_PERSONA, ID_FICHA_MEDICA) VALUES
                            (TO_DATE('2020-01-24','YYYY-MM-DD'), 14, '00221', 221);
INSERT INTO EX.PERSONA(DOC_IDENTIDAD, NOMBRE, NOMBRE1, APELLIDO, APELLIDO1, FECHA_NAC, GENERO, FOTO) VALUES
                  ('00222', 'Theresa', 'Bailey', 'Meyer', 'Hartman', TO_DATE('1986-10-09','YYYY-MM-DD'), 'm', NULL);
INSERT INTO EX.HISTORICO_RESIDENCIA(FECHA_INICIO, ID_LUGAR, ID_PERSONA, FECHA_FIN) VALUES
                  (TO_DATE('2001-04-04','YYYY-MM-DD'), 18, '00222', NULL);
INSERT INTO EX.FICHA_MEDICA(ID, ID_PERSONA, ID_CENTRO_SALUD, ID_LUGAR, ESTADO, FECHA_INFECCION, FECHA_RECUPERACION) VALUES
                                             (222, '00222', 3, 18, 'desconido', NULL, NULL);
INSERT INTO EX.PERSONA(DOC_IDENTIDAD, NOMBRE, NOMBRE1, APELLIDO, APELLIDO1, FECHA_NAC, GENERO, FOTO) VALUES
                  ('00223', 'Daniel', 'Richard', 'Walters', 'Williams', TO_DATE('1983-02-03','YYYY-MM-DD'), 'f', NULL);
INSERT INTO EX.HISTORICO_RESIDENCIA(FECHA_INICIO, ID_LUGAR, ID_PERSONA, FECHA_FIN) VALUES
                  (TO_DATE('1992-06-07','YYYY-MM-DD'), 41, '00223', NULL);
INSERT INTO EX.FICHA_MEDICA(ID, ID_PERSONA, ID_CENTRO_SALUD, ID_LUGAR, ESTADO, FECHA_INFECCION, FECHA_RECUPERACION) VALUES
                                             (223, '00223', 26, 41, 'desconido', NULL, NULL);
INSERT INTO EX.PADECIMIENTOS(ID_PATOLOGIA, ID_PERSONA, ID_FICHA_MEDICA) VALUES
                            (1, '00223', 223);
INSERT INTO EX.PERSONA(DOC_IDENTIDAD, NOMBRE, NOMBRE1, APELLIDO, APELLIDO1, FECHA_NAC, GENERO, FOTO) VALUES
                  ('00224', 'Dawn', 'Dana', 'Li', 'Byrd', TO_DATE('2001-05-21','YYYY-MM-DD'), 'm', NULL);
INSERT INTO EX.HISTORICO_RESIDENCIA(FECHA_INICIO, ID_LUGAR, ID_PERSONA, FECHA_FIN) VALUES
                  (TO_DATE('2010-01-08','YYYY-MM-DD'), 23, '00224', NULL);
INSERT INTO EX.FICHA_MEDICA(ID, ID_PERSONA, ID_CENTRO_SALUD, ID_LUGAR, ESTADO, FECHA_INFECCION, FECHA_RECUPERACION) VALUES
                                             (224, '00224', 8, 23, 'desconido', NULL, NULL);
INSERT INTO EX.SINTOMAS(FECHA_INICIO, ID_SINTOMA, ID_PERSONA, ID_FICHA_MEDICA) VALUES
                            (TO_DATE('2020-02-16','YYYY-MM-DD'), 1, '00224', 224);
INSERT INTO EX.SINTOMAS(FECHA_INICIO, ID_SINTOMA, ID_PERSONA, ID_FICHA_MEDICA) VALUES
                            (TO_DATE('2020-07-01','YYYY-MM-DD'), 2, '00224', 224);
INSERT INTO EX.PERSONA(DOC_IDENTIDAD, NOMBRE, NOMBRE1, APELLIDO, APELLIDO1, FECHA_NAC, GENERO, FOTO) VALUES
                  ('00225', 'Casey', 'Shelby', 'Medina', 'Pittman', TO_DATE('2019-11-01','YYYY-MM-DD'), 'f', NULL);
INSERT INTO EX.HISTORICO_RESIDENCIA(FECHA_INICIO, ID_LUGAR, ID_PERSONA, FECHA_FIN) VALUES
                  (TO_DATE('1990-07-13','YYYY-MM-DD'), 26, '00225', NULL);
INSERT INTO EX.FICHA_MEDICA(ID, ID_PERSONA, ID_CENTRO_SALUD, ID_LUGAR, ESTADO, FECHA_INFECCION, FECHA_RECUPERACION) VALUES
                                             (225, '00225', 11, 26, 'desconido', NULL, NULL);
INSERT INTO EX.PERSONA(DOC_IDENTIDAD, NOMBRE, NOMBRE1, APELLIDO, APELLIDO1, FECHA_NAC, GENERO, FOTO) VALUES
                  ('00226', 'Melissa', 'Melissa', 'Benitez', 'Hughes', TO_DATE('1995-02-27','YYYY-MM-DD'), 'm', NULL);
INSERT INTO EX.HISTORICO_RESIDENCIA(FECHA_INICIO, ID_LUGAR, ID_PERSONA, FECHA_FIN) VALUES
                  (TO_DATE('1999-02-05','YYYY-MM-DD'), 32, '00226', NULL);
INSERT INTO EX.FICHA_MEDICA(ID, ID_PERSONA, ID_CENTRO_SALUD, ID_LUGAR, ESTADO, FECHA_INFECCION, FECHA_RECUPERACION) VALUES
                                             (226, '00226', 17, 32, 'desconido', NULL, NULL);
INSERT INTO EX.PADECIMIENTOS(ID_PATOLOGIA, ID_PERSONA, ID_FICHA_MEDICA) VALUES
                            (1, '00226', 226);
INSERT INTO EX.PADECIMIENTOS(ID_PATOLOGIA, ID_PERSONA, ID_FICHA_MEDICA) VALUES
                            (2, '00226', 226);
INSERT INTO EX.PADECIMIENTOS(ID_PATOLOGIA, ID_PERSONA, ID_FICHA_MEDICA) VALUES
                            (3, '00226', 226);
INSERT INTO EX.PADECIMIENTOS(ID_PATOLOGIA, ID_PERSONA, ID_FICHA_MEDICA) VALUES
                            (4, '00226', 226);
INSERT INTO EX.PADECIMIENTOS(ID_PATOLOGIA, ID_PERSONA, ID_FICHA_MEDICA) VALUES
                            (5, '00226', 226);
INSERT INTO EX.PADECIMIENTOS(ID_PATOLOGIA, ID_PERSONA, ID_FICHA_MEDICA) VALUES
                            (6, '00226', 226);
INSERT INTO EX.PADECIMIENTOS(ID_PATOLOGIA, ID_PERSONA, ID_FICHA_MEDICA) VALUES
                            (7, '00226', 226);
INSERT INTO EX.PADECIMIENTOS(ID_PATOLOGIA, ID_PERSONA, ID_FICHA_MEDICA) VALUES
                            (8, '00226', 226);
INSERT INTO EX.PADECIMIENTOS(ID_PATOLOGIA, ID_PERSONA, ID_FICHA_MEDICA) VALUES
                            (9, '00226', 226);
INSERT INTO EX.PADECIMIENTOS(ID_PATOLOGIA, ID_PERSONA, ID_FICHA_MEDICA) VALUES
                            (10, '00226', 226);
INSERT INTO EX.PADECIMIENTOS(ID_PATOLOGIA, ID_PERSONA, ID_FICHA_MEDICA) VALUES
                            (11, '00226', 226);
INSERT INTO EX.PADECIMIENTOS(ID_PATOLOGIA, ID_PERSONA, ID_FICHA_MEDICA) VALUES
                            (12, '00226', 226);
INSERT INTO EX.PADECIMIENTOS(ID_PATOLOGIA, ID_PERSONA, ID_FICHA_MEDICA) VALUES
                            (13, '00226', 226);
INSERT INTO EX.PADECIMIENTOS(ID_PATOLOGIA, ID_PERSONA, ID_FICHA_MEDICA) VALUES
                            (14, '00226', 226);
INSERT INTO EX.PADECIMIENTOS(ID_PATOLOGIA, ID_PERSONA, ID_FICHA_MEDICA) VALUES
                            (15, '00226', 226);
INSERT INTO EX.SINTOMAS(FECHA_INICIO, ID_SINTOMA, ID_PERSONA, ID_FICHA_MEDICA) VALUES
                            (TO_DATE('2020-01-14','YYYY-MM-DD'), 1, '00226', 226);
INSERT INTO EX.SINTOMAS(FECHA_INICIO, ID_SINTOMA, ID_PERSONA, ID_FICHA_MEDICA) VALUES
                            (TO_DATE('2020-02-01','YYYY-MM-DD'), 2, '00226', 226);
INSERT INTO EX.SINTOMAS(FECHA_INICIO, ID_SINTOMA, ID_PERSONA, ID_FICHA_MEDICA) VALUES
                            (TO_DATE('2020-04-02','YYYY-MM-DD'), 3, '00226', 226);
INSERT INTO EX.SINTOMAS(FECHA_INICIO, ID_SINTOMA, ID_PERSONA, ID_FICHA_MEDICA) VALUES
                            (TO_DATE('2020-04-21','YYYY-MM-DD'), 4, '00226', 226);
INSERT INTO EX.SINTOMAS(FECHA_INICIO, ID_SINTOMA, ID_PERSONA, ID_FICHA_MEDICA) VALUES
                            (TO_DATE('2020-01-15','YYYY-MM-DD'), 5, '00226', 226);
INSERT INTO EX.SINTOMAS(FECHA_INICIO, ID_SINTOMA, ID_PERSONA, ID_FICHA_MEDICA) VALUES
                            (TO_DATE('2020-03-17','YYYY-MM-DD'), 6, '00226', 226);
INSERT INTO EX.SINTOMAS(FECHA_INICIO, ID_SINTOMA, ID_PERSONA, ID_FICHA_MEDICA) VALUES
                            (TO_DATE('2020-02-25','YYYY-MM-DD'), 7, '00226', 226);
INSERT INTO EX.SINTOMAS(FECHA_INICIO, ID_SINTOMA, ID_PERSONA, ID_FICHA_MEDICA) VALUES
                            (TO_DATE('2020-04-26','YYYY-MM-DD'), 8, '00226', 226);
INSERT INTO EX.PERSONA(DOC_IDENTIDAD, NOMBRE, NOMBRE1, APELLIDO, APELLIDO1, FECHA_NAC, GENERO, FOTO) VALUES
                  ('00227', 'Christopher', 'Joshua', 'Weiss', 'Hicks', TO_DATE('1998-07-29','YYYY-MM-DD'), 'f', NULL);
INSERT INTO EX.HISTORICO_RESIDENCIA(FECHA_INICIO, ID_LUGAR, ID_PERSONA, FECHA_FIN) VALUES
                  (TO_DATE('2003-05-21','YYYY-MM-DD'), 28, '00227', NULL);
INSERT INTO EX.FICHA_MEDICA(ID, ID_PERSONA, ID_CENTRO_SALUD, ID_LUGAR, ESTADO, FECHA_INFECCION, FECHA_RECUPERACION) VALUES
                                             (227, '00227', 13, 28, 'desconido', NULL, NULL);
INSERT INTO EX.PADECIMIENTOS(ID_PATOLOGIA, ID_PERSONA, ID_FICHA_MEDICA) VALUES
                            (1, '00227', 227);
INSERT INTO EX.SINTOMAS(FECHA_INICIO, ID_SINTOMA, ID_PERSONA, ID_FICHA_MEDICA) VALUES
                            (TO_DATE('2020-03-16','YYYY-MM-DD'), 1, '00227', 227);
INSERT INTO EX.SINTOMAS(FECHA_INICIO, ID_SINTOMA, ID_PERSONA, ID_FICHA_MEDICA) VALUES
                            (TO_DATE('2020-04-03','YYYY-MM-DD'), 2, '00227', 227);
INSERT INTO EX.SINTOMAS(FECHA_INICIO, ID_SINTOMA, ID_PERSONA, ID_FICHA_MEDICA) VALUES
                            (TO_DATE('2020-01-19','YYYY-MM-DD'), 3, '00227', 227);
INSERT INTO EX.SINTOMAS(FECHA_INICIO, ID_SINTOMA, ID_PERSONA, ID_FICHA_MEDICA) VALUES
                            (TO_DATE('2020-06-06','YYYY-MM-DD'), 4, '00227', 227);
INSERT INTO EX.SINTOMAS(FECHA_INICIO, ID_SINTOMA, ID_PERSONA, ID_FICHA_MEDICA) VALUES
                            (TO_DATE('2020-04-01','YYYY-MM-DD'), 5, '00227', 227);
INSERT INTO EX.SINTOMAS(FECHA_INICIO, ID_SINTOMA, ID_PERSONA, ID_FICHA_MEDICA) VALUES
                            (TO_DATE('2020-06-20','YYYY-MM-DD'), 6, '00227', 227);
INSERT INTO EX.SINTOMAS(FECHA_INICIO, ID_SINTOMA, ID_PERSONA, ID_FICHA_MEDICA) VALUES
                            (TO_DATE('2020-05-13','YYYY-MM-DD'), 7, '00227', 227);
INSERT INTO EX.SINTOMAS(FECHA_INICIO, ID_SINTOMA, ID_PERSONA, ID_FICHA_MEDICA) VALUES
                            (TO_DATE('2020-04-21','YYYY-MM-DD'), 8, '00227', 227);
INSERT INTO EX.SINTOMAS(FECHA_INICIO, ID_SINTOMA, ID_PERSONA, ID_FICHA_MEDICA) VALUES
                            (TO_DATE('2020-05-09','YYYY-MM-DD'), 9, '00227', 227);
INSERT INTO EX.SINTOMAS(FECHA_INICIO, ID_SINTOMA, ID_PERSONA, ID_FICHA_MEDICA) VALUES
                            (TO_DATE('2020-06-05','YYYY-MM-DD'), 10, '00227', 227);
INSERT INTO EX.SINTOMAS(FECHA_INICIO, ID_SINTOMA, ID_PERSONA, ID_FICHA_MEDICA) VALUES
                            (TO_DATE('2020-02-14','YYYY-MM-DD'), 11, '00227', 227);
INSERT INTO EX.SINTOMAS(FECHA_INICIO, ID_SINTOMA, ID_PERSONA, ID_FICHA_MEDICA) VALUES
                            (TO_DATE('2020-05-02','YYYY-MM-DD'), 12, '00227', 227);
INSERT INTO EX.SINTOMAS(FECHA_INICIO, ID_SINTOMA, ID_PERSONA, ID_FICHA_MEDICA) VALUES
                            (TO_DATE('2020-03-28','YYYY-MM-DD'), 13, '00227', 227);
INSERT INTO EX.PERSONA(DOC_IDENTIDAD, NOMBRE, NOMBRE1, APELLIDO, APELLIDO1, FECHA_NAC, GENERO, FOTO) VALUES
                  ('00228', 'Brenda', 'Kathy', 'Carrillo', 'Smith', TO_DATE('1971-04-28','YYYY-MM-DD'), 'm', NULL);
INSERT INTO EX.HISTORICO_RESIDENCIA(FECHA_INICIO, ID_LUGAR, ID_PERSONA, FECHA_FIN) VALUES
                  (TO_DATE('1984-11-23','YYYY-MM-DD'), 45, '00228', NULL);
INSERT INTO EX.FICHA_MEDICA(ID, ID_PERSONA, ID_CENTRO_SALUD, ID_LUGAR, ESTADO, FECHA_INFECCION, FECHA_RECUPERACION) VALUES
                                             (228, '00228', 30, 45, 'desconido', NULL, NULL);
INSERT INTO EX.PADECIMIENTOS(ID_PATOLOGIA, ID_PERSONA, ID_FICHA_MEDICA) VALUES
                            (1, '00228', 228);
INSERT INTO EX.PADECIMIENTOS(ID_PATOLOGIA, ID_PERSONA, ID_FICHA_MEDICA) VALUES
                            (2, '00228', 228);
INSERT INTO EX.PADECIMIENTOS(ID_PATOLOGIA, ID_PERSONA, ID_FICHA_MEDICA) VALUES
                            (3, '00228', 228);
INSERT INTO EX.PADECIMIENTOS(ID_PATOLOGIA, ID_PERSONA, ID_FICHA_MEDICA) VALUES
                            (4, '00228', 228);
INSERT INTO EX.SINTOMAS(FECHA_INICIO, ID_SINTOMA, ID_PERSONA, ID_FICHA_MEDICA) VALUES
                            (TO_DATE('2020-02-25','YYYY-MM-DD'), 1, '00228', 228);
INSERT INTO EX.SINTOMAS(FECHA_INICIO, ID_SINTOMA, ID_PERSONA, ID_FICHA_MEDICA) VALUES
                            (TO_DATE('2020-05-05','YYYY-MM-DD'), 2, '00228', 228);
INSERT INTO EX.SINTOMAS(FECHA_INICIO, ID_SINTOMA, ID_PERSONA, ID_FICHA_MEDICA) VALUES
                            (TO_DATE('2020-06-25','YYYY-MM-DD'), 3, '00228', 228);
INSERT INTO EX.SINTOMAS(FECHA_INICIO, ID_SINTOMA, ID_PERSONA, ID_FICHA_MEDICA) VALUES
                            (TO_DATE('2020-06-05','YYYY-MM-DD'), 4, '00228', 228);
INSERT INTO EX.SINTOMAS(FECHA_INICIO, ID_SINTOMA, ID_PERSONA, ID_FICHA_MEDICA) VALUES
                            (TO_DATE('2020-06-01','YYYY-MM-DD'), 5, '00228', 228);
INSERT INTO EX.SINTOMAS(FECHA_INICIO, ID_SINTOMA, ID_PERSONA, ID_FICHA_MEDICA) VALUES
                            (TO_DATE('2020-03-19','YYYY-MM-DD'), 6, '00228', 228);
INSERT INTO EX.SINTOMAS(FECHA_INICIO, ID_SINTOMA, ID_PERSONA, ID_FICHA_MEDICA) VALUES
                            (TO_DATE('2020-06-06','YYYY-MM-DD'), 7, '00228', 228);
INSERT INTO EX.SINTOMAS(FECHA_INICIO, ID_SINTOMA, ID_PERSONA, ID_FICHA_MEDICA) VALUES
                            (TO_DATE('2020-03-15','YYYY-MM-DD'), 8, '00228', 228);
INSERT INTO EX.SINTOMAS(FECHA_INICIO, ID_SINTOMA, ID_PERSONA, ID_FICHA_MEDICA) VALUES
                            (TO_DATE('2020-02-11','YYYY-MM-DD'), 9, '00228', 228);
INSERT INTO EX.SINTOMAS(FECHA_INICIO, ID_SINTOMA, ID_PERSONA, ID_FICHA_MEDICA) VALUES
                            (TO_DATE('2020-05-26','YYYY-MM-DD'), 10, '00228', 228);
INSERT INTO EX.SINTOMAS(FECHA_INICIO, ID_SINTOMA, ID_PERSONA, ID_FICHA_MEDICA) VALUES
                            (TO_DATE('2020-02-20','YYYY-MM-DD'), 11, '00228', 228);
INSERT INTO EX.SINTOMAS(FECHA_INICIO, ID_SINTOMA, ID_PERSONA, ID_FICHA_MEDICA) VALUES
                            (TO_DATE('2020-04-24','YYYY-MM-DD'), 12, '00228', 228);
INSERT INTO EX.SINTOMAS(FECHA_INICIO, ID_SINTOMA, ID_PERSONA, ID_FICHA_MEDICA) VALUES
                            (TO_DATE('2020-03-04','YYYY-MM-DD'), 13, '00228', 228);
INSERT INTO EX.SINTOMAS(FECHA_INICIO, ID_SINTOMA, ID_PERSONA, ID_FICHA_MEDICA) VALUES
                            (TO_DATE('2020-02-06','YYYY-MM-DD'), 14, '00228', 228);
INSERT INTO EX.SINTOMAS(FECHA_INICIO, ID_SINTOMA, ID_PERSONA, ID_FICHA_MEDICA) VALUES
                            (TO_DATE('2020-01-30','YYYY-MM-DD'), 15, '00228', 228);
INSERT INTO EX.SINTOMAS(FECHA_INICIO, ID_SINTOMA, ID_PERSONA, ID_FICHA_MEDICA) VALUES
                            (TO_DATE('2020-04-13','YYYY-MM-DD'), 16, '00228', 228);
INSERT INTO EX.SINTOMAS(FECHA_INICIO, ID_SINTOMA, ID_PERSONA, ID_FICHA_MEDICA) VALUES
                            (TO_DATE('2020-06-14','YYYY-MM-DD'), 17, '00228', 228);
INSERT INTO EX.SINTOMAS(FECHA_INICIO, ID_SINTOMA, ID_PERSONA, ID_FICHA_MEDICA) VALUES
                            (TO_DATE('2020-05-18','YYYY-MM-DD'), 18, '00228', 228);
INSERT INTO EX.PERSONA(DOC_IDENTIDAD, NOMBRE, NOMBRE1, APELLIDO, APELLIDO1, FECHA_NAC, GENERO, FOTO) VALUES
                  ('00229', 'Heather', 'Andrea', 'Crane', 'Wilkins', TO_DATE('1995-05-27','YYYY-MM-DD'), 'f', NULL);
INSERT INTO EX.HISTORICO_RESIDENCIA(FECHA_INICIO, ID_LUGAR, ID_PERSONA, FECHA_FIN) VALUES
                  (TO_DATE('1974-03-12','YYYY-MM-DD'), 30, '00229', NULL);
INSERT INTO EX.FICHA_MEDICA(ID, ID_PERSONA, ID_CENTRO_SALUD, ID_LUGAR, ESTADO, FECHA_INFECCION, FECHA_RECUPERACION) VALUES
                                             (229, '00229', 15, 30, 'desconido', NULL, NULL);
INSERT INTO EX.SINTOMAS(FECHA_INICIO, ID_SINTOMA, ID_PERSONA, ID_FICHA_MEDICA) VALUES
                            (TO_DATE('2020-02-15','YYYY-MM-DD'), 1, '00229', 229);
INSERT INTO EX.SINTOMAS(FECHA_INICIO, ID_SINTOMA, ID_PERSONA, ID_FICHA_MEDICA) VALUES
                            (TO_DATE('2020-04-27','YYYY-MM-DD'), 2, '00229', 229);
INSERT INTO EX.SINTOMAS(FECHA_INICIO, ID_SINTOMA, ID_PERSONA, ID_FICHA_MEDICA) VALUES
                            (TO_DATE('2020-01-12','YYYY-MM-DD'), 3, '00229', 229);
INSERT INTO EX.SINTOMAS(FECHA_INICIO, ID_SINTOMA, ID_PERSONA, ID_FICHA_MEDICA) VALUES
                            (TO_DATE('2020-06-02','YYYY-MM-DD'), 4, '00229', 229);
INSERT INTO EX.SINTOMAS(FECHA_INICIO, ID_SINTOMA, ID_PERSONA, ID_FICHA_MEDICA) VALUES
                            (TO_DATE('2020-05-23','YYYY-MM-DD'), 5, '00229', 229);
INSERT INTO EX.SINTOMAS(FECHA_INICIO, ID_SINTOMA, ID_PERSONA, ID_FICHA_MEDICA) VALUES
                            (TO_DATE('2020-03-27','YYYY-MM-DD'), 6, '00229', 229);
INSERT INTO EX.SINTOMAS(FECHA_INICIO, ID_SINTOMA, ID_PERSONA, ID_FICHA_MEDICA) VALUES
                            (TO_DATE('2020-06-16','YYYY-MM-DD'), 7, '00229', 229);
INSERT INTO EX.SINTOMAS(FECHA_INICIO, ID_SINTOMA, ID_PERSONA, ID_FICHA_MEDICA) VALUES
                            (TO_DATE('2020-02-25','YYYY-MM-DD'), 8, '00229', 229);
INSERT INTO EX.SINTOMAS(FECHA_INICIO, ID_SINTOMA, ID_PERSONA, ID_FICHA_MEDICA) VALUES
                            (TO_DATE('2020-05-15','YYYY-MM-DD'), 9, '00229', 229);
INSERT INTO EX.SINTOMAS(FECHA_INICIO, ID_SINTOMA, ID_PERSONA, ID_FICHA_MEDICA) VALUES
                            (TO_DATE('2020-01-17','YYYY-MM-DD'), 10, '00229', 229);
INSERT INTO EX.SINTOMAS(FECHA_INICIO, ID_SINTOMA, ID_PERSONA, ID_FICHA_MEDICA) VALUES
                            (TO_DATE('2020-02-06','YYYY-MM-DD'), 11, '00229', 229);
INSERT INTO EX.SINTOMAS(FECHA_INICIO, ID_SINTOMA, ID_PERSONA, ID_FICHA_MEDICA) VALUES
                            (TO_DATE('2020-05-05','YYYY-MM-DD'), 12, '00229', 229);
INSERT INTO EX.SINTOMAS(FECHA_INICIO, ID_SINTOMA, ID_PERSONA, ID_FICHA_MEDICA) VALUES
                            (TO_DATE('2020-04-13','YYYY-MM-DD'), 13, '00229', 229);
INSERT INTO EX.SINTOMAS(FECHA_INICIO, ID_SINTOMA, ID_PERSONA, ID_FICHA_MEDICA) VALUES
                            (TO_DATE('2020-01-16','YYYY-MM-DD'), 14, '00229', 229);
INSERT INTO EX.SINTOMAS(FECHA_INICIO, ID_SINTOMA, ID_PERSONA, ID_FICHA_MEDICA) VALUES
                            (TO_DATE('2020-02-12','YYYY-MM-DD'), 15, '00229', 229);
INSERT INTO EX.PERSONA(DOC_IDENTIDAD, NOMBRE, NOMBRE1, APELLIDO, APELLIDO1, FECHA_NAC, GENERO, FOTO) VALUES
                  ('00230', 'Kristen', 'Mario', 'Meyer', 'Henry', TO_DATE('1997-01-08','YYYY-MM-DD'), 'm', NULL);
INSERT INTO EX.HISTORICO_RESIDENCIA(FECHA_INICIO, ID_LUGAR, ID_PERSONA, FECHA_FIN) VALUES
                  (TO_DATE('1989-08-27','YYYY-MM-DD'), 32, '00230', NULL);
INSERT INTO EX.FICHA_MEDICA(ID, ID_PERSONA, ID_CENTRO_SALUD, ID_LUGAR, ESTADO, FECHA_INFECCION, FECHA_RECUPERACION) VALUES
                                             (230, '00230', 17, 32, 'desconido', NULL, NULL);
INSERT INTO EX.PADECIMIENTOS(ID_PATOLOGIA, ID_PERSONA, ID_FICHA_MEDICA) VALUES
                            (1, '00230', 230);
INSERT INTO EX.PADECIMIENTOS(ID_PATOLOGIA, ID_PERSONA, ID_FICHA_MEDICA) VALUES
                            (2, '00230', 230);
INSERT INTO EX.PADECIMIENTOS(ID_PATOLOGIA, ID_PERSONA, ID_FICHA_MEDICA) VALUES
                            (3, '00230', 230);
INSERT INTO EX.PADECIMIENTOS(ID_PATOLOGIA, ID_PERSONA, ID_FICHA_MEDICA) VALUES
                            (4, '00230', 230);
INSERT INTO EX.PADECIMIENTOS(ID_PATOLOGIA, ID_PERSONA, ID_FICHA_MEDICA) VALUES
                            (5, '00230', 230);
INSERT INTO EX.PADECIMIENTOS(ID_PATOLOGIA, ID_PERSONA, ID_FICHA_MEDICA) VALUES
                            (6, '00230', 230);
INSERT INTO EX.PADECIMIENTOS(ID_PATOLOGIA, ID_PERSONA, ID_FICHA_MEDICA) VALUES
                            (7, '00230', 230);
INSERT INTO EX.PADECIMIENTOS(ID_PATOLOGIA, ID_PERSONA, ID_FICHA_MEDICA) VALUES
                            (8, '00230', 230);
INSERT INTO EX.PADECIMIENTOS(ID_PATOLOGIA, ID_PERSONA, ID_FICHA_MEDICA) VALUES
                            (9, '00230', 230);
INSERT INTO EX.PADECIMIENTOS(ID_PATOLOGIA, ID_PERSONA, ID_FICHA_MEDICA) VALUES
                            (10, '00230', 230);
INSERT INTO EX.PADECIMIENTOS(ID_PATOLOGIA, ID_PERSONA, ID_FICHA_MEDICA) VALUES
                            (11, '00230', 230);
INSERT INTO EX.SINTOMAS(FECHA_INICIO, ID_SINTOMA, ID_PERSONA, ID_FICHA_MEDICA) VALUES
                            (TO_DATE('2020-05-03','YYYY-MM-DD'), 1, '00230', 230);
INSERT INTO EX.SINTOMAS(FECHA_INICIO, ID_SINTOMA, ID_PERSONA, ID_FICHA_MEDICA) VALUES
                            (TO_DATE('2020-06-08','YYYY-MM-DD'), 2, '00230', 230);
INSERT INTO EX.SINTOMAS(FECHA_INICIO, ID_SINTOMA, ID_PERSONA, ID_FICHA_MEDICA) VALUES
                            (TO_DATE('2020-06-22','YYYY-MM-DD'), 3, '00230', 230);
INSERT INTO EX.SINTOMAS(FECHA_INICIO, ID_SINTOMA, ID_PERSONA, ID_FICHA_MEDICA) VALUES
                            (TO_DATE('2020-05-02','YYYY-MM-DD'), 4, '00230', 230);
INSERT INTO EX.SINTOMAS(FECHA_INICIO, ID_SINTOMA, ID_PERSONA, ID_FICHA_MEDICA) VALUES
                            (TO_DATE('2020-03-08','YYYY-MM-DD'), 5, '00230', 230);
INSERT INTO EX.SINTOMAS(FECHA_INICIO, ID_SINTOMA, ID_PERSONA, ID_FICHA_MEDICA) VALUES
                            (TO_DATE('2020-06-25','YYYY-MM-DD'), 6, '00230', 230);
INSERT INTO EX.SINTOMAS(FECHA_INICIO, ID_SINTOMA, ID_PERSONA, ID_FICHA_MEDICA) VALUES
                            (TO_DATE('2020-05-22','YYYY-MM-DD'), 7, '00230', 230);
INSERT INTO EX.SINTOMAS(FECHA_INICIO, ID_SINTOMA, ID_PERSONA, ID_FICHA_MEDICA) VALUES
                            (TO_DATE('2020-03-09','YYYY-MM-DD'), 8, '00230', 230);
INSERT INTO EX.SINTOMAS(FECHA_INICIO, ID_SINTOMA, ID_PERSONA, ID_FICHA_MEDICA) VALUES
                            (TO_DATE('2020-01-17','YYYY-MM-DD'), 9, '00230', 230);
INSERT INTO EX.SINTOMAS(FECHA_INICIO, ID_SINTOMA, ID_PERSONA, ID_FICHA_MEDICA) VALUES
                            (TO_DATE('2020-01-07','YYYY-MM-DD'), 10, '00230', 230);
INSERT INTO EX.SINTOMAS(FECHA_INICIO, ID_SINTOMA, ID_PERSONA, ID_FICHA_MEDICA) VALUES
                            (TO_DATE('2020-03-01','YYYY-MM-DD'), 11, '00230', 230);
INSERT INTO EX.SINTOMAS(FECHA_INICIO, ID_SINTOMA, ID_PERSONA, ID_FICHA_MEDICA) VALUES
                            (TO_DATE('2020-06-03','YYYY-MM-DD'), 12, '00230', 230);
INSERT INTO EX.SINTOMAS(FECHA_INICIO, ID_SINTOMA, ID_PERSONA, ID_FICHA_MEDICA) VALUES
                            (TO_DATE('2020-05-29','YYYY-MM-DD'), 13, '00230', 230);
INSERT INTO EX.SINTOMAS(FECHA_INICIO, ID_SINTOMA, ID_PERSONA, ID_FICHA_MEDICA) VALUES
                            (TO_DATE('2020-03-19','YYYY-MM-DD'), 14, '00230', 230);
INSERT INTO EX.SINTOMAS(FECHA_INICIO, ID_SINTOMA, ID_PERSONA, ID_FICHA_MEDICA) VALUES
                            (TO_DATE('2020-05-09','YYYY-MM-DD'), 15, '00230', 230);
INSERT INTO EX.SINTOMAS(FECHA_INICIO, ID_SINTOMA, ID_PERSONA, ID_FICHA_MEDICA) VALUES
                            (TO_DATE('2020-05-22','YYYY-MM-DD'), 16, '00230', 230);
INSERT INTO EX.SINTOMAS(FECHA_INICIO, ID_SINTOMA, ID_PERSONA, ID_FICHA_MEDICA) VALUES
                            (TO_DATE('2020-05-18','YYYY-MM-DD'), 17, '00230', 230);
INSERT INTO EX.PERSONA(DOC_IDENTIDAD, NOMBRE, NOMBRE1, APELLIDO, APELLIDO1, FECHA_NAC, GENERO, FOTO) VALUES
                  ('00231', 'Sharon', 'Christina', 'Campbell', 'Murray', TO_DATE('2005-01-13','YYYY-MM-DD'), 'f', NULL);
INSERT INTO EX.HISTORICO_RESIDENCIA(FECHA_INICIO, ID_LUGAR, ID_PERSONA, FECHA_FIN) VALUES
                  (TO_DATE('2008-05-01','YYYY-MM-DD'), 34, '00231', NULL);
INSERT INTO EX.FICHA_MEDICA(ID, ID_PERSONA, ID_CENTRO_SALUD, ID_LUGAR, ESTADO, FECHA_INFECCION, FECHA_RECUPERACION) VALUES
                                             (231, '00231', 19, 34, 'desconido', NULL, NULL);
INSERT INTO EX.PERSONA(DOC_IDENTIDAD, NOMBRE, NOMBRE1, APELLIDO, APELLIDO1, FECHA_NAC, GENERO, FOTO) VALUES
                  ('00232', 'Christina', 'Madison', 'Jones', 'Campbell', TO_DATE('2016-02-24','YYYY-MM-DD'), 'm', NULL);
INSERT INTO EX.HISTORICO_RESIDENCIA(FECHA_INICIO, ID_LUGAR, ID_PERSONA, FECHA_FIN) VALUES
                  (TO_DATE('2003-02-13','YYYY-MM-DD'), 22, '00232', NULL);
INSERT INTO EX.FICHA_MEDICA(ID, ID_PERSONA, ID_CENTRO_SALUD, ID_LUGAR, ESTADO, FECHA_INFECCION, FECHA_RECUPERACION) VALUES
                                             (232, '00232', 7, 22, 'desconido', NULL, NULL);
INSERT INTO EX.PERSONA(DOC_IDENTIDAD, NOMBRE, NOMBRE1, APELLIDO, APELLIDO1, FECHA_NAC, GENERO, FOTO) VALUES
                  ('00233', 'Anthony', 'Brian', 'Smith', 'Ware', TO_DATE('1993-03-19','YYYY-MM-DD'), 'f', NULL);
INSERT INTO EX.HISTORICO_RESIDENCIA(FECHA_INICIO, ID_LUGAR, ID_PERSONA, FECHA_FIN) VALUES
                  (TO_DATE('2018-11-26','YYYY-MM-DD'), 41, '00233', NULL);
INSERT INTO EX.FICHA_MEDICA(ID, ID_PERSONA, ID_CENTRO_SALUD, ID_LUGAR, ESTADO, FECHA_INFECCION, FECHA_RECUPERACION) VALUES
                                             (233, '00233', 26, 41, 'desconido', NULL, NULL);
INSERT INTO EX.PERSONA(DOC_IDENTIDAD, NOMBRE, NOMBRE1, APELLIDO, APELLIDO1, FECHA_NAC, GENERO, FOTO) VALUES
                  ('00234', 'Lindsey', 'Victoria', 'Morales', 'Price', TO_DATE('1985-07-16','YYYY-MM-DD'), 'm', NULL);
INSERT INTO EX.HISTORICO_RESIDENCIA(FECHA_INICIO, ID_LUGAR, ID_PERSONA, FECHA_FIN) VALUES
                  (TO_DATE('2019-05-23','YYYY-MM-DD'), 22, '00234', NULL);
INSERT INTO EX.FICHA_MEDICA(ID, ID_PERSONA, ID_CENTRO_SALUD, ID_LUGAR, ESTADO, FECHA_INFECCION, FECHA_RECUPERACION) VALUES
                                             (234, '00234', 7, 22, 'desconido', NULL, NULL);
INSERT INTO EX.SINTOMAS(FECHA_INICIO, ID_SINTOMA, ID_PERSONA, ID_FICHA_MEDICA) VALUES
                            (TO_DATE('2020-04-11','YYYY-MM-DD'), 1, '00234', 234);
INSERT INTO EX.SINTOMAS(FECHA_INICIO, ID_SINTOMA, ID_PERSONA, ID_FICHA_MEDICA) VALUES
                            (TO_DATE('2020-01-21','YYYY-MM-DD'), 2, '00234', 234);
INSERT INTO EX.SINTOMAS(FECHA_INICIO, ID_SINTOMA, ID_PERSONA, ID_FICHA_MEDICA) VALUES
                            (TO_DATE('2020-05-23','YYYY-MM-DD'), 3, '00234', 234);
INSERT INTO EX.SINTOMAS(FECHA_INICIO, ID_SINTOMA, ID_PERSONA, ID_FICHA_MEDICA) VALUES
                            (TO_DATE('2020-06-13','YYYY-MM-DD'), 4, '00234', 234);
INSERT INTO EX.SINTOMAS(FECHA_INICIO, ID_SINTOMA, ID_PERSONA, ID_FICHA_MEDICA) VALUES
                            (TO_DATE('2020-01-31','YYYY-MM-DD'), 5, '00234', 234);
INSERT INTO EX.SINTOMAS(FECHA_INICIO, ID_SINTOMA, ID_PERSONA, ID_FICHA_MEDICA) VALUES
                            (TO_DATE('2020-04-03','YYYY-MM-DD'), 6, '00234', 234);
INSERT INTO EX.SINTOMAS(FECHA_INICIO, ID_SINTOMA, ID_PERSONA, ID_FICHA_MEDICA) VALUES
                            (TO_DATE('2020-06-19','YYYY-MM-DD'), 7, '00234', 234);
INSERT INTO EX.SINTOMAS(FECHA_INICIO, ID_SINTOMA, ID_PERSONA, ID_FICHA_MEDICA) VALUES
                            (TO_DATE('2020-02-04','YYYY-MM-DD'), 8, '00234', 234);
INSERT INTO EX.PERSONA(DOC_IDENTIDAD, NOMBRE, NOMBRE1, APELLIDO, APELLIDO1, FECHA_NAC, GENERO, FOTO) VALUES
                  ('00235', 'Leonard', 'Stephanie', 'Hicks', 'Reyes', TO_DATE('2015-10-27','YYYY-MM-DD'), 'f', NULL);
INSERT INTO EX.HISTORICO_RESIDENCIA(FECHA_INICIO, ID_LUGAR, ID_PERSONA, FECHA_FIN) VALUES
                  (TO_DATE('1991-07-04','YYYY-MM-DD'), 28, '00235', NULL);
INSERT INTO EX.FICHA_MEDICA(ID, ID_PERSONA, ID_CENTRO_SALUD, ID_LUGAR, ESTADO, FECHA_INFECCION, FECHA_RECUPERACION) VALUES
                                             (235, '00235', 13, 28, 'desconido', NULL, NULL);
INSERT INTO EX.PADECIMIENTOS(ID_PATOLOGIA, ID_PERSONA, ID_FICHA_MEDICA) VALUES
                            (1, '00235', 235);
INSERT INTO EX.PADECIMIENTOS(ID_PATOLOGIA, ID_PERSONA, ID_FICHA_MEDICA) VALUES
                            (2, '00235', 235);
INSERT INTO EX.PADECIMIENTOS(ID_PATOLOGIA, ID_PERSONA, ID_FICHA_MEDICA) VALUES
                            (3, '00235', 235);
INSERT INTO EX.PADECIMIENTOS(ID_PATOLOGIA, ID_PERSONA, ID_FICHA_MEDICA) VALUES
                            (4, '00235', 235);
INSERT INTO EX.SINTOMAS(FECHA_INICIO, ID_SINTOMA, ID_PERSONA, ID_FICHA_MEDICA) VALUES
                            (TO_DATE('2020-03-01','YYYY-MM-DD'), 1, '00235', 235);
INSERT INTO EX.SINTOMAS(FECHA_INICIO, ID_SINTOMA, ID_PERSONA, ID_FICHA_MEDICA) VALUES
                            (TO_DATE('2020-01-07','YYYY-MM-DD'), 2, '00235', 235);
INSERT INTO EX.SINTOMAS(FECHA_INICIO, ID_SINTOMA, ID_PERSONA, ID_FICHA_MEDICA) VALUES
                            (TO_DATE('2020-04-05','YYYY-MM-DD'), 3, '00235', 235);
INSERT INTO EX.SINTOMAS(FECHA_INICIO, ID_SINTOMA, ID_PERSONA, ID_FICHA_MEDICA) VALUES
                            (TO_DATE('2020-05-11','YYYY-MM-DD'), 4, '00235', 235);
INSERT INTO EX.SINTOMAS(FECHA_INICIO, ID_SINTOMA, ID_PERSONA, ID_FICHA_MEDICA) VALUES
                            (TO_DATE('2020-06-05','YYYY-MM-DD'), 5, '00235', 235);
INSERT INTO EX.SINTOMAS(FECHA_INICIO, ID_SINTOMA, ID_PERSONA, ID_FICHA_MEDICA) VALUES
                            (TO_DATE('2020-04-13','YYYY-MM-DD'), 6, '00235', 235);
INSERT INTO EX.SINTOMAS(FECHA_INICIO, ID_SINTOMA, ID_PERSONA, ID_FICHA_MEDICA) VALUES
                            (TO_DATE('2020-01-16','YYYY-MM-DD'), 7, '00235', 235);
INSERT INTO EX.SINTOMAS(FECHA_INICIO, ID_SINTOMA, ID_PERSONA, ID_FICHA_MEDICA) VALUES
                            (TO_DATE('2020-02-29','YYYY-MM-DD'), 8, '00235', 235);
INSERT INTO EX.SINTOMAS(FECHA_INICIO, ID_SINTOMA, ID_PERSONA, ID_FICHA_MEDICA) VALUES
                            (TO_DATE('2020-06-15','YYYY-MM-DD'), 9, '00235', 235);
INSERT INTO EX.SINTOMAS(FECHA_INICIO, ID_SINTOMA, ID_PERSONA, ID_FICHA_MEDICA) VALUES
                            (TO_DATE('2020-01-24','YYYY-MM-DD'), 10, '00235', 235);
INSERT INTO EX.PERSONA(DOC_IDENTIDAD, NOMBRE, NOMBRE1, APELLIDO, APELLIDO1, FECHA_NAC, GENERO, FOTO) VALUES
                  ('00236', 'Michael', 'Patricia', 'Reyes', 'Bell', TO_DATE('1977-01-16','YYYY-MM-DD'), 'm', NULL);
INSERT INTO EX.HISTORICO_RESIDENCIA(FECHA_INICIO, ID_LUGAR, ID_PERSONA, FECHA_FIN) VALUES
                  (TO_DATE('2003-02-08','YYYY-MM-DD'), 45, '00236', NULL);
INSERT INTO EX.FICHA_MEDICA(ID, ID_PERSONA, ID_CENTRO_SALUD, ID_LUGAR, ESTADO, FECHA_INFECCION, FECHA_RECUPERACION) VALUES
                                             (236, '00236', 30, 45, 'desconido', NULL, NULL);
INSERT INTO EX.PADECIMIENTOS(ID_PATOLOGIA, ID_PERSONA, ID_FICHA_MEDICA) VALUES
                            (1, '00236', 236);
INSERT INTO EX.PADECIMIENTOS(ID_PATOLOGIA, ID_PERSONA, ID_FICHA_MEDICA) VALUES
                            (2, '00236', 236);
INSERT INTO EX.PADECIMIENTOS(ID_PATOLOGIA, ID_PERSONA, ID_FICHA_MEDICA) VALUES
                            (3, '00236', 236);
INSERT INTO EX.PADECIMIENTOS(ID_PATOLOGIA, ID_PERSONA, ID_FICHA_MEDICA) VALUES
                            (4, '00236', 236);
INSERT INTO EX.SINTOMAS(FECHA_INICIO, ID_SINTOMA, ID_PERSONA, ID_FICHA_MEDICA) VALUES
                            (TO_DATE('2020-03-21','YYYY-MM-DD'), 1, '00236', 236);
INSERT INTO EX.SINTOMAS(FECHA_INICIO, ID_SINTOMA, ID_PERSONA, ID_FICHA_MEDICA) VALUES
                            (TO_DATE('2020-01-07','YYYY-MM-DD'), 2, '00236', 236);
INSERT INTO EX.SINTOMAS(FECHA_INICIO, ID_SINTOMA, ID_PERSONA, ID_FICHA_MEDICA) VALUES
                            (TO_DATE('2020-01-04','YYYY-MM-DD'), 3, '00236', 236);
INSERT INTO EX.SINTOMAS(FECHA_INICIO, ID_SINTOMA, ID_PERSONA, ID_FICHA_MEDICA) VALUES
                            (TO_DATE('2020-01-18','YYYY-MM-DD'), 4, '00236', 236);
INSERT INTO EX.SINTOMAS(FECHA_INICIO, ID_SINTOMA, ID_PERSONA, ID_FICHA_MEDICA) VALUES
                            (TO_DATE('2020-04-18','YYYY-MM-DD'), 5, '00236', 236);
INSERT INTO EX.SINTOMAS(FECHA_INICIO, ID_SINTOMA, ID_PERSONA, ID_FICHA_MEDICA) VALUES
                            (TO_DATE('2020-06-29','YYYY-MM-DD'), 6, '00236', 236);
INSERT INTO EX.SINTOMAS(FECHA_INICIO, ID_SINTOMA, ID_PERSONA, ID_FICHA_MEDICA) VALUES
                            (TO_DATE('2020-02-26','YYYY-MM-DD'), 7, '00236', 236);
INSERT INTO EX.SINTOMAS(FECHA_INICIO, ID_SINTOMA, ID_PERSONA, ID_FICHA_MEDICA) VALUES
                            (TO_DATE('2020-01-24','YYYY-MM-DD'), 8, '00236', 236);
INSERT INTO EX.SINTOMAS(FECHA_INICIO, ID_SINTOMA, ID_PERSONA, ID_FICHA_MEDICA) VALUES
                            (TO_DATE('2020-04-11','YYYY-MM-DD'), 9, '00236', 236);
INSERT INTO EX.SINTOMAS(FECHA_INICIO, ID_SINTOMA, ID_PERSONA, ID_FICHA_MEDICA) VALUES
                            (TO_DATE('2020-02-21','YYYY-MM-DD'), 10, '00236', 236);
INSERT INTO EX.SINTOMAS(FECHA_INICIO, ID_SINTOMA, ID_PERSONA, ID_FICHA_MEDICA) VALUES
                            (TO_DATE('2020-02-09','YYYY-MM-DD'), 11, '00236', 236);
INSERT INTO EX.SINTOMAS(FECHA_INICIO, ID_SINTOMA, ID_PERSONA, ID_FICHA_MEDICA) VALUES
                            (TO_DATE('2020-01-05','YYYY-MM-DD'), 12, '00236', 236);
INSERT INTO EX.SINTOMAS(FECHA_INICIO, ID_SINTOMA, ID_PERSONA, ID_FICHA_MEDICA) VALUES
                            (TO_DATE('2020-06-28','YYYY-MM-DD'), 13, '00236', 236);
INSERT INTO EX.SINTOMAS(FECHA_INICIO, ID_SINTOMA, ID_PERSONA, ID_FICHA_MEDICA) VALUES
                            (TO_DATE('2020-03-01','YYYY-MM-DD'), 14, '00236', 236);
INSERT INTO EX.SINTOMAS(FECHA_INICIO, ID_SINTOMA, ID_PERSONA, ID_FICHA_MEDICA) VALUES
                            (TO_DATE('2020-03-09','YYYY-MM-DD'), 15, '00236', 236);
INSERT INTO EX.SINTOMAS(FECHA_INICIO, ID_SINTOMA, ID_PERSONA, ID_FICHA_MEDICA) VALUES
                            (TO_DATE('2020-04-09','YYYY-MM-DD'), 16, '00236', 236);
INSERT INTO EX.SINTOMAS(FECHA_INICIO, ID_SINTOMA, ID_PERSONA, ID_FICHA_MEDICA) VALUES
                            (TO_DATE('2020-02-11','YYYY-MM-DD'), 17, '00236', 236);
INSERT INTO EX.SINTOMAS(FECHA_INICIO, ID_SINTOMA, ID_PERSONA, ID_FICHA_MEDICA) VALUES
                            (TO_DATE('2020-06-08','YYYY-MM-DD'), 18, '00236', 236);
INSERT INTO EX.SINTOMAS(FECHA_INICIO, ID_SINTOMA, ID_PERSONA, ID_FICHA_MEDICA) VALUES
                            (TO_DATE('2020-04-07','YYYY-MM-DD'), 19, '00236', 236);
INSERT INTO EX.PERSONA(DOC_IDENTIDAD, NOMBRE, NOMBRE1, APELLIDO, APELLIDO1, FECHA_NAC, GENERO, FOTO) VALUES
                  ('00237', 'Claudia', 'Carlos', 'Williamson', 'Bryant', TO_DATE('2008-10-08','YYYY-MM-DD'), 'f', NULL);
INSERT INTO EX.HISTORICO_RESIDENCIA(FECHA_INICIO, ID_LUGAR, ID_PERSONA, FECHA_FIN) VALUES
                  (TO_DATE('1977-07-07','YYYY-MM-DD'), 43, '00237', NULL);
INSERT INTO EX.FICHA_MEDICA(ID, ID_PERSONA, ID_CENTRO_SALUD, ID_LUGAR, ESTADO, FECHA_INFECCION, FECHA_RECUPERACION) VALUES
                                             (237, '00237', 28, 43, 'desconido', NULL, NULL);
INSERT INTO EX.PERSONA(DOC_IDENTIDAD, NOMBRE, NOMBRE1, APELLIDO, APELLIDO1, FECHA_NAC, GENERO, FOTO) VALUES
                  ('00238', 'Christopher', 'Jennifer', 'Rivera', 'Garcia', TO_DATE('1984-08-11','YYYY-MM-DD'), 'm', NULL);
INSERT INTO EX.HISTORICO_RESIDENCIA(FECHA_INICIO, ID_LUGAR, ID_PERSONA, FECHA_FIN) VALUES
                  (TO_DATE('1982-12-12','YYYY-MM-DD'), 26, '00238', NULL);
INSERT INTO EX.FICHA_MEDICA(ID, ID_PERSONA, ID_CENTRO_SALUD, ID_LUGAR, ESTADO, FECHA_INFECCION, FECHA_RECUPERACION) VALUES
                                             (238, '00238', 11, 26, 'desconido', NULL, NULL);
INSERT INTO EX.PERSONA(DOC_IDENTIDAD, NOMBRE, NOMBRE1, APELLIDO, APELLIDO1, FECHA_NAC, GENERO, FOTO) VALUES
                  ('00239', 'Steven', 'Vanessa', 'Gilbert', 'Heath', TO_DATE('2012-09-15','YYYY-MM-DD'), 'f', NULL);
INSERT INTO EX.HISTORICO_RESIDENCIA(FECHA_INICIO, ID_LUGAR, ID_PERSONA, FECHA_FIN) VALUES
                  (TO_DATE('2018-06-29','YYYY-MM-DD'), 33, '00239', NULL);
INSERT INTO EX.FICHA_MEDICA(ID, ID_PERSONA, ID_CENTRO_SALUD, ID_LUGAR, ESTADO, FECHA_INFECCION, FECHA_RECUPERACION) VALUES
                                             (239, '00239', 18, 33, 'desconido', NULL, NULL);
INSERT INTO EX.PADECIMIENTOS(ID_PATOLOGIA, ID_PERSONA, ID_FICHA_MEDICA) VALUES
                            (1, '00239', 239);
INSERT INTO EX.SINTOMAS(FECHA_INICIO, ID_SINTOMA, ID_PERSONA, ID_FICHA_MEDICA) VALUES
                            (TO_DATE('2020-05-10','YYYY-MM-DD'), 1, '00239', 239);
INSERT INTO EX.SINTOMAS(FECHA_INICIO, ID_SINTOMA, ID_PERSONA, ID_FICHA_MEDICA) VALUES
                            (TO_DATE('2020-03-22','YYYY-MM-DD'), 2, '00239', 239);
INSERT INTO EX.SINTOMAS(FECHA_INICIO, ID_SINTOMA, ID_PERSONA, ID_FICHA_MEDICA) VALUES
                            (TO_DATE('2020-04-16','YYYY-MM-DD'), 3, '00239', 239);
INSERT INTO EX.SINTOMAS(FECHA_INICIO, ID_SINTOMA, ID_PERSONA, ID_FICHA_MEDICA) VALUES
                            (TO_DATE('2020-02-15','YYYY-MM-DD'), 4, '00239', 239);
INSERT INTO EX.SINTOMAS(FECHA_INICIO, ID_SINTOMA, ID_PERSONA, ID_FICHA_MEDICA) VALUES
                            (TO_DATE('2020-02-06','YYYY-MM-DD'), 5, '00239', 239);
INSERT INTO EX.SINTOMAS(FECHA_INICIO, ID_SINTOMA, ID_PERSONA, ID_FICHA_MEDICA) VALUES
                            (TO_DATE('2020-05-02','YYYY-MM-DD'), 6, '00239', 239);
INSERT INTO EX.SINTOMAS(FECHA_INICIO, ID_SINTOMA, ID_PERSONA, ID_FICHA_MEDICA) VALUES
                            (TO_DATE('2020-01-02','YYYY-MM-DD'), 7, '00239', 239);
INSERT INTO EX.SINTOMAS(FECHA_INICIO, ID_SINTOMA, ID_PERSONA, ID_FICHA_MEDICA) VALUES
                            (TO_DATE('2020-06-11','YYYY-MM-DD'), 8, '00239', 239);
INSERT INTO EX.SINTOMAS(FECHA_INICIO, ID_SINTOMA, ID_PERSONA, ID_FICHA_MEDICA) VALUES
                            (TO_DATE('2020-01-27','YYYY-MM-DD'), 9, '00239', 239);
INSERT INTO EX.SINTOMAS(FECHA_INICIO, ID_SINTOMA, ID_PERSONA, ID_FICHA_MEDICA) VALUES
                            (TO_DATE('2020-01-11','YYYY-MM-DD'), 10, '00239', 239);
INSERT INTO EX.SINTOMAS(FECHA_INICIO, ID_SINTOMA, ID_PERSONA, ID_FICHA_MEDICA) VALUES
                            (TO_DATE('2020-06-01','YYYY-MM-DD'), 11, '00239', 239);
INSERT INTO EX.SINTOMAS(FECHA_INICIO, ID_SINTOMA, ID_PERSONA, ID_FICHA_MEDICA) VALUES
                            (TO_DATE('2020-02-05','YYYY-MM-DD'), 12, '00239', 239);
INSERT INTO EX.SINTOMAS(FECHA_INICIO, ID_SINTOMA, ID_PERSONA, ID_FICHA_MEDICA) VALUES
                            (TO_DATE('2020-06-01','YYYY-MM-DD'), 13, '00239', 239);
INSERT INTO EX.SINTOMAS(FECHA_INICIO, ID_SINTOMA, ID_PERSONA, ID_FICHA_MEDICA) VALUES
                            (TO_DATE('2020-06-13','YYYY-MM-DD'), 14, '00239', 239);
INSERT INTO EX.SINTOMAS(FECHA_INICIO, ID_SINTOMA, ID_PERSONA, ID_FICHA_MEDICA) VALUES
                            (TO_DATE('2020-02-12','YYYY-MM-DD'), 15, '00239', 239);
INSERT INTO EX.PERSONA(DOC_IDENTIDAD, NOMBRE, NOMBRE1, APELLIDO, APELLIDO1, FECHA_NAC, GENERO, FOTO) VALUES
                  ('00240', 'Andrea', 'Scott', 'Li', 'Bell', TO_DATE('2019-05-16','YYYY-MM-DD'), 'm', NULL);
INSERT INTO EX.HISTORICO_RESIDENCIA(FECHA_INICIO, ID_LUGAR, ID_PERSONA, FECHA_FIN) VALUES
                  (TO_DATE('2005-11-11','YYYY-MM-DD'), 39, '00240', NULL);
INSERT INTO EX.FICHA_MEDICA(ID, ID_PERSONA, ID_CENTRO_SALUD, ID_LUGAR, ESTADO, FECHA_INFECCION, FECHA_RECUPERACION) VALUES
                                             (240, '00240', 24, 39, 'desconido', NULL, NULL);
INSERT INTO EX.SINTOMAS(FECHA_INICIO, ID_SINTOMA, ID_PERSONA, ID_FICHA_MEDICA) VALUES
                            (TO_DATE('2020-01-31','YYYY-MM-DD'), 1, '00240', 240);
INSERT INTO EX.SINTOMAS(FECHA_INICIO, ID_SINTOMA, ID_PERSONA, ID_FICHA_MEDICA) VALUES
                            (TO_DATE('2020-06-11','YYYY-MM-DD'), 2, '00240', 240);
INSERT INTO EX.SINTOMAS(FECHA_INICIO, ID_SINTOMA, ID_PERSONA, ID_FICHA_MEDICA) VALUES
                            (TO_DATE('2020-05-17','YYYY-MM-DD'), 3, '00240', 240);
INSERT INTO EX.SINTOMAS(FECHA_INICIO, ID_SINTOMA, ID_PERSONA, ID_FICHA_MEDICA) VALUES
                            (TO_DATE('2020-05-05','YYYY-MM-DD'), 4, '00240', 240);
INSERT INTO EX.SINTOMAS(FECHA_INICIO, ID_SINTOMA, ID_PERSONA, ID_FICHA_MEDICA) VALUES
                            (TO_DATE('2020-02-04','YYYY-MM-DD'), 5, '00240', 240);
INSERT INTO EX.PERSONA(DOC_IDENTIDAD, NOMBRE, NOMBRE1, APELLIDO, APELLIDO1, FECHA_NAC, GENERO, FOTO) VALUES
                  ('00241', 'Wayne', 'Brooke', 'Williams', 'Scott', TO_DATE('1970-09-22','YYYY-MM-DD'), 'f', NULL);
INSERT INTO EX.HISTORICO_RESIDENCIA(FECHA_INICIO, ID_LUGAR, ID_PERSONA, FECHA_FIN) VALUES
                  (TO_DATE('1986-08-04','YYYY-MM-DD'), 24, '00241', NULL);
INSERT INTO EX.FICHA_MEDICA(ID, ID_PERSONA, ID_CENTRO_SALUD, ID_LUGAR, ESTADO, FECHA_INFECCION, FECHA_RECUPERACION) VALUES
                                             (241, '00241', 9, 24, 'desconido', NULL, NULL);
INSERT INTO EX.PADECIMIENTOS(ID_PATOLOGIA, ID_PERSONA, ID_FICHA_MEDICA) VALUES
                            (1, '00241', 241);
INSERT INTO EX.PADECIMIENTOS(ID_PATOLOGIA, ID_PERSONA, ID_FICHA_MEDICA) VALUES
                            (2, '00241', 241);
INSERT INTO EX.PADECIMIENTOS(ID_PATOLOGIA, ID_PERSONA, ID_FICHA_MEDICA) VALUES
                            (3, '00241', 241);
INSERT INTO EX.PADECIMIENTOS(ID_PATOLOGIA, ID_PERSONA, ID_FICHA_MEDICA) VALUES
                            (4, '00241', 241);
INSERT INTO EX.PERSONA(DOC_IDENTIDAD, NOMBRE, NOMBRE1, APELLIDO, APELLIDO1, FECHA_NAC, GENERO, FOTO) VALUES
                  ('00242', 'Jasmine', 'Jessica', 'Lopez', 'Fields', TO_DATE('2001-07-26','YYYY-MM-DD'), 'm', NULL);
INSERT INTO EX.HISTORICO_RESIDENCIA(FECHA_INICIO, ID_LUGAR, ID_PERSONA, FECHA_FIN) VALUES
                  (TO_DATE('1991-05-12','YYYY-MM-DD'), 26, '00242', NULL);
INSERT INTO EX.FICHA_MEDICA(ID, ID_PERSONA, ID_CENTRO_SALUD, ID_LUGAR, ESTADO, FECHA_INFECCION, FECHA_RECUPERACION) VALUES
                                             (242, '00242', 11, 26, 'desconido', NULL, NULL);
INSERT INTO EX.PADECIMIENTOS(ID_PATOLOGIA, ID_PERSONA, ID_FICHA_MEDICA) VALUES
                            (1, '00242', 242);
INSERT INTO EX.PADECIMIENTOS(ID_PATOLOGIA, ID_PERSONA, ID_FICHA_MEDICA) VALUES
                            (2, '00242', 242);
INSERT INTO EX.PADECIMIENTOS(ID_PATOLOGIA, ID_PERSONA, ID_FICHA_MEDICA) VALUES
                            (3, '00242', 242);
INSERT INTO EX.PADECIMIENTOS(ID_PATOLOGIA, ID_PERSONA, ID_FICHA_MEDICA) VALUES
                            (4, '00242', 242);
INSERT INTO EX.PADECIMIENTOS(ID_PATOLOGIA, ID_PERSONA, ID_FICHA_MEDICA) VALUES
                            (5, '00242', 242);
INSERT INTO EX.PADECIMIENTOS(ID_PATOLOGIA, ID_PERSONA, ID_FICHA_MEDICA) VALUES
                            (6, '00242', 242);
INSERT INTO EX.PADECIMIENTOS(ID_PATOLOGIA, ID_PERSONA, ID_FICHA_MEDICA) VALUES
                            (7, '00242', 242);
INSERT INTO EX.SINTOMAS(FECHA_INICIO, ID_SINTOMA, ID_PERSONA, ID_FICHA_MEDICA) VALUES
                            (TO_DATE('2020-03-15','YYYY-MM-DD'), 1, '00242', 242);
INSERT INTO EX.PERSONA(DOC_IDENTIDAD, NOMBRE, NOMBRE1, APELLIDO, APELLIDO1, FECHA_NAC, GENERO, FOTO) VALUES
                  ('00243', 'Dustin', 'Brian', 'Anderson', 'Smith', TO_DATE('1971-09-20','YYYY-MM-DD'), 'f', NULL);
INSERT INTO EX.HISTORICO_RESIDENCIA(FECHA_INICIO, ID_LUGAR, ID_PERSONA, FECHA_FIN) VALUES
                  (TO_DATE('2007-11-04','YYYY-MM-DD'), 45, '00243', NULL);
INSERT INTO EX.FICHA_MEDICA(ID, ID_PERSONA, ID_CENTRO_SALUD, ID_LUGAR, ESTADO, FECHA_INFECCION, FECHA_RECUPERACION) VALUES
                                             (243, '00243', 30, 45, 'desconido', NULL, NULL);
INSERT INTO EX.PERSONA(DOC_IDENTIDAD, NOMBRE, NOMBRE1, APELLIDO, APELLIDO1, FECHA_NAC, GENERO, FOTO) VALUES
                  ('00244', 'Jill', 'Raven', 'Henderson', 'Williams', TO_DATE('1973-06-04','YYYY-MM-DD'), 'm', NULL);
INSERT INTO EX.HISTORICO_RESIDENCIA(FECHA_INICIO, ID_LUGAR, ID_PERSONA, FECHA_FIN) VALUES
                  (TO_DATE('2014-03-20','YYYY-MM-DD'), 32, '00244', NULL);
INSERT INTO EX.FICHA_MEDICA(ID, ID_PERSONA, ID_CENTRO_SALUD, ID_LUGAR, ESTADO, FECHA_INFECCION, FECHA_RECUPERACION) VALUES
                                             (244, '00244', 17, 32, 'desconido', NULL, NULL);
INSERT INTO EX.PERSONA(DOC_IDENTIDAD, NOMBRE, NOMBRE1, APELLIDO, APELLIDO1, FECHA_NAC, GENERO, FOTO) VALUES
                  ('00245', 'Rita', 'Monica', 'Owens', 'Moon', TO_DATE('1985-11-21','YYYY-MM-DD'), 'f', NULL);
INSERT INTO EX.HISTORICO_RESIDENCIA(FECHA_INICIO, ID_LUGAR, ID_PERSONA, FECHA_FIN) VALUES
                  (TO_DATE('1971-01-28','YYYY-MM-DD'), 36, '00245', NULL);
INSERT INTO EX.FICHA_MEDICA(ID, ID_PERSONA, ID_CENTRO_SALUD, ID_LUGAR, ESTADO, FECHA_INFECCION, FECHA_RECUPERACION) VALUES
                                             (245, '00245', 21, 36, 'desconido', NULL, NULL);
INSERT INTO EX.SINTOMAS(FECHA_INICIO, ID_SINTOMA, ID_PERSONA, ID_FICHA_MEDICA) VALUES
                            (TO_DATE('2020-01-05','YYYY-MM-DD'), 1, '00245', 245);
INSERT INTO EX.SINTOMAS(FECHA_INICIO, ID_SINTOMA, ID_PERSONA, ID_FICHA_MEDICA) VALUES
                            (TO_DATE('2020-05-26','YYYY-MM-DD'), 2, '00245', 245);
INSERT INTO EX.SINTOMAS(FECHA_INICIO, ID_SINTOMA, ID_PERSONA, ID_FICHA_MEDICA) VALUES
                            (TO_DATE('2020-06-28','YYYY-MM-DD'), 3, '00245', 245);
INSERT INTO EX.SINTOMAS(FECHA_INICIO, ID_SINTOMA, ID_PERSONA, ID_FICHA_MEDICA) VALUES
                            (TO_DATE('2020-01-10','YYYY-MM-DD'), 4, '00245', 245);
INSERT INTO EX.SINTOMAS(FECHA_INICIO, ID_SINTOMA, ID_PERSONA, ID_FICHA_MEDICA) VALUES
                            (TO_DATE('2020-02-10','YYYY-MM-DD'), 5, '00245', 245);
INSERT INTO EX.SINTOMAS(FECHA_INICIO, ID_SINTOMA, ID_PERSONA, ID_FICHA_MEDICA) VALUES
                            (TO_DATE('2020-01-27','YYYY-MM-DD'), 6, '00245', 245);
INSERT INTO EX.SINTOMAS(FECHA_INICIO, ID_SINTOMA, ID_PERSONA, ID_FICHA_MEDICA) VALUES
                            (TO_DATE('2020-03-22','YYYY-MM-DD'), 7, '00245', 245);
INSERT INTO EX.SINTOMAS(FECHA_INICIO, ID_SINTOMA, ID_PERSONA, ID_FICHA_MEDICA) VALUES
                            (TO_DATE('2020-02-12','YYYY-MM-DD'), 8, '00245', 245);
INSERT INTO EX.SINTOMAS(FECHA_INICIO, ID_SINTOMA, ID_PERSONA, ID_FICHA_MEDICA) VALUES
                            (TO_DATE('2020-04-04','YYYY-MM-DD'), 9, '00245', 245);
INSERT INTO EX.SINTOMAS(FECHA_INICIO, ID_SINTOMA, ID_PERSONA, ID_FICHA_MEDICA) VALUES
                            (TO_DATE('2020-03-07','YYYY-MM-DD'), 10, '00245', 245);
INSERT INTO EX.SINTOMAS(FECHA_INICIO, ID_SINTOMA, ID_PERSONA, ID_FICHA_MEDICA) VALUES
                            (TO_DATE('2020-03-23','YYYY-MM-DD'), 11, '00245', 245);
INSERT INTO EX.SINTOMAS(FECHA_INICIO, ID_SINTOMA, ID_PERSONA, ID_FICHA_MEDICA) VALUES
                            (TO_DATE('2020-03-17','YYYY-MM-DD'), 12, '00245', 245);
INSERT INTO EX.SINTOMAS(FECHA_INICIO, ID_SINTOMA, ID_PERSONA, ID_FICHA_MEDICA) VALUES
                            (TO_DATE('2020-02-16','YYYY-MM-DD'), 13, '00245', 245);
INSERT INTO EX.SINTOMAS(FECHA_INICIO, ID_SINTOMA, ID_PERSONA, ID_FICHA_MEDICA) VALUES
                            (TO_DATE('2020-05-24','YYYY-MM-DD'), 14, '00245', 245);
INSERT INTO EX.SINTOMAS(FECHA_INICIO, ID_SINTOMA, ID_PERSONA, ID_FICHA_MEDICA) VALUES
                            (TO_DATE('2020-05-11','YYYY-MM-DD'), 15, '00245', 245);
INSERT INTO EX.SINTOMAS(FECHA_INICIO, ID_SINTOMA, ID_PERSONA, ID_FICHA_MEDICA) VALUES
                            (TO_DATE('2020-06-04','YYYY-MM-DD'), 16, '00245', 245);
INSERT INTO EX.SINTOMAS(FECHA_INICIO, ID_SINTOMA, ID_PERSONA, ID_FICHA_MEDICA) VALUES
                            (TO_DATE('2020-05-31','YYYY-MM-DD'), 17, '00245', 245);
INSERT INTO EX.PERSONA(DOC_IDENTIDAD, NOMBRE, NOMBRE1, APELLIDO, APELLIDO1, FECHA_NAC, GENERO, FOTO) VALUES
                  ('00246', 'Kathleen', 'Stephanie', 'Shaffer', 'Sampson', TO_DATE('2006-01-22','YYYY-MM-DD'), 'm', NULL);
INSERT INTO EX.HISTORICO_RESIDENCIA(FECHA_INICIO, ID_LUGAR, ID_PERSONA, FECHA_FIN) VALUES
                  (TO_DATE('1991-05-12','YYYY-MM-DD'), 23, '00246', NULL);
INSERT INTO EX.FICHA_MEDICA(ID, ID_PERSONA, ID_CENTRO_SALUD, ID_LUGAR, ESTADO, FECHA_INFECCION, FECHA_RECUPERACION) VALUES
                                             (246, '00246', 8, 23, 'desconido', NULL, NULL);
INSERT INTO EX.PADECIMIENTOS(ID_PATOLOGIA, ID_PERSONA, ID_FICHA_MEDICA) VALUES
                            (1, '00246', 246);
INSERT INTO EX.PADECIMIENTOS(ID_PATOLOGIA, ID_PERSONA, ID_FICHA_MEDICA) VALUES
                            (2, '00246', 246);
INSERT INTO EX.PADECIMIENTOS(ID_PATOLOGIA, ID_PERSONA, ID_FICHA_MEDICA) VALUES
                            (3, '00246', 246);
INSERT INTO EX.PADECIMIENTOS(ID_PATOLOGIA, ID_PERSONA, ID_FICHA_MEDICA) VALUES
                            (4, '00246', 246);
INSERT INTO EX.PADECIMIENTOS(ID_PATOLOGIA, ID_PERSONA, ID_FICHA_MEDICA) VALUES
                            (5, '00246', 246);
INSERT INTO EX.PADECIMIENTOS(ID_PATOLOGIA, ID_PERSONA, ID_FICHA_MEDICA) VALUES
                            (6, '00246', 246);
INSERT INTO EX.PADECIMIENTOS(ID_PATOLOGIA, ID_PERSONA, ID_FICHA_MEDICA) VALUES
                            (7, '00246', 246);
INSERT INTO EX.PADECIMIENTOS(ID_PATOLOGIA, ID_PERSONA, ID_FICHA_MEDICA) VALUES
                            (8, '00246', 246);
INSERT INTO EX.PADECIMIENTOS(ID_PATOLOGIA, ID_PERSONA, ID_FICHA_MEDICA) VALUES
                            (9, '00246', 246);
INSERT INTO EX.PADECIMIENTOS(ID_PATOLOGIA, ID_PERSONA, ID_FICHA_MEDICA) VALUES
                            (10, '00246', 246);
INSERT INTO EX.SINTOMAS(FECHA_INICIO, ID_SINTOMA, ID_PERSONA, ID_FICHA_MEDICA) VALUES
                            (TO_DATE('2020-05-03','YYYY-MM-DD'), 1, '00246', 246);
INSERT INTO EX.SINTOMAS(FECHA_INICIO, ID_SINTOMA, ID_PERSONA, ID_FICHA_MEDICA) VALUES
                            (TO_DATE('2020-01-21','YYYY-MM-DD'), 2, '00246', 246);
INSERT INTO EX.SINTOMAS(FECHA_INICIO, ID_SINTOMA, ID_PERSONA, ID_FICHA_MEDICA) VALUES
                            (TO_DATE('2020-02-15','YYYY-MM-DD'), 3, '00246', 246);
INSERT INTO EX.SINTOMAS(FECHA_INICIO, ID_SINTOMA, ID_PERSONA, ID_FICHA_MEDICA) VALUES
                            (TO_DATE('2020-02-29','YYYY-MM-DD'), 4, '00246', 246);
INSERT INTO EX.SINTOMAS(FECHA_INICIO, ID_SINTOMA, ID_PERSONA, ID_FICHA_MEDICA) VALUES
                            (TO_DATE('2020-05-07','YYYY-MM-DD'), 5, '00246', 246);
INSERT INTO EX.SINTOMAS(FECHA_INICIO, ID_SINTOMA, ID_PERSONA, ID_FICHA_MEDICA) VALUES
                            (TO_DATE('2020-03-03','YYYY-MM-DD'), 6, '00246', 246);
INSERT INTO EX.SINTOMAS(FECHA_INICIO, ID_SINTOMA, ID_PERSONA, ID_FICHA_MEDICA) VALUES
                            (TO_DATE('2020-02-03','YYYY-MM-DD'), 7, '00246', 246);
INSERT INTO EX.SINTOMAS(FECHA_INICIO, ID_SINTOMA, ID_PERSONA, ID_FICHA_MEDICA) VALUES
                            (TO_DATE('2020-03-02','YYYY-MM-DD'), 8, '00246', 246);
INSERT INTO EX.SINTOMAS(FECHA_INICIO, ID_SINTOMA, ID_PERSONA, ID_FICHA_MEDICA) VALUES
                            (TO_DATE('2020-07-01','YYYY-MM-DD'), 9, '00246', 246);
INSERT INTO EX.SINTOMAS(FECHA_INICIO, ID_SINTOMA, ID_PERSONA, ID_FICHA_MEDICA) VALUES
                            (TO_DATE('2020-02-12','YYYY-MM-DD'), 10, '00246', 246);
INSERT INTO EX.SINTOMAS(FECHA_INICIO, ID_SINTOMA, ID_PERSONA, ID_FICHA_MEDICA) VALUES
                            (TO_DATE('2020-02-22','YYYY-MM-DD'), 11, '00246', 246);
INSERT INTO EX.PERSONA(DOC_IDENTIDAD, NOMBRE, NOMBRE1, APELLIDO, APELLIDO1, FECHA_NAC, GENERO, FOTO) VALUES
                  ('00247', 'Deborah', 'Diana', 'Pearson', 'Martinez', TO_DATE('1996-01-23','YYYY-MM-DD'), 'f', NULL);
INSERT INTO EX.HISTORICO_RESIDENCIA(FECHA_INICIO, ID_LUGAR, ID_PERSONA, FECHA_FIN) VALUES
                  (TO_DATE('1992-07-07','YYYY-MM-DD'), 41, '00247', NULL);
INSERT INTO EX.FICHA_MEDICA(ID, ID_PERSONA, ID_CENTRO_SALUD, ID_LUGAR, ESTADO, FECHA_INFECCION, FECHA_RECUPERACION) VALUES
                                             (247, '00247', 26, 41, 'desconido', NULL, NULL);
INSERT INTO EX.PERSONA(DOC_IDENTIDAD, NOMBRE, NOMBRE1, APELLIDO, APELLIDO1, FECHA_NAC, GENERO, FOTO) VALUES
                  ('00248', 'Kathy', 'Linda', 'Walters', 'Lambert', TO_DATE('2003-10-06','YYYY-MM-DD'), 'm', NULL);
INSERT INTO EX.HISTORICO_RESIDENCIA(FECHA_INICIO, ID_LUGAR, ID_PERSONA, FECHA_FIN) VALUES
                  (TO_DATE('1985-08-06','YYYY-MM-DD'), 40, '00248', NULL);
INSERT INTO EX.FICHA_MEDICA(ID, ID_PERSONA, ID_CENTRO_SALUD, ID_LUGAR, ESTADO, FECHA_INFECCION, FECHA_RECUPERACION) VALUES
                                             (248, '00248', 25, 40, 'desconido', NULL, NULL);
INSERT INTO EX.PADECIMIENTOS(ID_PATOLOGIA, ID_PERSONA, ID_FICHA_MEDICA) VALUES
                            (1, '00248', 248);
INSERT INTO EX.PADECIMIENTOS(ID_PATOLOGIA, ID_PERSONA, ID_FICHA_MEDICA) VALUES
                            (2, '00248', 248);
INSERT INTO EX.PADECIMIENTOS(ID_PATOLOGIA, ID_PERSONA, ID_FICHA_MEDICA) VALUES
                            (3, '00248', 248);
INSERT INTO EX.PADECIMIENTOS(ID_PATOLOGIA, ID_PERSONA, ID_FICHA_MEDICA) VALUES
                            (4, '00248', 248);
INSERT INTO EX.PADECIMIENTOS(ID_PATOLOGIA, ID_PERSONA, ID_FICHA_MEDICA) VALUES
                            (5, '00248', 248);
INSERT INTO EX.PADECIMIENTOS(ID_PATOLOGIA, ID_PERSONA, ID_FICHA_MEDICA) VALUES
                            (6, '00248', 248);
INSERT INTO EX.PADECIMIENTOS(ID_PATOLOGIA, ID_PERSONA, ID_FICHA_MEDICA) VALUES
                            (7, '00248', 248);
INSERT INTO EX.PADECIMIENTOS(ID_PATOLOGIA, ID_PERSONA, ID_FICHA_MEDICA) VALUES
                            (8, '00248', 248);
INSERT INTO EX.PADECIMIENTOS(ID_PATOLOGIA, ID_PERSONA, ID_FICHA_MEDICA) VALUES
                            (9, '00248', 248);
INSERT INTO EX.PADECIMIENTOS(ID_PATOLOGIA, ID_PERSONA, ID_FICHA_MEDICA) VALUES
                            (10, '00248', 248);
INSERT INTO EX.PADECIMIENTOS(ID_PATOLOGIA, ID_PERSONA, ID_FICHA_MEDICA) VALUES
                            (11, '00248', 248);
INSERT INTO EX.PADECIMIENTOS(ID_PATOLOGIA, ID_PERSONA, ID_FICHA_MEDICA) VALUES
                            (12, '00248', 248);
INSERT INTO EX.PADECIMIENTOS(ID_PATOLOGIA, ID_PERSONA, ID_FICHA_MEDICA) VALUES
                            (13, '00248', 248);
INSERT INTO EX.PADECIMIENTOS(ID_PATOLOGIA, ID_PERSONA, ID_FICHA_MEDICA) VALUES
                            (14, '00248', 248);
INSERT INTO EX.PADECIMIENTOS(ID_PATOLOGIA, ID_PERSONA, ID_FICHA_MEDICA) VALUES
                            (15, '00248', 248);
INSERT INTO EX.SINTOMAS(FECHA_INICIO, ID_SINTOMA, ID_PERSONA, ID_FICHA_MEDICA) VALUES
                            (TO_DATE('2020-03-21','YYYY-MM-DD'), 1, '00248', 248);
INSERT INTO EX.SINTOMAS(FECHA_INICIO, ID_SINTOMA, ID_PERSONA, ID_FICHA_MEDICA) VALUES
                            (TO_DATE('2020-06-03','YYYY-MM-DD'), 2, '00248', 248);
INSERT INTO EX.SINTOMAS(FECHA_INICIO, ID_SINTOMA, ID_PERSONA, ID_FICHA_MEDICA) VALUES
                            (TO_DATE('2020-06-17','YYYY-MM-DD'), 3, '00248', 248);
INSERT INTO EX.SINTOMAS(FECHA_INICIO, ID_SINTOMA, ID_PERSONA, ID_FICHA_MEDICA) VALUES
                            (TO_DATE('2020-05-22','YYYY-MM-DD'), 4, '00248', 248);
INSERT INTO EX.SINTOMAS(FECHA_INICIO, ID_SINTOMA, ID_PERSONA, ID_FICHA_MEDICA) VALUES
                            (TO_DATE('2020-03-29','YYYY-MM-DD'), 5, '00248', 248);
INSERT INTO EX.SINTOMAS(FECHA_INICIO, ID_SINTOMA, ID_PERSONA, ID_FICHA_MEDICA) VALUES
                            (TO_DATE('2020-04-20','YYYY-MM-DD'), 6, '00248', 248);
INSERT INTO EX.SINTOMAS(FECHA_INICIO, ID_SINTOMA, ID_PERSONA, ID_FICHA_MEDICA) VALUES
                            (TO_DATE('2020-06-06','YYYY-MM-DD'), 7, '00248', 248);
INSERT INTO EX.SINTOMAS(FECHA_INICIO, ID_SINTOMA, ID_PERSONA, ID_FICHA_MEDICA) VALUES
                            (TO_DATE('2020-02-19','YYYY-MM-DD'), 8, '00248', 248);
INSERT INTO EX.SINTOMAS(FECHA_INICIO, ID_SINTOMA, ID_PERSONA, ID_FICHA_MEDICA) VALUES
                            (TO_DATE('2020-05-31','YYYY-MM-DD'), 9, '00248', 248);
INSERT INTO EX.SINTOMAS(FECHA_INICIO, ID_SINTOMA, ID_PERSONA, ID_FICHA_MEDICA) VALUES
                            (TO_DATE('2020-02-19','YYYY-MM-DD'), 10, '00248', 248);
INSERT INTO EX.SINTOMAS(FECHA_INICIO, ID_SINTOMA, ID_PERSONA, ID_FICHA_MEDICA) VALUES
                            (TO_DATE('2020-01-06','YYYY-MM-DD'), 11, '00248', 248);
INSERT INTO EX.SINTOMAS(FECHA_INICIO, ID_SINTOMA, ID_PERSONA, ID_FICHA_MEDICA) VALUES
                            (TO_DATE('2020-02-23','YYYY-MM-DD'), 12, '00248', 248);
INSERT INTO EX.PERSONA(DOC_IDENTIDAD, NOMBRE, NOMBRE1, APELLIDO, APELLIDO1, FECHA_NAC, GENERO, FOTO) VALUES
                  ('00249', 'Heather', 'Tina', 'Green', 'Carter', TO_DATE('2006-02-13','YYYY-MM-DD'), 'f', NULL);
INSERT INTO EX.HISTORICO_RESIDENCIA(FECHA_INICIO, ID_LUGAR, ID_PERSONA, FECHA_FIN) VALUES
                  (TO_DATE('1994-10-04','YYYY-MM-DD'), 44, '00249', NULL);
INSERT INTO EX.FICHA_MEDICA(ID, ID_PERSONA, ID_CENTRO_SALUD, ID_LUGAR, ESTADO, FECHA_INFECCION, FECHA_RECUPERACION) VALUES
                                             (249, '00249', 29, 44, 'desconido', NULL, NULL);
INSERT INTO EX.PADECIMIENTOS(ID_PATOLOGIA, ID_PERSONA, ID_FICHA_MEDICA) VALUES
                            (1, '00249', 249);
INSERT INTO EX.PADECIMIENTOS(ID_PATOLOGIA, ID_PERSONA, ID_FICHA_MEDICA) VALUES
                            (2, '00249', 249);
INSERT INTO EX.PADECIMIENTOS(ID_PATOLOGIA, ID_PERSONA, ID_FICHA_MEDICA) VALUES
                            (3, '00249', 249);
INSERT INTO EX.PADECIMIENTOS(ID_PATOLOGIA, ID_PERSONA, ID_FICHA_MEDICA) VALUES
                            (4, '00249', 249);
INSERT INTO EX.PADECIMIENTOS(ID_PATOLOGIA, ID_PERSONA, ID_FICHA_MEDICA) VALUES
                            (5, '00249', 249);
INSERT INTO EX.PADECIMIENTOS(ID_PATOLOGIA, ID_PERSONA, ID_FICHA_MEDICA) VALUES
                            (6, '00249', 249);
INSERT INTO EX.PADECIMIENTOS(ID_PATOLOGIA, ID_PERSONA, ID_FICHA_MEDICA) VALUES
                            (7, '00249', 249);
INSERT INTO EX.PADECIMIENTOS(ID_PATOLOGIA, ID_PERSONA, ID_FICHA_MEDICA) VALUES
                            (8, '00249', 249);
INSERT INTO EX.PADECIMIENTOS(ID_PATOLOGIA, ID_PERSONA, ID_FICHA_MEDICA) VALUES
                            (9, '00249', 249);
INSERT INTO EX.PADECIMIENTOS(ID_PATOLOGIA, ID_PERSONA, ID_FICHA_MEDICA) VALUES
                            (10, '00249', 249);
INSERT INTO EX.PADECIMIENTOS(ID_PATOLOGIA, ID_PERSONA, ID_FICHA_MEDICA) VALUES
                            (11, '00249', 249);
INSERT INTO EX.PADECIMIENTOS(ID_PATOLOGIA, ID_PERSONA, ID_FICHA_MEDICA) VALUES
                            (12, '00249', 249);
INSERT INTO EX.PADECIMIENTOS(ID_PATOLOGIA, ID_PERSONA, ID_FICHA_MEDICA) VALUES
                            (13, '00249', 249);
INSERT INTO EX.PADECIMIENTOS(ID_PATOLOGIA, ID_PERSONA, ID_FICHA_MEDICA) VALUES
                            (14, '00249', 249);
INSERT INTO EX.PERSONA(DOC_IDENTIDAD, NOMBRE, NOMBRE1, APELLIDO, APELLIDO1, FECHA_NAC, GENERO, FOTO) VALUES
                  ('00250', 'William', 'John', 'Ward', 'Ryan', TO_DATE('2011-05-23','YYYY-MM-DD'), 'm', NULL);
INSERT INTO EX.HISTORICO_RESIDENCIA(FECHA_INICIO, ID_LUGAR, ID_PERSONA, FECHA_FIN) VALUES
                  (TO_DATE('2020-07-02','YYYY-MM-DD'), 19, '00250', NULL);
INSERT INTO EX.FICHA_MEDICA(ID, ID_PERSONA, ID_CENTRO_SALUD, ID_LUGAR, ESTADO, FECHA_INFECCION, FECHA_RECUPERACION) VALUES
                                             (250, '00250', 4, 19, 'desconido', NULL, NULL);
INSERT INTO EX.SINTOMAS(FECHA_INICIO, ID_SINTOMA, ID_PERSONA, ID_FICHA_MEDICA) VALUES
                            (TO_DATE('2020-02-04','YYYY-MM-DD'), 1, '00250', 250);
INSERT INTO EX.SINTOMAS(FECHA_INICIO, ID_SINTOMA, ID_PERSONA, ID_FICHA_MEDICA) VALUES
                            (TO_DATE('2020-06-20','YYYY-MM-DD'), 2, '00250', 250);
INSERT INTO EX.SINTOMAS(FECHA_INICIO, ID_SINTOMA, ID_PERSONA, ID_FICHA_MEDICA) VALUES
                            (TO_DATE('2020-01-31','YYYY-MM-DD'), 3, '00250', 250);
INSERT INTO EX.SINTOMAS(FECHA_INICIO, ID_SINTOMA, ID_PERSONA, ID_FICHA_MEDICA) VALUES
                            (TO_DATE('2020-05-25','YYYY-MM-DD'), 4, '00250', 250);
INSERT INTO EX.SINTOMAS(FECHA_INICIO, ID_SINTOMA, ID_PERSONA, ID_FICHA_MEDICA) VALUES
                            (TO_DATE('2020-05-27','YYYY-MM-DD'), 5, '00250', 250);
INSERT INTO EX.SINTOMAS(FECHA_INICIO, ID_SINTOMA, ID_PERSONA, ID_FICHA_MEDICA) VALUES
                            (TO_DATE('2020-03-16','YYYY-MM-DD'), 6, '00250', 250);
INSERT INTO EX.SINTOMAS(FECHA_INICIO, ID_SINTOMA, ID_PERSONA, ID_FICHA_MEDICA) VALUES
                            (TO_DATE('2020-04-18','YYYY-MM-DD'), 7, '00250', 250);
INSERT INTO EX.SINTOMAS(FECHA_INICIO, ID_SINTOMA, ID_PERSONA, ID_FICHA_MEDICA) VALUES
                            (TO_DATE('2020-02-29','YYYY-MM-DD'), 8, '00250', 250);
INSERT INTO EX.SINTOMAS(FECHA_INICIO, ID_SINTOMA, ID_PERSONA, ID_FICHA_MEDICA) VALUES
                            (TO_DATE('2020-05-08','YYYY-MM-DD'), 9, '00250', 250);
INSERT INTO EX.SINTOMAS(FECHA_INICIO, ID_SINTOMA, ID_PERSONA, ID_FICHA_MEDICA) VALUES
                            (TO_DATE('2020-02-19','YYYY-MM-DD'), 10, '00250', 250);
INSERT INTO EX.SINTOMAS(FECHA_INICIO, ID_SINTOMA, ID_PERSONA, ID_FICHA_MEDICA) VALUES
                            (TO_DATE('2020-02-28','YYYY-MM-DD'), 11, '00250', 250);
INSERT INTO EX.SINTOMAS(FECHA_INICIO, ID_SINTOMA, ID_PERSONA, ID_FICHA_MEDICA) VALUES
                            (TO_DATE('2020-04-20','YYYY-MM-DD'), 12, '00250', 250);
INSERT INTO EX.SINTOMAS(FECHA_INICIO, ID_SINTOMA, ID_PERSONA, ID_FICHA_MEDICA) VALUES
                            (TO_DATE('2020-02-27','YYYY-MM-DD'), 13, '00250', 250);
INSERT INTO EX.SINTOMAS(FECHA_INICIO, ID_SINTOMA, ID_PERSONA, ID_FICHA_MEDICA) VALUES
                            (TO_DATE('2020-06-20','YYYY-MM-DD'), 14, '00250', 250);
INSERT INTO EX.PERSONA(DOC_IDENTIDAD, NOMBRE, NOMBRE1, APELLIDO, APELLIDO1, FECHA_NAC, GENERO, FOTO) VALUES
                  ('00251', 'Mary', 'Wesley', 'West', 'Griffin', TO_DATE('1999-02-12','YYYY-MM-DD'), 'f', NULL);
INSERT INTO EX.HISTORICO_RESIDENCIA(FECHA_INICIO, ID_LUGAR, ID_PERSONA, FECHA_FIN) VALUES
                  (TO_DATE('2003-04-11','YYYY-MM-DD'), 19, '00251', NULL);
INSERT INTO EX.FICHA_MEDICA(ID, ID_PERSONA, ID_CENTRO_SALUD, ID_LUGAR, ESTADO, FECHA_INFECCION, FECHA_RECUPERACION) VALUES
                                             (251, '00251', 4, 19, 'desconido', NULL, NULL);
INSERT INTO EX.PADECIMIENTOS(ID_PATOLOGIA, ID_PERSONA, ID_FICHA_MEDICA) VALUES
                            (1, '00251', 251);
INSERT INTO EX.PADECIMIENTOS(ID_PATOLOGIA, ID_PERSONA, ID_FICHA_MEDICA) VALUES
                            (2, '00251', 251);
INSERT INTO EX.PADECIMIENTOS(ID_PATOLOGIA, ID_PERSONA, ID_FICHA_MEDICA) VALUES
                            (3, '00251', 251);
INSERT INTO EX.PADECIMIENTOS(ID_PATOLOGIA, ID_PERSONA, ID_FICHA_MEDICA) VALUES
                            (4, '00251', 251);
INSERT INTO EX.PADECIMIENTOS(ID_PATOLOGIA, ID_PERSONA, ID_FICHA_MEDICA) VALUES
                            (5, '00251', 251);
INSERT INTO EX.PADECIMIENTOS(ID_PATOLOGIA, ID_PERSONA, ID_FICHA_MEDICA) VALUES
                            (6, '00251', 251);
INSERT INTO EX.PADECIMIENTOS(ID_PATOLOGIA, ID_PERSONA, ID_FICHA_MEDICA) VALUES
                            (7, '00251', 251);
INSERT INTO EX.PADECIMIENTOS(ID_PATOLOGIA, ID_PERSONA, ID_FICHA_MEDICA) VALUES
                            (8, '00251', 251);
INSERT INTO EX.PADECIMIENTOS(ID_PATOLOGIA, ID_PERSONA, ID_FICHA_MEDICA) VALUES
                            (9, '00251', 251);
INSERT INTO EX.PADECIMIENTOS(ID_PATOLOGIA, ID_PERSONA, ID_FICHA_MEDICA) VALUES
                            (10, '00251', 251);
INSERT INTO EX.PADECIMIENTOS(ID_PATOLOGIA, ID_PERSONA, ID_FICHA_MEDICA) VALUES
                            (11, '00251', 251);
INSERT INTO EX.PADECIMIENTOS(ID_PATOLOGIA, ID_PERSONA, ID_FICHA_MEDICA) VALUES
                            (12, '00251', 251);
INSERT INTO EX.PADECIMIENTOS(ID_PATOLOGIA, ID_PERSONA, ID_FICHA_MEDICA) VALUES
                            (13, '00251', 251);
INSERT INTO EX.PADECIMIENTOS(ID_PATOLOGIA, ID_PERSONA, ID_FICHA_MEDICA) VALUES
                            (14, '00251', 251);
INSERT INTO EX.SINTOMAS(FECHA_INICIO, ID_SINTOMA, ID_PERSONA, ID_FICHA_MEDICA) VALUES
                            (TO_DATE('2020-05-29','YYYY-MM-DD'), 1, '00251', 251);
INSERT INTO EX.SINTOMAS(FECHA_INICIO, ID_SINTOMA, ID_PERSONA, ID_FICHA_MEDICA) VALUES
                            (TO_DATE('2020-05-02','YYYY-MM-DD'), 2, '00251', 251);
INSERT INTO EX.SINTOMAS(FECHA_INICIO, ID_SINTOMA, ID_PERSONA, ID_FICHA_MEDICA) VALUES
                            (TO_DATE('2020-06-06','YYYY-MM-DD'), 3, '00251', 251);
INSERT INTO EX.SINTOMAS(FECHA_INICIO, ID_SINTOMA, ID_PERSONA, ID_FICHA_MEDICA) VALUES
                            (TO_DATE('2020-04-03','YYYY-MM-DD'), 4, '00251', 251);
INSERT INTO EX.SINTOMAS(FECHA_INICIO, ID_SINTOMA, ID_PERSONA, ID_FICHA_MEDICA) VALUES
                            (TO_DATE('2020-05-31','YYYY-MM-DD'), 5, '00251', 251);
INSERT INTO EX.SINTOMAS(FECHA_INICIO, ID_SINTOMA, ID_PERSONA, ID_FICHA_MEDICA) VALUES
                            (TO_DATE('2020-06-08','YYYY-MM-DD'), 6, '00251', 251);
INSERT INTO EX.SINTOMAS(FECHA_INICIO, ID_SINTOMA, ID_PERSONA, ID_FICHA_MEDICA) VALUES
                            (TO_DATE('2020-05-01','YYYY-MM-DD'), 7, '00251', 251);
INSERT INTO EX.SINTOMAS(FECHA_INICIO, ID_SINTOMA, ID_PERSONA, ID_FICHA_MEDICA) VALUES
                            (TO_DATE('2020-03-20','YYYY-MM-DD'), 8, '00251', 251);
INSERT INTO EX.SINTOMAS(FECHA_INICIO, ID_SINTOMA, ID_PERSONA, ID_FICHA_MEDICA) VALUES
                            (TO_DATE('2020-03-20','YYYY-MM-DD'), 9, '00251', 251);
INSERT INTO EX.SINTOMAS(FECHA_INICIO, ID_SINTOMA, ID_PERSONA, ID_FICHA_MEDICA) VALUES
                            (TO_DATE('2020-02-05','YYYY-MM-DD'), 10, '00251', 251);
INSERT INTO EX.SINTOMAS(FECHA_INICIO, ID_SINTOMA, ID_PERSONA, ID_FICHA_MEDICA) VALUES
                            (TO_DATE('2020-01-04','YYYY-MM-DD'), 11, '00251', 251);
INSERT INTO EX.PERSONA(DOC_IDENTIDAD, NOMBRE, NOMBRE1, APELLIDO, APELLIDO1, FECHA_NAC, GENERO, FOTO) VALUES
                  ('00252', 'Natasha', 'Michael', 'Wilcox', 'Smith', TO_DATE('1984-12-17','YYYY-MM-DD'), 'm', NULL);
INSERT INTO EX.HISTORICO_RESIDENCIA(FECHA_INICIO, ID_LUGAR, ID_PERSONA, FECHA_FIN) VALUES
                  (TO_DATE('2009-09-16','YYYY-MM-DD'), 26, '00252', NULL);
INSERT INTO EX.FICHA_MEDICA(ID, ID_PERSONA, ID_CENTRO_SALUD, ID_LUGAR, ESTADO, FECHA_INFECCION, FECHA_RECUPERACION) VALUES
                                             (252, '00252', 11, 26, 'desconido', NULL, NULL);
INSERT INTO EX.PADECIMIENTOS(ID_PATOLOGIA, ID_PERSONA, ID_FICHA_MEDICA) VALUES
                            (1, '00252', 252);
INSERT INTO EX.PADECIMIENTOS(ID_PATOLOGIA, ID_PERSONA, ID_FICHA_MEDICA) VALUES
                            (2, '00252', 252);
INSERT INTO EX.PADECIMIENTOS(ID_PATOLOGIA, ID_PERSONA, ID_FICHA_MEDICA) VALUES
                            (3, '00252', 252);
INSERT INTO EX.PADECIMIENTOS(ID_PATOLOGIA, ID_PERSONA, ID_FICHA_MEDICA) VALUES
                            (4, '00252', 252);
INSERT INTO EX.PADECIMIENTOS(ID_PATOLOGIA, ID_PERSONA, ID_FICHA_MEDICA) VALUES
                            (5, '00252', 252);
INSERT INTO EX.PADECIMIENTOS(ID_PATOLOGIA, ID_PERSONA, ID_FICHA_MEDICA) VALUES
                            (6, '00252', 252);
INSERT INTO EX.PADECIMIENTOS(ID_PATOLOGIA, ID_PERSONA, ID_FICHA_MEDICA) VALUES
                            (7, '00252', 252);
INSERT INTO EX.PADECIMIENTOS(ID_PATOLOGIA, ID_PERSONA, ID_FICHA_MEDICA) VALUES
                            (8, '00252', 252);
INSERT INTO EX.PADECIMIENTOS(ID_PATOLOGIA, ID_PERSONA, ID_FICHA_MEDICA) VALUES
                            (9, '00252', 252);
INSERT INTO EX.PADECIMIENTOS(ID_PATOLOGIA, ID_PERSONA, ID_FICHA_MEDICA) VALUES
                            (10, '00252', 252);
INSERT INTO EX.PADECIMIENTOS(ID_PATOLOGIA, ID_PERSONA, ID_FICHA_MEDICA) VALUES
                            (11, '00252', 252);
INSERT INTO EX.PADECIMIENTOS(ID_PATOLOGIA, ID_PERSONA, ID_FICHA_MEDICA) VALUES
                            (12, '00252', 252);
INSERT INTO EX.PADECIMIENTOS(ID_PATOLOGIA, ID_PERSONA, ID_FICHA_MEDICA) VALUES
                            (13, '00252', 252);
INSERT INTO EX.SINTOMAS(FECHA_INICIO, ID_SINTOMA, ID_PERSONA, ID_FICHA_MEDICA) VALUES
                            (TO_DATE('2020-03-10','YYYY-MM-DD'), 1, '00252', 252);
INSERT INTO EX.SINTOMAS(FECHA_INICIO, ID_SINTOMA, ID_PERSONA, ID_FICHA_MEDICA) VALUES
                            (TO_DATE('2020-02-13','YYYY-MM-DD'), 2, '00252', 252);
INSERT INTO EX.PERSONA(DOC_IDENTIDAD, NOMBRE, NOMBRE1, APELLIDO, APELLIDO1, FECHA_NAC, GENERO, FOTO) VALUES
                  ('00253', 'Scott', 'Sharon', 'Hill', 'Jordan', TO_DATE('1984-09-16','YYYY-MM-DD'), 'f', NULL);
INSERT INTO EX.HISTORICO_RESIDENCIA(FECHA_INICIO, ID_LUGAR, ID_PERSONA, FECHA_FIN) VALUES
                  (TO_DATE('1984-02-03','YYYY-MM-DD'), 23, '00253', NULL);
INSERT INTO EX.FICHA_MEDICA(ID, ID_PERSONA, ID_CENTRO_SALUD, ID_LUGAR, ESTADO, FECHA_INFECCION, FECHA_RECUPERACION) VALUES
                                             (253, '00253', 8, 23, 'desconido', NULL, NULL);
INSERT INTO EX.PERSONA(DOC_IDENTIDAD, NOMBRE, NOMBRE1, APELLIDO, APELLIDO1, FECHA_NAC, GENERO, FOTO) VALUES
                  ('00254', 'Kristen', 'Stacy', 'Blanchard', 'Wallace', TO_DATE('2014-08-02','YYYY-MM-DD'), 'm', NULL);
INSERT INTO EX.HISTORICO_RESIDENCIA(FECHA_INICIO, ID_LUGAR, ID_PERSONA, FECHA_FIN) VALUES
                  (TO_DATE('2013-09-26','YYYY-MM-DD'), 23, '00254', NULL);
INSERT INTO EX.FICHA_MEDICA(ID, ID_PERSONA, ID_CENTRO_SALUD, ID_LUGAR, ESTADO, FECHA_INFECCION, FECHA_RECUPERACION) VALUES
                                             (254, '00254', 8, 23, 'desconido', NULL, NULL);
INSERT INTO EX.PADECIMIENTOS(ID_PATOLOGIA, ID_PERSONA, ID_FICHA_MEDICA) VALUES
                            (1, '00254', 254);
INSERT INTO EX.PADECIMIENTOS(ID_PATOLOGIA, ID_PERSONA, ID_FICHA_MEDICA) VALUES
                            (2, '00254', 254);
INSERT INTO EX.PADECIMIENTOS(ID_PATOLOGIA, ID_PERSONA, ID_FICHA_MEDICA) VALUES
                            (3, '00254', 254);
INSERT INTO EX.PADECIMIENTOS(ID_PATOLOGIA, ID_PERSONA, ID_FICHA_MEDICA) VALUES
                            (4, '00254', 254);
INSERT INTO EX.PADECIMIENTOS(ID_PATOLOGIA, ID_PERSONA, ID_FICHA_MEDICA) VALUES
                            (5, '00254', 254);
INSERT INTO EX.PADECIMIENTOS(ID_PATOLOGIA, ID_PERSONA, ID_FICHA_MEDICA) VALUES
                            (6, '00254', 254);
INSERT INTO EX.PADECIMIENTOS(ID_PATOLOGIA, ID_PERSONA, ID_FICHA_MEDICA) VALUES
                            (7, '00254', 254);
INSERT INTO EX.PADECIMIENTOS(ID_PATOLOGIA, ID_PERSONA, ID_FICHA_MEDICA) VALUES
                            (8, '00254', 254);
INSERT INTO EX.PADECIMIENTOS(ID_PATOLOGIA, ID_PERSONA, ID_FICHA_MEDICA) VALUES
                            (9, '00254', 254);
INSERT INTO EX.PADECIMIENTOS(ID_PATOLOGIA, ID_PERSONA, ID_FICHA_MEDICA) VALUES
                            (10, '00254', 254);
INSERT INTO EX.PADECIMIENTOS(ID_PATOLOGIA, ID_PERSONA, ID_FICHA_MEDICA) VALUES
                            (11, '00254', 254);
INSERT INTO EX.PADECIMIENTOS(ID_PATOLOGIA, ID_PERSONA, ID_FICHA_MEDICA) VALUES
                            (12, '00254', 254);
INSERT INTO EX.PADECIMIENTOS(ID_PATOLOGIA, ID_PERSONA, ID_FICHA_MEDICA) VALUES
                            (13, '00254', 254);
INSERT INTO EX.SINTOMAS(FECHA_INICIO, ID_SINTOMA, ID_PERSONA, ID_FICHA_MEDICA) VALUES
                            (TO_DATE('2020-06-02','YYYY-MM-DD'), 1, '00254', 254);
INSERT INTO EX.SINTOMAS(FECHA_INICIO, ID_SINTOMA, ID_PERSONA, ID_FICHA_MEDICA) VALUES
                            (TO_DATE('2020-04-25','YYYY-MM-DD'), 2, '00254', 254);
INSERT INTO EX.SINTOMAS(FECHA_INICIO, ID_SINTOMA, ID_PERSONA, ID_FICHA_MEDICA) VALUES
                            (TO_DATE('2020-01-04','YYYY-MM-DD'), 3, '00254', 254);
INSERT INTO EX.SINTOMAS(FECHA_INICIO, ID_SINTOMA, ID_PERSONA, ID_FICHA_MEDICA) VALUES
                            (TO_DATE('2020-05-21','YYYY-MM-DD'), 4, '00254', 254);
INSERT INTO EX.SINTOMAS(FECHA_INICIO, ID_SINTOMA, ID_PERSONA, ID_FICHA_MEDICA) VALUES
                            (TO_DATE('2020-01-25','YYYY-MM-DD'), 5, '00254', 254);
INSERT INTO EX.SINTOMAS(FECHA_INICIO, ID_SINTOMA, ID_PERSONA, ID_FICHA_MEDICA) VALUES
                            (TO_DATE('2020-05-28','YYYY-MM-DD'), 6, '00254', 254);
INSERT INTO EX.SINTOMAS(FECHA_INICIO, ID_SINTOMA, ID_PERSONA, ID_FICHA_MEDICA) VALUES
                            (TO_DATE('2020-03-11','YYYY-MM-DD'), 7, '00254', 254);
INSERT INTO EX.SINTOMAS(FECHA_INICIO, ID_SINTOMA, ID_PERSONA, ID_FICHA_MEDICA) VALUES
                            (TO_DATE('2020-03-25','YYYY-MM-DD'), 8, '00254', 254);
INSERT INTO EX.SINTOMAS(FECHA_INICIO, ID_SINTOMA, ID_PERSONA, ID_FICHA_MEDICA) VALUES
                            (TO_DATE('2020-06-28','YYYY-MM-DD'), 9, '00254', 254);
INSERT INTO EX.SINTOMAS(FECHA_INICIO, ID_SINTOMA, ID_PERSONA, ID_FICHA_MEDICA) VALUES
                            (TO_DATE('2020-01-08','YYYY-MM-DD'), 10, '00254', 254);
INSERT INTO EX.PERSONA(DOC_IDENTIDAD, NOMBRE, NOMBRE1, APELLIDO, APELLIDO1, FECHA_NAC, GENERO, FOTO) VALUES
                  ('00255', 'Kari', 'Christopher', 'Branch', 'Barton', TO_DATE('1998-10-31','YYYY-MM-DD'), 'f', NULL);
INSERT INTO EX.HISTORICO_RESIDENCIA(FECHA_INICIO, ID_LUGAR, ID_PERSONA, FECHA_FIN) VALUES
                  (TO_DATE('1999-12-16','YYYY-MM-DD'), 20, '00255', NULL);
INSERT INTO EX.FICHA_MEDICA(ID, ID_PERSONA, ID_CENTRO_SALUD, ID_LUGAR, ESTADO, FECHA_INFECCION, FECHA_RECUPERACION) VALUES
                                             (255, '00255', 5, 20, 'desconido', NULL, NULL);
INSERT INTO EX.PADECIMIENTOS(ID_PATOLOGIA, ID_PERSONA, ID_FICHA_MEDICA) VALUES
                            (1, '00255', 255);
INSERT INTO EX.PADECIMIENTOS(ID_PATOLOGIA, ID_PERSONA, ID_FICHA_MEDICA) VALUES
                            (2, '00255', 255);
INSERT INTO EX.PERSONA(DOC_IDENTIDAD, NOMBRE, NOMBRE1, APELLIDO, APELLIDO1, FECHA_NAC, GENERO, FOTO) VALUES
                  ('00256', 'Kurt', 'Erin', 'Davis', 'Taylor', TO_DATE('1972-06-12','YYYY-MM-DD'), 'm', NULL);
INSERT INTO EX.HISTORICO_RESIDENCIA(FECHA_INICIO, ID_LUGAR, ID_PERSONA, FECHA_FIN) VALUES
                  (TO_DATE('2009-01-10','YYYY-MM-DD'), 42, '00256', NULL);
INSERT INTO EX.FICHA_MEDICA(ID, ID_PERSONA, ID_CENTRO_SALUD, ID_LUGAR, ESTADO, FECHA_INFECCION, FECHA_RECUPERACION) VALUES
                                             (256, '00256', 27, 42, 'desconido', NULL, NULL);
INSERT INTO EX.PERSONA(DOC_IDENTIDAD, NOMBRE, NOMBRE1, APELLIDO, APELLIDO1, FECHA_NAC, GENERO, FOTO) VALUES
                  ('00257', 'Hannah', 'David', 'Edwards', 'Black', TO_DATE('1983-10-31','YYYY-MM-DD'), 'f', NULL);
INSERT INTO EX.HISTORICO_RESIDENCIA(FECHA_INICIO, ID_LUGAR, ID_PERSONA, FECHA_FIN) VALUES
                  (TO_DATE('1990-03-31','YYYY-MM-DD'), 22, '00257', NULL);
INSERT INTO EX.FICHA_MEDICA(ID, ID_PERSONA, ID_CENTRO_SALUD, ID_LUGAR, ESTADO, FECHA_INFECCION, FECHA_RECUPERACION) VALUES
                                             (257, '00257', 7, 22, 'desconido', NULL, NULL);
INSERT INTO EX.PADECIMIENTOS(ID_PATOLOGIA, ID_PERSONA, ID_FICHA_MEDICA) VALUES
                            (1, '00257', 257);
INSERT INTO EX.PADECIMIENTOS(ID_PATOLOGIA, ID_PERSONA, ID_FICHA_MEDICA) VALUES
                            (2, '00257', 257);
INSERT INTO EX.PADECIMIENTOS(ID_PATOLOGIA, ID_PERSONA, ID_FICHA_MEDICA) VALUES
                            (3, '00257', 257);
INSERT INTO EX.PADECIMIENTOS(ID_PATOLOGIA, ID_PERSONA, ID_FICHA_MEDICA) VALUES
                            (4, '00257', 257);
INSERT INTO EX.PADECIMIENTOS(ID_PATOLOGIA, ID_PERSONA, ID_FICHA_MEDICA) VALUES
                            (5, '00257', 257);
INSERT INTO EX.PADECIMIENTOS(ID_PATOLOGIA, ID_PERSONA, ID_FICHA_MEDICA) VALUES
                            (6, '00257', 257);
INSERT INTO EX.PADECIMIENTOS(ID_PATOLOGIA, ID_PERSONA, ID_FICHA_MEDICA) VALUES
                            (7, '00257', 257);
INSERT INTO EX.PADECIMIENTOS(ID_PATOLOGIA, ID_PERSONA, ID_FICHA_MEDICA) VALUES
                            (8, '00257', 257);
INSERT INTO EX.PADECIMIENTOS(ID_PATOLOGIA, ID_PERSONA, ID_FICHA_MEDICA) VALUES
                            (9, '00257', 257);
INSERT INTO EX.PADECIMIENTOS(ID_PATOLOGIA, ID_PERSONA, ID_FICHA_MEDICA) VALUES
                            (10, '00257', 257);
INSERT INTO EX.SINTOMAS(FECHA_INICIO, ID_SINTOMA, ID_PERSONA, ID_FICHA_MEDICA) VALUES
                            (TO_DATE('2020-04-19','YYYY-MM-DD'), 1, '00257', 257);
INSERT INTO EX.SINTOMAS(FECHA_INICIO, ID_SINTOMA, ID_PERSONA, ID_FICHA_MEDICA) VALUES
                            (TO_DATE('2020-02-28','YYYY-MM-DD'), 2, '00257', 257);
INSERT INTO EX.SINTOMAS(FECHA_INICIO, ID_SINTOMA, ID_PERSONA, ID_FICHA_MEDICA) VALUES
                            (TO_DATE('2020-02-15','YYYY-MM-DD'), 3, '00257', 257);
INSERT INTO EX.SINTOMAS(FECHA_INICIO, ID_SINTOMA, ID_PERSONA, ID_FICHA_MEDICA) VALUES
                            (TO_DATE('2020-05-26','YYYY-MM-DD'), 4, '00257', 257);
INSERT INTO EX.SINTOMAS(FECHA_INICIO, ID_SINTOMA, ID_PERSONA, ID_FICHA_MEDICA) VALUES
                            (TO_DATE('2020-01-28','YYYY-MM-DD'), 5, '00257', 257);
INSERT INTO EX.SINTOMAS(FECHA_INICIO, ID_SINTOMA, ID_PERSONA, ID_FICHA_MEDICA) VALUES
                            (TO_DATE('2020-04-05','YYYY-MM-DD'), 6, '00257', 257);
INSERT INTO EX.SINTOMAS(FECHA_INICIO, ID_SINTOMA, ID_PERSONA, ID_FICHA_MEDICA) VALUES
                            (TO_DATE('2020-02-06','YYYY-MM-DD'), 7, '00257', 257);
INSERT INTO EX.SINTOMAS(FECHA_INICIO, ID_SINTOMA, ID_PERSONA, ID_FICHA_MEDICA) VALUES
                            (TO_DATE('2020-06-22','YYYY-MM-DD'), 8, '00257', 257);
INSERT INTO EX.SINTOMAS(FECHA_INICIO, ID_SINTOMA, ID_PERSONA, ID_FICHA_MEDICA) VALUES
                            (TO_DATE('2020-06-06','YYYY-MM-DD'), 9, '00257', 257);
INSERT INTO EX.SINTOMAS(FECHA_INICIO, ID_SINTOMA, ID_PERSONA, ID_FICHA_MEDICA) VALUES
                            (TO_DATE('2020-03-17','YYYY-MM-DD'), 10, '00257', 257);
INSERT INTO EX.SINTOMAS(FECHA_INICIO, ID_SINTOMA, ID_PERSONA, ID_FICHA_MEDICA) VALUES
                            (TO_DATE('2020-03-22','YYYY-MM-DD'), 11, '00257', 257);
INSERT INTO EX.SINTOMAS(FECHA_INICIO, ID_SINTOMA, ID_PERSONA, ID_FICHA_MEDICA) VALUES
                            (TO_DATE('2020-05-31','YYYY-MM-DD'), 12, '00257', 257);
INSERT INTO EX.SINTOMAS(FECHA_INICIO, ID_SINTOMA, ID_PERSONA, ID_FICHA_MEDICA) VALUES
                            (TO_DATE('2020-04-03','YYYY-MM-DD'), 13, '00257', 257);
INSERT INTO EX.SINTOMAS(FECHA_INICIO, ID_SINTOMA, ID_PERSONA, ID_FICHA_MEDICA) VALUES
                            (TO_DATE('2020-02-11','YYYY-MM-DD'), 14, '00257', 257);
INSERT INTO EX.SINTOMAS(FECHA_INICIO, ID_SINTOMA, ID_PERSONA, ID_FICHA_MEDICA) VALUES
                            (TO_DATE('2020-02-24','YYYY-MM-DD'), 15, '00257', 257);
INSERT INTO EX.SINTOMAS(FECHA_INICIO, ID_SINTOMA, ID_PERSONA, ID_FICHA_MEDICA) VALUES
                            (TO_DATE('2020-05-21','YYYY-MM-DD'), 16, '00257', 257);
INSERT INTO EX.SINTOMAS(FECHA_INICIO, ID_SINTOMA, ID_PERSONA, ID_FICHA_MEDICA) VALUES
                            (TO_DATE('2020-02-17','YYYY-MM-DD'), 17, '00257', 257);
INSERT INTO EX.SINTOMAS(FECHA_INICIO, ID_SINTOMA, ID_PERSONA, ID_FICHA_MEDICA) VALUES
                            (TO_DATE('2020-06-30','YYYY-MM-DD'), 18, '00257', 257);
INSERT INTO EX.PERSONA(DOC_IDENTIDAD, NOMBRE, NOMBRE1, APELLIDO, APELLIDO1, FECHA_NAC, GENERO, FOTO) VALUES
                  ('00258', 'Jeffrey', 'Ryan', 'Donaldson', 'Peterson', TO_DATE('1994-03-29','YYYY-MM-DD'), 'm', NULL);
INSERT INTO EX.HISTORICO_RESIDENCIA(FECHA_INICIO, ID_LUGAR, ID_PERSONA, FECHA_FIN) VALUES
                  (TO_DATE('1983-12-04','YYYY-MM-DD'), 19, '00258', NULL);
INSERT INTO EX.FICHA_MEDICA(ID, ID_PERSONA, ID_CENTRO_SALUD, ID_LUGAR, ESTADO, FECHA_INFECCION, FECHA_RECUPERACION) VALUES
                                             (258, '00258', 4, 19, 'desconido', NULL, NULL);
INSERT INTO EX.PADECIMIENTOS(ID_PATOLOGIA, ID_PERSONA, ID_FICHA_MEDICA) VALUES
                            (1, '00258', 258);
INSERT INTO EX.PADECIMIENTOS(ID_PATOLOGIA, ID_PERSONA, ID_FICHA_MEDICA) VALUES
                            (2, '00258', 258);
INSERT INTO EX.PADECIMIENTOS(ID_PATOLOGIA, ID_PERSONA, ID_FICHA_MEDICA) VALUES
                            (3, '00258', 258);
INSERT INTO EX.PADECIMIENTOS(ID_PATOLOGIA, ID_PERSONA, ID_FICHA_MEDICA) VALUES
                            (4, '00258', 258);
INSERT INTO EX.PADECIMIENTOS(ID_PATOLOGIA, ID_PERSONA, ID_FICHA_MEDICA) VALUES
                            (5, '00258', 258);
INSERT INTO EX.PADECIMIENTOS(ID_PATOLOGIA, ID_PERSONA, ID_FICHA_MEDICA) VALUES
                            (6, '00258', 258);
INSERT INTO EX.PADECIMIENTOS(ID_PATOLOGIA, ID_PERSONA, ID_FICHA_MEDICA) VALUES
                            (7, '00258', 258);
INSERT INTO EX.PADECIMIENTOS(ID_PATOLOGIA, ID_PERSONA, ID_FICHA_MEDICA) VALUES
                            (8, '00258', 258);
INSERT INTO EX.PADECIMIENTOS(ID_PATOLOGIA, ID_PERSONA, ID_FICHA_MEDICA) VALUES
                            (9, '00258', 258);
INSERT INTO EX.PERSONA(DOC_IDENTIDAD, NOMBRE, NOMBRE1, APELLIDO, APELLIDO1, FECHA_NAC, GENERO, FOTO) VALUES
                  ('00259', 'Terri', 'James', 'Beasley', 'Dean', TO_DATE('1984-04-17','YYYY-MM-DD'), 'f', NULL);
INSERT INTO EX.HISTORICO_RESIDENCIA(FECHA_INICIO, ID_LUGAR, ID_PERSONA, FECHA_FIN) VALUES
                  (TO_DATE('1990-11-27','YYYY-MM-DD'), 34, '00259', NULL);
INSERT INTO EX.FICHA_MEDICA(ID, ID_PERSONA, ID_CENTRO_SALUD, ID_LUGAR, ESTADO, FECHA_INFECCION, FECHA_RECUPERACION) VALUES
                                             (259, '00259', 19, 34, 'desconido', NULL, NULL);
INSERT INTO EX.SINTOMAS(FECHA_INICIO, ID_SINTOMA, ID_PERSONA, ID_FICHA_MEDICA) VALUES
                            (TO_DATE('2020-02-26','YYYY-MM-DD'), 1, '00259', 259);
INSERT INTO EX.SINTOMAS(FECHA_INICIO, ID_SINTOMA, ID_PERSONA, ID_FICHA_MEDICA) VALUES
                            (TO_DATE('2020-06-26','YYYY-MM-DD'), 2, '00259', 259);
INSERT INTO EX.SINTOMAS(FECHA_INICIO, ID_SINTOMA, ID_PERSONA, ID_FICHA_MEDICA) VALUES
                            (TO_DATE('2020-05-10','YYYY-MM-DD'), 3, '00259', 259);
INSERT INTO EX.SINTOMAS(FECHA_INICIO, ID_SINTOMA, ID_PERSONA, ID_FICHA_MEDICA) VALUES
                            (TO_DATE('2020-03-08','YYYY-MM-DD'), 4, '00259', 259);
INSERT INTO EX.PERSONA(DOC_IDENTIDAD, NOMBRE, NOMBRE1, APELLIDO, APELLIDO1, FECHA_NAC, GENERO, FOTO) VALUES
                  ('00260', 'Meredith', 'Matthew', 'Wilcox', 'Ingram', TO_DATE('2009-02-18','YYYY-MM-DD'), 'm', NULL);
INSERT INTO EX.HISTORICO_RESIDENCIA(FECHA_INICIO, ID_LUGAR, ID_PERSONA, FECHA_FIN) VALUES
                  (TO_DATE('1977-03-25','YYYY-MM-DD'), 44, '00260', NULL);
INSERT INTO EX.FICHA_MEDICA(ID, ID_PERSONA, ID_CENTRO_SALUD, ID_LUGAR, ESTADO, FECHA_INFECCION, FECHA_RECUPERACION) VALUES
                                             (260, '00260', 29, 44, 'desconido', NULL, NULL);
INSERT INTO EX.PADECIMIENTOS(ID_PATOLOGIA, ID_PERSONA, ID_FICHA_MEDICA) VALUES
                            (1, '00260', 260);
INSERT INTO EX.PADECIMIENTOS(ID_PATOLOGIA, ID_PERSONA, ID_FICHA_MEDICA) VALUES
                            (2, '00260', 260);
INSERT INTO EX.PADECIMIENTOS(ID_PATOLOGIA, ID_PERSONA, ID_FICHA_MEDICA) VALUES
                            (3, '00260', 260);
INSERT INTO EX.PADECIMIENTOS(ID_PATOLOGIA, ID_PERSONA, ID_FICHA_MEDICA) VALUES
                            (4, '00260', 260);
INSERT INTO EX.PADECIMIENTOS(ID_PATOLOGIA, ID_PERSONA, ID_FICHA_MEDICA) VALUES
                            (5, '00260', 260);
INSERT INTO EX.PADECIMIENTOS(ID_PATOLOGIA, ID_PERSONA, ID_FICHA_MEDICA) VALUES
                            (6, '00260', 260);
INSERT INTO EX.PADECIMIENTOS(ID_PATOLOGIA, ID_PERSONA, ID_FICHA_MEDICA) VALUES
                            (7, '00260', 260);
INSERT INTO EX.PADECIMIENTOS(ID_PATOLOGIA, ID_PERSONA, ID_FICHA_MEDICA) VALUES
                            (8, '00260', 260);
INSERT INTO EX.PADECIMIENTOS(ID_PATOLOGIA, ID_PERSONA, ID_FICHA_MEDICA) VALUES
                            (9, '00260', 260);
INSERT INTO EX.PADECIMIENTOS(ID_PATOLOGIA, ID_PERSONA, ID_FICHA_MEDICA) VALUES
                            (10, '00260', 260);
INSERT INTO EX.PADECIMIENTOS(ID_PATOLOGIA, ID_PERSONA, ID_FICHA_MEDICA) VALUES
                            (11, '00260', 260);
INSERT INTO EX.SINTOMAS(FECHA_INICIO, ID_SINTOMA, ID_PERSONA, ID_FICHA_MEDICA) VALUES
                            (TO_DATE('2020-03-07','YYYY-MM-DD'), 1, '00260', 260);
INSERT INTO EX.PERSONA(DOC_IDENTIDAD, NOMBRE, NOMBRE1, APELLIDO, APELLIDO1, FECHA_NAC, GENERO, FOTO) VALUES
                  ('00261', 'Calvin', 'Martin', 'Lynn', 'Osborne', TO_DATE('2003-07-20','YYYY-MM-DD'), 'f', NULL);
INSERT INTO EX.HISTORICO_RESIDENCIA(FECHA_INICIO, ID_LUGAR, ID_PERSONA, FECHA_FIN) VALUES
                  (TO_DATE('2009-08-13','YYYY-MM-DD'), 22, '00261', NULL);
INSERT INTO EX.FICHA_MEDICA(ID, ID_PERSONA, ID_CENTRO_SALUD, ID_LUGAR, ESTADO, FECHA_INFECCION, FECHA_RECUPERACION) VALUES
                                             (261, '00261', 7, 22, 'desconido', NULL, NULL);
INSERT INTO EX.PADECIMIENTOS(ID_PATOLOGIA, ID_PERSONA, ID_FICHA_MEDICA) VALUES
                            (1, '00261', 261);
INSERT INTO EX.PERSONA(DOC_IDENTIDAD, NOMBRE, NOMBRE1, APELLIDO, APELLIDO1, FECHA_NAC, GENERO, FOTO) VALUES
                  ('00262', 'Jessica', 'Brooke', 'Lewis', 'Mccarthy', TO_DATE('1979-05-23','YYYY-MM-DD'), 'm', NULL);
INSERT INTO EX.HISTORICO_RESIDENCIA(FECHA_INICIO, ID_LUGAR, ID_PERSONA, FECHA_FIN) VALUES
                  (TO_DATE('1992-01-14','YYYY-MM-DD'), 29, '00262', NULL);
INSERT INTO EX.FICHA_MEDICA(ID, ID_PERSONA, ID_CENTRO_SALUD, ID_LUGAR, ESTADO, FECHA_INFECCION, FECHA_RECUPERACION) VALUES
                                             (262, '00262', 14, 29, 'desconido', NULL, NULL);
INSERT INTO EX.PADECIMIENTOS(ID_PATOLOGIA, ID_PERSONA, ID_FICHA_MEDICA) VALUES
                            (1, '00262', 262);
INSERT INTO EX.PADECIMIENTOS(ID_PATOLOGIA, ID_PERSONA, ID_FICHA_MEDICA) VALUES
                            (2, '00262', 262);
INSERT INTO EX.PADECIMIENTOS(ID_PATOLOGIA, ID_PERSONA, ID_FICHA_MEDICA) VALUES
                            (3, '00262', 262);
INSERT INTO EX.PERSONA(DOC_IDENTIDAD, NOMBRE, NOMBRE1, APELLIDO, APELLIDO1, FECHA_NAC, GENERO, FOTO) VALUES
                  ('00263', 'Connie', 'Billy', 'Perez', 'Barnes', TO_DATE('1979-09-23','YYYY-MM-DD'), 'f', NULL);
INSERT INTO EX.HISTORICO_RESIDENCIA(FECHA_INICIO, ID_LUGAR, ID_PERSONA, FECHA_FIN) VALUES
                  (TO_DATE('1975-03-31','YYYY-MM-DD'), 33, '00263', NULL);
INSERT INTO EX.FICHA_MEDICA(ID, ID_PERSONA, ID_CENTRO_SALUD, ID_LUGAR, ESTADO, FECHA_INFECCION, FECHA_RECUPERACION) VALUES
                                             (263, '00263', 18, 33, 'desconido', NULL, NULL);
INSERT INTO EX.PERSONA(DOC_IDENTIDAD, NOMBRE, NOMBRE1, APELLIDO, APELLIDO1, FECHA_NAC, GENERO, FOTO) VALUES
                  ('00264', 'John', 'Christina', 'Johnson', 'Mueller', TO_DATE('1980-03-26','YYYY-MM-DD'), 'm', NULL);
INSERT INTO EX.HISTORICO_RESIDENCIA(FECHA_INICIO, ID_LUGAR, ID_PERSONA, FECHA_FIN) VALUES
                  (TO_DATE('1983-11-19','YYYY-MM-DD'), 28, '00264', NULL);
INSERT INTO EX.FICHA_MEDICA(ID, ID_PERSONA, ID_CENTRO_SALUD, ID_LUGAR, ESTADO, FECHA_INFECCION, FECHA_RECUPERACION) VALUES
                                             (264, '00264', 13, 28, 'desconido', NULL, NULL);
INSERT INTO EX.SINTOMAS(FECHA_INICIO, ID_SINTOMA, ID_PERSONA, ID_FICHA_MEDICA) VALUES
                            (TO_DATE('2020-04-24','YYYY-MM-DD'), 1, '00264', 264);
INSERT INTO EX.SINTOMAS(FECHA_INICIO, ID_SINTOMA, ID_PERSONA, ID_FICHA_MEDICA) VALUES
                            (TO_DATE('2020-03-13','YYYY-MM-DD'), 2, '00264', 264);
INSERT INTO EX.SINTOMAS(FECHA_INICIO, ID_SINTOMA, ID_PERSONA, ID_FICHA_MEDICA) VALUES
                            (TO_DATE('2020-04-03','YYYY-MM-DD'), 3, '00264', 264);
INSERT INTO EX.SINTOMAS(FECHA_INICIO, ID_SINTOMA, ID_PERSONA, ID_FICHA_MEDICA) VALUES
                            (TO_DATE('2020-02-12','YYYY-MM-DD'), 4, '00264', 264);
INSERT INTO EX.SINTOMAS(FECHA_INICIO, ID_SINTOMA, ID_PERSONA, ID_FICHA_MEDICA) VALUES
                            (TO_DATE('2020-05-24','YYYY-MM-DD'), 5, '00264', 264);
INSERT INTO EX.SINTOMAS(FECHA_INICIO, ID_SINTOMA, ID_PERSONA, ID_FICHA_MEDICA) VALUES
                            (TO_DATE('2020-02-11','YYYY-MM-DD'), 6, '00264', 264);
INSERT INTO EX.SINTOMAS(FECHA_INICIO, ID_SINTOMA, ID_PERSONA, ID_FICHA_MEDICA) VALUES
                            (TO_DATE('2020-04-19','YYYY-MM-DD'), 7, '00264', 264);
INSERT INTO EX.SINTOMAS(FECHA_INICIO, ID_SINTOMA, ID_PERSONA, ID_FICHA_MEDICA) VALUES
                            (TO_DATE('2020-01-25','YYYY-MM-DD'), 8, '00264', 264);
INSERT INTO EX.SINTOMAS(FECHA_INICIO, ID_SINTOMA, ID_PERSONA, ID_FICHA_MEDICA) VALUES
                            (TO_DATE('2020-06-05','YYYY-MM-DD'), 9, '00264', 264);
INSERT INTO EX.SINTOMAS(FECHA_INICIO, ID_SINTOMA, ID_PERSONA, ID_FICHA_MEDICA) VALUES
                            (TO_DATE('2020-02-20','YYYY-MM-DD'), 10, '00264', 264);
INSERT INTO EX.SINTOMAS(FECHA_INICIO, ID_SINTOMA, ID_PERSONA, ID_FICHA_MEDICA) VALUES
                            (TO_DATE('2020-02-27','YYYY-MM-DD'), 11, '00264', 264);
INSERT INTO EX.SINTOMAS(FECHA_INICIO, ID_SINTOMA, ID_PERSONA, ID_FICHA_MEDICA) VALUES
                            (TO_DATE('2020-01-01','YYYY-MM-DD'), 12, '00264', 264);
INSERT INTO EX.SINTOMAS(FECHA_INICIO, ID_SINTOMA, ID_PERSONA, ID_FICHA_MEDICA) VALUES
                            (TO_DATE('2020-03-13','YYYY-MM-DD'), 13, '00264', 264);
INSERT INTO EX.SINTOMAS(FECHA_INICIO, ID_SINTOMA, ID_PERSONA, ID_FICHA_MEDICA) VALUES
                            (TO_DATE('2020-06-25','YYYY-MM-DD'), 14, '00264', 264);
INSERT INTO EX.PERSONA(DOC_IDENTIDAD, NOMBRE, NOMBRE1, APELLIDO, APELLIDO1, FECHA_NAC, GENERO, FOTO) VALUES
                  ('00265', 'Stephanie', 'Sydney', 'Adams', 'Alexander', TO_DATE('1983-11-19','YYYY-MM-DD'), 'f', NULL);
INSERT INTO EX.HISTORICO_RESIDENCIA(FECHA_INICIO, ID_LUGAR, ID_PERSONA, FECHA_FIN) VALUES
                  (TO_DATE('2015-03-28','YYYY-MM-DD'), 36, '00265', NULL);
INSERT INTO EX.FICHA_MEDICA(ID, ID_PERSONA, ID_CENTRO_SALUD, ID_LUGAR, ESTADO, FECHA_INFECCION, FECHA_RECUPERACION) VALUES
                                             (265, '00265', 21, 36, 'desconido', NULL, NULL);
INSERT INTO EX.PADECIMIENTOS(ID_PATOLOGIA, ID_PERSONA, ID_FICHA_MEDICA) VALUES
                            (1, '00265', 265);
INSERT INTO EX.PADECIMIENTOS(ID_PATOLOGIA, ID_PERSONA, ID_FICHA_MEDICA) VALUES
                            (2, '00265', 265);
INSERT INTO EX.PADECIMIENTOS(ID_PATOLOGIA, ID_PERSONA, ID_FICHA_MEDICA) VALUES
                            (3, '00265', 265);
INSERT INTO EX.PADECIMIENTOS(ID_PATOLOGIA, ID_PERSONA, ID_FICHA_MEDICA) VALUES
                            (4, '00265', 265);
INSERT INTO EX.PADECIMIENTOS(ID_PATOLOGIA, ID_PERSONA, ID_FICHA_MEDICA) VALUES
                            (5, '00265', 265);
INSERT INTO EX.PADECIMIENTOS(ID_PATOLOGIA, ID_PERSONA, ID_FICHA_MEDICA) VALUES
                            (6, '00265', 265);
INSERT INTO EX.PADECIMIENTOS(ID_PATOLOGIA, ID_PERSONA, ID_FICHA_MEDICA) VALUES
                            (7, '00265', 265);
INSERT INTO EX.PADECIMIENTOS(ID_PATOLOGIA, ID_PERSONA, ID_FICHA_MEDICA) VALUES
                            (8, '00265', 265);
INSERT INTO EX.PADECIMIENTOS(ID_PATOLOGIA, ID_PERSONA, ID_FICHA_MEDICA) VALUES
                            (9, '00265', 265);
INSERT INTO EX.PADECIMIENTOS(ID_PATOLOGIA, ID_PERSONA, ID_FICHA_MEDICA) VALUES
                            (10, '00265', 265);
INSERT INTO EX.SINTOMAS(FECHA_INICIO, ID_SINTOMA, ID_PERSONA, ID_FICHA_MEDICA) VALUES
                            (TO_DATE('2020-03-08','YYYY-MM-DD'), 1, '00265', 265);
INSERT INTO EX.SINTOMAS(FECHA_INICIO, ID_SINTOMA, ID_PERSONA, ID_FICHA_MEDICA) VALUES
                            (TO_DATE('2020-06-28','YYYY-MM-DD'), 2, '00265', 265);
INSERT INTO EX.SINTOMAS(FECHA_INICIO, ID_SINTOMA, ID_PERSONA, ID_FICHA_MEDICA) VALUES
                            (TO_DATE('2020-06-09','YYYY-MM-DD'), 3, '00265', 265);
INSERT INTO EX.SINTOMAS(FECHA_INICIO, ID_SINTOMA, ID_PERSONA, ID_FICHA_MEDICA) VALUES
                            (TO_DATE('2020-04-14','YYYY-MM-DD'), 4, '00265', 265);
INSERT INTO EX.SINTOMAS(FECHA_INICIO, ID_SINTOMA, ID_PERSONA, ID_FICHA_MEDICA) VALUES
                            (TO_DATE('2020-06-10','YYYY-MM-DD'), 5, '00265', 265);
INSERT INTO EX.SINTOMAS(FECHA_INICIO, ID_SINTOMA, ID_PERSONA, ID_FICHA_MEDICA) VALUES
                            (TO_DATE('2020-04-30','YYYY-MM-DD'), 6, '00265', 265);
INSERT INTO EX.SINTOMAS(FECHA_INICIO, ID_SINTOMA, ID_PERSONA, ID_FICHA_MEDICA) VALUES
                            (TO_DATE('2020-01-03','YYYY-MM-DD'), 7, '00265', 265);
INSERT INTO EX.SINTOMAS(FECHA_INICIO, ID_SINTOMA, ID_PERSONA, ID_FICHA_MEDICA) VALUES
                            (TO_DATE('2020-01-02','YYYY-MM-DD'), 8, '00265', 265);
INSERT INTO EX.SINTOMAS(FECHA_INICIO, ID_SINTOMA, ID_PERSONA, ID_FICHA_MEDICA) VALUES
                            (TO_DATE('2020-04-26','YYYY-MM-DD'), 9, '00265', 265);
INSERT INTO EX.SINTOMAS(FECHA_INICIO, ID_SINTOMA, ID_PERSONA, ID_FICHA_MEDICA) VALUES
                            (TO_DATE('2020-01-30','YYYY-MM-DD'), 10, '00265', 265);
INSERT INTO EX.SINTOMAS(FECHA_INICIO, ID_SINTOMA, ID_PERSONA, ID_FICHA_MEDICA) VALUES
                            (TO_DATE('2020-05-03','YYYY-MM-DD'), 11, '00265', 265);
INSERT INTO EX.SINTOMAS(FECHA_INICIO, ID_SINTOMA, ID_PERSONA, ID_FICHA_MEDICA) VALUES
                            (TO_DATE('2020-02-01','YYYY-MM-DD'), 12, '00265', 265);
INSERT INTO EX.SINTOMAS(FECHA_INICIO, ID_SINTOMA, ID_PERSONA, ID_FICHA_MEDICA) VALUES
                            (TO_DATE('2020-04-05','YYYY-MM-DD'), 13, '00265', 265);
INSERT INTO EX.SINTOMAS(FECHA_INICIO, ID_SINTOMA, ID_PERSONA, ID_FICHA_MEDICA) VALUES
                            (TO_DATE('2020-04-10','YYYY-MM-DD'), 14, '00265', 265);
INSERT INTO EX.SINTOMAS(FECHA_INICIO, ID_SINTOMA, ID_PERSONA, ID_FICHA_MEDICA) VALUES
                            (TO_DATE('2020-06-29','YYYY-MM-DD'), 15, '00265', 265);
INSERT INTO EX.PERSONA(DOC_IDENTIDAD, NOMBRE, NOMBRE1, APELLIDO, APELLIDO1, FECHA_NAC, GENERO, FOTO) VALUES
                  ('00266', 'Frank', 'Shawn', 'Woods', 'Gomez', TO_DATE('2005-12-12','YYYY-MM-DD'), 'm', NULL);
INSERT INTO EX.HISTORICO_RESIDENCIA(FECHA_INICIO, ID_LUGAR, ID_PERSONA, FECHA_FIN) VALUES
                  (TO_DATE('2009-02-12','YYYY-MM-DD'), 36, '00266', NULL);
INSERT INTO EX.FICHA_MEDICA(ID, ID_PERSONA, ID_CENTRO_SALUD, ID_LUGAR, ESTADO, FECHA_INFECCION, FECHA_RECUPERACION) VALUES
                                             (266, '00266', 21, 36, 'desconido', NULL, NULL);
INSERT INTO EX.SINTOMAS(FECHA_INICIO, ID_SINTOMA, ID_PERSONA, ID_FICHA_MEDICA) VALUES
                            (TO_DATE('2020-06-29','YYYY-MM-DD'), 1, '00266', 266);
INSERT INTO EX.SINTOMAS(FECHA_INICIO, ID_SINTOMA, ID_PERSONA, ID_FICHA_MEDICA) VALUES
                            (TO_DATE('2020-05-26','YYYY-MM-DD'), 2, '00266', 266);
INSERT INTO EX.SINTOMAS(FECHA_INICIO, ID_SINTOMA, ID_PERSONA, ID_FICHA_MEDICA) VALUES
                            (TO_DATE('2020-03-10','YYYY-MM-DD'), 3, '00266', 266);
INSERT INTO EX.SINTOMAS(FECHA_INICIO, ID_SINTOMA, ID_PERSONA, ID_FICHA_MEDICA) VALUES
                            (TO_DATE('2020-01-03','YYYY-MM-DD'), 4, '00266', 266);
INSERT INTO EX.SINTOMAS(FECHA_INICIO, ID_SINTOMA, ID_PERSONA, ID_FICHA_MEDICA) VALUES
                            (TO_DATE('2020-06-14','YYYY-MM-DD'), 5, '00266', 266);
INSERT INTO EX.SINTOMAS(FECHA_INICIO, ID_SINTOMA, ID_PERSONA, ID_FICHA_MEDICA) VALUES
                            (TO_DATE('2020-05-12','YYYY-MM-DD'), 6, '00266', 266);
INSERT INTO EX.SINTOMAS(FECHA_INICIO, ID_SINTOMA, ID_PERSONA, ID_FICHA_MEDICA) VALUES
                            (TO_DATE('2020-04-06','YYYY-MM-DD'), 7, '00266', 266);
INSERT INTO EX.SINTOMAS(FECHA_INICIO, ID_SINTOMA, ID_PERSONA, ID_FICHA_MEDICA) VALUES
                            (TO_DATE('2020-05-29','YYYY-MM-DD'), 8, '00266', 266);
INSERT INTO EX.SINTOMAS(FECHA_INICIO, ID_SINTOMA, ID_PERSONA, ID_FICHA_MEDICA) VALUES
                            (TO_DATE('2020-01-24','YYYY-MM-DD'), 9, '00266', 266);
INSERT INTO EX.SINTOMAS(FECHA_INICIO, ID_SINTOMA, ID_PERSONA, ID_FICHA_MEDICA) VALUES
                            (TO_DATE('2020-04-03','YYYY-MM-DD'), 10, '00266', 266);
INSERT INTO EX.SINTOMAS(FECHA_INICIO, ID_SINTOMA, ID_PERSONA, ID_FICHA_MEDICA) VALUES
                            (TO_DATE('2020-03-20','YYYY-MM-DD'), 11, '00266', 266);
INSERT INTO EX.SINTOMAS(FECHA_INICIO, ID_SINTOMA, ID_PERSONA, ID_FICHA_MEDICA) VALUES
                            (TO_DATE('2020-05-11','YYYY-MM-DD'), 12, '00266', 266);
INSERT INTO EX.SINTOMAS(FECHA_INICIO, ID_SINTOMA, ID_PERSONA, ID_FICHA_MEDICA) VALUES
                            (TO_DATE('2020-06-30','YYYY-MM-DD'), 13, '00266', 266);
INSERT INTO EX.SINTOMAS(FECHA_INICIO, ID_SINTOMA, ID_PERSONA, ID_FICHA_MEDICA) VALUES
                            (TO_DATE('2020-07-01','YYYY-MM-DD'), 14, '00266', 266);
INSERT INTO EX.SINTOMAS(FECHA_INICIO, ID_SINTOMA, ID_PERSONA, ID_FICHA_MEDICA) VALUES
                            (TO_DATE('2020-05-23','YYYY-MM-DD'), 15, '00266', 266);
INSERT INTO EX.SINTOMAS(FECHA_INICIO, ID_SINTOMA, ID_PERSONA, ID_FICHA_MEDICA) VALUES
                            (TO_DATE('2020-06-30','YYYY-MM-DD'), 16, '00266', 266);
INSERT INTO EX.PERSONA(DOC_IDENTIDAD, NOMBRE, NOMBRE1, APELLIDO, APELLIDO1, FECHA_NAC, GENERO, FOTO) VALUES
                  ('00267', 'Zachary', 'Laura', 'Burton', 'Frost', TO_DATE('1989-09-05','YYYY-MM-DD'), 'f', NULL);
INSERT INTO EX.HISTORICO_RESIDENCIA(FECHA_INICIO, ID_LUGAR, ID_PERSONA, FECHA_FIN) VALUES
                  (TO_DATE('1999-08-20','YYYY-MM-DD'), 44, '00267', NULL);
INSERT INTO EX.FICHA_MEDICA(ID, ID_PERSONA, ID_CENTRO_SALUD, ID_LUGAR, ESTADO, FECHA_INFECCION, FECHA_RECUPERACION) VALUES
                                             (267, '00267', 29, 44, 'desconido', NULL, NULL);
INSERT INTO EX.PADECIMIENTOS(ID_PATOLOGIA, ID_PERSONA, ID_FICHA_MEDICA) VALUES
                            (1, '00267', 267);
INSERT INTO EX.PADECIMIENTOS(ID_PATOLOGIA, ID_PERSONA, ID_FICHA_MEDICA) VALUES
                            (2, '00267', 267);
INSERT INTO EX.PADECIMIENTOS(ID_PATOLOGIA, ID_PERSONA, ID_FICHA_MEDICA) VALUES
                            (3, '00267', 267);
INSERT INTO EX.PERSONA(DOC_IDENTIDAD, NOMBRE, NOMBRE1, APELLIDO, APELLIDO1, FECHA_NAC, GENERO, FOTO) VALUES
                  ('00268', 'Angela', 'Sara', 'Morgan', 'Cox', TO_DATE('2008-07-11','YYYY-MM-DD'), 'm', NULL);
INSERT INTO EX.HISTORICO_RESIDENCIA(FECHA_INICIO, ID_LUGAR, ID_PERSONA, FECHA_FIN) VALUES
                  (TO_DATE('1985-11-18','YYYY-MM-DD'), 35, '00268', NULL);
INSERT INTO EX.FICHA_MEDICA(ID, ID_PERSONA, ID_CENTRO_SALUD, ID_LUGAR, ESTADO, FECHA_INFECCION, FECHA_RECUPERACION) VALUES
                                             (268, '00268', 20, 35, 'desconido', NULL, NULL);
INSERT INTO EX.PERSONA(DOC_IDENTIDAD, NOMBRE, NOMBRE1, APELLIDO, APELLIDO1, FECHA_NAC, GENERO, FOTO) VALUES
                  ('00269', 'Sergio', 'Louis', 'Lee', 'Moyer', TO_DATE('1970-12-30','YYYY-MM-DD'), 'f', NULL);
INSERT INTO EX.HISTORICO_RESIDENCIA(FECHA_INICIO, ID_LUGAR, ID_PERSONA, FECHA_FIN) VALUES
                  (TO_DATE('1981-06-14','YYYY-MM-DD'), 20, '00269', NULL);
INSERT INTO EX.FICHA_MEDICA(ID, ID_PERSONA, ID_CENTRO_SALUD, ID_LUGAR, ESTADO, FECHA_INFECCION, FECHA_RECUPERACION) VALUES
                                             (269, '00269', 5, 20, 'desconido', NULL, NULL);
INSERT INTO EX.PADECIMIENTOS(ID_PATOLOGIA, ID_PERSONA, ID_FICHA_MEDICA) VALUES
                            (1, '00269', 269);
INSERT INTO EX.PADECIMIENTOS(ID_PATOLOGIA, ID_PERSONA, ID_FICHA_MEDICA) VALUES
                            (2, '00269', 269);
INSERT INTO EX.PADECIMIENTOS(ID_PATOLOGIA, ID_PERSONA, ID_FICHA_MEDICA) VALUES
                            (3, '00269', 269);
INSERT INTO EX.PADECIMIENTOS(ID_PATOLOGIA, ID_PERSONA, ID_FICHA_MEDICA) VALUES
                            (4, '00269', 269);
INSERT INTO EX.PADECIMIENTOS(ID_PATOLOGIA, ID_PERSONA, ID_FICHA_MEDICA) VALUES
                            (5, '00269', 269);
INSERT INTO EX.PADECIMIENTOS(ID_PATOLOGIA, ID_PERSONA, ID_FICHA_MEDICA) VALUES
                            (6, '00269', 269);
INSERT INTO EX.PADECIMIENTOS(ID_PATOLOGIA, ID_PERSONA, ID_FICHA_MEDICA) VALUES
                            (7, '00269', 269);
INSERT INTO EX.PADECIMIENTOS(ID_PATOLOGIA, ID_PERSONA, ID_FICHA_MEDICA) VALUES
                            (8, '00269', 269);
INSERT INTO EX.PADECIMIENTOS(ID_PATOLOGIA, ID_PERSONA, ID_FICHA_MEDICA) VALUES
                            (9, '00269', 269);
INSERT INTO EX.PADECIMIENTOS(ID_PATOLOGIA, ID_PERSONA, ID_FICHA_MEDICA) VALUES
                            (10, '00269', 269);
INSERT INTO EX.PADECIMIENTOS(ID_PATOLOGIA, ID_PERSONA, ID_FICHA_MEDICA) VALUES
                            (11, '00269', 269);
INSERT INTO EX.PADECIMIENTOS(ID_PATOLOGIA, ID_PERSONA, ID_FICHA_MEDICA) VALUES
                            (12, '00269', 269);
INSERT INTO EX.PERSONA(DOC_IDENTIDAD, NOMBRE, NOMBRE1, APELLIDO, APELLIDO1, FECHA_NAC, GENERO, FOTO) VALUES
                  ('00270', 'Michael', 'Russell', 'Taylor', 'Foley', TO_DATE('1973-12-08','YYYY-MM-DD'), 'm', NULL);
INSERT INTO EX.HISTORICO_RESIDENCIA(FECHA_INICIO, ID_LUGAR, ID_PERSONA, FECHA_FIN) VALUES
                  (TO_DATE('1970-07-01','YYYY-MM-DD'), 39, '00270', NULL);
INSERT INTO EX.FICHA_MEDICA(ID, ID_PERSONA, ID_CENTRO_SALUD, ID_LUGAR, ESTADO, FECHA_INFECCION, FECHA_RECUPERACION) VALUES
                                             (270, '00270', 24, 39, 'desconido', NULL, NULL);
INSERT INTO EX.PADECIMIENTOS(ID_PATOLOGIA, ID_PERSONA, ID_FICHA_MEDICA) VALUES
                            (1, '00270', 270);
INSERT INTO EX.SINTOMAS(FECHA_INICIO, ID_SINTOMA, ID_PERSONA, ID_FICHA_MEDICA) VALUES
                            (TO_DATE('2020-02-15','YYYY-MM-DD'), 1, '00270', 270);
INSERT INTO EX.SINTOMAS(FECHA_INICIO, ID_SINTOMA, ID_PERSONA, ID_FICHA_MEDICA) VALUES
                            (TO_DATE('2020-02-28','YYYY-MM-DD'), 2, '00270', 270);
INSERT INTO EX.PERSONA(DOC_IDENTIDAD, NOMBRE, NOMBRE1, APELLIDO, APELLIDO1, FECHA_NAC, GENERO, FOTO) VALUES
                  ('00271', 'Jesse', 'Meagan', 'Dickson', 'Scott', TO_DATE('1995-08-17','YYYY-MM-DD'), 'f', NULL);
INSERT INTO EX.HISTORICO_RESIDENCIA(FECHA_INICIO, ID_LUGAR, ID_PERSONA, FECHA_FIN) VALUES
                  (TO_DATE('2004-08-01','YYYY-MM-DD'), 23, '00271', NULL);
INSERT INTO EX.FICHA_MEDICA(ID, ID_PERSONA, ID_CENTRO_SALUD, ID_LUGAR, ESTADO, FECHA_INFECCION, FECHA_RECUPERACION) VALUES
                                             (271, '00271', 8, 23, 'desconido', NULL, NULL);
INSERT INTO EX.PADECIMIENTOS(ID_PATOLOGIA, ID_PERSONA, ID_FICHA_MEDICA) VALUES
                            (1, '00271', 271);
INSERT INTO EX.PADECIMIENTOS(ID_PATOLOGIA, ID_PERSONA, ID_FICHA_MEDICA) VALUES
                            (2, '00271', 271);
INSERT INTO EX.SINTOMAS(FECHA_INICIO, ID_SINTOMA, ID_PERSONA, ID_FICHA_MEDICA) VALUES
                            (TO_DATE('2020-03-10','YYYY-MM-DD'), 1, '00271', 271);
INSERT INTO EX.SINTOMAS(FECHA_INICIO, ID_SINTOMA, ID_PERSONA, ID_FICHA_MEDICA) VALUES
                            (TO_DATE('2020-06-26','YYYY-MM-DD'), 2, '00271', 271);
INSERT INTO EX.SINTOMAS(FECHA_INICIO, ID_SINTOMA, ID_PERSONA, ID_FICHA_MEDICA) VALUES
                            (TO_DATE('2020-03-11','YYYY-MM-DD'), 3, '00271', 271);
INSERT INTO EX.SINTOMAS(FECHA_INICIO, ID_SINTOMA, ID_PERSONA, ID_FICHA_MEDICA) VALUES
                            (TO_DATE('2020-03-21','YYYY-MM-DD'), 4, '00271', 271);
INSERT INTO EX.SINTOMAS(FECHA_INICIO, ID_SINTOMA, ID_PERSONA, ID_FICHA_MEDICA) VALUES
                            (TO_DATE('2020-02-01','YYYY-MM-DD'), 5, '00271', 271);
INSERT INTO EX.SINTOMAS(FECHA_INICIO, ID_SINTOMA, ID_PERSONA, ID_FICHA_MEDICA) VALUES
                            (TO_DATE('2020-04-28','YYYY-MM-DD'), 6, '00271', 271);
INSERT INTO EX.SINTOMAS(FECHA_INICIO, ID_SINTOMA, ID_PERSONA, ID_FICHA_MEDICA) VALUES
                            (TO_DATE('2020-01-11','YYYY-MM-DD'), 7, '00271', 271);
INSERT INTO EX.SINTOMAS(FECHA_INICIO, ID_SINTOMA, ID_PERSONA, ID_FICHA_MEDICA) VALUES
                            (TO_DATE('2020-01-03','YYYY-MM-DD'), 8, '00271', 271);
INSERT INTO EX.SINTOMAS(FECHA_INICIO, ID_SINTOMA, ID_PERSONA, ID_FICHA_MEDICA) VALUES
                            (TO_DATE('2020-04-08','YYYY-MM-DD'), 9, '00271', 271);
INSERT INTO EX.SINTOMAS(FECHA_INICIO, ID_SINTOMA, ID_PERSONA, ID_FICHA_MEDICA) VALUES
                            (TO_DATE('2020-03-20','YYYY-MM-DD'), 10, '00271', 271);
INSERT INTO EX.SINTOMAS(FECHA_INICIO, ID_SINTOMA, ID_PERSONA, ID_FICHA_MEDICA) VALUES
                            (TO_DATE('2020-03-09','YYYY-MM-DD'), 11, '00271', 271);
INSERT INTO EX.SINTOMAS(FECHA_INICIO, ID_SINTOMA, ID_PERSONA, ID_FICHA_MEDICA) VALUES
                            (TO_DATE('2020-01-28','YYYY-MM-DD'), 12, '00271', 271);
INSERT INTO EX.SINTOMAS(FECHA_INICIO, ID_SINTOMA, ID_PERSONA, ID_FICHA_MEDICA) VALUES
                            (TO_DATE('2020-01-01','YYYY-MM-DD'), 13, '00271', 271);
INSERT INTO EX.SINTOMAS(FECHA_INICIO, ID_SINTOMA, ID_PERSONA, ID_FICHA_MEDICA) VALUES
                            (TO_DATE('2020-04-18','YYYY-MM-DD'), 14, '00271', 271);
INSERT INTO EX.SINTOMAS(FECHA_INICIO, ID_SINTOMA, ID_PERSONA, ID_FICHA_MEDICA) VALUES
                            (TO_DATE('2020-03-16','YYYY-MM-DD'), 15, '00271', 271);
INSERT INTO EX.SINTOMAS(FECHA_INICIO, ID_SINTOMA, ID_PERSONA, ID_FICHA_MEDICA) VALUES
                            (TO_DATE('2020-03-16','YYYY-MM-DD'), 16, '00271', 271);
INSERT INTO EX.PERSONA(DOC_IDENTIDAD, NOMBRE, NOMBRE1, APELLIDO, APELLIDO1, FECHA_NAC, GENERO, FOTO) VALUES
                  ('00272', 'James', 'Jessica', 'Marquez', 'Henderson', TO_DATE('1999-03-17','YYYY-MM-DD'), 'm', NULL);
INSERT INTO EX.HISTORICO_RESIDENCIA(FECHA_INICIO, ID_LUGAR, ID_PERSONA, FECHA_FIN) VALUES
                  (TO_DATE('1999-07-02','YYYY-MM-DD'), 45, '00272', NULL);
INSERT INTO EX.FICHA_MEDICA(ID, ID_PERSONA, ID_CENTRO_SALUD, ID_LUGAR, ESTADO, FECHA_INFECCION, FECHA_RECUPERACION) VALUES
                                             (272, '00272', 30, 45, 'desconido', NULL, NULL);
INSERT INTO EX.PADECIMIENTOS(ID_PATOLOGIA, ID_PERSONA, ID_FICHA_MEDICA) VALUES
                            (1, '00272', 272);
INSERT INTO EX.PADECIMIENTOS(ID_PATOLOGIA, ID_PERSONA, ID_FICHA_MEDICA) VALUES
                            (2, '00272', 272);
INSERT INTO EX.PADECIMIENTOS(ID_PATOLOGIA, ID_PERSONA, ID_FICHA_MEDICA) VALUES
                            (3, '00272', 272);
INSERT INTO EX.PADECIMIENTOS(ID_PATOLOGIA, ID_PERSONA, ID_FICHA_MEDICA) VALUES
                            (4, '00272', 272);
INSERT INTO EX.PADECIMIENTOS(ID_PATOLOGIA, ID_PERSONA, ID_FICHA_MEDICA) VALUES
                            (5, '00272', 272);
INSERT INTO EX.PADECIMIENTOS(ID_PATOLOGIA, ID_PERSONA, ID_FICHA_MEDICA) VALUES
                            (6, '00272', 272);
INSERT INTO EX.PADECIMIENTOS(ID_PATOLOGIA, ID_PERSONA, ID_FICHA_MEDICA) VALUES
                            (7, '00272', 272);
INSERT INTO EX.PADECIMIENTOS(ID_PATOLOGIA, ID_PERSONA, ID_FICHA_MEDICA) VALUES
                            (8, '00272', 272);
INSERT INTO EX.PADECIMIENTOS(ID_PATOLOGIA, ID_PERSONA, ID_FICHA_MEDICA) VALUES
                            (9, '00272', 272);
INSERT INTO EX.PADECIMIENTOS(ID_PATOLOGIA, ID_PERSONA, ID_FICHA_MEDICA) VALUES
                            (10, '00272', 272);
INSERT INTO EX.PADECIMIENTOS(ID_PATOLOGIA, ID_PERSONA, ID_FICHA_MEDICA) VALUES
                            (11, '00272', 272);
INSERT INTO EX.PADECIMIENTOS(ID_PATOLOGIA, ID_PERSONA, ID_FICHA_MEDICA) VALUES
                            (12, '00272', 272);
INSERT INTO EX.SINTOMAS(FECHA_INICIO, ID_SINTOMA, ID_PERSONA, ID_FICHA_MEDICA) VALUES
                            (TO_DATE('2020-01-15','YYYY-MM-DD'), 1, '00272', 272);
INSERT INTO EX.SINTOMAS(FECHA_INICIO, ID_SINTOMA, ID_PERSONA, ID_FICHA_MEDICA) VALUES
                            (TO_DATE('2020-02-05','YYYY-MM-DD'), 2, '00272', 272);
INSERT INTO EX.SINTOMAS(FECHA_INICIO, ID_SINTOMA, ID_PERSONA, ID_FICHA_MEDICA) VALUES
                            (TO_DATE('2020-06-23','YYYY-MM-DD'), 3, '00272', 272);
INSERT INTO EX.SINTOMAS(FECHA_INICIO, ID_SINTOMA, ID_PERSONA, ID_FICHA_MEDICA) VALUES
                            (TO_DATE('2020-05-21','YYYY-MM-DD'), 4, '00272', 272);
INSERT INTO EX.SINTOMAS(FECHA_INICIO, ID_SINTOMA, ID_PERSONA, ID_FICHA_MEDICA) VALUES
                            (TO_DATE('2020-01-17','YYYY-MM-DD'), 5, '00272', 272);
INSERT INTO EX.SINTOMAS(FECHA_INICIO, ID_SINTOMA, ID_PERSONA, ID_FICHA_MEDICA) VALUES
                            (TO_DATE('2020-02-01','YYYY-MM-DD'), 6, '00272', 272);
INSERT INTO EX.SINTOMAS(FECHA_INICIO, ID_SINTOMA, ID_PERSONA, ID_FICHA_MEDICA) VALUES
                            (TO_DATE('2020-02-18','YYYY-MM-DD'), 7, '00272', 272);
INSERT INTO EX.SINTOMAS(FECHA_INICIO, ID_SINTOMA, ID_PERSONA, ID_FICHA_MEDICA) VALUES
                            (TO_DATE('2020-06-13','YYYY-MM-DD'), 8, '00272', 272);
INSERT INTO EX.SINTOMAS(FECHA_INICIO, ID_SINTOMA, ID_PERSONA, ID_FICHA_MEDICA) VALUES
                            (TO_DATE('2020-01-07','YYYY-MM-DD'), 9, '00272', 272);
INSERT INTO EX.SINTOMAS(FECHA_INICIO, ID_SINTOMA, ID_PERSONA, ID_FICHA_MEDICA) VALUES
                            (TO_DATE('2020-02-03','YYYY-MM-DD'), 10, '00272', 272);
INSERT INTO EX.SINTOMAS(FECHA_INICIO, ID_SINTOMA, ID_PERSONA, ID_FICHA_MEDICA) VALUES
                            (TO_DATE('2020-04-12','YYYY-MM-DD'), 11, '00272', 272);
INSERT INTO EX.SINTOMAS(FECHA_INICIO, ID_SINTOMA, ID_PERSONA, ID_FICHA_MEDICA) VALUES
                            (TO_DATE('2020-03-18','YYYY-MM-DD'), 12, '00272', 272);
INSERT INTO EX.SINTOMAS(FECHA_INICIO, ID_SINTOMA, ID_PERSONA, ID_FICHA_MEDICA) VALUES
                            (TO_DATE('2020-03-04','YYYY-MM-DD'), 13, '00272', 272);
INSERT INTO EX.SINTOMAS(FECHA_INICIO, ID_SINTOMA, ID_PERSONA, ID_FICHA_MEDICA) VALUES
                            (TO_DATE('2020-02-03','YYYY-MM-DD'), 14, '00272', 272);
INSERT INTO EX.PERSONA(DOC_IDENTIDAD, NOMBRE, NOMBRE1, APELLIDO, APELLIDO1, FECHA_NAC, GENERO, FOTO) VALUES
                  ('00273', 'Devin', 'Leslie', 'Glover', 'Mcbride', TO_DATE('1977-11-01','YYYY-MM-DD'), 'f', NULL);
INSERT INTO EX.HISTORICO_RESIDENCIA(FECHA_INICIO, ID_LUGAR, ID_PERSONA, FECHA_FIN) VALUES
                  (TO_DATE('1996-12-30','YYYY-MM-DD'), 26, '00273', NULL);
INSERT INTO EX.FICHA_MEDICA(ID, ID_PERSONA, ID_CENTRO_SALUD, ID_LUGAR, ESTADO, FECHA_INFECCION, FECHA_RECUPERACION) VALUES
                                             (273, '00273', 11, 26, 'desconido', NULL, NULL);
INSERT INTO EX.PADECIMIENTOS(ID_PATOLOGIA, ID_PERSONA, ID_FICHA_MEDICA) VALUES
                            (1, '00273', 273);
INSERT INTO EX.PADECIMIENTOS(ID_PATOLOGIA, ID_PERSONA, ID_FICHA_MEDICA) VALUES
                            (2, '00273', 273);
INSERT INTO EX.PADECIMIENTOS(ID_PATOLOGIA, ID_PERSONA, ID_FICHA_MEDICA) VALUES
                            (3, '00273', 273);
INSERT INTO EX.PADECIMIENTOS(ID_PATOLOGIA, ID_PERSONA, ID_FICHA_MEDICA) VALUES
                            (4, '00273', 273);
INSERT INTO EX.PADECIMIENTOS(ID_PATOLOGIA, ID_PERSONA, ID_FICHA_MEDICA) VALUES
                            (5, '00273', 273);
INSERT INTO EX.PADECIMIENTOS(ID_PATOLOGIA, ID_PERSONA, ID_FICHA_MEDICA) VALUES
                            (6, '00273', 273);
INSERT INTO EX.PADECIMIENTOS(ID_PATOLOGIA, ID_PERSONA, ID_FICHA_MEDICA) VALUES
                            (7, '00273', 273);
INSERT INTO EX.PADECIMIENTOS(ID_PATOLOGIA, ID_PERSONA, ID_FICHA_MEDICA) VALUES
                            (8, '00273', 273);
INSERT INTO EX.PADECIMIENTOS(ID_PATOLOGIA, ID_PERSONA, ID_FICHA_MEDICA) VALUES
                            (9, '00273', 273);
INSERT INTO EX.PADECIMIENTOS(ID_PATOLOGIA, ID_PERSONA, ID_FICHA_MEDICA) VALUES
                            (10, '00273', 273);
INSERT INTO EX.PADECIMIENTOS(ID_PATOLOGIA, ID_PERSONA, ID_FICHA_MEDICA) VALUES
                            (11, '00273', 273);
INSERT INTO EX.PADECIMIENTOS(ID_PATOLOGIA, ID_PERSONA, ID_FICHA_MEDICA) VALUES
                            (12, '00273', 273);
INSERT INTO EX.PADECIMIENTOS(ID_PATOLOGIA, ID_PERSONA, ID_FICHA_MEDICA) VALUES
                            (13, '00273', 273);
INSERT INTO EX.PADECIMIENTOS(ID_PATOLOGIA, ID_PERSONA, ID_FICHA_MEDICA) VALUES
                            (14, '00273', 273);
INSERT INTO EX.PERSONA(DOC_IDENTIDAD, NOMBRE, NOMBRE1, APELLIDO, APELLIDO1, FECHA_NAC, GENERO, FOTO) VALUES
                  ('00274', 'Joshua', 'Jessica', 'Davila', 'Torres', TO_DATE('2010-11-28','YYYY-MM-DD'), 'm', NULL);
INSERT INTO EX.HISTORICO_RESIDENCIA(FECHA_INICIO, ID_LUGAR, ID_PERSONA, FECHA_FIN) VALUES
                  (TO_DATE('1997-09-15','YYYY-MM-DD'), 41, '00274', NULL);
INSERT INTO EX.FICHA_MEDICA(ID, ID_PERSONA, ID_CENTRO_SALUD, ID_LUGAR, ESTADO, FECHA_INFECCION, FECHA_RECUPERACION) VALUES
                                             (274, '00274', 26, 41, 'desconido', NULL, NULL);
INSERT INTO EX.PADECIMIENTOS(ID_PATOLOGIA, ID_PERSONA, ID_FICHA_MEDICA) VALUES
                            (1, '00274', 274);
INSERT INTO EX.PADECIMIENTOS(ID_PATOLOGIA, ID_PERSONA, ID_FICHA_MEDICA) VALUES
                            (2, '00274', 274);
INSERT INTO EX.PADECIMIENTOS(ID_PATOLOGIA, ID_PERSONA, ID_FICHA_MEDICA) VALUES
                            (3, '00274', 274);
INSERT INTO EX.PADECIMIENTOS(ID_PATOLOGIA, ID_PERSONA, ID_FICHA_MEDICA) VALUES
                            (4, '00274', 274);
INSERT INTO EX.PADECIMIENTOS(ID_PATOLOGIA, ID_PERSONA, ID_FICHA_MEDICA) VALUES
                            (5, '00274', 274);
INSERT INTO EX.PADECIMIENTOS(ID_PATOLOGIA, ID_PERSONA, ID_FICHA_MEDICA) VALUES
                            (6, '00274', 274);
INSERT INTO EX.PADECIMIENTOS(ID_PATOLOGIA, ID_PERSONA, ID_FICHA_MEDICA) VALUES
                            (7, '00274', 274);
INSERT INTO EX.PADECIMIENTOS(ID_PATOLOGIA, ID_PERSONA, ID_FICHA_MEDICA) VALUES
                            (8, '00274', 274);
INSERT INTO EX.PADECIMIENTOS(ID_PATOLOGIA, ID_PERSONA, ID_FICHA_MEDICA) VALUES
                            (9, '00274', 274);
INSERT INTO EX.PADECIMIENTOS(ID_PATOLOGIA, ID_PERSONA, ID_FICHA_MEDICA) VALUES
                            (10, '00274', 274);
INSERT INTO EX.PERSONA(DOC_IDENTIDAD, NOMBRE, NOMBRE1, APELLIDO, APELLIDO1, FECHA_NAC, GENERO, FOTO) VALUES
                  ('00275', 'Ryan', 'Michelle', 'Lyons', 'Browning', TO_DATE('1973-10-16','YYYY-MM-DD'), 'f', NULL);
INSERT INTO EX.HISTORICO_RESIDENCIA(FECHA_INICIO, ID_LUGAR, ID_PERSONA, FECHA_FIN) VALUES
                  (TO_DATE('2002-01-11','YYYY-MM-DD'), 25, '00275', NULL);
INSERT INTO EX.FICHA_MEDICA(ID, ID_PERSONA, ID_CENTRO_SALUD, ID_LUGAR, ESTADO, FECHA_INFECCION, FECHA_RECUPERACION) VALUES
                                             (275, '00275', 10, 25, 'desconido', NULL, NULL);
INSERT INTO EX.SINTOMAS(FECHA_INICIO, ID_SINTOMA, ID_PERSONA, ID_FICHA_MEDICA) VALUES
                            (TO_DATE('2020-01-26','YYYY-MM-DD'), 1, '00275', 275);
INSERT INTO EX.SINTOMAS(FECHA_INICIO, ID_SINTOMA, ID_PERSONA, ID_FICHA_MEDICA) VALUES
                            (TO_DATE('2020-04-30','YYYY-MM-DD'), 2, '00275', 275);
INSERT INTO EX.SINTOMAS(FECHA_INICIO, ID_SINTOMA, ID_PERSONA, ID_FICHA_MEDICA) VALUES
                            (TO_DATE('2020-05-18','YYYY-MM-DD'), 3, '00275', 275);
INSERT INTO EX.SINTOMAS(FECHA_INICIO, ID_SINTOMA, ID_PERSONA, ID_FICHA_MEDICA) VALUES
                            (TO_DATE('2020-02-14','YYYY-MM-DD'), 4, '00275', 275);
INSERT INTO EX.SINTOMAS(FECHA_INICIO, ID_SINTOMA, ID_PERSONA, ID_FICHA_MEDICA) VALUES
                            (TO_DATE('2020-04-08','YYYY-MM-DD'), 5, '00275', 275);
INSERT INTO EX.SINTOMAS(FECHA_INICIO, ID_SINTOMA, ID_PERSONA, ID_FICHA_MEDICA) VALUES
                            (TO_DATE('2020-06-04','YYYY-MM-DD'), 6, '00275', 275);
INSERT INTO EX.SINTOMAS(FECHA_INICIO, ID_SINTOMA, ID_PERSONA, ID_FICHA_MEDICA) VALUES
                            (TO_DATE('2020-03-17','YYYY-MM-DD'), 7, '00275', 275);
INSERT INTO EX.SINTOMAS(FECHA_INICIO, ID_SINTOMA, ID_PERSONA, ID_FICHA_MEDICA) VALUES
                            (TO_DATE('2020-02-11','YYYY-MM-DD'), 8, '00275', 275);
INSERT INTO EX.SINTOMAS(FECHA_INICIO, ID_SINTOMA, ID_PERSONA, ID_FICHA_MEDICA) VALUES
                            (TO_DATE('2020-03-29','YYYY-MM-DD'), 9, '00275', 275);
INSERT INTO EX.SINTOMAS(FECHA_INICIO, ID_SINTOMA, ID_PERSONA, ID_FICHA_MEDICA) VALUES
                            (TO_DATE('2020-01-17','YYYY-MM-DD'), 10, '00275', 275);
INSERT INTO EX.SINTOMAS(FECHA_INICIO, ID_SINTOMA, ID_PERSONA, ID_FICHA_MEDICA) VALUES
                            (TO_DATE('2020-03-26','YYYY-MM-DD'), 11, '00275', 275);
INSERT INTO EX.SINTOMAS(FECHA_INICIO, ID_SINTOMA, ID_PERSONA, ID_FICHA_MEDICA) VALUES
                            (TO_DATE('2020-05-04','YYYY-MM-DD'), 12, '00275', 275);
INSERT INTO EX.PERSONA(DOC_IDENTIDAD, NOMBRE, NOMBRE1, APELLIDO, APELLIDO1, FECHA_NAC, GENERO, FOTO) VALUES
                  ('00276', 'Kimberly', 'Joseph', 'Anderson', 'Hawkins', TO_DATE('2001-03-17','YYYY-MM-DD'), 'm', NULL);
INSERT INTO EX.HISTORICO_RESIDENCIA(FECHA_INICIO, ID_LUGAR, ID_PERSONA, FECHA_FIN) VALUES
                  (TO_DATE('1980-11-29','YYYY-MM-DD'), 20, '00276', NULL);
INSERT INTO EX.FICHA_MEDICA(ID, ID_PERSONA, ID_CENTRO_SALUD, ID_LUGAR, ESTADO, FECHA_INFECCION, FECHA_RECUPERACION) VALUES
                                             (276, '00276', 5, 20, 'desconido', NULL, NULL);
INSERT INTO EX.PADECIMIENTOS(ID_PATOLOGIA, ID_PERSONA, ID_FICHA_MEDICA) VALUES
                            (1, '00276', 276);
INSERT INTO EX.PADECIMIENTOS(ID_PATOLOGIA, ID_PERSONA, ID_FICHA_MEDICA) VALUES
                            (2, '00276', 276);
INSERT INTO EX.PADECIMIENTOS(ID_PATOLOGIA, ID_PERSONA, ID_FICHA_MEDICA) VALUES
                            (3, '00276', 276);
INSERT INTO EX.PADECIMIENTOS(ID_PATOLOGIA, ID_PERSONA, ID_FICHA_MEDICA) VALUES
                            (4, '00276', 276);
INSERT INTO EX.PADECIMIENTOS(ID_PATOLOGIA, ID_PERSONA, ID_FICHA_MEDICA) VALUES
                            (5, '00276', 276);
INSERT INTO EX.PADECIMIENTOS(ID_PATOLOGIA, ID_PERSONA, ID_FICHA_MEDICA) VALUES
                            (6, '00276', 276);
INSERT INTO EX.PADECIMIENTOS(ID_PATOLOGIA, ID_PERSONA, ID_FICHA_MEDICA) VALUES
                            (7, '00276', 276);
INSERT INTO EX.PADECIMIENTOS(ID_PATOLOGIA, ID_PERSONA, ID_FICHA_MEDICA) VALUES
                            (8, '00276', 276);
INSERT INTO EX.PADECIMIENTOS(ID_PATOLOGIA, ID_PERSONA, ID_FICHA_MEDICA) VALUES
                            (9, '00276', 276);
INSERT INTO EX.PADECIMIENTOS(ID_PATOLOGIA, ID_PERSONA, ID_FICHA_MEDICA) VALUES
                            (10, '00276', 276);
INSERT INTO EX.SINTOMAS(FECHA_INICIO, ID_SINTOMA, ID_PERSONA, ID_FICHA_MEDICA) VALUES
                            (TO_DATE('2020-04-30','YYYY-MM-DD'), 1, '00276', 276);
INSERT INTO EX.SINTOMAS(FECHA_INICIO, ID_SINTOMA, ID_PERSONA, ID_FICHA_MEDICA) VALUES
                            (TO_DATE('2020-06-27','YYYY-MM-DD'), 2, '00276', 276);
INSERT INTO EX.SINTOMAS(FECHA_INICIO, ID_SINTOMA, ID_PERSONA, ID_FICHA_MEDICA) VALUES
                            (TO_DATE('2020-04-29','YYYY-MM-DD'), 3, '00276', 276);
INSERT INTO EX.SINTOMAS(FECHA_INICIO, ID_SINTOMA, ID_PERSONA, ID_FICHA_MEDICA) VALUES
                            (TO_DATE('2020-01-29','YYYY-MM-DD'), 4, '00276', 276);
INSERT INTO EX.PERSONA(DOC_IDENTIDAD, NOMBRE, NOMBRE1, APELLIDO, APELLIDO1, FECHA_NAC, GENERO, FOTO) VALUES
                  ('00277', 'Sarah', 'Erica', 'Nelson', 'Hodges', TO_DATE('2000-03-13','YYYY-MM-DD'), 'f', NULL);
INSERT INTO EX.HISTORICO_RESIDENCIA(FECHA_INICIO, ID_LUGAR, ID_PERSONA, FECHA_FIN) VALUES
                  (TO_DATE('2006-04-26','YYYY-MM-DD'), 42, '00277', NULL);
INSERT INTO EX.FICHA_MEDICA(ID, ID_PERSONA, ID_CENTRO_SALUD, ID_LUGAR, ESTADO, FECHA_INFECCION, FECHA_RECUPERACION) VALUES
                                             (277, '00277', 27, 42, 'desconido', NULL, NULL);
INSERT INTO EX.PERSONA(DOC_IDENTIDAD, NOMBRE, NOMBRE1, APELLIDO, APELLIDO1, FECHA_NAC, GENERO, FOTO) VALUES
                  ('00278', 'Terri', 'Valerie', 'Garcia', 'Gonzales', TO_DATE('1996-02-02','YYYY-MM-DD'), 'm', NULL);
INSERT INTO EX.HISTORICO_RESIDENCIA(FECHA_INICIO, ID_LUGAR, ID_PERSONA, FECHA_FIN) VALUES
                  (TO_DATE('2004-07-26','YYYY-MM-DD'), 26, '00278', NULL);
INSERT INTO EX.FICHA_MEDICA(ID, ID_PERSONA, ID_CENTRO_SALUD, ID_LUGAR, ESTADO, FECHA_INFECCION, FECHA_RECUPERACION) VALUES
                                             (278, '00278', 11, 26, 'desconido', NULL, NULL);
INSERT INTO EX.PERSONA(DOC_IDENTIDAD, NOMBRE, NOMBRE1, APELLIDO, APELLIDO1, FECHA_NAC, GENERO, FOTO) VALUES
                  ('00279', 'Emily', 'Mark', 'Weeks', 'Dorsey', TO_DATE('1971-10-11','YYYY-MM-DD'), 'f', NULL);
INSERT INTO EX.HISTORICO_RESIDENCIA(FECHA_INICIO, ID_LUGAR, ID_PERSONA, FECHA_FIN) VALUES
                  (TO_DATE('1991-04-07','YYYY-MM-DD'), 39, '00279', NULL);
INSERT INTO EX.FICHA_MEDICA(ID, ID_PERSONA, ID_CENTRO_SALUD, ID_LUGAR, ESTADO, FECHA_INFECCION, FECHA_RECUPERACION) VALUES
                                             (279, '00279', 24, 39, 'desconido', NULL, NULL);
INSERT INTO EX.PADECIMIENTOS(ID_PATOLOGIA, ID_PERSONA, ID_FICHA_MEDICA) VALUES
                            (1, '00279', 279);
INSERT INTO EX.PADECIMIENTOS(ID_PATOLOGIA, ID_PERSONA, ID_FICHA_MEDICA) VALUES
                            (2, '00279', 279);
INSERT INTO EX.PADECIMIENTOS(ID_PATOLOGIA, ID_PERSONA, ID_FICHA_MEDICA) VALUES
                            (3, '00279', 279);
INSERT INTO EX.PADECIMIENTOS(ID_PATOLOGIA, ID_PERSONA, ID_FICHA_MEDICA) VALUES
                            (4, '00279', 279);
INSERT INTO EX.PADECIMIENTOS(ID_PATOLOGIA, ID_PERSONA, ID_FICHA_MEDICA) VALUES
                            (5, '00279', 279);
INSERT INTO EX.PADECIMIENTOS(ID_PATOLOGIA, ID_PERSONA, ID_FICHA_MEDICA) VALUES
                            (6, '00279', 279);
INSERT INTO EX.PADECIMIENTOS(ID_PATOLOGIA, ID_PERSONA, ID_FICHA_MEDICA) VALUES
                            (7, '00279', 279);
INSERT INTO EX.PADECIMIENTOS(ID_PATOLOGIA, ID_PERSONA, ID_FICHA_MEDICA) VALUES
                            (8, '00279', 279);
INSERT INTO EX.PADECIMIENTOS(ID_PATOLOGIA, ID_PERSONA, ID_FICHA_MEDICA) VALUES
                            (9, '00279', 279);
INSERT INTO EX.SINTOMAS(FECHA_INICIO, ID_SINTOMA, ID_PERSONA, ID_FICHA_MEDICA) VALUES
                            (TO_DATE('2020-03-16','YYYY-MM-DD'), 1, '00279', 279);
INSERT INTO EX.SINTOMAS(FECHA_INICIO, ID_SINTOMA, ID_PERSONA, ID_FICHA_MEDICA) VALUES
                            (TO_DATE('2020-06-21','YYYY-MM-DD'), 2, '00279', 279);
INSERT INTO EX.SINTOMAS(FECHA_INICIO, ID_SINTOMA, ID_PERSONA, ID_FICHA_MEDICA) VALUES
                            (TO_DATE('2020-02-22','YYYY-MM-DD'), 3, '00279', 279);
INSERT INTO EX.SINTOMAS(FECHA_INICIO, ID_SINTOMA, ID_PERSONA, ID_FICHA_MEDICA) VALUES
                            (TO_DATE('2020-01-06','YYYY-MM-DD'), 4, '00279', 279);
INSERT INTO EX.SINTOMAS(FECHA_INICIO, ID_SINTOMA, ID_PERSONA, ID_FICHA_MEDICA) VALUES
                            (TO_DATE('2020-05-17','YYYY-MM-DD'), 5, '00279', 279);
INSERT INTO EX.SINTOMAS(FECHA_INICIO, ID_SINTOMA, ID_PERSONA, ID_FICHA_MEDICA) VALUES
                            (TO_DATE('2020-04-15','YYYY-MM-DD'), 6, '00279', 279);
INSERT INTO EX.SINTOMAS(FECHA_INICIO, ID_SINTOMA, ID_PERSONA, ID_FICHA_MEDICA) VALUES
                            (TO_DATE('2020-01-05','YYYY-MM-DD'), 7, '00279', 279);
INSERT INTO EX.SINTOMAS(FECHA_INICIO, ID_SINTOMA, ID_PERSONA, ID_FICHA_MEDICA) VALUES
                            (TO_DATE('2020-03-10','YYYY-MM-DD'), 8, '00279', 279);
INSERT INTO EX.SINTOMAS(FECHA_INICIO, ID_SINTOMA, ID_PERSONA, ID_FICHA_MEDICA) VALUES
                            (TO_DATE('2020-05-30','YYYY-MM-DD'), 9, '00279', 279);
INSERT INTO EX.PERSONA(DOC_IDENTIDAD, NOMBRE, NOMBRE1, APELLIDO, APELLIDO1, FECHA_NAC, GENERO, FOTO) VALUES
                  ('00280', 'Mason', 'Martha', 'Montoya', 'Shepherd', TO_DATE('1982-01-03','YYYY-MM-DD'), 'm', NULL);
INSERT INTO EX.HISTORICO_RESIDENCIA(FECHA_INICIO, ID_LUGAR, ID_PERSONA, FECHA_FIN) VALUES
                  (TO_DATE('2005-12-10','YYYY-MM-DD'), 36, '00280', NULL);
INSERT INTO EX.FICHA_MEDICA(ID, ID_PERSONA, ID_CENTRO_SALUD, ID_LUGAR, ESTADO, FECHA_INFECCION, FECHA_RECUPERACION) VALUES
                                             (280, '00280', 21, 36, 'desconido', NULL, NULL);
INSERT INTO EX.PADECIMIENTOS(ID_PATOLOGIA, ID_PERSONA, ID_FICHA_MEDICA) VALUES
                            (1, '00280', 280);
INSERT INTO EX.PADECIMIENTOS(ID_PATOLOGIA, ID_PERSONA, ID_FICHA_MEDICA) VALUES
                            (2, '00280', 280);
INSERT INTO EX.PADECIMIENTOS(ID_PATOLOGIA, ID_PERSONA, ID_FICHA_MEDICA) VALUES
                            (3, '00280', 280);
INSERT INTO EX.PADECIMIENTOS(ID_PATOLOGIA, ID_PERSONA, ID_FICHA_MEDICA) VALUES
                            (4, '00280', 280);
INSERT INTO EX.PADECIMIENTOS(ID_PATOLOGIA, ID_PERSONA, ID_FICHA_MEDICA) VALUES
                            (5, '00280', 280);
INSERT INTO EX.PADECIMIENTOS(ID_PATOLOGIA, ID_PERSONA, ID_FICHA_MEDICA) VALUES
                            (6, '00280', 280);
INSERT INTO EX.SINTOMAS(FECHA_INICIO, ID_SINTOMA, ID_PERSONA, ID_FICHA_MEDICA) VALUES
                            (TO_DATE('2020-03-26','YYYY-MM-DD'), 1, '00280', 280);
INSERT INTO EX.SINTOMAS(FECHA_INICIO, ID_SINTOMA, ID_PERSONA, ID_FICHA_MEDICA) VALUES
                            (TO_DATE('2020-05-01','YYYY-MM-DD'), 2, '00280', 280);
INSERT INTO EX.SINTOMAS(FECHA_INICIO, ID_SINTOMA, ID_PERSONA, ID_FICHA_MEDICA) VALUES
                            (TO_DATE('2020-02-17','YYYY-MM-DD'), 3, '00280', 280);
INSERT INTO EX.SINTOMAS(FECHA_INICIO, ID_SINTOMA, ID_PERSONA, ID_FICHA_MEDICA) VALUES
                            (TO_DATE('2020-03-24','YYYY-MM-DD'), 4, '00280', 280);
INSERT INTO EX.SINTOMAS(FECHA_INICIO, ID_SINTOMA, ID_PERSONA, ID_FICHA_MEDICA) VALUES
                            (TO_DATE('2020-03-03','YYYY-MM-DD'), 5, '00280', 280);
INSERT INTO EX.PERSONA(DOC_IDENTIDAD, NOMBRE, NOMBRE1, APELLIDO, APELLIDO1, FECHA_NAC, GENERO, FOTO) VALUES
                  ('00281', 'Anita', 'Dana', 'Ware', 'Butler', TO_DATE('2015-12-06','YYYY-MM-DD'), 'f', NULL);
INSERT INTO EX.HISTORICO_RESIDENCIA(FECHA_INICIO, ID_LUGAR, ID_PERSONA, FECHA_FIN) VALUES
                  (TO_DATE('1994-09-20','YYYY-MM-DD'), 22, '00281', NULL);
INSERT INTO EX.FICHA_MEDICA(ID, ID_PERSONA, ID_CENTRO_SALUD, ID_LUGAR, ESTADO, FECHA_INFECCION, FECHA_RECUPERACION) VALUES
                                             (281, '00281', 7, 22, 'desconido', NULL, NULL);
INSERT INTO EX.PADECIMIENTOS(ID_PATOLOGIA, ID_PERSONA, ID_FICHA_MEDICA) VALUES
                            (1, '00281', 281);
INSERT INTO EX.PADECIMIENTOS(ID_PATOLOGIA, ID_PERSONA, ID_FICHA_MEDICA) VALUES
                            (2, '00281', 281);
INSERT INTO EX.PADECIMIENTOS(ID_PATOLOGIA, ID_PERSONA, ID_FICHA_MEDICA) VALUES
                            (3, '00281', 281);
INSERT INTO EX.PADECIMIENTOS(ID_PATOLOGIA, ID_PERSONA, ID_FICHA_MEDICA) VALUES
                            (4, '00281', 281);
INSERT INTO EX.PADECIMIENTOS(ID_PATOLOGIA, ID_PERSONA, ID_FICHA_MEDICA) VALUES
                            (5, '00281', 281);
INSERT INTO EX.PADECIMIENTOS(ID_PATOLOGIA, ID_PERSONA, ID_FICHA_MEDICA) VALUES
                            (6, '00281', 281);
INSERT INTO EX.PADECIMIENTOS(ID_PATOLOGIA, ID_PERSONA, ID_FICHA_MEDICA) VALUES
                            (7, '00281', 281);
INSERT INTO EX.PADECIMIENTOS(ID_PATOLOGIA, ID_PERSONA, ID_FICHA_MEDICA) VALUES
                            (8, '00281', 281);
INSERT INTO EX.PADECIMIENTOS(ID_PATOLOGIA, ID_PERSONA, ID_FICHA_MEDICA) VALUES
                            (9, '00281', 281);
INSERT INTO EX.PADECIMIENTOS(ID_PATOLOGIA, ID_PERSONA, ID_FICHA_MEDICA) VALUES
                            (10, '00281', 281);
INSERT INTO EX.PADECIMIENTOS(ID_PATOLOGIA, ID_PERSONA, ID_FICHA_MEDICA) VALUES
                            (11, '00281', 281);
INSERT INTO EX.PADECIMIENTOS(ID_PATOLOGIA, ID_PERSONA, ID_FICHA_MEDICA) VALUES
                            (12, '00281', 281);
INSERT INTO EX.PADECIMIENTOS(ID_PATOLOGIA, ID_PERSONA, ID_FICHA_MEDICA) VALUES
                            (13, '00281', 281);
INSERT INTO EX.SINTOMAS(FECHA_INICIO, ID_SINTOMA, ID_PERSONA, ID_FICHA_MEDICA) VALUES
                            (TO_DATE('2020-03-15','YYYY-MM-DD'), 1, '00281', 281);
INSERT INTO EX.SINTOMAS(FECHA_INICIO, ID_SINTOMA, ID_PERSONA, ID_FICHA_MEDICA) VALUES
                            (TO_DATE('2020-06-20','YYYY-MM-DD'), 2, '00281', 281);
INSERT INTO EX.SINTOMAS(FECHA_INICIO, ID_SINTOMA, ID_PERSONA, ID_FICHA_MEDICA) VALUES
                            (TO_DATE('2020-01-03','YYYY-MM-DD'), 3, '00281', 281);
INSERT INTO EX.SINTOMAS(FECHA_INICIO, ID_SINTOMA, ID_PERSONA, ID_FICHA_MEDICA) VALUES
                            (TO_DATE('2020-03-07','YYYY-MM-DD'), 4, '00281', 281);
INSERT INTO EX.SINTOMAS(FECHA_INICIO, ID_SINTOMA, ID_PERSONA, ID_FICHA_MEDICA) VALUES
                            (TO_DATE('2020-02-11','YYYY-MM-DD'), 5, '00281', 281);
INSERT INTO EX.SINTOMAS(FECHA_INICIO, ID_SINTOMA, ID_PERSONA, ID_FICHA_MEDICA) VALUES
                            (TO_DATE('2020-05-04','YYYY-MM-DD'), 6, '00281', 281);
INSERT INTO EX.SINTOMAS(FECHA_INICIO, ID_SINTOMA, ID_PERSONA, ID_FICHA_MEDICA) VALUES
                            (TO_DATE('2020-03-29','YYYY-MM-DD'), 7, '00281', 281);
INSERT INTO EX.SINTOMAS(FECHA_INICIO, ID_SINTOMA, ID_PERSONA, ID_FICHA_MEDICA) VALUES
                            (TO_DATE('2020-02-25','YYYY-MM-DD'), 8, '00281', 281);
INSERT INTO EX.SINTOMAS(FECHA_INICIO, ID_SINTOMA, ID_PERSONA, ID_FICHA_MEDICA) VALUES
                            (TO_DATE('2020-04-28','YYYY-MM-DD'), 9, '00281', 281);
INSERT INTO EX.SINTOMAS(FECHA_INICIO, ID_SINTOMA, ID_PERSONA, ID_FICHA_MEDICA) VALUES
                            (TO_DATE('2020-05-25','YYYY-MM-DD'), 10, '00281', 281);
INSERT INTO EX.SINTOMAS(FECHA_INICIO, ID_SINTOMA, ID_PERSONA, ID_FICHA_MEDICA) VALUES
                            (TO_DATE('2020-05-17','YYYY-MM-DD'), 11, '00281', 281);
INSERT INTO EX.SINTOMAS(FECHA_INICIO, ID_SINTOMA, ID_PERSONA, ID_FICHA_MEDICA) VALUES
                            (TO_DATE('2020-05-16','YYYY-MM-DD'), 12, '00281', 281);
INSERT INTO EX.PERSONA(DOC_IDENTIDAD, NOMBRE, NOMBRE1, APELLIDO, APELLIDO1, FECHA_NAC, GENERO, FOTO) VALUES
                  ('00282', 'Brandon', 'Maurice', 'Garrett', 'Werner', TO_DATE('1993-04-07','YYYY-MM-DD'), 'm', NULL);
INSERT INTO EX.HISTORICO_RESIDENCIA(FECHA_INICIO, ID_LUGAR, ID_PERSONA, FECHA_FIN) VALUES
                  (TO_DATE('2003-05-06','YYYY-MM-DD'), 42, '00282', NULL);
INSERT INTO EX.FICHA_MEDICA(ID, ID_PERSONA, ID_CENTRO_SALUD, ID_LUGAR, ESTADO, FECHA_INFECCION, FECHA_RECUPERACION) VALUES
                                             (282, '00282', 27, 42, 'desconido', NULL, NULL);
INSERT INTO EX.SINTOMAS(FECHA_INICIO, ID_SINTOMA, ID_PERSONA, ID_FICHA_MEDICA) VALUES
                            (TO_DATE('2020-05-25','YYYY-MM-DD'), 1, '00282', 282);
INSERT INTO EX.PERSONA(DOC_IDENTIDAD, NOMBRE, NOMBRE1, APELLIDO, APELLIDO1, FECHA_NAC, GENERO, FOTO) VALUES
                  ('00283', 'Todd', 'Frank', 'Stephenson', 'Gray', TO_DATE('2006-07-07','YYYY-MM-DD'), 'f', NULL);
INSERT INTO EX.HISTORICO_RESIDENCIA(FECHA_INICIO, ID_LUGAR, ID_PERSONA, FECHA_FIN) VALUES
                  (TO_DATE('2004-06-20','YYYY-MM-DD'), 44, '00283', NULL);
INSERT INTO EX.FICHA_MEDICA(ID, ID_PERSONA, ID_CENTRO_SALUD, ID_LUGAR, ESTADO, FECHA_INFECCION, FECHA_RECUPERACION) VALUES
                                             (283, '00283', 29, 44, 'desconido', NULL, NULL);
INSERT INTO EX.PERSONA(DOC_IDENTIDAD, NOMBRE, NOMBRE1, APELLIDO, APELLIDO1, FECHA_NAC, GENERO, FOTO) VALUES
                  ('00284', 'Elizabeth', 'Daniel', 'Martinez', 'Thomas', TO_DATE('1985-12-22','YYYY-MM-DD'), 'm', NULL);
INSERT INTO EX.HISTORICO_RESIDENCIA(FECHA_INICIO, ID_LUGAR, ID_PERSONA, FECHA_FIN) VALUES
                  (TO_DATE('1987-12-01','YYYY-MM-DD'), 25, '00284', NULL);
INSERT INTO EX.FICHA_MEDICA(ID, ID_PERSONA, ID_CENTRO_SALUD, ID_LUGAR, ESTADO, FECHA_INFECCION, FECHA_RECUPERACION) VALUES
                                             (284, '00284', 10, 25, 'desconido', NULL, NULL);
INSERT INTO EX.PERSONA(DOC_IDENTIDAD, NOMBRE, NOMBRE1, APELLIDO, APELLIDO1, FECHA_NAC, GENERO, FOTO) VALUES
                  ('00285', 'Justin', 'Mark', 'Alvarado', 'Martin', TO_DATE('1989-07-20','YYYY-MM-DD'), 'f', NULL);
INSERT INTO EX.HISTORICO_RESIDENCIA(FECHA_INICIO, ID_LUGAR, ID_PERSONA, FECHA_FIN) VALUES
                  (TO_DATE('1971-02-21','YYYY-MM-DD'), 40, '00285', NULL);
INSERT INTO EX.FICHA_MEDICA(ID, ID_PERSONA, ID_CENTRO_SALUD, ID_LUGAR, ESTADO, FECHA_INFECCION, FECHA_RECUPERACION) VALUES
                                             (285, '00285', 25, 40, 'desconido', NULL, NULL);
INSERT INTO EX.PADECIMIENTOS(ID_PATOLOGIA, ID_PERSONA, ID_FICHA_MEDICA) VALUES
                            (1, '00285', 285);
INSERT INTO EX.PADECIMIENTOS(ID_PATOLOGIA, ID_PERSONA, ID_FICHA_MEDICA) VALUES
                            (2, '00285', 285);
INSERT INTO EX.PADECIMIENTOS(ID_PATOLOGIA, ID_PERSONA, ID_FICHA_MEDICA) VALUES
                            (3, '00285', 285);
INSERT INTO EX.PADECIMIENTOS(ID_PATOLOGIA, ID_PERSONA, ID_FICHA_MEDICA) VALUES
                            (4, '00285', 285);
INSERT INTO EX.PADECIMIENTOS(ID_PATOLOGIA, ID_PERSONA, ID_FICHA_MEDICA) VALUES
                            (5, '00285', 285);
INSERT INTO EX.PADECIMIENTOS(ID_PATOLOGIA, ID_PERSONA, ID_FICHA_MEDICA) VALUES
                            (6, '00285', 285);
INSERT INTO EX.PADECIMIENTOS(ID_PATOLOGIA, ID_PERSONA, ID_FICHA_MEDICA) VALUES
                            (7, '00285', 285);
INSERT INTO EX.PERSONA(DOC_IDENTIDAD, NOMBRE, NOMBRE1, APELLIDO, APELLIDO1, FECHA_NAC, GENERO, FOTO) VALUES
                  ('00286', 'Rebecca', 'Mariah', 'Sims', 'Roberts', TO_DATE('1997-03-11','YYYY-MM-DD'), 'm', NULL);
INSERT INTO EX.HISTORICO_RESIDENCIA(FECHA_INICIO, ID_LUGAR, ID_PERSONA, FECHA_FIN) VALUES
                  (TO_DATE('1989-02-04','YYYY-MM-DD'), 43, '00286', NULL);
INSERT INTO EX.FICHA_MEDICA(ID, ID_PERSONA, ID_CENTRO_SALUD, ID_LUGAR, ESTADO, FECHA_INFECCION, FECHA_RECUPERACION) VALUES
                                             (286, '00286', 28, 43, 'desconido', NULL, NULL);
INSERT INTO EX.PADECIMIENTOS(ID_PATOLOGIA, ID_PERSONA, ID_FICHA_MEDICA) VALUES
                            (1, '00286', 286);
INSERT INTO EX.PADECIMIENTOS(ID_PATOLOGIA, ID_PERSONA, ID_FICHA_MEDICA) VALUES
                            (2, '00286', 286);
INSERT INTO EX.PADECIMIENTOS(ID_PATOLOGIA, ID_PERSONA, ID_FICHA_MEDICA) VALUES
                            (3, '00286', 286);
INSERT INTO EX.PADECIMIENTOS(ID_PATOLOGIA, ID_PERSONA, ID_FICHA_MEDICA) VALUES
                            (4, '00286', 286);
INSERT INTO EX.PADECIMIENTOS(ID_PATOLOGIA, ID_PERSONA, ID_FICHA_MEDICA) VALUES
                            (5, '00286', 286);
INSERT INTO EX.PADECIMIENTOS(ID_PATOLOGIA, ID_PERSONA, ID_FICHA_MEDICA) VALUES
                            (6, '00286', 286);
INSERT INTO EX.PADECIMIENTOS(ID_PATOLOGIA, ID_PERSONA, ID_FICHA_MEDICA) VALUES
                            (7, '00286', 286);
INSERT INTO EX.PADECIMIENTOS(ID_PATOLOGIA, ID_PERSONA, ID_FICHA_MEDICA) VALUES
                            (8, '00286', 286);
INSERT INTO EX.PADECIMIENTOS(ID_PATOLOGIA, ID_PERSONA, ID_FICHA_MEDICA) VALUES
                            (9, '00286', 286);
INSERT INTO EX.PADECIMIENTOS(ID_PATOLOGIA, ID_PERSONA, ID_FICHA_MEDICA) VALUES
                            (10, '00286', 286);
INSERT INTO EX.PADECIMIENTOS(ID_PATOLOGIA, ID_PERSONA, ID_FICHA_MEDICA) VALUES
                            (11, '00286', 286);
INSERT INTO EX.PERSONA(DOC_IDENTIDAD, NOMBRE, NOMBRE1, APELLIDO, APELLIDO1, FECHA_NAC, GENERO, FOTO) VALUES
                  ('00287', 'Sharon', 'Isaac', 'Jenkins', 'Delgado', TO_DATE('1984-06-15','YYYY-MM-DD'), 'f', NULL);
INSERT INTO EX.HISTORICO_RESIDENCIA(FECHA_INICIO, ID_LUGAR, ID_PERSONA, FECHA_FIN) VALUES
                  (TO_DATE('2008-05-09','YYYY-MM-DD'), 37, '00287', NULL);
INSERT INTO EX.FICHA_MEDICA(ID, ID_PERSONA, ID_CENTRO_SALUD, ID_LUGAR, ESTADO, FECHA_INFECCION, FECHA_RECUPERACION) VALUES
                                             (287, '00287', 22, 37, 'desconido', NULL, NULL);
INSERT INTO EX.PERSONA(DOC_IDENTIDAD, NOMBRE, NOMBRE1, APELLIDO, APELLIDO1, FECHA_NAC, GENERO, FOTO) VALUES
                  ('00288', 'Glen', 'David', 'Willis', 'Morris', TO_DATE('1982-08-19','YYYY-MM-DD'), 'm', NULL);
INSERT INTO EX.HISTORICO_RESIDENCIA(FECHA_INICIO, ID_LUGAR, ID_PERSONA, FECHA_FIN) VALUES
                  (TO_DATE('2000-06-07','YYYY-MM-DD'), 32, '00288', NULL);
INSERT INTO EX.FICHA_MEDICA(ID, ID_PERSONA, ID_CENTRO_SALUD, ID_LUGAR, ESTADO, FECHA_INFECCION, FECHA_RECUPERACION) VALUES
                                             (288, '00288', 17, 32, 'desconido', NULL, NULL);
INSERT INTO EX.PADECIMIENTOS(ID_PATOLOGIA, ID_PERSONA, ID_FICHA_MEDICA) VALUES
                            (1, '00288', 288);
INSERT INTO EX.PADECIMIENTOS(ID_PATOLOGIA, ID_PERSONA, ID_FICHA_MEDICA) VALUES
                            (2, '00288', 288);
INSERT INTO EX.PADECIMIENTOS(ID_PATOLOGIA, ID_PERSONA, ID_FICHA_MEDICA) VALUES
                            (3, '00288', 288);
INSERT INTO EX.PADECIMIENTOS(ID_PATOLOGIA, ID_PERSONA, ID_FICHA_MEDICA) VALUES
                            (4, '00288', 288);
INSERT INTO EX.PADECIMIENTOS(ID_PATOLOGIA, ID_PERSONA, ID_FICHA_MEDICA) VALUES
                            (5, '00288', 288);
INSERT INTO EX.PADECIMIENTOS(ID_PATOLOGIA, ID_PERSONA, ID_FICHA_MEDICA) VALUES
                            (6, '00288', 288);
INSERT INTO EX.PADECIMIENTOS(ID_PATOLOGIA, ID_PERSONA, ID_FICHA_MEDICA) VALUES
                            (7, '00288', 288);
INSERT INTO EX.PADECIMIENTOS(ID_PATOLOGIA, ID_PERSONA, ID_FICHA_MEDICA) VALUES
                            (8, '00288', 288);
INSERT INTO EX.PADECIMIENTOS(ID_PATOLOGIA, ID_PERSONA, ID_FICHA_MEDICA) VALUES
                            (9, '00288', 288);
INSERT INTO EX.PADECIMIENTOS(ID_PATOLOGIA, ID_PERSONA, ID_FICHA_MEDICA) VALUES
                            (10, '00288', 288);
INSERT INTO EX.PADECIMIENTOS(ID_PATOLOGIA, ID_PERSONA, ID_FICHA_MEDICA) VALUES
                            (11, '00288', 288);
INSERT INTO EX.PADECIMIENTOS(ID_PATOLOGIA, ID_PERSONA, ID_FICHA_MEDICA) VALUES
                            (12, '00288', 288);
INSERT INTO EX.PERSONA(DOC_IDENTIDAD, NOMBRE, NOMBRE1, APELLIDO, APELLIDO1, FECHA_NAC, GENERO, FOTO) VALUES
                  ('00289', 'William', 'Sarah', 'Daniels', 'Scott', TO_DATE('2009-08-02','YYYY-MM-DD'), 'f', NULL);
INSERT INTO EX.HISTORICO_RESIDENCIA(FECHA_INICIO, ID_LUGAR, ID_PERSONA, FECHA_FIN) VALUES
                  (TO_DATE('1983-09-10','YYYY-MM-DD'), 41, '00289', NULL);
INSERT INTO EX.FICHA_MEDICA(ID, ID_PERSONA, ID_CENTRO_SALUD, ID_LUGAR, ESTADO, FECHA_INFECCION, FECHA_RECUPERACION) VALUES
                                             (289, '00289', 26, 41, 'desconido', NULL, NULL);
INSERT INTO EX.PADECIMIENTOS(ID_PATOLOGIA, ID_PERSONA, ID_FICHA_MEDICA) VALUES
                            (1, '00289', 289);
INSERT INTO EX.PADECIMIENTOS(ID_PATOLOGIA, ID_PERSONA, ID_FICHA_MEDICA) VALUES
                            (2, '00289', 289);
INSERT INTO EX.PADECIMIENTOS(ID_PATOLOGIA, ID_PERSONA, ID_FICHA_MEDICA) VALUES
                            (3, '00289', 289);
INSERT INTO EX.PADECIMIENTOS(ID_PATOLOGIA, ID_PERSONA, ID_FICHA_MEDICA) VALUES
                            (4, '00289', 289);
INSERT INTO EX.PADECIMIENTOS(ID_PATOLOGIA, ID_PERSONA, ID_FICHA_MEDICA) VALUES
                            (5, '00289', 289);
INSERT INTO EX.PADECIMIENTOS(ID_PATOLOGIA, ID_PERSONA, ID_FICHA_MEDICA) VALUES
                            (6, '00289', 289);
INSERT INTO EX.PADECIMIENTOS(ID_PATOLOGIA, ID_PERSONA, ID_FICHA_MEDICA) VALUES
                            (7, '00289', 289);
INSERT INTO EX.PADECIMIENTOS(ID_PATOLOGIA, ID_PERSONA, ID_FICHA_MEDICA) VALUES
                            (8, '00289', 289);
INSERT INTO EX.PADECIMIENTOS(ID_PATOLOGIA, ID_PERSONA, ID_FICHA_MEDICA) VALUES
                            (9, '00289', 289);
INSERT INTO EX.PADECIMIENTOS(ID_PATOLOGIA, ID_PERSONA, ID_FICHA_MEDICA) VALUES
                            (10, '00289', 289);
INSERT INTO EX.PADECIMIENTOS(ID_PATOLOGIA, ID_PERSONA, ID_FICHA_MEDICA) VALUES
                            (11, '00289', 289);
INSERT INTO EX.PADECIMIENTOS(ID_PATOLOGIA, ID_PERSONA, ID_FICHA_MEDICA) VALUES
                            (12, '00289', 289);
INSERT INTO EX.PADECIMIENTOS(ID_PATOLOGIA, ID_PERSONA, ID_FICHA_MEDICA) VALUES
                            (13, '00289', 289);
INSERT INTO EX.PERSONA(DOC_IDENTIDAD, NOMBRE, NOMBRE1, APELLIDO, APELLIDO1, FECHA_NAC, GENERO, FOTO) VALUES
                  ('00290', 'Kayla', 'Barbara', 'Schwartz', 'Jenkins', TO_DATE('1999-07-05','YYYY-MM-DD'), 'm', NULL);
INSERT INTO EX.HISTORICO_RESIDENCIA(FECHA_INICIO, ID_LUGAR, ID_PERSONA, FECHA_FIN) VALUES
                  (TO_DATE('2006-09-14','YYYY-MM-DD'), 38, '00290', NULL);
INSERT INTO EX.FICHA_MEDICA(ID, ID_PERSONA, ID_CENTRO_SALUD, ID_LUGAR, ESTADO, FECHA_INFECCION, FECHA_RECUPERACION) VALUES
                                             (290, '00290', 23, 38, 'desconido', NULL, NULL);
INSERT INTO EX.PADECIMIENTOS(ID_PATOLOGIA, ID_PERSONA, ID_FICHA_MEDICA) VALUES
                            (1, '00290', 290);
INSERT INTO EX.PADECIMIENTOS(ID_PATOLOGIA, ID_PERSONA, ID_FICHA_MEDICA) VALUES
                            (2, '00290', 290);
INSERT INTO EX.PADECIMIENTOS(ID_PATOLOGIA, ID_PERSONA, ID_FICHA_MEDICA) VALUES
                            (3, '00290', 290);
INSERT INTO EX.PADECIMIENTOS(ID_PATOLOGIA, ID_PERSONA, ID_FICHA_MEDICA) VALUES
                            (4, '00290', 290);
INSERT INTO EX.PADECIMIENTOS(ID_PATOLOGIA, ID_PERSONA, ID_FICHA_MEDICA) VALUES
                            (5, '00290', 290);
INSERT INTO EX.PADECIMIENTOS(ID_PATOLOGIA, ID_PERSONA, ID_FICHA_MEDICA) VALUES
                            (6, '00290', 290);
INSERT INTO EX.PADECIMIENTOS(ID_PATOLOGIA, ID_PERSONA, ID_FICHA_MEDICA) VALUES
                            (7, '00290', 290);
INSERT INTO EX.PADECIMIENTOS(ID_PATOLOGIA, ID_PERSONA, ID_FICHA_MEDICA) VALUES
                            (8, '00290', 290);
INSERT INTO EX.PADECIMIENTOS(ID_PATOLOGIA, ID_PERSONA, ID_FICHA_MEDICA) VALUES
                            (9, '00290', 290);
INSERT INTO EX.PADECIMIENTOS(ID_PATOLOGIA, ID_PERSONA, ID_FICHA_MEDICA) VALUES
                            (10, '00290', 290);
INSERT INTO EX.PADECIMIENTOS(ID_PATOLOGIA, ID_PERSONA, ID_FICHA_MEDICA) VALUES
                            (11, '00290', 290);
INSERT INTO EX.PADECIMIENTOS(ID_PATOLOGIA, ID_PERSONA, ID_FICHA_MEDICA) VALUES
                            (12, '00290', 290);
INSERT INTO EX.PERSONA(DOC_IDENTIDAD, NOMBRE, NOMBRE1, APELLIDO, APELLIDO1, FECHA_NAC, GENERO, FOTO) VALUES
                  ('00291', 'Joseph', 'Timothy', 'Ayala', 'Wilson', TO_DATE('2001-05-07','YYYY-MM-DD'), 'f', NULL);
INSERT INTO EX.HISTORICO_RESIDENCIA(FECHA_INICIO, ID_LUGAR, ID_PERSONA, FECHA_FIN) VALUES
                  (TO_DATE('1973-07-07','YYYY-MM-DD'), 20, '00291', NULL);
INSERT INTO EX.FICHA_MEDICA(ID, ID_PERSONA, ID_CENTRO_SALUD, ID_LUGAR, ESTADO, FECHA_INFECCION, FECHA_RECUPERACION) VALUES
                                             (291, '00291', 5, 20, 'desconido', NULL, NULL);
INSERT INTO EX.PADECIMIENTOS(ID_PATOLOGIA, ID_PERSONA, ID_FICHA_MEDICA) VALUES
                            (1, '00291', 291);
INSERT INTO EX.PADECIMIENTOS(ID_PATOLOGIA, ID_PERSONA, ID_FICHA_MEDICA) VALUES
                            (2, '00291', 291);
INSERT INTO EX.PADECIMIENTOS(ID_PATOLOGIA, ID_PERSONA, ID_FICHA_MEDICA) VALUES
                            (3, '00291', 291);
INSERT INTO EX.PADECIMIENTOS(ID_PATOLOGIA, ID_PERSONA, ID_FICHA_MEDICA) VALUES
                            (4, '00291', 291);
INSERT INTO EX.PADECIMIENTOS(ID_PATOLOGIA, ID_PERSONA, ID_FICHA_MEDICA) VALUES
                            (5, '00291', 291);
INSERT INTO EX.PADECIMIENTOS(ID_PATOLOGIA, ID_PERSONA, ID_FICHA_MEDICA) VALUES
                            (6, '00291', 291);
INSERT INTO EX.PADECIMIENTOS(ID_PATOLOGIA, ID_PERSONA, ID_FICHA_MEDICA) VALUES
                            (7, '00291', 291);
INSERT INTO EX.PERSONA(DOC_IDENTIDAD, NOMBRE, NOMBRE1, APELLIDO, APELLIDO1, FECHA_NAC, GENERO, FOTO) VALUES
                  ('00292', 'Michael', 'Johnny', 'Campbell', 'Bailey', TO_DATE('2011-07-10','YYYY-MM-DD'), 'm', NULL);
INSERT INTO EX.HISTORICO_RESIDENCIA(FECHA_INICIO, ID_LUGAR, ID_PERSONA, FECHA_FIN) VALUES
                  (TO_DATE('1982-07-12','YYYY-MM-DD'), 31, '00292', NULL);
INSERT INTO EX.FICHA_MEDICA(ID, ID_PERSONA, ID_CENTRO_SALUD, ID_LUGAR, ESTADO, FECHA_INFECCION, FECHA_RECUPERACION) VALUES
                                             (292, '00292', 16, 31, 'desconido', NULL, NULL);
INSERT INTO EX.PERSONA(DOC_IDENTIDAD, NOMBRE, NOMBRE1, APELLIDO, APELLIDO1, FECHA_NAC, GENERO, FOTO) VALUES
                  ('00293', 'James', 'Kimberly', 'Wilson', 'Swanson', TO_DATE('2014-03-11','YYYY-MM-DD'), 'f', NULL);
INSERT INTO EX.HISTORICO_RESIDENCIA(FECHA_INICIO, ID_LUGAR, ID_PERSONA, FECHA_FIN) VALUES
                  (TO_DATE('1997-11-28','YYYY-MM-DD'), 28, '00293', NULL);
INSERT INTO EX.FICHA_MEDICA(ID, ID_PERSONA, ID_CENTRO_SALUD, ID_LUGAR, ESTADO, FECHA_INFECCION, FECHA_RECUPERACION) VALUES
                                             (293, '00293', 13, 28, 'desconido', NULL, NULL);
INSERT INTO EX.PADECIMIENTOS(ID_PATOLOGIA, ID_PERSONA, ID_FICHA_MEDICA) VALUES
                            (1, '00293', 293);
INSERT INTO EX.SINTOMAS(FECHA_INICIO, ID_SINTOMA, ID_PERSONA, ID_FICHA_MEDICA) VALUES
                            (TO_DATE('2020-04-10','YYYY-MM-DD'), 1, '00293', 293);
INSERT INTO EX.SINTOMAS(FECHA_INICIO, ID_SINTOMA, ID_PERSONA, ID_FICHA_MEDICA) VALUES
                            (TO_DATE('2020-03-08','YYYY-MM-DD'), 2, '00293', 293);
INSERT INTO EX.SINTOMAS(FECHA_INICIO, ID_SINTOMA, ID_PERSONA, ID_FICHA_MEDICA) VALUES
                            (TO_DATE('2020-02-03','YYYY-MM-DD'), 3, '00293', 293);
INSERT INTO EX.SINTOMAS(FECHA_INICIO, ID_SINTOMA, ID_PERSONA, ID_FICHA_MEDICA) VALUES
                            (TO_DATE('2020-05-16','YYYY-MM-DD'), 4, '00293', 293);
INSERT INTO EX.SINTOMAS(FECHA_INICIO, ID_SINTOMA, ID_PERSONA, ID_FICHA_MEDICA) VALUES
                            (TO_DATE('2020-02-10','YYYY-MM-DD'), 5, '00293', 293);
INSERT INTO EX.SINTOMAS(FECHA_INICIO, ID_SINTOMA, ID_PERSONA, ID_FICHA_MEDICA) VALUES
                            (TO_DATE('2020-03-21','YYYY-MM-DD'), 6, '00293', 293);
INSERT INTO EX.SINTOMAS(FECHA_INICIO, ID_SINTOMA, ID_PERSONA, ID_FICHA_MEDICA) VALUES
                            (TO_DATE('2020-04-28','YYYY-MM-DD'), 7, '00293', 293);
INSERT INTO EX.SINTOMAS(FECHA_INICIO, ID_SINTOMA, ID_PERSONA, ID_FICHA_MEDICA) VALUES
                            (TO_DATE('2020-04-24','YYYY-MM-DD'), 8, '00293', 293);
INSERT INTO EX.SINTOMAS(FECHA_INICIO, ID_SINTOMA, ID_PERSONA, ID_FICHA_MEDICA) VALUES
                            (TO_DATE('2020-02-21','YYYY-MM-DD'), 9, '00293', 293);
INSERT INTO EX.SINTOMAS(FECHA_INICIO, ID_SINTOMA, ID_PERSONA, ID_FICHA_MEDICA) VALUES
                            (TO_DATE('2020-05-06','YYYY-MM-DD'), 10, '00293', 293);
INSERT INTO EX.PERSONA(DOC_IDENTIDAD, NOMBRE, NOMBRE1, APELLIDO, APELLIDO1, FECHA_NAC, GENERO, FOTO) VALUES
                  ('00294', 'Grace', 'Stephen', 'Smith', 'Clark', TO_DATE('1992-11-26','YYYY-MM-DD'), 'm', NULL);
INSERT INTO EX.HISTORICO_RESIDENCIA(FECHA_INICIO, ID_LUGAR, ID_PERSONA, FECHA_FIN) VALUES
                  (TO_DATE('1980-05-02','YYYY-MM-DD'), 28, '00294', NULL);
INSERT INTO EX.FICHA_MEDICA(ID, ID_PERSONA, ID_CENTRO_SALUD, ID_LUGAR, ESTADO, FECHA_INFECCION, FECHA_RECUPERACION) VALUES
                                             (294, '00294', 13, 28, 'desconido', NULL, NULL);
INSERT INTO EX.SINTOMAS(FECHA_INICIO, ID_SINTOMA, ID_PERSONA, ID_FICHA_MEDICA) VALUES
                            (TO_DATE('2020-04-04','YYYY-MM-DD'), 1, '00294', 294);
INSERT INTO EX.SINTOMAS(FECHA_INICIO, ID_SINTOMA, ID_PERSONA, ID_FICHA_MEDICA) VALUES
                            (TO_DATE('2020-01-18','YYYY-MM-DD'), 2, '00294', 294);
INSERT INTO EX.SINTOMAS(FECHA_INICIO, ID_SINTOMA, ID_PERSONA, ID_FICHA_MEDICA) VALUES
                            (TO_DATE('2020-06-24','YYYY-MM-DD'), 3, '00294', 294);
INSERT INTO EX.SINTOMAS(FECHA_INICIO, ID_SINTOMA, ID_PERSONA, ID_FICHA_MEDICA) VALUES
                            (TO_DATE('2020-06-10','YYYY-MM-DD'), 4, '00294', 294);
INSERT INTO EX.SINTOMAS(FECHA_INICIO, ID_SINTOMA, ID_PERSONA, ID_FICHA_MEDICA) VALUES
                            (TO_DATE('2020-02-11','YYYY-MM-DD'), 5, '00294', 294);
INSERT INTO EX.SINTOMAS(FECHA_INICIO, ID_SINTOMA, ID_PERSONA, ID_FICHA_MEDICA) VALUES
                            (TO_DATE('2020-02-23','YYYY-MM-DD'), 6, '00294', 294);
INSERT INTO EX.SINTOMAS(FECHA_INICIO, ID_SINTOMA, ID_PERSONA, ID_FICHA_MEDICA) VALUES
                            (TO_DATE('2020-03-25','YYYY-MM-DD'), 7, '00294', 294);
INSERT INTO EX.SINTOMAS(FECHA_INICIO, ID_SINTOMA, ID_PERSONA, ID_FICHA_MEDICA) VALUES
                            (TO_DATE('2020-05-02','YYYY-MM-DD'), 8, '00294', 294);
INSERT INTO EX.SINTOMAS(FECHA_INICIO, ID_SINTOMA, ID_PERSONA, ID_FICHA_MEDICA) VALUES
                            (TO_DATE('2020-06-19','YYYY-MM-DD'), 9, '00294', 294);
INSERT INTO EX.PERSONA(DOC_IDENTIDAD, NOMBRE, NOMBRE1, APELLIDO, APELLIDO1, FECHA_NAC, GENERO, FOTO) VALUES
                  ('00295', 'James', 'Steven', 'Nelson', 'Faulkner', TO_DATE('2003-09-25','YYYY-MM-DD'), 'f', NULL);
INSERT INTO EX.HISTORICO_RESIDENCIA(FECHA_INICIO, ID_LUGAR, ID_PERSONA, FECHA_FIN) VALUES
                  (TO_DATE('2003-01-19','YYYY-MM-DD'), 23, '00295', NULL);
INSERT INTO EX.FICHA_MEDICA(ID, ID_PERSONA, ID_CENTRO_SALUD, ID_LUGAR, ESTADO, FECHA_INFECCION, FECHA_RECUPERACION) VALUES
                                             (295, '00295', 8, 23, 'desconido', NULL, NULL);
INSERT INTO EX.PADECIMIENTOS(ID_PATOLOGIA, ID_PERSONA, ID_FICHA_MEDICA) VALUES
                            (1, '00295', 295);
INSERT INTO EX.PADECIMIENTOS(ID_PATOLOGIA, ID_PERSONA, ID_FICHA_MEDICA) VALUES
                            (2, '00295', 295);
INSERT INTO EX.PADECIMIENTOS(ID_PATOLOGIA, ID_PERSONA, ID_FICHA_MEDICA) VALUES
                            (3, '00295', 295);
INSERT INTO EX.PADECIMIENTOS(ID_PATOLOGIA, ID_PERSONA, ID_FICHA_MEDICA) VALUES
                            (4, '00295', 295);
INSERT INTO EX.PADECIMIENTOS(ID_PATOLOGIA, ID_PERSONA, ID_FICHA_MEDICA) VALUES
                            (5, '00295', 295);
INSERT INTO EX.PADECIMIENTOS(ID_PATOLOGIA, ID_PERSONA, ID_FICHA_MEDICA) VALUES
                            (6, '00295', 295);
INSERT INTO EX.PADECIMIENTOS(ID_PATOLOGIA, ID_PERSONA, ID_FICHA_MEDICA) VALUES
                            (7, '00295', 295);
INSERT INTO EX.PADECIMIENTOS(ID_PATOLOGIA, ID_PERSONA, ID_FICHA_MEDICA) VALUES
                            (8, '00295', 295);
INSERT INTO EX.PADECIMIENTOS(ID_PATOLOGIA, ID_PERSONA, ID_FICHA_MEDICA) VALUES
                            (9, '00295', 295);
INSERT INTO EX.SINTOMAS(FECHA_INICIO, ID_SINTOMA, ID_PERSONA, ID_FICHA_MEDICA) VALUES
                            (TO_DATE('2020-04-06','YYYY-MM-DD'), 1, '00295', 295);
INSERT INTO EX.SINTOMAS(FECHA_INICIO, ID_SINTOMA, ID_PERSONA, ID_FICHA_MEDICA) VALUES
                            (TO_DATE('2020-03-15','YYYY-MM-DD'), 2, '00295', 295);
INSERT INTO EX.SINTOMAS(FECHA_INICIO, ID_SINTOMA, ID_PERSONA, ID_FICHA_MEDICA) VALUES
                            (TO_DATE('2020-06-20','YYYY-MM-DD'), 3, '00295', 295);
INSERT INTO EX.SINTOMAS(FECHA_INICIO, ID_SINTOMA, ID_PERSONA, ID_FICHA_MEDICA) VALUES
                            (TO_DATE('2020-02-16','YYYY-MM-DD'), 4, '00295', 295);
INSERT INTO EX.SINTOMAS(FECHA_INICIO, ID_SINTOMA, ID_PERSONA, ID_FICHA_MEDICA) VALUES
                            (TO_DATE('2020-04-29','YYYY-MM-DD'), 5, '00295', 295);
INSERT INTO EX.SINTOMAS(FECHA_INICIO, ID_SINTOMA, ID_PERSONA, ID_FICHA_MEDICA) VALUES
                            (TO_DATE('2020-05-13','YYYY-MM-DD'), 6, '00295', 295);
INSERT INTO EX.SINTOMAS(FECHA_INICIO, ID_SINTOMA, ID_PERSONA, ID_FICHA_MEDICA) VALUES
                            (TO_DATE('2020-02-01','YYYY-MM-DD'), 7, '00295', 295);
INSERT INTO EX.SINTOMAS(FECHA_INICIO, ID_SINTOMA, ID_PERSONA, ID_FICHA_MEDICA) VALUES
                            (TO_DATE('2020-06-17','YYYY-MM-DD'), 8, '00295', 295);
INSERT INTO EX.SINTOMAS(FECHA_INICIO, ID_SINTOMA, ID_PERSONA, ID_FICHA_MEDICA) VALUES
                            (TO_DATE('2020-01-18','YYYY-MM-DD'), 9, '00295', 295);
INSERT INTO EX.SINTOMAS(FECHA_INICIO, ID_SINTOMA, ID_PERSONA, ID_FICHA_MEDICA) VALUES
                            (TO_DATE('2020-06-18','YYYY-MM-DD'), 10, '00295', 295);
INSERT INTO EX.SINTOMAS(FECHA_INICIO, ID_SINTOMA, ID_PERSONA, ID_FICHA_MEDICA) VALUES
                            (TO_DATE('2020-01-06','YYYY-MM-DD'), 11, '00295', 295);
INSERT INTO EX.SINTOMAS(FECHA_INICIO, ID_SINTOMA, ID_PERSONA, ID_FICHA_MEDICA) VALUES
                            (TO_DATE('2020-04-06','YYYY-MM-DD'), 12, '00295', 295);
INSERT INTO EX.PERSONA(DOC_IDENTIDAD, NOMBRE, NOMBRE1, APELLIDO, APELLIDO1, FECHA_NAC, GENERO, FOTO) VALUES
                  ('00296', 'John', 'Joshua', 'Jones', 'Mcdonald', TO_DATE('1987-04-07','YYYY-MM-DD'), 'm', NULL);
INSERT INTO EX.HISTORICO_RESIDENCIA(FECHA_INICIO, ID_LUGAR, ID_PERSONA, FECHA_FIN) VALUES
                  (TO_DATE('2009-07-18','YYYY-MM-DD'), 43, '00296', NULL);
INSERT INTO EX.FICHA_MEDICA(ID, ID_PERSONA, ID_CENTRO_SALUD, ID_LUGAR, ESTADO, FECHA_INFECCION, FECHA_RECUPERACION) VALUES
                                             (296, '00296', 28, 43, 'desconido', NULL, NULL);
INSERT INTO EX.PADECIMIENTOS(ID_PATOLOGIA, ID_PERSONA, ID_FICHA_MEDICA) VALUES
                            (1, '00296', 296);
INSERT INTO EX.PADECIMIENTOS(ID_PATOLOGIA, ID_PERSONA, ID_FICHA_MEDICA) VALUES
                            (2, '00296', 296);
INSERT INTO EX.PADECIMIENTOS(ID_PATOLOGIA, ID_PERSONA, ID_FICHA_MEDICA) VALUES
                            (3, '00296', 296);
INSERT INTO EX.PADECIMIENTOS(ID_PATOLOGIA, ID_PERSONA, ID_FICHA_MEDICA) VALUES
                            (4, '00296', 296);
INSERT INTO EX.PADECIMIENTOS(ID_PATOLOGIA, ID_PERSONA, ID_FICHA_MEDICA) VALUES
                            (5, '00296', 296);
INSERT INTO EX.PADECIMIENTOS(ID_PATOLOGIA, ID_PERSONA, ID_FICHA_MEDICA) VALUES
                            (6, '00296', 296);
INSERT INTO EX.PADECIMIENTOS(ID_PATOLOGIA, ID_PERSONA, ID_FICHA_MEDICA) VALUES
                            (7, '00296', 296);
INSERT INTO EX.PADECIMIENTOS(ID_PATOLOGIA, ID_PERSONA, ID_FICHA_MEDICA) VALUES
                            (8, '00296', 296);
INSERT INTO EX.PADECIMIENTOS(ID_PATOLOGIA, ID_PERSONA, ID_FICHA_MEDICA) VALUES
                            (9, '00296', 296);
INSERT INTO EX.PADECIMIENTOS(ID_PATOLOGIA, ID_PERSONA, ID_FICHA_MEDICA) VALUES
                            (10, '00296', 296);
INSERT INTO EX.PADECIMIENTOS(ID_PATOLOGIA, ID_PERSONA, ID_FICHA_MEDICA) VALUES
                            (11, '00296', 296);
INSERT INTO EX.PADECIMIENTOS(ID_PATOLOGIA, ID_PERSONA, ID_FICHA_MEDICA) VALUES
                            (12, '00296', 296);
INSERT INTO EX.SINTOMAS(FECHA_INICIO, ID_SINTOMA, ID_PERSONA, ID_FICHA_MEDICA) VALUES
                            (TO_DATE('2020-02-08','YYYY-MM-DD'), 1, '00296', 296);
INSERT INTO EX.SINTOMAS(FECHA_INICIO, ID_SINTOMA, ID_PERSONA, ID_FICHA_MEDICA) VALUES
                            (TO_DATE('2020-06-01','YYYY-MM-DD'), 2, '00296', 296);
INSERT INTO EX.SINTOMAS(FECHA_INICIO, ID_SINTOMA, ID_PERSONA, ID_FICHA_MEDICA) VALUES
                            (TO_DATE('2020-02-04','YYYY-MM-DD'), 3, '00296', 296);
INSERT INTO EX.PERSONA(DOC_IDENTIDAD, NOMBRE, NOMBRE1, APELLIDO, APELLIDO1, FECHA_NAC, GENERO, FOTO) VALUES
                  ('00297', 'Melissa', 'Michael', 'Caldwell', 'Harris', TO_DATE('2017-06-02','YYYY-MM-DD'), 'f', NULL);
INSERT INTO EX.HISTORICO_RESIDENCIA(FECHA_INICIO, ID_LUGAR, ID_PERSONA, FECHA_FIN) VALUES
                  (TO_DATE('1996-01-18','YYYY-MM-DD'), 33, '00297', NULL);
INSERT INTO EX.FICHA_MEDICA(ID, ID_PERSONA, ID_CENTRO_SALUD, ID_LUGAR, ESTADO, FECHA_INFECCION, FECHA_RECUPERACION) VALUES
                                             (297, '00297', 18, 33, 'desconido', NULL, NULL);
INSERT INTO EX.PADECIMIENTOS(ID_PATOLOGIA, ID_PERSONA, ID_FICHA_MEDICA) VALUES
                            (1, '00297', 297);
INSERT INTO EX.PADECIMIENTOS(ID_PATOLOGIA, ID_PERSONA, ID_FICHA_MEDICA) VALUES
                            (2, '00297', 297);
INSERT INTO EX.PADECIMIENTOS(ID_PATOLOGIA, ID_PERSONA, ID_FICHA_MEDICA) VALUES
                            (3, '00297', 297);
INSERT INTO EX.PADECIMIENTOS(ID_PATOLOGIA, ID_PERSONA, ID_FICHA_MEDICA) VALUES
                            (4, '00297', 297);
INSERT INTO EX.PADECIMIENTOS(ID_PATOLOGIA, ID_PERSONA, ID_FICHA_MEDICA) VALUES
                            (5, '00297', 297);
INSERT INTO EX.PADECIMIENTOS(ID_PATOLOGIA, ID_PERSONA, ID_FICHA_MEDICA) VALUES
                            (6, '00297', 297);
INSERT INTO EX.PADECIMIENTOS(ID_PATOLOGIA, ID_PERSONA, ID_FICHA_MEDICA) VALUES
                            (7, '00297', 297);
INSERT INTO EX.PADECIMIENTOS(ID_PATOLOGIA, ID_PERSONA, ID_FICHA_MEDICA) VALUES
                            (8, '00297', 297);
INSERT INTO EX.PADECIMIENTOS(ID_PATOLOGIA, ID_PERSONA, ID_FICHA_MEDICA) VALUES
                            (9, '00297', 297);
INSERT INTO EX.PADECIMIENTOS(ID_PATOLOGIA, ID_PERSONA, ID_FICHA_MEDICA) VALUES
                            (10, '00297', 297);
INSERT INTO EX.PADECIMIENTOS(ID_PATOLOGIA, ID_PERSONA, ID_FICHA_MEDICA) VALUES
                            (11, '00297', 297);
INSERT INTO EX.PERSONA(DOC_IDENTIDAD, NOMBRE, NOMBRE1, APELLIDO, APELLIDO1, FECHA_NAC, GENERO, FOTO) VALUES
                  ('00298', 'Judy', 'Jeffery', 'Weber', 'Sampson', TO_DATE('1999-07-17','YYYY-MM-DD'), 'm', NULL);
INSERT INTO EX.HISTORICO_RESIDENCIA(FECHA_INICIO, ID_LUGAR, ID_PERSONA, FECHA_FIN) VALUES
                  (TO_DATE('1988-11-03','YYYY-MM-DD'), 37, '00298', NULL);
INSERT INTO EX.FICHA_MEDICA(ID, ID_PERSONA, ID_CENTRO_SALUD, ID_LUGAR, ESTADO, FECHA_INFECCION, FECHA_RECUPERACION) VALUES
                                             (298, '00298', 22, 37, 'desconido', NULL, NULL);
INSERT INTO EX.PADECIMIENTOS(ID_PATOLOGIA, ID_PERSONA, ID_FICHA_MEDICA) VALUES
                            (1, '00298', 298);
INSERT INTO EX.PADECIMIENTOS(ID_PATOLOGIA, ID_PERSONA, ID_FICHA_MEDICA) VALUES
                            (2, '00298', 298);
INSERT INTO EX.PADECIMIENTOS(ID_PATOLOGIA, ID_PERSONA, ID_FICHA_MEDICA) VALUES
                            (3, '00298', 298);
INSERT INTO EX.PADECIMIENTOS(ID_PATOLOGIA, ID_PERSONA, ID_FICHA_MEDICA) VALUES
                            (4, '00298', 298);
INSERT INTO EX.PADECIMIENTOS(ID_PATOLOGIA, ID_PERSONA, ID_FICHA_MEDICA) VALUES
                            (5, '00298', 298);
INSERT INTO EX.PERSONA(DOC_IDENTIDAD, NOMBRE, NOMBRE1, APELLIDO, APELLIDO1, FECHA_NAC, GENERO, FOTO) VALUES
                  ('00299', 'Kathy', 'Mark', 'Mitchell', 'Padilla', TO_DATE('1975-05-16','YYYY-MM-DD'), 'f', NULL);
INSERT INTO EX.HISTORICO_RESIDENCIA(FECHA_INICIO, ID_LUGAR, ID_PERSONA, FECHA_FIN) VALUES
                  (TO_DATE('1998-08-22','YYYY-MM-DD'), 21, '00299', NULL);
INSERT INTO EX.FICHA_MEDICA(ID, ID_PERSONA, ID_CENTRO_SALUD, ID_LUGAR, ESTADO, FECHA_INFECCION, FECHA_RECUPERACION) VALUES
                                             (299, '00299', 6, 21, 'desconido', NULL, NULL);
INSERT INTO EX.PADECIMIENTOS(ID_PATOLOGIA, ID_PERSONA, ID_FICHA_MEDICA) VALUES
                            (1, '00299', 299);
INSERT INTO EX.PADECIMIENTOS(ID_PATOLOGIA, ID_PERSONA, ID_FICHA_MEDICA) VALUES
                            (2, '00299', 299);
INSERT INTO EX.PADECIMIENTOS(ID_PATOLOGIA, ID_PERSONA, ID_FICHA_MEDICA) VALUES
                            (3, '00299', 299);
INSERT INTO EX.PADECIMIENTOS(ID_PATOLOGIA, ID_PERSONA, ID_FICHA_MEDICA) VALUES
                            (4, '00299', 299);
INSERT INTO EX.PADECIMIENTOS(ID_PATOLOGIA, ID_PERSONA, ID_FICHA_MEDICA) VALUES
                            (5, '00299', 299);
INSERT INTO EX.PADECIMIENTOS(ID_PATOLOGIA, ID_PERSONA, ID_FICHA_MEDICA) VALUES
                            (6, '00299', 299);
INSERT INTO EX.PADECIMIENTOS(ID_PATOLOGIA, ID_PERSONA, ID_FICHA_MEDICA) VALUES
                            (7, '00299', 299);
INSERT INTO EX.PADECIMIENTOS(ID_PATOLOGIA, ID_PERSONA, ID_FICHA_MEDICA) VALUES
                            (8, '00299', 299);
INSERT INTO EX.PERSONA(DOC_IDENTIDAD, NOMBRE, NOMBRE1, APELLIDO, APELLIDO1, FECHA_NAC, GENERO, FOTO) VALUES
                  ('00300', 'Christopher', 'Dawn', 'Jackson', 'Christensen', TO_DATE('2017-03-04','YYYY-MM-DD'), 'm', NULL);
INSERT INTO EX.HISTORICO_RESIDENCIA(FECHA_INICIO, ID_LUGAR, ID_PERSONA, FECHA_FIN) VALUES
                  (TO_DATE('2018-11-22','YYYY-MM-DD'), 24, '00300', NULL);
INSERT INTO EX.FICHA_MEDICA(ID, ID_PERSONA, ID_CENTRO_SALUD, ID_LUGAR, ESTADO, FECHA_INFECCION, FECHA_RECUPERACION) VALUES
                                             (300, '00300', 9, 24, 'desconido', NULL, NULL);
INSERT INTO EX.PADECIMIENTOS(ID_PATOLOGIA, ID_PERSONA, ID_FICHA_MEDICA) VALUES
                            (1, '00300', 300);
INSERT INTO EX.PADECIMIENTOS(ID_PATOLOGIA, ID_PERSONA, ID_FICHA_MEDICA) VALUES
                            (2, '00300', 300);
INSERT INTO EX.PADECIMIENTOS(ID_PATOLOGIA, ID_PERSONA, ID_FICHA_MEDICA) VALUES
                            (3, '00300', 300);
INSERT INTO EX.SINTOMAS(FECHA_INICIO, ID_SINTOMA, ID_PERSONA, ID_FICHA_MEDICA) VALUES
                            (TO_DATE('2020-06-02','YYYY-MM-DD'), 1, '00300', 300);
INSERT INTO EX.SINTOMAS(FECHA_INICIO, ID_SINTOMA, ID_PERSONA, ID_FICHA_MEDICA) VALUES
                            (TO_DATE('2020-03-24','YYYY-MM-DD'), 2, '00300', 300);
INSERT INTO EX.SINTOMAS(FECHA_INICIO, ID_SINTOMA, ID_PERSONA, ID_FICHA_MEDICA) VALUES
                            (TO_DATE('2020-01-04','YYYY-MM-DD'), 3, '00300', 300);
INSERT INTO EX.SINTOMAS(FECHA_INICIO, ID_SINTOMA, ID_PERSONA, ID_FICHA_MEDICA) VALUES
                            (TO_DATE('2020-02-10','YYYY-MM-DD'), 4, '00300', 300);
INSERT INTO EX.SINTOMAS(FECHA_INICIO, ID_SINTOMA, ID_PERSONA, ID_FICHA_MEDICA) VALUES
                            (TO_DATE('2020-02-26','YYYY-MM-DD'), 5, '00300', 300);
INSERT INTO EX.SINTOMAS(FECHA_INICIO, ID_SINTOMA, ID_PERSONA, ID_FICHA_MEDICA) VALUES
                            (TO_DATE('2020-06-01','YYYY-MM-DD'), 6, '00300', 300);
INSERT INTO EX.SINTOMAS(FECHA_INICIO, ID_SINTOMA, ID_PERSONA, ID_FICHA_MEDICA) VALUES
                            (TO_DATE('2020-05-05','YYYY-MM-DD'), 7, '00300', 300);
INSERT INTO EX.SINTOMAS(FECHA_INICIO, ID_SINTOMA, ID_PERSONA, ID_FICHA_MEDICA) VALUES
                            (TO_DATE('2020-01-18','YYYY-MM-DD'), 8, '00300', 300);
INSERT INTO EX.SINTOMAS(FECHA_INICIO, ID_SINTOMA, ID_PERSONA, ID_FICHA_MEDICA) VALUES
                            (TO_DATE('2020-06-01','YYYY-MM-DD'), 9, '00300', 300);
INSERT INTO EX.SINTOMAS(FECHA_INICIO, ID_SINTOMA, ID_PERSONA, ID_FICHA_MEDICA) VALUES
                            (TO_DATE('2020-03-21','YYYY-MM-DD'), 10, '00300', 300);
INSERT INTO EX.SINTOMAS(FECHA_INICIO, ID_SINTOMA, ID_PERSONA, ID_FICHA_MEDICA) VALUES
                            (TO_DATE('2020-06-15','YYYY-MM-DD'), 11, '00300', 300);
INSERT INTO EX.SINTOMAS(FECHA_INICIO, ID_SINTOMA, ID_PERSONA, ID_FICHA_MEDICA) VALUES
                            (TO_DATE('2020-03-24','YYYY-MM-DD'), 12, '00300', 300);
INSERT INTO EX.SINTOMAS(FECHA_INICIO, ID_SINTOMA, ID_PERSONA, ID_FICHA_MEDICA) VALUES
                            (TO_DATE('2020-04-28','YYYY-MM-DD'), 13, '00300', 300);
INSERT INTO EX.PERSONA(DOC_IDENTIDAD, NOMBRE, NOMBRE1, APELLIDO, APELLIDO1, FECHA_NAC, GENERO, FOTO) VALUES
                  ('00301', 'Tammy', 'David', 'Morris', 'Cherry', TO_DATE('2001-04-13','YYYY-MM-DD'), 'f', NULL);
INSERT INTO EX.HISTORICO_RESIDENCIA(FECHA_INICIO, ID_LUGAR, ID_PERSONA, FECHA_FIN) VALUES
                  (TO_DATE('2004-03-27','YYYY-MM-DD'), 29, '00301', NULL);
INSERT INTO EX.FICHA_MEDICA(ID, ID_PERSONA, ID_CENTRO_SALUD, ID_LUGAR, ESTADO, FECHA_INFECCION, FECHA_RECUPERACION) VALUES
                                             (301, '00301', 14, 29, 'desconido', NULL, NULL);
INSERT INTO EX.PADECIMIENTOS(ID_PATOLOGIA, ID_PERSONA, ID_FICHA_MEDICA) VALUES
                            (1, '00301', 301);
INSERT INTO EX.PADECIMIENTOS(ID_PATOLOGIA, ID_PERSONA, ID_FICHA_MEDICA) VALUES
                            (2, '00301', 301);
INSERT INTO EX.PADECIMIENTOS(ID_PATOLOGIA, ID_PERSONA, ID_FICHA_MEDICA) VALUES
                            (3, '00301', 301);
INSERT INTO EX.PADECIMIENTOS(ID_PATOLOGIA, ID_PERSONA, ID_FICHA_MEDICA) VALUES
                            (4, '00301', 301);
INSERT INTO EX.PADECIMIENTOS(ID_PATOLOGIA, ID_PERSONA, ID_FICHA_MEDICA) VALUES
                            (5, '00301', 301);
INSERT INTO EX.PADECIMIENTOS(ID_PATOLOGIA, ID_PERSONA, ID_FICHA_MEDICA) VALUES
                            (6, '00301', 301);
INSERT INTO EX.PADECIMIENTOS(ID_PATOLOGIA, ID_PERSONA, ID_FICHA_MEDICA) VALUES
                            (7, '00301', 301);
INSERT INTO EX.PADECIMIENTOS(ID_PATOLOGIA, ID_PERSONA, ID_FICHA_MEDICA) VALUES
                            (8, '00301', 301);
INSERT INTO EX.PADECIMIENTOS(ID_PATOLOGIA, ID_PERSONA, ID_FICHA_MEDICA) VALUES
                            (9, '00301', 301);
INSERT INTO EX.SINTOMAS(FECHA_INICIO, ID_SINTOMA, ID_PERSONA, ID_FICHA_MEDICA) VALUES
                            (TO_DATE('2020-04-11','YYYY-MM-DD'), 1, '00301', 301);
INSERT INTO EX.PERSONA(DOC_IDENTIDAD, NOMBRE, NOMBRE1, APELLIDO, APELLIDO1, FECHA_NAC, GENERO, FOTO) VALUES
                  ('00302', 'Charles', 'Daniel', 'Williams', 'Hawkins', TO_DATE('2018-03-28','YYYY-MM-DD'), 'm', NULL);
INSERT INTO EX.HISTORICO_RESIDENCIA(FECHA_INICIO, ID_LUGAR, ID_PERSONA, FECHA_FIN) VALUES
                  (TO_DATE('2001-08-15','YYYY-MM-DD'), 44, '00302', NULL);
INSERT INTO EX.FICHA_MEDICA(ID, ID_PERSONA, ID_CENTRO_SALUD, ID_LUGAR, ESTADO, FECHA_INFECCION, FECHA_RECUPERACION) VALUES
                                             (302, '00302', 29, 44, 'desconido', NULL, NULL);
INSERT INTO EX.PADECIMIENTOS(ID_PATOLOGIA, ID_PERSONA, ID_FICHA_MEDICA) VALUES
                            (1, '00302', 302);
INSERT INTO EX.PADECIMIENTOS(ID_PATOLOGIA, ID_PERSONA, ID_FICHA_MEDICA) VALUES
                            (2, '00302', 302);
INSERT INTO EX.PADECIMIENTOS(ID_PATOLOGIA, ID_PERSONA, ID_FICHA_MEDICA) VALUES
                            (3, '00302', 302);
INSERT INTO EX.PADECIMIENTOS(ID_PATOLOGIA, ID_PERSONA, ID_FICHA_MEDICA) VALUES
                            (4, '00302', 302);
INSERT INTO EX.PADECIMIENTOS(ID_PATOLOGIA, ID_PERSONA, ID_FICHA_MEDICA) VALUES
                            (5, '00302', 302);
INSERT INTO EX.PADECIMIENTOS(ID_PATOLOGIA, ID_PERSONA, ID_FICHA_MEDICA) VALUES
                            (6, '00302', 302);
INSERT INTO EX.PADECIMIENTOS(ID_PATOLOGIA, ID_PERSONA, ID_FICHA_MEDICA) VALUES
                            (7, '00302', 302);
INSERT INTO EX.PADECIMIENTOS(ID_PATOLOGIA, ID_PERSONA, ID_FICHA_MEDICA) VALUES
                            (8, '00302', 302);
INSERT INTO EX.PADECIMIENTOS(ID_PATOLOGIA, ID_PERSONA, ID_FICHA_MEDICA) VALUES
                            (9, '00302', 302);
INSERT INTO EX.PADECIMIENTOS(ID_PATOLOGIA, ID_PERSONA, ID_FICHA_MEDICA) VALUES
                            (10, '00302', 302);
INSERT INTO EX.PADECIMIENTOS(ID_PATOLOGIA, ID_PERSONA, ID_FICHA_MEDICA) VALUES
                            (11, '00302', 302);
INSERT INTO EX.PADECIMIENTOS(ID_PATOLOGIA, ID_PERSONA, ID_FICHA_MEDICA) VALUES
                            (12, '00302', 302);
INSERT INTO EX.PADECIMIENTOS(ID_PATOLOGIA, ID_PERSONA, ID_FICHA_MEDICA) VALUES
                            (13, '00302', 302);
INSERT INTO EX.PADECIMIENTOS(ID_PATOLOGIA, ID_PERSONA, ID_FICHA_MEDICA) VALUES
                            (14, '00302', 302);
INSERT INTO EX.PADECIMIENTOS(ID_PATOLOGIA, ID_PERSONA, ID_FICHA_MEDICA) VALUES
                            (15, '00302', 302);
INSERT INTO EX.PERSONA(DOC_IDENTIDAD, NOMBRE, NOMBRE1, APELLIDO, APELLIDO1, FECHA_NAC, GENERO, FOTO) VALUES
                  ('00303', 'Kevin', 'Joanne', 'Strickland', 'Brewer', TO_DATE('1985-02-02','YYYY-MM-DD'), 'f', NULL);
INSERT INTO EX.HISTORICO_RESIDENCIA(FECHA_INICIO, ID_LUGAR, ID_PERSONA, FECHA_FIN) VALUES
                  (TO_DATE('2004-01-06','YYYY-MM-DD'), 35, '00303', NULL);
INSERT INTO EX.FICHA_MEDICA(ID, ID_PERSONA, ID_CENTRO_SALUD, ID_LUGAR, ESTADO, FECHA_INFECCION, FECHA_RECUPERACION) VALUES
                                             (303, '00303', 20, 35, 'desconido', NULL, NULL);
INSERT INTO EX.PADECIMIENTOS(ID_PATOLOGIA, ID_PERSONA, ID_FICHA_MEDICA) VALUES
                            (1, '00303', 303);
INSERT INTO EX.PADECIMIENTOS(ID_PATOLOGIA, ID_PERSONA, ID_FICHA_MEDICA) VALUES
                            (2, '00303', 303);
INSERT INTO EX.PADECIMIENTOS(ID_PATOLOGIA, ID_PERSONA, ID_FICHA_MEDICA) VALUES
                            (3, '00303', 303);
INSERT INTO EX.PADECIMIENTOS(ID_PATOLOGIA, ID_PERSONA, ID_FICHA_MEDICA) VALUES
                            (4, '00303', 303);
INSERT INTO EX.PADECIMIENTOS(ID_PATOLOGIA, ID_PERSONA, ID_FICHA_MEDICA) VALUES
                            (5, '00303', 303);
INSERT INTO EX.PADECIMIENTOS(ID_PATOLOGIA, ID_PERSONA, ID_FICHA_MEDICA) VALUES
                            (6, '00303', 303);
INSERT INTO EX.PADECIMIENTOS(ID_PATOLOGIA, ID_PERSONA, ID_FICHA_MEDICA) VALUES
                            (7, '00303', 303);
INSERT INTO EX.PADECIMIENTOS(ID_PATOLOGIA, ID_PERSONA, ID_FICHA_MEDICA) VALUES
                            (8, '00303', 303);
INSERT INTO EX.PADECIMIENTOS(ID_PATOLOGIA, ID_PERSONA, ID_FICHA_MEDICA) VALUES
                            (9, '00303', 303);
INSERT INTO EX.PADECIMIENTOS(ID_PATOLOGIA, ID_PERSONA, ID_FICHA_MEDICA) VALUES
                            (10, '00303', 303);
INSERT INTO EX.PADECIMIENTOS(ID_PATOLOGIA, ID_PERSONA, ID_FICHA_MEDICA) VALUES
                            (11, '00303', 303);
INSERT INTO EX.PADECIMIENTOS(ID_PATOLOGIA, ID_PERSONA, ID_FICHA_MEDICA) VALUES
                            (12, '00303', 303);
INSERT INTO EX.PADECIMIENTOS(ID_PATOLOGIA, ID_PERSONA, ID_FICHA_MEDICA) VALUES
                            (13, '00303', 303);
INSERT INTO EX.PERSONA(DOC_IDENTIDAD, NOMBRE, NOMBRE1, APELLIDO, APELLIDO1, FECHA_NAC, GENERO, FOTO) VALUES
                  ('00304', 'Michael', 'Jorge', 'Johnson', 'White', TO_DATE('2016-12-27','YYYY-MM-DD'), 'm', NULL);
INSERT INTO EX.HISTORICO_RESIDENCIA(FECHA_INICIO, ID_LUGAR, ID_PERSONA, FECHA_FIN) VALUES
                  (TO_DATE('1972-11-15','YYYY-MM-DD'), 29, '00304', NULL);
INSERT INTO EX.FICHA_MEDICA(ID, ID_PERSONA, ID_CENTRO_SALUD, ID_LUGAR, ESTADO, FECHA_INFECCION, FECHA_RECUPERACION) VALUES
                                             (304, '00304', 14, 29, 'desconido', NULL, NULL);
INSERT INTO EX.SINTOMAS(FECHA_INICIO, ID_SINTOMA, ID_PERSONA, ID_FICHA_MEDICA) VALUES
                            (TO_DATE('2020-01-26','YYYY-MM-DD'), 1, '00304', 304);
INSERT INTO EX.SINTOMAS(FECHA_INICIO, ID_SINTOMA, ID_PERSONA, ID_FICHA_MEDICA) VALUES
                            (TO_DATE('2020-04-14','YYYY-MM-DD'), 2, '00304', 304);
INSERT INTO EX.SINTOMAS(FECHA_INICIO, ID_SINTOMA, ID_PERSONA, ID_FICHA_MEDICA) VALUES
                            (TO_DATE('2020-01-21','YYYY-MM-DD'), 3, '00304', 304);
INSERT INTO EX.SINTOMAS(FECHA_INICIO, ID_SINTOMA, ID_PERSONA, ID_FICHA_MEDICA) VALUES
                            (TO_DATE('2020-05-16','YYYY-MM-DD'), 4, '00304', 304);
INSERT INTO EX.SINTOMAS(FECHA_INICIO, ID_SINTOMA, ID_PERSONA, ID_FICHA_MEDICA) VALUES
                            (TO_DATE('2020-06-14','YYYY-MM-DD'), 5, '00304', 304);
INSERT INTO EX.SINTOMAS(FECHA_INICIO, ID_SINTOMA, ID_PERSONA, ID_FICHA_MEDICA) VALUES
                            (TO_DATE('2020-05-19','YYYY-MM-DD'), 6, '00304', 304);
INSERT INTO EX.PERSONA(DOC_IDENTIDAD, NOMBRE, NOMBRE1, APELLIDO, APELLIDO1, FECHA_NAC, GENERO, FOTO) VALUES
                  ('00305', 'Carrie', 'Jason', 'Smith', 'Hughes', TO_DATE('2004-07-05','YYYY-MM-DD'), 'f', NULL);
INSERT INTO EX.HISTORICO_RESIDENCIA(FECHA_INICIO, ID_LUGAR, ID_PERSONA, FECHA_FIN) VALUES
                  (TO_DATE('2002-04-17','YYYY-MM-DD'), 41, '00305', NULL);
INSERT INTO EX.FICHA_MEDICA(ID, ID_PERSONA, ID_CENTRO_SALUD, ID_LUGAR, ESTADO, FECHA_INFECCION, FECHA_RECUPERACION) VALUES
                                             (305, '00305', 26, 41, 'desconido', NULL, NULL);
INSERT INTO EX.PERSONA(DOC_IDENTIDAD, NOMBRE, NOMBRE1, APELLIDO, APELLIDO1, FECHA_NAC, GENERO, FOTO) VALUES
                  ('00306', 'Morgan', 'Sean', 'Jenkins', 'Woods', TO_DATE('1970-01-27','YYYY-MM-DD'), 'm', NULL);
INSERT INTO EX.HISTORICO_RESIDENCIA(FECHA_INICIO, ID_LUGAR, ID_PERSONA, FECHA_FIN) VALUES
                  (TO_DATE('1988-12-26','YYYY-MM-DD'), 18, '00306', NULL);
INSERT INTO EX.FICHA_MEDICA(ID, ID_PERSONA, ID_CENTRO_SALUD, ID_LUGAR, ESTADO, FECHA_INFECCION, FECHA_RECUPERACION) VALUES
                                             (306, '00306', 3, 18, 'desconido', NULL, NULL);
INSERT INTO EX.SINTOMAS(FECHA_INICIO, ID_SINTOMA, ID_PERSONA, ID_FICHA_MEDICA) VALUES
                            (TO_DATE('2020-03-02','YYYY-MM-DD'), 1, '00306', 306);
INSERT INTO EX.SINTOMAS(FECHA_INICIO, ID_SINTOMA, ID_PERSONA, ID_FICHA_MEDICA) VALUES
                            (TO_DATE('2020-02-13','YYYY-MM-DD'), 2, '00306', 306);
INSERT INTO EX.SINTOMAS(FECHA_INICIO, ID_SINTOMA, ID_PERSONA, ID_FICHA_MEDICA) VALUES
                            (TO_DATE('2020-07-01','YYYY-MM-DD'), 3, '00306', 306);
INSERT INTO EX.SINTOMAS(FECHA_INICIO, ID_SINTOMA, ID_PERSONA, ID_FICHA_MEDICA) VALUES
                            (TO_DATE('2020-07-01','YYYY-MM-DD'), 4, '00306', 306);
INSERT INTO EX.SINTOMAS(FECHA_INICIO, ID_SINTOMA, ID_PERSONA, ID_FICHA_MEDICA) VALUES
                            (TO_DATE('2020-04-03','YYYY-MM-DD'), 5, '00306', 306);
INSERT INTO EX.SINTOMAS(FECHA_INICIO, ID_SINTOMA, ID_PERSONA, ID_FICHA_MEDICA) VALUES
                            (TO_DATE('2020-04-30','YYYY-MM-DD'), 6, '00306', 306);
INSERT INTO EX.SINTOMAS(FECHA_INICIO, ID_SINTOMA, ID_PERSONA, ID_FICHA_MEDICA) VALUES
                            (TO_DATE('2020-03-01','YYYY-MM-DD'), 7, '00306', 306);
INSERT INTO EX.SINTOMAS(FECHA_INICIO, ID_SINTOMA, ID_PERSONA, ID_FICHA_MEDICA) VALUES
                            (TO_DATE('2020-02-29','YYYY-MM-DD'), 8, '00306', 306);
INSERT INTO EX.SINTOMAS(FECHA_INICIO, ID_SINTOMA, ID_PERSONA, ID_FICHA_MEDICA) VALUES
                            (TO_DATE('2020-04-15','YYYY-MM-DD'), 9, '00306', 306);
INSERT INTO EX.PERSONA(DOC_IDENTIDAD, NOMBRE, NOMBRE1, APELLIDO, APELLIDO1, FECHA_NAC, GENERO, FOTO) VALUES
                  ('00307', 'Michael', 'Tony', 'Garcia', 'Berger', TO_DATE('2015-10-07','YYYY-MM-DD'), 'f', NULL);
INSERT INTO EX.HISTORICO_RESIDENCIA(FECHA_INICIO, ID_LUGAR, ID_PERSONA, FECHA_FIN) VALUES
                  (TO_DATE('2007-07-27','YYYY-MM-DD'), 19, '00307', NULL);
INSERT INTO EX.FICHA_MEDICA(ID, ID_PERSONA, ID_CENTRO_SALUD, ID_LUGAR, ESTADO, FECHA_INFECCION, FECHA_RECUPERACION) VALUES
                                             (307, '00307', 4, 19, 'desconido', NULL, NULL);
INSERT INTO EX.PERSONA(DOC_IDENTIDAD, NOMBRE, NOMBRE1, APELLIDO, APELLIDO1, FECHA_NAC, GENERO, FOTO) VALUES
                  ('00308', 'Tony', 'Kim', 'Hunter', 'Flowers', TO_DATE('1987-08-31','YYYY-MM-DD'), 'm', NULL);
INSERT INTO EX.HISTORICO_RESIDENCIA(FECHA_INICIO, ID_LUGAR, ID_PERSONA, FECHA_FIN) VALUES
                  (TO_DATE('2005-11-20','YYYY-MM-DD'), 22, '00308', NULL);
INSERT INTO EX.FICHA_MEDICA(ID, ID_PERSONA, ID_CENTRO_SALUD, ID_LUGAR, ESTADO, FECHA_INFECCION, FECHA_RECUPERACION) VALUES
                                             (308, '00308', 7, 22, 'desconido', NULL, NULL);
INSERT INTO EX.SINTOMAS(FECHA_INICIO, ID_SINTOMA, ID_PERSONA, ID_FICHA_MEDICA) VALUES
                            (TO_DATE('2020-04-08','YYYY-MM-DD'), 1, '00308', 308);
INSERT INTO EX.SINTOMAS(FECHA_INICIO, ID_SINTOMA, ID_PERSONA, ID_FICHA_MEDICA) VALUES
                            (TO_DATE('2020-06-20','YYYY-MM-DD'), 2, '00308', 308);
INSERT INTO EX.SINTOMAS(FECHA_INICIO, ID_SINTOMA, ID_PERSONA, ID_FICHA_MEDICA) VALUES
                            (TO_DATE('2020-06-21','YYYY-MM-DD'), 3, '00308', 308);
INSERT INTO EX.SINTOMAS(FECHA_INICIO, ID_SINTOMA, ID_PERSONA, ID_FICHA_MEDICA) VALUES
                            (TO_DATE('2020-03-30','YYYY-MM-DD'), 4, '00308', 308);
INSERT INTO EX.PERSONA(DOC_IDENTIDAD, NOMBRE, NOMBRE1, APELLIDO, APELLIDO1, FECHA_NAC, GENERO, FOTO) VALUES
                  ('00309', 'Kevin', 'Ian', 'Zimmerman', 'Walker', TO_DATE('1996-09-19','YYYY-MM-DD'), 'f', NULL);
INSERT INTO EX.HISTORICO_RESIDENCIA(FECHA_INICIO, ID_LUGAR, ID_PERSONA, FECHA_FIN) VALUES
                  (TO_DATE('1998-06-15','YYYY-MM-DD'), 33, '00309', NULL);
INSERT INTO EX.FICHA_MEDICA(ID, ID_PERSONA, ID_CENTRO_SALUD, ID_LUGAR, ESTADO, FECHA_INFECCION, FECHA_RECUPERACION) VALUES
                                             (309, '00309', 18, 33, 'desconido', NULL, NULL);
INSERT INTO EX.PADECIMIENTOS(ID_PATOLOGIA, ID_PERSONA, ID_FICHA_MEDICA) VALUES
                            (1, '00309', 309);
INSERT INTO EX.PADECIMIENTOS(ID_PATOLOGIA, ID_PERSONA, ID_FICHA_MEDICA) VALUES
                            (2, '00309', 309);
INSERT INTO EX.PADECIMIENTOS(ID_PATOLOGIA, ID_PERSONA, ID_FICHA_MEDICA) VALUES
                            (3, '00309', 309);
INSERT INTO EX.PADECIMIENTOS(ID_PATOLOGIA, ID_PERSONA, ID_FICHA_MEDICA) VALUES
                            (4, '00309', 309);
INSERT INTO EX.PADECIMIENTOS(ID_PATOLOGIA, ID_PERSONA, ID_FICHA_MEDICA) VALUES
                            (5, '00309', 309);
INSERT INTO EX.PADECIMIENTOS(ID_PATOLOGIA, ID_PERSONA, ID_FICHA_MEDICA) VALUES
                            (6, '00309', 309);
INSERT INTO EX.PADECIMIENTOS(ID_PATOLOGIA, ID_PERSONA, ID_FICHA_MEDICA) VALUES
                            (7, '00309', 309);
INSERT INTO EX.PADECIMIENTOS(ID_PATOLOGIA, ID_PERSONA, ID_FICHA_MEDICA) VALUES
                            (8, '00309', 309);
INSERT INTO EX.PADECIMIENTOS(ID_PATOLOGIA, ID_PERSONA, ID_FICHA_MEDICA) VALUES
                            (9, '00309', 309);
INSERT INTO EX.PADECIMIENTOS(ID_PATOLOGIA, ID_PERSONA, ID_FICHA_MEDICA) VALUES
                            (10, '00309', 309);
INSERT INTO EX.PADECIMIENTOS(ID_PATOLOGIA, ID_PERSONA, ID_FICHA_MEDICA) VALUES
                            (11, '00309', 309);
INSERT INTO EX.PADECIMIENTOS(ID_PATOLOGIA, ID_PERSONA, ID_FICHA_MEDICA) VALUES
                            (12, '00309', 309);
INSERT INTO EX.PADECIMIENTOS(ID_PATOLOGIA, ID_PERSONA, ID_FICHA_MEDICA) VALUES
                            (13, '00309', 309);
INSERT INTO EX.PADECIMIENTOS(ID_PATOLOGIA, ID_PERSONA, ID_FICHA_MEDICA) VALUES
                            (14, '00309', 309);
INSERT INTO EX.SINTOMAS(FECHA_INICIO, ID_SINTOMA, ID_PERSONA, ID_FICHA_MEDICA) VALUES
                            (TO_DATE('2020-05-19','YYYY-MM-DD'), 1, '00309', 309);
INSERT INTO EX.SINTOMAS(FECHA_INICIO, ID_SINTOMA, ID_PERSONA, ID_FICHA_MEDICA) VALUES
                            (TO_DATE('2020-04-06','YYYY-MM-DD'), 2, '00309', 309);
INSERT INTO EX.SINTOMAS(FECHA_INICIO, ID_SINTOMA, ID_PERSONA, ID_FICHA_MEDICA) VALUES
                            (TO_DATE('2020-03-15','YYYY-MM-DD'), 3, '00309', 309);
INSERT INTO EX.SINTOMAS(FECHA_INICIO, ID_SINTOMA, ID_PERSONA, ID_FICHA_MEDICA) VALUES
                            (TO_DATE('2020-04-25','YYYY-MM-DD'), 4, '00309', 309);
INSERT INTO EX.SINTOMAS(FECHA_INICIO, ID_SINTOMA, ID_PERSONA, ID_FICHA_MEDICA) VALUES
                            (TO_DATE('2020-06-15','YYYY-MM-DD'), 5, '00309', 309);
INSERT INTO EX.SINTOMAS(FECHA_INICIO, ID_SINTOMA, ID_PERSONA, ID_FICHA_MEDICA) VALUES
                            (TO_DATE('2020-02-22','YYYY-MM-DD'), 6, '00309', 309);
INSERT INTO EX.PERSONA(DOC_IDENTIDAD, NOMBRE, NOMBRE1, APELLIDO, APELLIDO1, FECHA_NAC, GENERO, FOTO) VALUES
                  ('00310', 'Julie', 'Susan', 'Hanson', 'Moore', TO_DATE('1988-12-12','YYYY-MM-DD'), 'm', NULL);
INSERT INTO EX.HISTORICO_RESIDENCIA(FECHA_INICIO, ID_LUGAR, ID_PERSONA, FECHA_FIN) VALUES
                  (TO_DATE('1995-01-07','YYYY-MM-DD'), 35, '00310', NULL);
INSERT INTO EX.FICHA_MEDICA(ID, ID_PERSONA, ID_CENTRO_SALUD, ID_LUGAR, ESTADO, FECHA_INFECCION, FECHA_RECUPERACION) VALUES
                                             (310, '00310', 20, 35, 'desconido', NULL, NULL);
INSERT INTO EX.SINTOMAS(FECHA_INICIO, ID_SINTOMA, ID_PERSONA, ID_FICHA_MEDICA) VALUES
                            (TO_DATE('2020-05-15','YYYY-MM-DD'), 1, '00310', 310);
INSERT INTO EX.SINTOMAS(FECHA_INICIO, ID_SINTOMA, ID_PERSONA, ID_FICHA_MEDICA) VALUES
                            (TO_DATE('2020-05-26','YYYY-MM-DD'), 2, '00310', 310);
INSERT INTO EX.SINTOMAS(FECHA_INICIO, ID_SINTOMA, ID_PERSONA, ID_FICHA_MEDICA) VALUES
                            (TO_DATE('2020-05-23','YYYY-MM-DD'), 3, '00310', 310);
INSERT INTO EX.SINTOMAS(FECHA_INICIO, ID_SINTOMA, ID_PERSONA, ID_FICHA_MEDICA) VALUES
                            (TO_DATE('2020-03-07','YYYY-MM-DD'), 4, '00310', 310);
INSERT INTO EX.SINTOMAS(FECHA_INICIO, ID_SINTOMA, ID_PERSONA, ID_FICHA_MEDICA) VALUES
                            (TO_DATE('2020-03-12','YYYY-MM-DD'), 5, '00310', 310);
INSERT INTO EX.SINTOMAS(FECHA_INICIO, ID_SINTOMA, ID_PERSONA, ID_FICHA_MEDICA) VALUES
                            (TO_DATE('2020-04-30','YYYY-MM-DD'), 6, '00310', 310);
INSERT INTO EX.SINTOMAS(FECHA_INICIO, ID_SINTOMA, ID_PERSONA, ID_FICHA_MEDICA) VALUES
                            (TO_DATE('2020-02-10','YYYY-MM-DD'), 7, '00310', 310);
INSERT INTO EX.SINTOMAS(FECHA_INICIO, ID_SINTOMA, ID_PERSONA, ID_FICHA_MEDICA) VALUES
                            (TO_DATE('2020-02-25','YYYY-MM-DD'), 8, '00310', 310);
INSERT INTO EX.SINTOMAS(FECHA_INICIO, ID_SINTOMA, ID_PERSONA, ID_FICHA_MEDICA) VALUES
                            (TO_DATE('2020-04-23','YYYY-MM-DD'), 9, '00310', 310);
INSERT INTO EX.SINTOMAS(FECHA_INICIO, ID_SINTOMA, ID_PERSONA, ID_FICHA_MEDICA) VALUES
                            (TO_DATE('2020-04-28','YYYY-MM-DD'), 10, '00310', 310);
INSERT INTO EX.SINTOMAS(FECHA_INICIO, ID_SINTOMA, ID_PERSONA, ID_FICHA_MEDICA) VALUES
                            (TO_DATE('2020-01-01','YYYY-MM-DD'), 11, '00310', 310);
INSERT INTO EX.SINTOMAS(FECHA_INICIO, ID_SINTOMA, ID_PERSONA, ID_FICHA_MEDICA) VALUES
                            (TO_DATE('2020-02-07','YYYY-MM-DD'), 12, '00310', 310);
INSERT INTO EX.SINTOMAS(FECHA_INICIO, ID_SINTOMA, ID_PERSONA, ID_FICHA_MEDICA) VALUES
                            (TO_DATE('2020-02-04','YYYY-MM-DD'), 13, '00310', 310);
INSERT INTO EX.SINTOMAS(FECHA_INICIO, ID_SINTOMA, ID_PERSONA, ID_FICHA_MEDICA) VALUES
                            (TO_DATE('2020-01-09','YYYY-MM-DD'), 14, '00310', 310);
INSERT INTO EX.SINTOMAS(FECHA_INICIO, ID_SINTOMA, ID_PERSONA, ID_FICHA_MEDICA) VALUES
                            (TO_DATE('2020-03-08','YYYY-MM-DD'), 15, '00310', 310);
INSERT INTO EX.SINTOMAS(FECHA_INICIO, ID_SINTOMA, ID_PERSONA, ID_FICHA_MEDICA) VALUES
                            (TO_DATE('2020-05-27','YYYY-MM-DD'), 16, '00310', 310);
INSERT INTO EX.SINTOMAS(FECHA_INICIO, ID_SINTOMA, ID_PERSONA, ID_FICHA_MEDICA) VALUES
                            (TO_DATE('2020-01-04','YYYY-MM-DD'), 17, '00310', 310);
INSERT INTO EX.SINTOMAS(FECHA_INICIO, ID_SINTOMA, ID_PERSONA, ID_FICHA_MEDICA) VALUES
                            (TO_DATE('2020-06-13','YYYY-MM-DD'), 18, '00310', 310);
INSERT INTO EX.PERSONA(DOC_IDENTIDAD, NOMBRE, NOMBRE1, APELLIDO, APELLIDO1, FECHA_NAC, GENERO, FOTO) VALUES
                  ('00311', 'Morgan', 'Catherine', 'Wolfe', 'Ramirez', TO_DATE('1996-03-02','YYYY-MM-DD'), 'f', NULL);
INSERT INTO EX.HISTORICO_RESIDENCIA(FECHA_INICIO, ID_LUGAR, ID_PERSONA, FECHA_FIN) VALUES
                  (TO_DATE('2005-06-23','YYYY-MM-DD'), 24, '00311', NULL);
INSERT INTO EX.FICHA_MEDICA(ID, ID_PERSONA, ID_CENTRO_SALUD, ID_LUGAR, ESTADO, FECHA_INFECCION, FECHA_RECUPERACION) VALUES
                                             (311, '00311', 9, 24, 'desconido', NULL, NULL);
INSERT INTO EX.PERSONA(DOC_IDENTIDAD, NOMBRE, NOMBRE1, APELLIDO, APELLIDO1, FECHA_NAC, GENERO, FOTO) VALUES
                  ('00312', 'Zachary', 'Kevin', 'Sanchez', 'Flores', TO_DATE('1987-07-15','YYYY-MM-DD'), 'm', NULL);
INSERT INTO EX.HISTORICO_RESIDENCIA(FECHA_INICIO, ID_LUGAR, ID_PERSONA, FECHA_FIN) VALUES
                  (TO_DATE('1985-07-10','YYYY-MM-DD'), 22, '00312', NULL);
INSERT INTO EX.FICHA_MEDICA(ID, ID_PERSONA, ID_CENTRO_SALUD, ID_LUGAR, ESTADO, FECHA_INFECCION, FECHA_RECUPERACION) VALUES
                                             (312, '00312', 7, 22, 'desconido', NULL, NULL);
INSERT INTO EX.PADECIMIENTOS(ID_PATOLOGIA, ID_PERSONA, ID_FICHA_MEDICA) VALUES
                            (1, '00312', 312);
INSERT INTO EX.PADECIMIENTOS(ID_PATOLOGIA, ID_PERSONA, ID_FICHA_MEDICA) VALUES
                            (2, '00312', 312);
INSERT INTO EX.PADECIMIENTOS(ID_PATOLOGIA, ID_PERSONA, ID_FICHA_MEDICA) VALUES
                            (3, '00312', 312);
INSERT INTO EX.PADECIMIENTOS(ID_PATOLOGIA, ID_PERSONA, ID_FICHA_MEDICA) VALUES
                            (4, '00312', 312);
INSERT INTO EX.PADECIMIENTOS(ID_PATOLOGIA, ID_PERSONA, ID_FICHA_MEDICA) VALUES
                            (5, '00312', 312);
INSERT INTO EX.PADECIMIENTOS(ID_PATOLOGIA, ID_PERSONA, ID_FICHA_MEDICA) VALUES
                            (6, '00312', 312);
INSERT INTO EX.PADECIMIENTOS(ID_PATOLOGIA, ID_PERSONA, ID_FICHA_MEDICA) VALUES
                            (7, '00312', 312);
INSERT INTO EX.PADECIMIENTOS(ID_PATOLOGIA, ID_PERSONA, ID_FICHA_MEDICA) VALUES
                            (8, '00312', 312);
INSERT INTO EX.SINTOMAS(FECHA_INICIO, ID_SINTOMA, ID_PERSONA, ID_FICHA_MEDICA) VALUES
                            (TO_DATE('2020-06-11','YYYY-MM-DD'), 1, '00312', 312);
INSERT INTO EX.SINTOMAS(FECHA_INICIO, ID_SINTOMA, ID_PERSONA, ID_FICHA_MEDICA) VALUES
                            (TO_DATE('2020-03-26','YYYY-MM-DD'), 2, '00312', 312);
INSERT INTO EX.SINTOMAS(FECHA_INICIO, ID_SINTOMA, ID_PERSONA, ID_FICHA_MEDICA) VALUES
                            (TO_DATE('2020-01-14','YYYY-MM-DD'), 3, '00312', 312);
INSERT INTO EX.SINTOMAS(FECHA_INICIO, ID_SINTOMA, ID_PERSONA, ID_FICHA_MEDICA) VALUES
                            (TO_DATE('2020-01-29','YYYY-MM-DD'), 4, '00312', 312);
INSERT INTO EX.SINTOMAS(FECHA_INICIO, ID_SINTOMA, ID_PERSONA, ID_FICHA_MEDICA) VALUES
                            (TO_DATE('2020-05-16','YYYY-MM-DD'), 5, '00312', 312);
INSERT INTO EX.SINTOMAS(FECHA_INICIO, ID_SINTOMA, ID_PERSONA, ID_FICHA_MEDICA) VALUES
                            (TO_DATE('2020-04-05','YYYY-MM-DD'), 6, '00312', 312);
INSERT INTO EX.SINTOMAS(FECHA_INICIO, ID_SINTOMA, ID_PERSONA, ID_FICHA_MEDICA) VALUES
                            (TO_DATE('2020-03-10','YYYY-MM-DD'), 7, '00312', 312);
INSERT INTO EX.PERSONA(DOC_IDENTIDAD, NOMBRE, NOMBRE1, APELLIDO, APELLIDO1, FECHA_NAC, GENERO, FOTO) VALUES
                  ('00313', 'Angela', 'Robert', 'Hickman', 'Schmidt', TO_DATE('2010-09-11','YYYY-MM-DD'), 'f', NULL);
INSERT INTO EX.HISTORICO_RESIDENCIA(FECHA_INICIO, ID_LUGAR, ID_PERSONA, FECHA_FIN) VALUES
                  (TO_DATE('2015-10-25','YYYY-MM-DD'), 42, '00313', NULL);
INSERT INTO EX.FICHA_MEDICA(ID, ID_PERSONA, ID_CENTRO_SALUD, ID_LUGAR, ESTADO, FECHA_INFECCION, FECHA_RECUPERACION) VALUES
                                             (313, '00313', 27, 42, 'desconido', NULL, NULL);
INSERT INTO EX.PADECIMIENTOS(ID_PATOLOGIA, ID_PERSONA, ID_FICHA_MEDICA) VALUES
                            (1, '00313', 313);
INSERT INTO EX.PADECIMIENTOS(ID_PATOLOGIA, ID_PERSONA, ID_FICHA_MEDICA) VALUES
                            (2, '00313', 313);
INSERT INTO EX.PADECIMIENTOS(ID_PATOLOGIA, ID_PERSONA, ID_FICHA_MEDICA) VALUES
                            (3, '00313', 313);
INSERT INTO EX.PADECIMIENTOS(ID_PATOLOGIA, ID_PERSONA, ID_FICHA_MEDICA) VALUES
                            (4, '00313', 313);
INSERT INTO EX.PADECIMIENTOS(ID_PATOLOGIA, ID_PERSONA, ID_FICHA_MEDICA) VALUES
                            (5, '00313', 313);
INSERT INTO EX.PADECIMIENTOS(ID_PATOLOGIA, ID_PERSONA, ID_FICHA_MEDICA) VALUES
                            (6, '00313', 313);
INSERT INTO EX.PADECIMIENTOS(ID_PATOLOGIA, ID_PERSONA, ID_FICHA_MEDICA) VALUES
                            (7, '00313', 313);
INSERT INTO EX.PADECIMIENTOS(ID_PATOLOGIA, ID_PERSONA, ID_FICHA_MEDICA) VALUES
                            (8, '00313', 313);
INSERT INTO EX.PADECIMIENTOS(ID_PATOLOGIA, ID_PERSONA, ID_FICHA_MEDICA) VALUES
                            (9, '00313', 313);
INSERT INTO EX.PADECIMIENTOS(ID_PATOLOGIA, ID_PERSONA, ID_FICHA_MEDICA) VALUES
                            (10, '00313', 313);
INSERT INTO EX.PADECIMIENTOS(ID_PATOLOGIA, ID_PERSONA, ID_FICHA_MEDICA) VALUES
                            (11, '00313', 313);
INSERT INTO EX.PADECIMIENTOS(ID_PATOLOGIA, ID_PERSONA, ID_FICHA_MEDICA) VALUES
                            (12, '00313', 313);
INSERT INTO EX.PADECIMIENTOS(ID_PATOLOGIA, ID_PERSONA, ID_FICHA_MEDICA) VALUES
                            (13, '00313', 313);
INSERT INTO EX.PADECIMIENTOS(ID_PATOLOGIA, ID_PERSONA, ID_FICHA_MEDICA) VALUES
                            (14, '00313', 313);
INSERT INTO EX.PADECIMIENTOS(ID_PATOLOGIA, ID_PERSONA, ID_FICHA_MEDICA) VALUES
                            (15, '00313', 313);
INSERT INTO EX.PERSONA(DOC_IDENTIDAD, NOMBRE, NOMBRE1, APELLIDO, APELLIDO1, FECHA_NAC, GENERO, FOTO) VALUES
                  ('00314', 'Matthew', 'John', 'Kelly', 'Powers', TO_DATE('2016-12-20','YYYY-MM-DD'), 'm', NULL);
INSERT INTO EX.HISTORICO_RESIDENCIA(FECHA_INICIO, ID_LUGAR, ID_PERSONA, FECHA_FIN) VALUES
                  (TO_DATE('2015-04-13','YYYY-MM-DD'), 21, '00314', NULL);
INSERT INTO EX.FICHA_MEDICA(ID, ID_PERSONA, ID_CENTRO_SALUD, ID_LUGAR, ESTADO, FECHA_INFECCION, FECHA_RECUPERACION) VALUES
                                             (314, '00314', 6, 21, 'desconido', NULL, NULL);
INSERT INTO EX.PERSONA(DOC_IDENTIDAD, NOMBRE, NOMBRE1, APELLIDO, APELLIDO1, FECHA_NAC, GENERO, FOTO) VALUES
                  ('00315', 'David', 'Margaret', 'Jimenez', 'Mckinney', TO_DATE('1971-02-21','YYYY-MM-DD'), 'f', NULL);
INSERT INTO EX.HISTORICO_RESIDENCIA(FECHA_INICIO, ID_LUGAR, ID_PERSONA, FECHA_FIN) VALUES
                  (TO_DATE('2014-03-19','YYYY-MM-DD'), 27, '00315', NULL);
INSERT INTO EX.FICHA_MEDICA(ID, ID_PERSONA, ID_CENTRO_SALUD, ID_LUGAR, ESTADO, FECHA_INFECCION, FECHA_RECUPERACION) VALUES
                                             (315, '00315', 12, 27, 'desconido', NULL, NULL);
INSERT INTO EX.PERSONA(DOC_IDENTIDAD, NOMBRE, NOMBRE1, APELLIDO, APELLIDO1, FECHA_NAC, GENERO, FOTO) VALUES
                  ('00316', 'Penny', 'Paul', 'Miller', 'Thornton', TO_DATE('1973-07-17','YYYY-MM-DD'), 'm', NULL);
INSERT INTO EX.HISTORICO_RESIDENCIA(FECHA_INICIO, ID_LUGAR, ID_PERSONA, FECHA_FIN) VALUES
                  (TO_DATE('2010-04-22','YYYY-MM-DD'), 28, '00316', NULL);
INSERT INTO EX.FICHA_MEDICA(ID, ID_PERSONA, ID_CENTRO_SALUD, ID_LUGAR, ESTADO, FECHA_INFECCION, FECHA_RECUPERACION) VALUES
                                             (316, '00316', 13, 28, 'desconido', NULL, NULL);
INSERT INTO EX.SINTOMAS(FECHA_INICIO, ID_SINTOMA, ID_PERSONA, ID_FICHA_MEDICA) VALUES
                            (TO_DATE('2020-04-10','YYYY-MM-DD'), 1, '00316', 316);
INSERT INTO EX.SINTOMAS(FECHA_INICIO, ID_SINTOMA, ID_PERSONA, ID_FICHA_MEDICA) VALUES
                            (TO_DATE('2020-04-06','YYYY-MM-DD'), 2, '00316', 316);
INSERT INTO EX.SINTOMAS(FECHA_INICIO, ID_SINTOMA, ID_PERSONA, ID_FICHA_MEDICA) VALUES
                            (TO_DATE('2020-03-03','YYYY-MM-DD'), 3, '00316', 316);
INSERT INTO EX.SINTOMAS(FECHA_INICIO, ID_SINTOMA, ID_PERSONA, ID_FICHA_MEDICA) VALUES
                            (TO_DATE('2020-01-23','YYYY-MM-DD'), 4, '00316', 316);
INSERT INTO EX.SINTOMAS(FECHA_INICIO, ID_SINTOMA, ID_PERSONA, ID_FICHA_MEDICA) VALUES
                            (TO_DATE('2020-06-01','YYYY-MM-DD'), 5, '00316', 316);
INSERT INTO EX.PERSONA(DOC_IDENTIDAD, NOMBRE, NOMBRE1, APELLIDO, APELLIDO1, FECHA_NAC, GENERO, FOTO) VALUES
                  ('00317', 'Amy', 'Francis', 'Sullivan', 'Nolan', TO_DATE('1979-04-15','YYYY-MM-DD'), 'f', NULL);
INSERT INTO EX.HISTORICO_RESIDENCIA(FECHA_INICIO, ID_LUGAR, ID_PERSONA, FECHA_FIN) VALUES
                  (TO_DATE('2002-07-29','YYYY-MM-DD'), 21, '00317', NULL);
INSERT INTO EX.FICHA_MEDICA(ID, ID_PERSONA, ID_CENTRO_SALUD, ID_LUGAR, ESTADO, FECHA_INFECCION, FECHA_RECUPERACION) VALUES
                                             (317, '00317', 6, 21, 'desconido', NULL, NULL);
INSERT INTO EX.PADECIMIENTOS(ID_PATOLOGIA, ID_PERSONA, ID_FICHA_MEDICA) VALUES
                            (1, '00317', 317);
INSERT INTO EX.PADECIMIENTOS(ID_PATOLOGIA, ID_PERSONA, ID_FICHA_MEDICA) VALUES
                            (2, '00317', 317);
INSERT INTO EX.PADECIMIENTOS(ID_PATOLOGIA, ID_PERSONA, ID_FICHA_MEDICA) VALUES
                            (3, '00317', 317);
INSERT INTO EX.PADECIMIENTOS(ID_PATOLOGIA, ID_PERSONA, ID_FICHA_MEDICA) VALUES
                            (4, '00317', 317);
INSERT INTO EX.PADECIMIENTOS(ID_PATOLOGIA, ID_PERSONA, ID_FICHA_MEDICA) VALUES
                            (5, '00317', 317);
INSERT INTO EX.SINTOMAS(FECHA_INICIO, ID_SINTOMA, ID_PERSONA, ID_FICHA_MEDICA) VALUES
                            (TO_DATE('2020-06-14','YYYY-MM-DD'), 1, '00317', 317);
INSERT INTO EX.SINTOMAS(FECHA_INICIO, ID_SINTOMA, ID_PERSONA, ID_FICHA_MEDICA) VALUES
                            (TO_DATE('2020-02-29','YYYY-MM-DD'), 2, '00317', 317);
INSERT INTO EX.SINTOMAS(FECHA_INICIO, ID_SINTOMA, ID_PERSONA, ID_FICHA_MEDICA) VALUES
                            (TO_DATE('2020-05-07','YYYY-MM-DD'), 3, '00317', 317);
INSERT INTO EX.SINTOMAS(FECHA_INICIO, ID_SINTOMA, ID_PERSONA, ID_FICHA_MEDICA) VALUES
                            (TO_DATE('2020-06-07','YYYY-MM-DD'), 4, '00317', 317);
INSERT INTO EX.SINTOMAS(FECHA_INICIO, ID_SINTOMA, ID_PERSONA, ID_FICHA_MEDICA) VALUES
                            (TO_DATE('2020-05-17','YYYY-MM-DD'), 5, '00317', 317);
INSERT INTO EX.SINTOMAS(FECHA_INICIO, ID_SINTOMA, ID_PERSONA, ID_FICHA_MEDICA) VALUES
                            (TO_DATE('2020-06-02','YYYY-MM-DD'), 6, '00317', 317);
INSERT INTO EX.SINTOMAS(FECHA_INICIO, ID_SINTOMA, ID_PERSONA, ID_FICHA_MEDICA) VALUES
                            (TO_DATE('2020-03-11','YYYY-MM-DD'), 7, '00317', 317);
INSERT INTO EX.SINTOMAS(FECHA_INICIO, ID_SINTOMA, ID_PERSONA, ID_FICHA_MEDICA) VALUES
                            (TO_DATE('2020-04-20','YYYY-MM-DD'), 8, '00317', 317);
INSERT INTO EX.SINTOMAS(FECHA_INICIO, ID_SINTOMA, ID_PERSONA, ID_FICHA_MEDICA) VALUES
                            (TO_DATE('2020-02-26','YYYY-MM-DD'), 9, '00317', 317);
INSERT INTO EX.SINTOMAS(FECHA_INICIO, ID_SINTOMA, ID_PERSONA, ID_FICHA_MEDICA) VALUES
                            (TO_DATE('2020-01-01','YYYY-MM-DD'), 10, '00317', 317);
INSERT INTO EX.SINTOMAS(FECHA_INICIO, ID_SINTOMA, ID_PERSONA, ID_FICHA_MEDICA) VALUES
                            (TO_DATE('2020-03-25','YYYY-MM-DD'), 11, '00317', 317);
INSERT INTO EX.SINTOMAS(FECHA_INICIO, ID_SINTOMA, ID_PERSONA, ID_FICHA_MEDICA) VALUES
                            (TO_DATE('2020-05-21','YYYY-MM-DD'), 12, '00317', 317);
INSERT INTO EX.SINTOMAS(FECHA_INICIO, ID_SINTOMA, ID_PERSONA, ID_FICHA_MEDICA) VALUES
                            (TO_DATE('2020-05-29','YYYY-MM-DD'), 13, '00317', 317);
INSERT INTO EX.SINTOMAS(FECHA_INICIO, ID_SINTOMA, ID_PERSONA, ID_FICHA_MEDICA) VALUES
                            (TO_DATE('2020-07-01','YYYY-MM-DD'), 14, '00317', 317);
INSERT INTO EX.PERSONA(DOC_IDENTIDAD, NOMBRE, NOMBRE1, APELLIDO, APELLIDO1, FECHA_NAC, GENERO, FOTO) VALUES
                  ('00318', 'Jesse', 'Kristine', 'Rogers', 'Gray', TO_DATE('1987-03-16','YYYY-MM-DD'), 'm', NULL);
INSERT INTO EX.HISTORICO_RESIDENCIA(FECHA_INICIO, ID_LUGAR, ID_PERSONA, FECHA_FIN) VALUES
                  (TO_DATE('1976-03-14','YYYY-MM-DD'), 34, '00318', NULL);
INSERT INTO EX.FICHA_MEDICA(ID, ID_PERSONA, ID_CENTRO_SALUD, ID_LUGAR, ESTADO, FECHA_INFECCION, FECHA_RECUPERACION) VALUES
                                             (318, '00318', 19, 34, 'desconido', NULL, NULL);
INSERT INTO EX.PADECIMIENTOS(ID_PATOLOGIA, ID_PERSONA, ID_FICHA_MEDICA) VALUES
                            (1, '00318', 318);
INSERT INTO EX.PADECIMIENTOS(ID_PATOLOGIA, ID_PERSONA, ID_FICHA_MEDICA) VALUES
                            (2, '00318', 318);
INSERT INTO EX.PADECIMIENTOS(ID_PATOLOGIA, ID_PERSONA, ID_FICHA_MEDICA) VALUES
                            (3, '00318', 318);
INSERT INTO EX.PADECIMIENTOS(ID_PATOLOGIA, ID_PERSONA, ID_FICHA_MEDICA) VALUES
                            (4, '00318', 318);
INSERT INTO EX.PADECIMIENTOS(ID_PATOLOGIA, ID_PERSONA, ID_FICHA_MEDICA) VALUES
                            (5, '00318', 318);
INSERT INTO EX.PADECIMIENTOS(ID_PATOLOGIA, ID_PERSONA, ID_FICHA_MEDICA) VALUES
                            (6, '00318', 318);
INSERT INTO EX.PADECIMIENTOS(ID_PATOLOGIA, ID_PERSONA, ID_FICHA_MEDICA) VALUES
                            (7, '00318', 318);
INSERT INTO EX.PADECIMIENTOS(ID_PATOLOGIA, ID_PERSONA, ID_FICHA_MEDICA) VALUES
                            (8, '00318', 318);
INSERT INTO EX.PERSONA(DOC_IDENTIDAD, NOMBRE, NOMBRE1, APELLIDO, APELLIDO1, FECHA_NAC, GENERO, FOTO) VALUES
                  ('00319', 'Katherine', 'Richard', 'Keith', 'Duran', TO_DATE('1974-05-27','YYYY-MM-DD'), 'f', NULL);
INSERT INTO EX.HISTORICO_RESIDENCIA(FECHA_INICIO, ID_LUGAR, ID_PERSONA, FECHA_FIN) VALUES
                  (TO_DATE('1984-10-31','YYYY-MM-DD'), 37, '00319', NULL);
INSERT INTO EX.FICHA_MEDICA(ID, ID_PERSONA, ID_CENTRO_SALUD, ID_LUGAR, ESTADO, FECHA_INFECCION, FECHA_RECUPERACION) VALUES
                                             (319, '00319', 22, 37, 'desconido', NULL, NULL);
INSERT INTO EX.PERSONA(DOC_IDENTIDAD, NOMBRE, NOMBRE1, APELLIDO, APELLIDO1, FECHA_NAC, GENERO, FOTO) VALUES
                  ('00320', 'Jacqueline', 'Raymond', 'Fields', 'Colon', TO_DATE('1999-04-08','YYYY-MM-DD'), 'm', NULL);
INSERT INTO EX.HISTORICO_RESIDENCIA(FECHA_INICIO, ID_LUGAR, ID_PERSONA, FECHA_FIN) VALUES
                  (TO_DATE('1997-06-21','YYYY-MM-DD'), 24, '00320', NULL);
INSERT INTO EX.FICHA_MEDICA(ID, ID_PERSONA, ID_CENTRO_SALUD, ID_LUGAR, ESTADO, FECHA_INFECCION, FECHA_RECUPERACION) VALUES
                                             (320, '00320', 9, 24, 'desconido', NULL, NULL);
INSERT INTO EX.PADECIMIENTOS(ID_PATOLOGIA, ID_PERSONA, ID_FICHA_MEDICA) VALUES
                            (1, '00320', 320);
INSERT INTO EX.PADECIMIENTOS(ID_PATOLOGIA, ID_PERSONA, ID_FICHA_MEDICA) VALUES
                            (2, '00320', 320);
INSERT INTO EX.PADECIMIENTOS(ID_PATOLOGIA, ID_PERSONA, ID_FICHA_MEDICA) VALUES
                            (3, '00320', 320);
INSERT INTO EX.PADECIMIENTOS(ID_PATOLOGIA, ID_PERSONA, ID_FICHA_MEDICA) VALUES
                            (4, '00320', 320);
INSERT INTO EX.PADECIMIENTOS(ID_PATOLOGIA, ID_PERSONA, ID_FICHA_MEDICA) VALUES
                            (5, '00320', 320);
INSERT INTO EX.PADECIMIENTOS(ID_PATOLOGIA, ID_PERSONA, ID_FICHA_MEDICA) VALUES
                            (6, '00320', 320);
INSERT INTO EX.PADECIMIENTOS(ID_PATOLOGIA, ID_PERSONA, ID_FICHA_MEDICA) VALUES
                            (7, '00320', 320);
INSERT INTO EX.PADECIMIENTOS(ID_PATOLOGIA, ID_PERSONA, ID_FICHA_MEDICA) VALUES
                            (8, '00320', 320);
INSERT INTO EX.PADECIMIENTOS(ID_PATOLOGIA, ID_PERSONA, ID_FICHA_MEDICA) VALUES
                            (9, '00320', 320);
INSERT INTO EX.PERSONA(DOC_IDENTIDAD, NOMBRE, NOMBRE1, APELLIDO, APELLIDO1, FECHA_NAC, GENERO, FOTO) VALUES
                  ('00321', 'Laura', 'Karen', 'Warner', 'Young', TO_DATE('2015-10-25','YYYY-MM-DD'), 'f', NULL);
INSERT INTO EX.HISTORICO_RESIDENCIA(FECHA_INICIO, ID_LUGAR, ID_PERSONA, FECHA_FIN) VALUES
                  (TO_DATE('1976-12-20','YYYY-MM-DD'), 23, '00321', NULL);
INSERT INTO EX.FICHA_MEDICA(ID, ID_PERSONA, ID_CENTRO_SALUD, ID_LUGAR, ESTADO, FECHA_INFECCION, FECHA_RECUPERACION) VALUES
                                             (321, '00321', 8, 23, 'desconido', NULL, NULL);
INSERT INTO EX.PADECIMIENTOS(ID_PATOLOGIA, ID_PERSONA, ID_FICHA_MEDICA) VALUES
                            (1, '00321', 321);
INSERT INTO EX.PADECIMIENTOS(ID_PATOLOGIA, ID_PERSONA, ID_FICHA_MEDICA) VALUES
                            (2, '00321', 321);
INSERT INTO EX.PADECIMIENTOS(ID_PATOLOGIA, ID_PERSONA, ID_FICHA_MEDICA) VALUES
                            (3, '00321', 321);
INSERT INTO EX.PADECIMIENTOS(ID_PATOLOGIA, ID_PERSONA, ID_FICHA_MEDICA) VALUES
                            (4, '00321', 321);
INSERT INTO EX.PADECIMIENTOS(ID_PATOLOGIA, ID_PERSONA, ID_FICHA_MEDICA) VALUES
                            (5, '00321', 321);
INSERT INTO EX.PADECIMIENTOS(ID_PATOLOGIA, ID_PERSONA, ID_FICHA_MEDICA) VALUES
                            (6, '00321', 321);
INSERT INTO EX.PADECIMIENTOS(ID_PATOLOGIA, ID_PERSONA, ID_FICHA_MEDICA) VALUES
                            (7, '00321', 321);
INSERT INTO EX.PADECIMIENTOS(ID_PATOLOGIA, ID_PERSONA, ID_FICHA_MEDICA) VALUES
                            (8, '00321', 321);
INSERT INTO EX.PADECIMIENTOS(ID_PATOLOGIA, ID_PERSONA, ID_FICHA_MEDICA) VALUES
                            (9, '00321', 321);
INSERT INTO EX.PADECIMIENTOS(ID_PATOLOGIA, ID_PERSONA, ID_FICHA_MEDICA) VALUES
                            (10, '00321', 321);
INSERT INTO EX.PADECIMIENTOS(ID_PATOLOGIA, ID_PERSONA, ID_FICHA_MEDICA) VALUES
                            (11, '00321', 321);
INSERT INTO EX.PADECIMIENTOS(ID_PATOLOGIA, ID_PERSONA, ID_FICHA_MEDICA) VALUES
                            (12, '00321', 321);
INSERT INTO EX.PADECIMIENTOS(ID_PATOLOGIA, ID_PERSONA, ID_FICHA_MEDICA) VALUES
                            (13, '00321', 321);
INSERT INTO EX.SINTOMAS(FECHA_INICIO, ID_SINTOMA, ID_PERSONA, ID_FICHA_MEDICA) VALUES
                            (TO_DATE('2020-02-07','YYYY-MM-DD'), 1, '00321', 321);
INSERT INTO EX.SINTOMAS(FECHA_INICIO, ID_SINTOMA, ID_PERSONA, ID_FICHA_MEDICA) VALUES
                            (TO_DATE('2020-06-20','YYYY-MM-DD'), 2, '00321', 321);
INSERT INTO EX.SINTOMAS(FECHA_INICIO, ID_SINTOMA, ID_PERSONA, ID_FICHA_MEDICA) VALUES
                            (TO_DATE('2020-04-23','YYYY-MM-DD'), 3, '00321', 321);
INSERT INTO EX.SINTOMAS(FECHA_INICIO, ID_SINTOMA, ID_PERSONA, ID_FICHA_MEDICA) VALUES
                            (TO_DATE('2020-05-25','YYYY-MM-DD'), 4, '00321', 321);
INSERT INTO EX.SINTOMAS(FECHA_INICIO, ID_SINTOMA, ID_PERSONA, ID_FICHA_MEDICA) VALUES
                            (TO_DATE('2020-05-02','YYYY-MM-DD'), 5, '00321', 321);
INSERT INTO EX.SINTOMAS(FECHA_INICIO, ID_SINTOMA, ID_PERSONA, ID_FICHA_MEDICA) VALUES
                            (TO_DATE('2020-06-24','YYYY-MM-DD'), 6, '00321', 321);
INSERT INTO EX.SINTOMAS(FECHA_INICIO, ID_SINTOMA, ID_PERSONA, ID_FICHA_MEDICA) VALUES
                            (TO_DATE('2020-05-31','YYYY-MM-DD'), 7, '00321', 321);
INSERT INTO EX.SINTOMAS(FECHA_INICIO, ID_SINTOMA, ID_PERSONA, ID_FICHA_MEDICA) VALUES
                            (TO_DATE('2020-03-03','YYYY-MM-DD'), 8, '00321', 321);
INSERT INTO EX.SINTOMAS(FECHA_INICIO, ID_SINTOMA, ID_PERSONA, ID_FICHA_MEDICA) VALUES
                            (TO_DATE('2020-03-31','YYYY-MM-DD'), 9, '00321', 321);
INSERT INTO EX.SINTOMAS(FECHA_INICIO, ID_SINTOMA, ID_PERSONA, ID_FICHA_MEDICA) VALUES
                            (TO_DATE('2020-06-27','YYYY-MM-DD'), 10, '00321', 321);
INSERT INTO EX.SINTOMAS(FECHA_INICIO, ID_SINTOMA, ID_PERSONA, ID_FICHA_MEDICA) VALUES
                            (TO_DATE('2020-04-05','YYYY-MM-DD'), 11, '00321', 321);
INSERT INTO EX.PERSONA(DOC_IDENTIDAD, NOMBRE, NOMBRE1, APELLIDO, APELLIDO1, FECHA_NAC, GENERO, FOTO) VALUES
                  ('00322', 'Brian', 'Xavier', 'Morgan', 'Lutz', TO_DATE('2016-10-18','YYYY-MM-DD'), 'm', NULL);
INSERT INTO EX.HISTORICO_RESIDENCIA(FECHA_INICIO, ID_LUGAR, ID_PERSONA, FECHA_FIN) VALUES
                  (TO_DATE('2003-01-21','YYYY-MM-DD'), 34, '00322', NULL);
INSERT INTO EX.FICHA_MEDICA(ID, ID_PERSONA, ID_CENTRO_SALUD, ID_LUGAR, ESTADO, FECHA_INFECCION, FECHA_RECUPERACION) VALUES
                                             (322, '00322', 19, 34, 'desconido', NULL, NULL);
INSERT INTO EX.PADECIMIENTOS(ID_PATOLOGIA, ID_PERSONA, ID_FICHA_MEDICA) VALUES
                            (1, '00322', 322);
INSERT INTO EX.PADECIMIENTOS(ID_PATOLOGIA, ID_PERSONA, ID_FICHA_MEDICA) VALUES
                            (2, '00322', 322);
INSERT INTO EX.PADECIMIENTOS(ID_PATOLOGIA, ID_PERSONA, ID_FICHA_MEDICA) VALUES
                            (3, '00322', 322);
INSERT INTO EX.PADECIMIENTOS(ID_PATOLOGIA, ID_PERSONA, ID_FICHA_MEDICA) VALUES
                            (4, '00322', 322);
INSERT INTO EX.PADECIMIENTOS(ID_PATOLOGIA, ID_PERSONA, ID_FICHA_MEDICA) VALUES
                            (5, '00322', 322);
INSERT INTO EX.PADECIMIENTOS(ID_PATOLOGIA, ID_PERSONA, ID_FICHA_MEDICA) VALUES
                            (6, '00322', 322);
INSERT INTO EX.PADECIMIENTOS(ID_PATOLOGIA, ID_PERSONA, ID_FICHA_MEDICA) VALUES
                            (7, '00322', 322);
INSERT INTO EX.PADECIMIENTOS(ID_PATOLOGIA, ID_PERSONA, ID_FICHA_MEDICA) VALUES
                            (8, '00322', 322);
INSERT INTO EX.PADECIMIENTOS(ID_PATOLOGIA, ID_PERSONA, ID_FICHA_MEDICA) VALUES
                            (9, '00322', 322);
INSERT INTO EX.PADECIMIENTOS(ID_PATOLOGIA, ID_PERSONA, ID_FICHA_MEDICA) VALUES
                            (10, '00322', 322);
INSERT INTO EX.PADECIMIENTOS(ID_PATOLOGIA, ID_PERSONA, ID_FICHA_MEDICA) VALUES
                            (11, '00322', 322);
INSERT INTO EX.PADECIMIENTOS(ID_PATOLOGIA, ID_PERSONA, ID_FICHA_MEDICA) VALUES
                            (12, '00322', 322);
INSERT INTO EX.PADECIMIENTOS(ID_PATOLOGIA, ID_PERSONA, ID_FICHA_MEDICA) VALUES
                            (13, '00322', 322);
INSERT INTO EX.PADECIMIENTOS(ID_PATOLOGIA, ID_PERSONA, ID_FICHA_MEDICA) VALUES
                            (14, '00322', 322);
INSERT INTO EX.SINTOMAS(FECHA_INICIO, ID_SINTOMA, ID_PERSONA, ID_FICHA_MEDICA) VALUES
                            (TO_DATE('2020-02-18','YYYY-MM-DD'), 1, '00322', 322);
INSERT INTO EX.SINTOMAS(FECHA_INICIO, ID_SINTOMA, ID_PERSONA, ID_FICHA_MEDICA) VALUES
                            (TO_DATE('2020-05-15','YYYY-MM-DD'), 2, '00322', 322);
INSERT INTO EX.SINTOMAS(FECHA_INICIO, ID_SINTOMA, ID_PERSONA, ID_FICHA_MEDICA) VALUES
                            (TO_DATE('2020-03-24','YYYY-MM-DD'), 3, '00322', 322);
INSERT INTO EX.SINTOMAS(FECHA_INICIO, ID_SINTOMA, ID_PERSONA, ID_FICHA_MEDICA) VALUES
                            (TO_DATE('2020-06-05','YYYY-MM-DD'), 4, '00322', 322);
INSERT INTO EX.SINTOMAS(FECHA_INICIO, ID_SINTOMA, ID_PERSONA, ID_FICHA_MEDICA) VALUES
                            (TO_DATE('2020-05-06','YYYY-MM-DD'), 5, '00322', 322);
INSERT INTO EX.SINTOMAS(FECHA_INICIO, ID_SINTOMA, ID_PERSONA, ID_FICHA_MEDICA) VALUES
                            (TO_DATE('2020-02-08','YYYY-MM-DD'), 6, '00322', 322);
INSERT INTO EX.PERSONA(DOC_IDENTIDAD, NOMBRE, NOMBRE1, APELLIDO, APELLIDO1, FECHA_NAC, GENERO, FOTO) VALUES
                  ('00323', 'Ryan', 'Stacy', 'Green', 'Donovan', TO_DATE('1973-10-29','YYYY-MM-DD'), 'f', NULL);
INSERT INTO EX.HISTORICO_RESIDENCIA(FECHA_INICIO, ID_LUGAR, ID_PERSONA, FECHA_FIN) VALUES
                  (TO_DATE('2014-01-01','YYYY-MM-DD'), 19, '00323', NULL);
INSERT INTO EX.FICHA_MEDICA(ID, ID_PERSONA, ID_CENTRO_SALUD, ID_LUGAR, ESTADO, FECHA_INFECCION, FECHA_RECUPERACION) VALUES
                                             (323, '00323', 4, 19, 'desconido', NULL, NULL);
INSERT INTO EX.PADECIMIENTOS(ID_PATOLOGIA, ID_PERSONA, ID_FICHA_MEDICA) VALUES
                            (1, '00323', 323);
INSERT INTO EX.PADECIMIENTOS(ID_PATOLOGIA, ID_PERSONA, ID_FICHA_MEDICA) VALUES
                            (2, '00323', 323);
INSERT INTO EX.PADECIMIENTOS(ID_PATOLOGIA, ID_PERSONA, ID_FICHA_MEDICA) VALUES
                            (3, '00323', 323);
INSERT INTO EX.PADECIMIENTOS(ID_PATOLOGIA, ID_PERSONA, ID_FICHA_MEDICA) VALUES
                            (4, '00323', 323);
INSERT INTO EX.PADECIMIENTOS(ID_PATOLOGIA, ID_PERSONA, ID_FICHA_MEDICA) VALUES
                            (5, '00323', 323);
INSERT INTO EX.PADECIMIENTOS(ID_PATOLOGIA, ID_PERSONA, ID_FICHA_MEDICA) VALUES
                            (6, '00323', 323);
INSERT INTO EX.PADECIMIENTOS(ID_PATOLOGIA, ID_PERSONA, ID_FICHA_MEDICA) VALUES
                            (7, '00323', 323);
INSERT INTO EX.PADECIMIENTOS(ID_PATOLOGIA, ID_PERSONA, ID_FICHA_MEDICA) VALUES
                            (8, '00323', 323);
INSERT INTO EX.PADECIMIENTOS(ID_PATOLOGIA, ID_PERSONA, ID_FICHA_MEDICA) VALUES
                            (9, '00323', 323);
INSERT INTO EX.PADECIMIENTOS(ID_PATOLOGIA, ID_PERSONA, ID_FICHA_MEDICA) VALUES
                            (10, '00323', 323);
INSERT INTO EX.PADECIMIENTOS(ID_PATOLOGIA, ID_PERSONA, ID_FICHA_MEDICA) VALUES
                            (11, '00323', 323);
INSERT INTO EX.PADECIMIENTOS(ID_PATOLOGIA, ID_PERSONA, ID_FICHA_MEDICA) VALUES
                            (12, '00323', 323);
INSERT INTO EX.PADECIMIENTOS(ID_PATOLOGIA, ID_PERSONA, ID_FICHA_MEDICA) VALUES
                            (13, '00323', 323);
INSERT INTO EX.PADECIMIENTOS(ID_PATOLOGIA, ID_PERSONA, ID_FICHA_MEDICA) VALUES
                            (14, '00323', 323);
INSERT INTO EX.PADECIMIENTOS(ID_PATOLOGIA, ID_PERSONA, ID_FICHA_MEDICA) VALUES
                            (15, '00323', 323);
INSERT INTO EX.SINTOMAS(FECHA_INICIO, ID_SINTOMA, ID_PERSONA, ID_FICHA_MEDICA) VALUES
                            (TO_DATE('2020-01-17','YYYY-MM-DD'), 1, '00323', 323);
INSERT INTO EX.PERSONA(DOC_IDENTIDAD, NOMBRE, NOMBRE1, APELLIDO, APELLIDO1, FECHA_NAC, GENERO, FOTO) VALUES
                  ('00324', 'Andrew', 'Michael', 'Conner', 'Koch', TO_DATE('2015-11-05','YYYY-MM-DD'), 'm', NULL);
INSERT INTO EX.HISTORICO_RESIDENCIA(FECHA_INICIO, ID_LUGAR, ID_PERSONA, FECHA_FIN) VALUES
                  (TO_DATE('1993-12-09','YYYY-MM-DD'), 39, '00324', NULL);
INSERT INTO EX.FICHA_MEDICA(ID, ID_PERSONA, ID_CENTRO_SALUD, ID_LUGAR, ESTADO, FECHA_INFECCION, FECHA_RECUPERACION) VALUES
                                             (324, '00324', 24, 39, 'desconido', NULL, NULL);
INSERT INTO EX.PERSONA(DOC_IDENTIDAD, NOMBRE, NOMBRE1, APELLIDO, APELLIDO1, FECHA_NAC, GENERO, FOTO) VALUES
                  ('00325', 'Andrew', 'Lorraine', 'Lee', 'Steele', TO_DATE('2015-11-13','YYYY-MM-DD'), 'f', NULL);
INSERT INTO EX.HISTORICO_RESIDENCIA(FECHA_INICIO, ID_LUGAR, ID_PERSONA, FECHA_FIN) VALUES
                  (TO_DATE('2002-08-30','YYYY-MM-DD'), 20, '00325', NULL);
INSERT INTO EX.FICHA_MEDICA(ID, ID_PERSONA, ID_CENTRO_SALUD, ID_LUGAR, ESTADO, FECHA_INFECCION, FECHA_RECUPERACION) VALUES
                                             (325, '00325', 5, 20, 'desconido', NULL, NULL);
INSERT INTO EX.PERSONA(DOC_IDENTIDAD, NOMBRE, NOMBRE1, APELLIDO, APELLIDO1, FECHA_NAC, GENERO, FOTO) VALUES
                  ('00326', 'Joseph', 'Heather', 'Caldwell', 'Shaw', TO_DATE('1978-10-30','YYYY-MM-DD'), 'm', NULL);
INSERT INTO EX.HISTORICO_RESIDENCIA(FECHA_INICIO, ID_LUGAR, ID_PERSONA, FECHA_FIN) VALUES
                  (TO_DATE('1988-11-27','YYYY-MM-DD'), 31, '00326', NULL);
INSERT INTO EX.FICHA_MEDICA(ID, ID_PERSONA, ID_CENTRO_SALUD, ID_LUGAR, ESTADO, FECHA_INFECCION, FECHA_RECUPERACION) VALUES
                                             (326, '00326', 16, 31, 'desconido', NULL, NULL);
INSERT INTO EX.SINTOMAS(FECHA_INICIO, ID_SINTOMA, ID_PERSONA, ID_FICHA_MEDICA) VALUES
                            (TO_DATE('2020-01-03','YYYY-MM-DD'), 1, '00326', 326);
INSERT INTO EX.SINTOMAS(FECHA_INICIO, ID_SINTOMA, ID_PERSONA, ID_FICHA_MEDICA) VALUES
                            (TO_DATE('2020-02-11','YYYY-MM-DD'), 2, '00326', 326);
INSERT INTO EX.SINTOMAS(FECHA_INICIO, ID_SINTOMA, ID_PERSONA, ID_FICHA_MEDICA) VALUES
                            (TO_DATE('2020-05-21','YYYY-MM-DD'), 3, '00326', 326);
INSERT INTO EX.SINTOMAS(FECHA_INICIO, ID_SINTOMA, ID_PERSONA, ID_FICHA_MEDICA) VALUES
                            (TO_DATE('2020-05-28','YYYY-MM-DD'), 4, '00326', 326);
INSERT INTO EX.SINTOMAS(FECHA_INICIO, ID_SINTOMA, ID_PERSONA, ID_FICHA_MEDICA) VALUES
                            (TO_DATE('2020-04-27','YYYY-MM-DD'), 5, '00326', 326);
INSERT INTO EX.SINTOMAS(FECHA_INICIO, ID_SINTOMA, ID_PERSONA, ID_FICHA_MEDICA) VALUES
                            (TO_DATE('2020-03-06','YYYY-MM-DD'), 6, '00326', 326);
INSERT INTO EX.SINTOMAS(FECHA_INICIO, ID_SINTOMA, ID_PERSONA, ID_FICHA_MEDICA) VALUES
                            (TO_DATE('2020-06-04','YYYY-MM-DD'), 7, '00326', 326);
INSERT INTO EX.SINTOMAS(FECHA_INICIO, ID_SINTOMA, ID_PERSONA, ID_FICHA_MEDICA) VALUES
                            (TO_DATE('2020-01-05','YYYY-MM-DD'), 8, '00326', 326);
INSERT INTO EX.SINTOMAS(FECHA_INICIO, ID_SINTOMA, ID_PERSONA, ID_FICHA_MEDICA) VALUES
                            (TO_DATE('2020-05-17','YYYY-MM-DD'), 9, '00326', 326);
INSERT INTO EX.PERSONA(DOC_IDENTIDAD, NOMBRE, NOMBRE1, APELLIDO, APELLIDO1, FECHA_NAC, GENERO, FOTO) VALUES
                  ('00327', 'Michael', 'Gabrielle', 'Harrison', 'Reyes', TO_DATE('2017-09-22','YYYY-MM-DD'), 'f', NULL);
INSERT INTO EX.HISTORICO_RESIDENCIA(FECHA_INICIO, ID_LUGAR, ID_PERSONA, FECHA_FIN) VALUES
                  (TO_DATE('1993-12-11','YYYY-MM-DD'), 33, '00327', NULL);
INSERT INTO EX.FICHA_MEDICA(ID, ID_PERSONA, ID_CENTRO_SALUD, ID_LUGAR, ESTADO, FECHA_INFECCION, FECHA_RECUPERACION) VALUES
                                             (327, '00327', 18, 33, 'desconido', NULL, NULL);
INSERT INTO EX.SINTOMAS(FECHA_INICIO, ID_SINTOMA, ID_PERSONA, ID_FICHA_MEDICA) VALUES
                            (TO_DATE('2020-03-15','YYYY-MM-DD'), 1, '00327', 327);
INSERT INTO EX.SINTOMAS(FECHA_INICIO, ID_SINTOMA, ID_PERSONA, ID_FICHA_MEDICA) VALUES
                            (TO_DATE('2020-06-07','YYYY-MM-DD'), 2, '00327', 327);
INSERT INTO EX.PERSONA(DOC_IDENTIDAD, NOMBRE, NOMBRE1, APELLIDO, APELLIDO1, FECHA_NAC, GENERO, FOTO) VALUES
                  ('00328', 'Michael', 'Jeffrey', 'Hughes', 'Gonzales', TO_DATE('2005-08-15','YYYY-MM-DD'), 'm', NULL);
INSERT INTO EX.HISTORICO_RESIDENCIA(FECHA_INICIO, ID_LUGAR, ID_PERSONA, FECHA_FIN) VALUES
                  (TO_DATE('1987-02-01','YYYY-MM-DD'), 35, '00328', NULL);
INSERT INTO EX.FICHA_MEDICA(ID, ID_PERSONA, ID_CENTRO_SALUD, ID_LUGAR, ESTADO, FECHA_INFECCION, FECHA_RECUPERACION) VALUES
                                             (328, '00328', 20, 35, 'desconido', NULL, NULL);
INSERT INTO EX.PADECIMIENTOS(ID_PATOLOGIA, ID_PERSONA, ID_FICHA_MEDICA) VALUES
                            (1, '00328', 328);
INSERT INTO EX.PADECIMIENTOS(ID_PATOLOGIA, ID_PERSONA, ID_FICHA_MEDICA) VALUES
                            (2, '00328', 328);
INSERT INTO EX.PADECIMIENTOS(ID_PATOLOGIA, ID_PERSONA, ID_FICHA_MEDICA) VALUES
                            (3, '00328', 328);
INSERT INTO EX.PERSONA(DOC_IDENTIDAD, NOMBRE, NOMBRE1, APELLIDO, APELLIDO1, FECHA_NAC, GENERO, FOTO) VALUES
                  ('00329', 'Melissa', 'Chad', 'Hays', 'Howard', TO_DATE('2009-02-28','YYYY-MM-DD'), 'f', NULL);
INSERT INTO EX.HISTORICO_RESIDENCIA(FECHA_INICIO, ID_LUGAR, ID_PERSONA, FECHA_FIN) VALUES
                  (TO_DATE('1989-07-20','YYYY-MM-DD'), 44, '00329', NULL);
INSERT INTO EX.FICHA_MEDICA(ID, ID_PERSONA, ID_CENTRO_SALUD, ID_LUGAR, ESTADO, FECHA_INFECCION, FECHA_RECUPERACION) VALUES
                                             (329, '00329', 29, 44, 'desconido', NULL, NULL);
INSERT INTO EX.PADECIMIENTOS(ID_PATOLOGIA, ID_PERSONA, ID_FICHA_MEDICA) VALUES
                            (1, '00329', 329);
INSERT INTO EX.PERSONA(DOC_IDENTIDAD, NOMBRE, NOMBRE1, APELLIDO, APELLIDO1, FECHA_NAC, GENERO, FOTO) VALUES
                  ('00330', 'Samuel', 'Michael', 'Boyer', 'Deleon', TO_DATE('2019-02-25','YYYY-MM-DD'), 'm', NULL);
INSERT INTO EX.HISTORICO_RESIDENCIA(FECHA_INICIO, ID_LUGAR, ID_PERSONA, FECHA_FIN) VALUES
                  (TO_DATE('2000-06-11','YYYY-MM-DD'), 21, '00330', NULL);
INSERT INTO EX.FICHA_MEDICA(ID, ID_PERSONA, ID_CENTRO_SALUD, ID_LUGAR, ESTADO, FECHA_INFECCION, FECHA_RECUPERACION) VALUES
                                             (330, '00330', 6, 21, 'desconido', NULL, NULL);
INSERT INTO EX.PADECIMIENTOS(ID_PATOLOGIA, ID_PERSONA, ID_FICHA_MEDICA) VALUES
                            (1, '00330', 330);
INSERT INTO EX.PADECIMIENTOS(ID_PATOLOGIA, ID_PERSONA, ID_FICHA_MEDICA) VALUES
                            (2, '00330', 330);
INSERT INTO EX.PADECIMIENTOS(ID_PATOLOGIA, ID_PERSONA, ID_FICHA_MEDICA) VALUES
                            (3, '00330', 330);
INSERT INTO EX.PADECIMIENTOS(ID_PATOLOGIA, ID_PERSONA, ID_FICHA_MEDICA) VALUES
                            (4, '00330', 330);
INSERT INTO EX.PADECIMIENTOS(ID_PATOLOGIA, ID_PERSONA, ID_FICHA_MEDICA) VALUES
                            (5, '00330', 330);
INSERT INTO EX.PADECIMIENTOS(ID_PATOLOGIA, ID_PERSONA, ID_FICHA_MEDICA) VALUES
                            (6, '00330', 330);
INSERT INTO EX.PERSONA(DOC_IDENTIDAD, NOMBRE, NOMBRE1, APELLIDO, APELLIDO1, FECHA_NAC, GENERO, FOTO) VALUES
                  ('00331', 'Kimberly', 'Nicholas', 'Hill', 'Chapman', TO_DATE('1995-05-20','YYYY-MM-DD'), 'f', NULL);
INSERT INTO EX.HISTORICO_RESIDENCIA(FECHA_INICIO, ID_LUGAR, ID_PERSONA, FECHA_FIN) VALUES
                  (TO_DATE('2005-10-23','YYYY-MM-DD'), 22, '00331', NULL);
INSERT INTO EX.FICHA_MEDICA(ID, ID_PERSONA, ID_CENTRO_SALUD, ID_LUGAR, ESTADO, FECHA_INFECCION, FECHA_RECUPERACION) VALUES
                                             (331, '00331', 7, 22, 'desconido', NULL, NULL);
INSERT INTO EX.PERSONA(DOC_IDENTIDAD, NOMBRE, NOMBRE1, APELLIDO, APELLIDO1, FECHA_NAC, GENERO, FOTO) VALUES
                  ('00332', 'Alexandra', 'Kyle', 'Hunter', 'Cortez', TO_DATE('1997-03-27','YYYY-MM-DD'), 'm', NULL);
INSERT INTO EX.HISTORICO_RESIDENCIA(FECHA_INICIO, ID_LUGAR, ID_PERSONA, FECHA_FIN) VALUES
                  (TO_DATE('1971-01-02','YYYY-MM-DD'), 44, '00332', NULL);
INSERT INTO EX.FICHA_MEDICA(ID, ID_PERSONA, ID_CENTRO_SALUD, ID_LUGAR, ESTADO, FECHA_INFECCION, FECHA_RECUPERACION) VALUES
                                             (332, '00332', 29, 44, 'desconido', NULL, NULL);
INSERT INTO EX.PADECIMIENTOS(ID_PATOLOGIA, ID_PERSONA, ID_FICHA_MEDICA) VALUES
                            (1, '00332', 332);
INSERT INTO EX.PADECIMIENTOS(ID_PATOLOGIA, ID_PERSONA, ID_FICHA_MEDICA) VALUES
                            (2, '00332', 332);
INSERT INTO EX.PADECIMIENTOS(ID_PATOLOGIA, ID_PERSONA, ID_FICHA_MEDICA) VALUES
                            (3, '00332', 332);
INSERT INTO EX.PADECIMIENTOS(ID_PATOLOGIA, ID_PERSONA, ID_FICHA_MEDICA) VALUES
                            (4, '00332', 332);
INSERT INTO EX.PADECIMIENTOS(ID_PATOLOGIA, ID_PERSONA, ID_FICHA_MEDICA) VALUES
                            (5, '00332', 332);
INSERT INTO EX.PADECIMIENTOS(ID_PATOLOGIA, ID_PERSONA, ID_FICHA_MEDICA) VALUES
                            (6, '00332', 332);
INSERT INTO EX.PADECIMIENTOS(ID_PATOLOGIA, ID_PERSONA, ID_FICHA_MEDICA) VALUES
                            (7, '00332', 332);
INSERT INTO EX.PADECIMIENTOS(ID_PATOLOGIA, ID_PERSONA, ID_FICHA_MEDICA) VALUES
                            (8, '00332', 332);
INSERT INTO EX.SINTOMAS(FECHA_INICIO, ID_SINTOMA, ID_PERSONA, ID_FICHA_MEDICA) VALUES
                            (TO_DATE('2020-06-02','YYYY-MM-DD'), 1, '00332', 332);
INSERT INTO EX.SINTOMAS(FECHA_INICIO, ID_SINTOMA, ID_PERSONA, ID_FICHA_MEDICA) VALUES
                            (TO_DATE('2020-06-10','YYYY-MM-DD'), 2, '00332', 332);
INSERT INTO EX.SINTOMAS(FECHA_INICIO, ID_SINTOMA, ID_PERSONA, ID_FICHA_MEDICA) VALUES
                            (TO_DATE('2020-06-12','YYYY-MM-DD'), 3, '00332', 332);
INSERT INTO EX.SINTOMAS(FECHA_INICIO, ID_SINTOMA, ID_PERSONA, ID_FICHA_MEDICA) VALUES
                            (TO_DATE('2020-01-21','YYYY-MM-DD'), 4, '00332', 332);
INSERT INTO EX.SINTOMAS(FECHA_INICIO, ID_SINTOMA, ID_PERSONA, ID_FICHA_MEDICA) VALUES
                            (TO_DATE('2020-01-25','YYYY-MM-DD'), 5, '00332', 332);
INSERT INTO EX.SINTOMAS(FECHA_INICIO, ID_SINTOMA, ID_PERSONA, ID_FICHA_MEDICA) VALUES
                            (TO_DATE('2020-03-17','YYYY-MM-DD'), 6, '00332', 332);
INSERT INTO EX.SINTOMAS(FECHA_INICIO, ID_SINTOMA, ID_PERSONA, ID_FICHA_MEDICA) VALUES
                            (TO_DATE('2020-02-22','YYYY-MM-DD'), 7, '00332', 332);
INSERT INTO EX.SINTOMAS(FECHA_INICIO, ID_SINTOMA, ID_PERSONA, ID_FICHA_MEDICA) VALUES
                            (TO_DATE('2020-03-15','YYYY-MM-DD'), 8, '00332', 332);
INSERT INTO EX.SINTOMAS(FECHA_INICIO, ID_SINTOMA, ID_PERSONA, ID_FICHA_MEDICA) VALUES
                            (TO_DATE('2020-03-14','YYYY-MM-DD'), 9, '00332', 332);
INSERT INTO EX.SINTOMAS(FECHA_INICIO, ID_SINTOMA, ID_PERSONA, ID_FICHA_MEDICA) VALUES
                            (TO_DATE('2020-06-16','YYYY-MM-DD'), 10, '00332', 332);
INSERT INTO EX.PERSONA(DOC_IDENTIDAD, NOMBRE, NOMBRE1, APELLIDO, APELLIDO1, FECHA_NAC, GENERO, FOTO) VALUES
                  ('00333', 'Brian', 'David', 'Mcdowell', 'Sawyer', TO_DATE('1994-01-11','YYYY-MM-DD'), 'f', NULL);
INSERT INTO EX.HISTORICO_RESIDENCIA(FECHA_INICIO, ID_LUGAR, ID_PERSONA, FECHA_FIN) VALUES
                  (TO_DATE('1987-12-26','YYYY-MM-DD'), 20, '00333', NULL);
INSERT INTO EX.FICHA_MEDICA(ID, ID_PERSONA, ID_CENTRO_SALUD, ID_LUGAR, ESTADO, FECHA_INFECCION, FECHA_RECUPERACION) VALUES
                                             (333, '00333', 5, 20, 'desconido', NULL, NULL);
INSERT INTO EX.SINTOMAS(FECHA_INICIO, ID_SINTOMA, ID_PERSONA, ID_FICHA_MEDICA) VALUES
                            (TO_DATE('2020-03-20','YYYY-MM-DD'), 1, '00333', 333);
INSERT INTO EX.SINTOMAS(FECHA_INICIO, ID_SINTOMA, ID_PERSONA, ID_FICHA_MEDICA) VALUES
                            (TO_DATE('2020-06-15','YYYY-MM-DD'), 2, '00333', 333);
INSERT INTO EX.SINTOMAS(FECHA_INICIO, ID_SINTOMA, ID_PERSONA, ID_FICHA_MEDICA) VALUES
                            (TO_DATE('2020-03-14','YYYY-MM-DD'), 3, '00333', 333);
INSERT INTO EX.SINTOMAS(FECHA_INICIO, ID_SINTOMA, ID_PERSONA, ID_FICHA_MEDICA) VALUES
                            (TO_DATE('2020-04-28','YYYY-MM-DD'), 4, '00333', 333);
INSERT INTO EX.SINTOMAS(FECHA_INICIO, ID_SINTOMA, ID_PERSONA, ID_FICHA_MEDICA) VALUES
                            (TO_DATE('2020-06-30','YYYY-MM-DD'), 5, '00333', 333);
INSERT INTO EX.SINTOMAS(FECHA_INICIO, ID_SINTOMA, ID_PERSONA, ID_FICHA_MEDICA) VALUES
                            (TO_DATE('2020-01-02','YYYY-MM-DD'), 6, '00333', 333);
INSERT INTO EX.SINTOMAS(FECHA_INICIO, ID_SINTOMA, ID_PERSONA, ID_FICHA_MEDICA) VALUES
                            (TO_DATE('2020-02-26','YYYY-MM-DD'), 7, '00333', 333);
INSERT INTO EX.SINTOMAS(FECHA_INICIO, ID_SINTOMA, ID_PERSONA, ID_FICHA_MEDICA) VALUES
                            (TO_DATE('2020-02-23','YYYY-MM-DD'), 8, '00333', 333);
INSERT INTO EX.SINTOMAS(FECHA_INICIO, ID_SINTOMA, ID_PERSONA, ID_FICHA_MEDICA) VALUES
                            (TO_DATE('2020-03-15','YYYY-MM-DD'), 9, '00333', 333);
INSERT INTO EX.SINTOMAS(FECHA_INICIO, ID_SINTOMA, ID_PERSONA, ID_FICHA_MEDICA) VALUES
                            (TO_DATE('2020-06-13','YYYY-MM-DD'), 10, '00333', 333);
INSERT INTO EX.SINTOMAS(FECHA_INICIO, ID_SINTOMA, ID_PERSONA, ID_FICHA_MEDICA) VALUES
                            (TO_DATE('2020-05-04','YYYY-MM-DD'), 11, '00333', 333);
INSERT INTO EX.SINTOMAS(FECHA_INICIO, ID_SINTOMA, ID_PERSONA, ID_FICHA_MEDICA) VALUES
                            (TO_DATE('2020-02-26','YYYY-MM-DD'), 12, '00333', 333);
INSERT INTO EX.SINTOMAS(FECHA_INICIO, ID_SINTOMA, ID_PERSONA, ID_FICHA_MEDICA) VALUES
                            (TO_DATE('2020-05-30','YYYY-MM-DD'), 13, '00333', 333);
INSERT INTO EX.PERSONA(DOC_IDENTIDAD, NOMBRE, NOMBRE1, APELLIDO, APELLIDO1, FECHA_NAC, GENERO, FOTO) VALUES
                  ('00334', 'Paul', 'Ryan', 'Cruz', 'Reilly', TO_DATE('1976-03-18','YYYY-MM-DD'), 'm', NULL);
INSERT INTO EX.HISTORICO_RESIDENCIA(FECHA_INICIO, ID_LUGAR, ID_PERSONA, FECHA_FIN) VALUES
                  (TO_DATE('1996-09-01','YYYY-MM-DD'), 25, '00334', NULL);
INSERT INTO EX.FICHA_MEDICA(ID, ID_PERSONA, ID_CENTRO_SALUD, ID_LUGAR, ESTADO, FECHA_INFECCION, FECHA_RECUPERACION) VALUES
                                             (334, '00334', 10, 25, 'desconido', NULL, NULL);
INSERT INTO EX.PADECIMIENTOS(ID_PATOLOGIA, ID_PERSONA, ID_FICHA_MEDICA) VALUES
                            (1, '00334', 334);
INSERT INTO EX.PADECIMIENTOS(ID_PATOLOGIA, ID_PERSONA, ID_FICHA_MEDICA) VALUES
                            (2, '00334', 334);
INSERT INTO EX.PADECIMIENTOS(ID_PATOLOGIA, ID_PERSONA, ID_FICHA_MEDICA) VALUES
                            (3, '00334', 334);
INSERT INTO EX.PADECIMIENTOS(ID_PATOLOGIA, ID_PERSONA, ID_FICHA_MEDICA) VALUES
                            (4, '00334', 334);
INSERT INTO EX.SINTOMAS(FECHA_INICIO, ID_SINTOMA, ID_PERSONA, ID_FICHA_MEDICA) VALUES
                            (TO_DATE('2020-03-23','YYYY-MM-DD'), 1, '00334', 334);
INSERT INTO EX.SINTOMAS(FECHA_INICIO, ID_SINTOMA, ID_PERSONA, ID_FICHA_MEDICA) VALUES
                            (TO_DATE('2020-01-30','YYYY-MM-DD'), 2, '00334', 334);
INSERT INTO EX.SINTOMAS(FECHA_INICIO, ID_SINTOMA, ID_PERSONA, ID_FICHA_MEDICA) VALUES
                            (TO_DATE('2020-03-18','YYYY-MM-DD'), 3, '00334', 334);
INSERT INTO EX.SINTOMAS(FECHA_INICIO, ID_SINTOMA, ID_PERSONA, ID_FICHA_MEDICA) VALUES
                            (TO_DATE('2020-04-30','YYYY-MM-DD'), 4, '00334', 334);
INSERT INTO EX.SINTOMAS(FECHA_INICIO, ID_SINTOMA, ID_PERSONA, ID_FICHA_MEDICA) VALUES
                            (TO_DATE('2020-04-30','YYYY-MM-DD'), 5, '00334', 334);
INSERT INTO EX.SINTOMAS(FECHA_INICIO, ID_SINTOMA, ID_PERSONA, ID_FICHA_MEDICA) VALUES
                            (TO_DATE('2020-04-09','YYYY-MM-DD'), 6, '00334', 334);
INSERT INTO EX.SINTOMAS(FECHA_INICIO, ID_SINTOMA, ID_PERSONA, ID_FICHA_MEDICA) VALUES
                            (TO_DATE('2020-05-01','YYYY-MM-DD'), 7, '00334', 334);
INSERT INTO EX.SINTOMAS(FECHA_INICIO, ID_SINTOMA, ID_PERSONA, ID_FICHA_MEDICA) VALUES
                            (TO_DATE('2020-06-06','YYYY-MM-DD'), 8, '00334', 334);
INSERT INTO EX.SINTOMAS(FECHA_INICIO, ID_SINTOMA, ID_PERSONA, ID_FICHA_MEDICA) VALUES
                            (TO_DATE('2020-03-12','YYYY-MM-DD'), 9, '00334', 334);
INSERT INTO EX.SINTOMAS(FECHA_INICIO, ID_SINTOMA, ID_PERSONA, ID_FICHA_MEDICA) VALUES
                            (TO_DATE('2020-02-26','YYYY-MM-DD'), 10, '00334', 334);
INSERT INTO EX.SINTOMAS(FECHA_INICIO, ID_SINTOMA, ID_PERSONA, ID_FICHA_MEDICA) VALUES
                            (TO_DATE('2020-03-24','YYYY-MM-DD'), 11, '00334', 334);
INSERT INTO EX.SINTOMAS(FECHA_INICIO, ID_SINTOMA, ID_PERSONA, ID_FICHA_MEDICA) VALUES
                            (TO_DATE('2020-01-09','YYYY-MM-DD'), 12, '00334', 334);
INSERT INTO EX.SINTOMAS(FECHA_INICIO, ID_SINTOMA, ID_PERSONA, ID_FICHA_MEDICA) VALUES
                            (TO_DATE('2020-05-10','YYYY-MM-DD'), 13, '00334', 334);
INSERT INTO EX.PERSONA(DOC_IDENTIDAD, NOMBRE, NOMBRE1, APELLIDO, APELLIDO1, FECHA_NAC, GENERO, FOTO) VALUES
                  ('00335', 'Reginald', 'Beth', 'Brown', 'Hamilton', TO_DATE('2010-02-24','YYYY-MM-DD'), 'f', NULL);
INSERT INTO EX.HISTORICO_RESIDENCIA(FECHA_INICIO, ID_LUGAR, ID_PERSONA, FECHA_FIN) VALUES
                  (TO_DATE('1992-02-21','YYYY-MM-DD'), 34, '00335', NULL);
INSERT INTO EX.FICHA_MEDICA(ID, ID_PERSONA, ID_CENTRO_SALUD, ID_LUGAR, ESTADO, FECHA_INFECCION, FECHA_RECUPERACION) VALUES
                                             (335, '00335', 19, 34, 'desconido', NULL, NULL);
INSERT INTO EX.PADECIMIENTOS(ID_PATOLOGIA, ID_PERSONA, ID_FICHA_MEDICA) VALUES
                            (1, '00335', 335);
INSERT INTO EX.PADECIMIENTOS(ID_PATOLOGIA, ID_PERSONA, ID_FICHA_MEDICA) VALUES
                            (2, '00335', 335);
INSERT INTO EX.PADECIMIENTOS(ID_PATOLOGIA, ID_PERSONA, ID_FICHA_MEDICA) VALUES
                            (3, '00335', 335);
INSERT INTO EX.PADECIMIENTOS(ID_PATOLOGIA, ID_PERSONA, ID_FICHA_MEDICA) VALUES
                            (4, '00335', 335);
INSERT INTO EX.PADECIMIENTOS(ID_PATOLOGIA, ID_PERSONA, ID_FICHA_MEDICA) VALUES
                            (5, '00335', 335);
INSERT INTO EX.PADECIMIENTOS(ID_PATOLOGIA, ID_PERSONA, ID_FICHA_MEDICA) VALUES
                            (6, '00335', 335);
INSERT INTO EX.PADECIMIENTOS(ID_PATOLOGIA, ID_PERSONA, ID_FICHA_MEDICA) VALUES
                            (7, '00335', 335);
INSERT INTO EX.PADECIMIENTOS(ID_PATOLOGIA, ID_PERSONA, ID_FICHA_MEDICA) VALUES
                            (8, '00335', 335);
INSERT INTO EX.PADECIMIENTOS(ID_PATOLOGIA, ID_PERSONA, ID_FICHA_MEDICA) VALUES
                            (9, '00335', 335);
INSERT INTO EX.PADECIMIENTOS(ID_PATOLOGIA, ID_PERSONA, ID_FICHA_MEDICA) VALUES
                            (10, '00335', 335);
INSERT INTO EX.PADECIMIENTOS(ID_PATOLOGIA, ID_PERSONA, ID_FICHA_MEDICA) VALUES
                            (11, '00335', 335);
INSERT INTO EX.PADECIMIENTOS(ID_PATOLOGIA, ID_PERSONA, ID_FICHA_MEDICA) VALUES
                            (12, '00335', 335);
INSERT INTO EX.PADECIMIENTOS(ID_PATOLOGIA, ID_PERSONA, ID_FICHA_MEDICA) VALUES
                            (13, '00335', 335);
INSERT INTO EX.PERSONA(DOC_IDENTIDAD, NOMBRE, NOMBRE1, APELLIDO, APELLIDO1, FECHA_NAC, GENERO, FOTO) VALUES
                  ('00336', 'Lynn', 'Anthony', 'Lucas', 'Johnson', TO_DATE('1976-11-08','YYYY-MM-DD'), 'm', NULL);
INSERT INTO EX.HISTORICO_RESIDENCIA(FECHA_INICIO, ID_LUGAR, ID_PERSONA, FECHA_FIN) VALUES
                  (TO_DATE('2007-03-19','YYYY-MM-DD'), 34, '00336', NULL);
INSERT INTO EX.FICHA_MEDICA(ID, ID_PERSONA, ID_CENTRO_SALUD, ID_LUGAR, ESTADO, FECHA_INFECCION, FECHA_RECUPERACION) VALUES
                                             (336, '00336', 19, 34, 'desconido', NULL, NULL);
INSERT INTO EX.SINTOMAS(FECHA_INICIO, ID_SINTOMA, ID_PERSONA, ID_FICHA_MEDICA) VALUES
                            (TO_DATE('2020-01-29','YYYY-MM-DD'), 1, '00336', 336);
INSERT INTO EX.SINTOMAS(FECHA_INICIO, ID_SINTOMA, ID_PERSONA, ID_FICHA_MEDICA) VALUES
                            (TO_DATE('2020-02-26','YYYY-MM-DD'), 2, '00336', 336);
INSERT INTO EX.SINTOMAS(FECHA_INICIO, ID_SINTOMA, ID_PERSONA, ID_FICHA_MEDICA) VALUES
                            (TO_DATE('2020-05-12','YYYY-MM-DD'), 3, '00336', 336);
INSERT INTO EX.SINTOMAS(FECHA_INICIO, ID_SINTOMA, ID_PERSONA, ID_FICHA_MEDICA) VALUES
                            (TO_DATE('2020-02-18','YYYY-MM-DD'), 4, '00336', 336);
INSERT INTO EX.SINTOMAS(FECHA_INICIO, ID_SINTOMA, ID_PERSONA, ID_FICHA_MEDICA) VALUES
                            (TO_DATE('2020-04-21','YYYY-MM-DD'), 5, '00336', 336);
INSERT INTO EX.SINTOMAS(FECHA_INICIO, ID_SINTOMA, ID_PERSONA, ID_FICHA_MEDICA) VALUES
                            (TO_DATE('2020-06-28','YYYY-MM-DD'), 6, '00336', 336);
INSERT INTO EX.SINTOMAS(FECHA_INICIO, ID_SINTOMA, ID_PERSONA, ID_FICHA_MEDICA) VALUES
                            (TO_DATE('2020-03-02','YYYY-MM-DD'), 7, '00336', 336);
INSERT INTO EX.SINTOMAS(FECHA_INICIO, ID_SINTOMA, ID_PERSONA, ID_FICHA_MEDICA) VALUES
                            (TO_DATE('2020-04-03','YYYY-MM-DD'), 8, '00336', 336);
INSERT INTO EX.SINTOMAS(FECHA_INICIO, ID_SINTOMA, ID_PERSONA, ID_FICHA_MEDICA) VALUES
                            (TO_DATE('2020-01-28','YYYY-MM-DD'), 9, '00336', 336);
INSERT INTO EX.SINTOMAS(FECHA_INICIO, ID_SINTOMA, ID_PERSONA, ID_FICHA_MEDICA) VALUES
                            (TO_DATE('2020-04-07','YYYY-MM-DD'), 10, '00336', 336);
INSERT INTO EX.SINTOMAS(FECHA_INICIO, ID_SINTOMA, ID_PERSONA, ID_FICHA_MEDICA) VALUES
                            (TO_DATE('2020-01-14','YYYY-MM-DD'), 11, '00336', 336);
INSERT INTO EX.SINTOMAS(FECHA_INICIO, ID_SINTOMA, ID_PERSONA, ID_FICHA_MEDICA) VALUES
                            (TO_DATE('2020-04-15','YYYY-MM-DD'), 12, '00336', 336);
INSERT INTO EX.SINTOMAS(FECHA_INICIO, ID_SINTOMA, ID_PERSONA, ID_FICHA_MEDICA) VALUES
                            (TO_DATE('2020-01-24','YYYY-MM-DD'), 13, '00336', 336);
INSERT INTO EX.SINTOMAS(FECHA_INICIO, ID_SINTOMA, ID_PERSONA, ID_FICHA_MEDICA) VALUES
                            (TO_DATE('2020-01-01','YYYY-MM-DD'), 14, '00336', 336);
INSERT INTO EX.SINTOMAS(FECHA_INICIO, ID_SINTOMA, ID_PERSONA, ID_FICHA_MEDICA) VALUES
                            (TO_DATE('2020-02-17','YYYY-MM-DD'), 15, '00336', 336);
INSERT INTO EX.SINTOMAS(FECHA_INICIO, ID_SINTOMA, ID_PERSONA, ID_FICHA_MEDICA) VALUES
                            (TO_DATE('2020-03-26','YYYY-MM-DD'), 16, '00336', 336);
INSERT INTO EX.PERSONA(DOC_IDENTIDAD, NOMBRE, NOMBRE1, APELLIDO, APELLIDO1, FECHA_NAC, GENERO, FOTO) VALUES
                  ('00337', 'Andrew', 'Joshua', 'Brown', 'Collins', TO_DATE('1990-03-16','YYYY-MM-DD'), 'f', NULL);
INSERT INTO EX.HISTORICO_RESIDENCIA(FECHA_INICIO, ID_LUGAR, ID_PERSONA, FECHA_FIN) VALUES
                  (TO_DATE('1987-10-06','YYYY-MM-DD'), 25, '00337', NULL);
INSERT INTO EX.FICHA_MEDICA(ID, ID_PERSONA, ID_CENTRO_SALUD, ID_LUGAR, ESTADO, FECHA_INFECCION, FECHA_RECUPERACION) VALUES
                                             (337, '00337', 10, 25, 'desconido', NULL, NULL);
INSERT INTO EX.PERSONA(DOC_IDENTIDAD, NOMBRE, NOMBRE1, APELLIDO, APELLIDO1, FECHA_NAC, GENERO, FOTO) VALUES
                  ('00338', 'Tracy', 'Julia', 'Farley', 'Boyle', TO_DATE('1980-12-01','YYYY-MM-DD'), 'm', NULL);
INSERT INTO EX.HISTORICO_RESIDENCIA(FECHA_INICIO, ID_LUGAR, ID_PERSONA, FECHA_FIN) VALUES
                  (TO_DATE('1986-03-20','YYYY-MM-DD'), 45, '00338', NULL);
INSERT INTO EX.FICHA_MEDICA(ID, ID_PERSONA, ID_CENTRO_SALUD, ID_LUGAR, ESTADO, FECHA_INFECCION, FECHA_RECUPERACION) VALUES
                                             (338, '00338', 30, 45, 'desconido', NULL, NULL);
INSERT INTO EX.SINTOMAS(FECHA_INICIO, ID_SINTOMA, ID_PERSONA, ID_FICHA_MEDICA) VALUES
                            (TO_DATE('2020-06-15','YYYY-MM-DD'), 1, '00338', 338);
INSERT INTO EX.SINTOMAS(FECHA_INICIO, ID_SINTOMA, ID_PERSONA, ID_FICHA_MEDICA) VALUES
                            (TO_DATE('2020-01-29','YYYY-MM-DD'), 2, '00338', 338);
INSERT INTO EX.SINTOMAS(FECHA_INICIO, ID_SINTOMA, ID_PERSONA, ID_FICHA_MEDICA) VALUES
                            (TO_DATE('2020-04-10','YYYY-MM-DD'), 3, '00338', 338);
INSERT INTO EX.SINTOMAS(FECHA_INICIO, ID_SINTOMA, ID_PERSONA, ID_FICHA_MEDICA) VALUES
                            (TO_DATE('2020-01-21','YYYY-MM-DD'), 4, '00338', 338);
INSERT INTO EX.SINTOMAS(FECHA_INICIO, ID_SINTOMA, ID_PERSONA, ID_FICHA_MEDICA) VALUES
                            (TO_DATE('2020-01-08','YYYY-MM-DD'), 5, '00338', 338);
INSERT INTO EX.SINTOMAS(FECHA_INICIO, ID_SINTOMA, ID_PERSONA, ID_FICHA_MEDICA) VALUES
                            (TO_DATE('2020-06-02','YYYY-MM-DD'), 6, '00338', 338);
INSERT INTO EX.SINTOMAS(FECHA_INICIO, ID_SINTOMA, ID_PERSONA, ID_FICHA_MEDICA) VALUES
                            (TO_DATE('2020-06-05','YYYY-MM-DD'), 7, '00338', 338);
INSERT INTO EX.PERSONA(DOC_IDENTIDAD, NOMBRE, NOMBRE1, APELLIDO, APELLIDO1, FECHA_NAC, GENERO, FOTO) VALUES
                  ('00339', 'Amber', 'Christine', 'Watkins', 'Parker', TO_DATE('1990-12-29','YYYY-MM-DD'), 'f', NULL);
INSERT INTO EX.HISTORICO_RESIDENCIA(FECHA_INICIO, ID_LUGAR, ID_PERSONA, FECHA_FIN) VALUES
                  (TO_DATE('2001-06-27','YYYY-MM-DD'), 32, '00339', NULL);
INSERT INTO EX.FICHA_MEDICA(ID, ID_PERSONA, ID_CENTRO_SALUD, ID_LUGAR, ESTADO, FECHA_INFECCION, FECHA_RECUPERACION) VALUES
                                             (339, '00339', 17, 32, 'desconido', NULL, NULL);
INSERT INTO EX.PADECIMIENTOS(ID_PATOLOGIA, ID_PERSONA, ID_FICHA_MEDICA) VALUES
                            (1, '00339', 339);
INSERT INTO EX.PADECIMIENTOS(ID_PATOLOGIA, ID_PERSONA, ID_FICHA_MEDICA) VALUES
                            (2, '00339', 339);
INSERT INTO EX.PADECIMIENTOS(ID_PATOLOGIA, ID_PERSONA, ID_FICHA_MEDICA) VALUES
                            (3, '00339', 339);
INSERT INTO EX.SINTOMAS(FECHA_INICIO, ID_SINTOMA, ID_PERSONA, ID_FICHA_MEDICA) VALUES
                            (TO_DATE('2020-02-28','YYYY-MM-DD'), 1, '00339', 339);
INSERT INTO EX.SINTOMAS(FECHA_INICIO, ID_SINTOMA, ID_PERSONA, ID_FICHA_MEDICA) VALUES
                            (TO_DATE('2020-04-30','YYYY-MM-DD'), 2, '00339', 339);
INSERT INTO EX.SINTOMAS(FECHA_INICIO, ID_SINTOMA, ID_PERSONA, ID_FICHA_MEDICA) VALUES
                            (TO_DATE('2020-02-12','YYYY-MM-DD'), 3, '00339', 339);
INSERT INTO EX.SINTOMAS(FECHA_INICIO, ID_SINTOMA, ID_PERSONA, ID_FICHA_MEDICA) VALUES
                            (TO_DATE('2020-02-07','YYYY-MM-DD'), 4, '00339', 339);
INSERT INTO EX.SINTOMAS(FECHA_INICIO, ID_SINTOMA, ID_PERSONA, ID_FICHA_MEDICA) VALUES
                            (TO_DATE('2020-05-19','YYYY-MM-DD'), 5, '00339', 339);
INSERT INTO EX.SINTOMAS(FECHA_INICIO, ID_SINTOMA, ID_PERSONA, ID_FICHA_MEDICA) VALUES
                            (TO_DATE('2020-01-15','YYYY-MM-DD'), 6, '00339', 339);
INSERT INTO EX.SINTOMAS(FECHA_INICIO, ID_SINTOMA, ID_PERSONA, ID_FICHA_MEDICA) VALUES
                            (TO_DATE('2020-03-31','YYYY-MM-DD'), 7, '00339', 339);
INSERT INTO EX.PERSONA(DOC_IDENTIDAD, NOMBRE, NOMBRE1, APELLIDO, APELLIDO1, FECHA_NAC, GENERO, FOTO) VALUES
                  ('00340', 'Francisco', 'Tracy', 'Whitehead', 'Thomas', TO_DATE('2014-08-15','YYYY-MM-DD'), 'm', NULL);
INSERT INTO EX.HISTORICO_RESIDENCIA(FECHA_INICIO, ID_LUGAR, ID_PERSONA, FECHA_FIN) VALUES
                  (TO_DATE('1997-05-05','YYYY-MM-DD'), 36, '00340', NULL);
INSERT INTO EX.FICHA_MEDICA(ID, ID_PERSONA, ID_CENTRO_SALUD, ID_LUGAR, ESTADO, FECHA_INFECCION, FECHA_RECUPERACION) VALUES
                                             (340, '00340', 21, 36, 'desconido', NULL, NULL);
INSERT INTO EX.PADECIMIENTOS(ID_PATOLOGIA, ID_PERSONA, ID_FICHA_MEDICA) VALUES
                            (1, '00340', 340);
INSERT INTO EX.PADECIMIENTOS(ID_PATOLOGIA, ID_PERSONA, ID_FICHA_MEDICA) VALUES
                            (2, '00340', 340);
INSERT INTO EX.PADECIMIENTOS(ID_PATOLOGIA, ID_PERSONA, ID_FICHA_MEDICA) VALUES
                            (3, '00340', 340);
INSERT INTO EX.PADECIMIENTOS(ID_PATOLOGIA, ID_PERSONA, ID_FICHA_MEDICA) VALUES
                            (4, '00340', 340);
INSERT INTO EX.PADECIMIENTOS(ID_PATOLOGIA, ID_PERSONA, ID_FICHA_MEDICA) VALUES
                            (5, '00340', 340);
INSERT INTO EX.PADECIMIENTOS(ID_PATOLOGIA, ID_PERSONA, ID_FICHA_MEDICA) VALUES
                            (6, '00340', 340);
INSERT INTO EX.PADECIMIENTOS(ID_PATOLOGIA, ID_PERSONA, ID_FICHA_MEDICA) VALUES
                            (7, '00340', 340);
INSERT INTO EX.PADECIMIENTOS(ID_PATOLOGIA, ID_PERSONA, ID_FICHA_MEDICA) VALUES
                            (8, '00340', 340);
INSERT INTO EX.PADECIMIENTOS(ID_PATOLOGIA, ID_PERSONA, ID_FICHA_MEDICA) VALUES
                            (9, '00340', 340);
INSERT INTO EX.PADECIMIENTOS(ID_PATOLOGIA, ID_PERSONA, ID_FICHA_MEDICA) VALUES
                            (10, '00340', 340);
INSERT INTO EX.PADECIMIENTOS(ID_PATOLOGIA, ID_PERSONA, ID_FICHA_MEDICA) VALUES
                            (11, '00340', 340);
INSERT INTO EX.PADECIMIENTOS(ID_PATOLOGIA, ID_PERSONA, ID_FICHA_MEDICA) VALUES
                            (12, '00340', 340);
INSERT INTO EX.PADECIMIENTOS(ID_PATOLOGIA, ID_PERSONA, ID_FICHA_MEDICA) VALUES
                            (13, '00340', 340);
INSERT INTO EX.SINTOMAS(FECHA_INICIO, ID_SINTOMA, ID_PERSONA, ID_FICHA_MEDICA) VALUES
                            (TO_DATE('2020-05-29','YYYY-MM-DD'), 1, '00340', 340);
INSERT INTO EX.SINTOMAS(FECHA_INICIO, ID_SINTOMA, ID_PERSONA, ID_FICHA_MEDICA) VALUES
                            (TO_DATE('2020-01-18','YYYY-MM-DD'), 2, '00340', 340);
INSERT INTO EX.PERSONA(DOC_IDENTIDAD, NOMBRE, NOMBRE1, APELLIDO, APELLIDO1, FECHA_NAC, GENERO, FOTO) VALUES
                  ('00341', 'Kathleen', 'Eric', 'Moreno', 'Hall', TO_DATE('2019-05-19','YYYY-MM-DD'), 'f', NULL);
INSERT INTO EX.HISTORICO_RESIDENCIA(FECHA_INICIO, ID_LUGAR, ID_PERSONA, FECHA_FIN) VALUES
                  (TO_DATE('1970-12-22','YYYY-MM-DD'), 32, '00341', NULL);
INSERT INTO EX.FICHA_MEDICA(ID, ID_PERSONA, ID_CENTRO_SALUD, ID_LUGAR, ESTADO, FECHA_INFECCION, FECHA_RECUPERACION) VALUES
                                             (341, '00341', 17, 32, 'desconido', NULL, NULL);
INSERT INTO EX.PADECIMIENTOS(ID_PATOLOGIA, ID_PERSONA, ID_FICHA_MEDICA) VALUES
                            (1, '00341', 341);
INSERT INTO EX.PADECIMIENTOS(ID_PATOLOGIA, ID_PERSONA, ID_FICHA_MEDICA) VALUES
                            (2, '00341', 341);
INSERT INTO EX.PADECIMIENTOS(ID_PATOLOGIA, ID_PERSONA, ID_FICHA_MEDICA) VALUES
                            (3, '00341', 341);
INSERT INTO EX.PADECIMIENTOS(ID_PATOLOGIA, ID_PERSONA, ID_FICHA_MEDICA) VALUES
                            (4, '00341', 341);
INSERT INTO EX.PADECIMIENTOS(ID_PATOLOGIA, ID_PERSONA, ID_FICHA_MEDICA) VALUES
                            (5, '00341', 341);
INSERT INTO EX.PERSONA(DOC_IDENTIDAD, NOMBRE, NOMBRE1, APELLIDO, APELLIDO1, FECHA_NAC, GENERO, FOTO) VALUES
                  ('00342', 'Travis', 'Mario', 'Washington', 'Miller', TO_DATE('2014-05-27','YYYY-MM-DD'), 'm', NULL);
INSERT INTO EX.HISTORICO_RESIDENCIA(FECHA_INICIO, ID_LUGAR, ID_PERSONA, FECHA_FIN) VALUES
                  (TO_DATE('2003-03-19','YYYY-MM-DD'), 42, '00342', NULL);
INSERT INTO EX.FICHA_MEDICA(ID, ID_PERSONA, ID_CENTRO_SALUD, ID_LUGAR, ESTADO, FECHA_INFECCION, FECHA_RECUPERACION) VALUES
                                             (342, '00342', 27, 42, 'desconido', NULL, NULL);
INSERT INTO EX.PADECIMIENTOS(ID_PATOLOGIA, ID_PERSONA, ID_FICHA_MEDICA) VALUES
                            (1, '00342', 342);
INSERT INTO EX.PADECIMIENTOS(ID_PATOLOGIA, ID_PERSONA, ID_FICHA_MEDICA) VALUES
                            (2, '00342', 342);
INSERT INTO EX.PADECIMIENTOS(ID_PATOLOGIA, ID_PERSONA, ID_FICHA_MEDICA) VALUES
                            (3, '00342', 342);
INSERT INTO EX.PADECIMIENTOS(ID_PATOLOGIA, ID_PERSONA, ID_FICHA_MEDICA) VALUES
                            (4, '00342', 342);
INSERT INTO EX.PADECIMIENTOS(ID_PATOLOGIA, ID_PERSONA, ID_FICHA_MEDICA) VALUES
                            (5, '00342', 342);
INSERT INTO EX.PADECIMIENTOS(ID_PATOLOGIA, ID_PERSONA, ID_FICHA_MEDICA) VALUES
                            (6, '00342', 342);
INSERT INTO EX.PADECIMIENTOS(ID_PATOLOGIA, ID_PERSONA, ID_FICHA_MEDICA) VALUES
                            (7, '00342', 342);
INSERT INTO EX.PADECIMIENTOS(ID_PATOLOGIA, ID_PERSONA, ID_FICHA_MEDICA) VALUES
                            (8, '00342', 342);
INSERT INTO EX.PADECIMIENTOS(ID_PATOLOGIA, ID_PERSONA, ID_FICHA_MEDICA) VALUES
                            (9, '00342', 342);
INSERT INTO EX.PADECIMIENTOS(ID_PATOLOGIA, ID_PERSONA, ID_FICHA_MEDICA) VALUES
                            (10, '00342', 342);
INSERT INTO EX.SINTOMAS(FECHA_INICIO, ID_SINTOMA, ID_PERSONA, ID_FICHA_MEDICA) VALUES
                            (TO_DATE('2020-02-20','YYYY-MM-DD'), 1, '00342', 342);
INSERT INTO EX.SINTOMAS(FECHA_INICIO, ID_SINTOMA, ID_PERSONA, ID_FICHA_MEDICA) VALUES
                            (TO_DATE('2020-05-19','YYYY-MM-DD'), 2, '00342', 342);
INSERT INTO EX.PERSONA(DOC_IDENTIDAD, NOMBRE, NOMBRE1, APELLIDO, APELLIDO1, FECHA_NAC, GENERO, FOTO) VALUES
                  ('00343', 'Heather', 'Sheila', 'Santiago', 'Burke', TO_DATE('1980-09-03','YYYY-MM-DD'), 'f', NULL);
INSERT INTO EX.HISTORICO_RESIDENCIA(FECHA_INICIO, ID_LUGAR, ID_PERSONA, FECHA_FIN) VALUES
                  (TO_DATE('2009-05-15','YYYY-MM-DD'), 45, '00343', NULL);
INSERT INTO EX.FICHA_MEDICA(ID, ID_PERSONA, ID_CENTRO_SALUD, ID_LUGAR, ESTADO, FECHA_INFECCION, FECHA_RECUPERACION) VALUES
                                             (343, '00343', 30, 45, 'desconido', NULL, NULL);
INSERT INTO EX.PERSONA(DOC_IDENTIDAD, NOMBRE, NOMBRE1, APELLIDO, APELLIDO1, FECHA_NAC, GENERO, FOTO) VALUES
                  ('00344', 'William', 'Jessica', 'Armstrong', 'Herring', TO_DATE('1999-12-09','YYYY-MM-DD'), 'm', NULL);
INSERT INTO EX.HISTORICO_RESIDENCIA(FECHA_INICIO, ID_LUGAR, ID_PERSONA, FECHA_FIN) VALUES
                  (TO_DATE('1987-12-25','YYYY-MM-DD'), 36, '00344', NULL);
INSERT INTO EX.FICHA_MEDICA(ID, ID_PERSONA, ID_CENTRO_SALUD, ID_LUGAR, ESTADO, FECHA_INFECCION, FECHA_RECUPERACION) VALUES
                                             (344, '00344', 21, 36, 'desconido', NULL, NULL);
INSERT INTO EX.SINTOMAS(FECHA_INICIO, ID_SINTOMA, ID_PERSONA, ID_FICHA_MEDICA) VALUES
                            (TO_DATE('2020-05-04','YYYY-MM-DD'), 1, '00344', 344);
INSERT INTO EX.SINTOMAS(FECHA_INICIO, ID_SINTOMA, ID_PERSONA, ID_FICHA_MEDICA) VALUES
                            (TO_DATE('2020-02-13','YYYY-MM-DD'), 2, '00344', 344);
INSERT INTO EX.SINTOMAS(FECHA_INICIO, ID_SINTOMA, ID_PERSONA, ID_FICHA_MEDICA) VALUES
                            (TO_DATE('2020-03-23','YYYY-MM-DD'), 3, '00344', 344);
INSERT INTO EX.SINTOMAS(FECHA_INICIO, ID_SINTOMA, ID_PERSONA, ID_FICHA_MEDICA) VALUES
                            (TO_DATE('2020-06-14','YYYY-MM-DD'), 4, '00344', 344);
INSERT INTO EX.SINTOMAS(FECHA_INICIO, ID_SINTOMA, ID_PERSONA, ID_FICHA_MEDICA) VALUES
                            (TO_DATE('2020-01-14','YYYY-MM-DD'), 5, '00344', 344);
INSERT INTO EX.SINTOMAS(FECHA_INICIO, ID_SINTOMA, ID_PERSONA, ID_FICHA_MEDICA) VALUES
                            (TO_DATE('2020-01-02','YYYY-MM-DD'), 6, '00344', 344);
INSERT INTO EX.SINTOMAS(FECHA_INICIO, ID_SINTOMA, ID_PERSONA, ID_FICHA_MEDICA) VALUES
                            (TO_DATE('2020-04-26','YYYY-MM-DD'), 7, '00344', 344);
INSERT INTO EX.SINTOMAS(FECHA_INICIO, ID_SINTOMA, ID_PERSONA, ID_FICHA_MEDICA) VALUES
                            (TO_DATE('2020-04-20','YYYY-MM-DD'), 8, '00344', 344);
INSERT INTO EX.SINTOMAS(FECHA_INICIO, ID_SINTOMA, ID_PERSONA, ID_FICHA_MEDICA) VALUES
                            (TO_DATE('2020-01-07','YYYY-MM-DD'), 9, '00344', 344);
INSERT INTO EX.SINTOMAS(FECHA_INICIO, ID_SINTOMA, ID_PERSONA, ID_FICHA_MEDICA) VALUES
                            (TO_DATE('2020-05-01','YYYY-MM-DD'), 10, '00344', 344);
INSERT INTO EX.SINTOMAS(FECHA_INICIO, ID_SINTOMA, ID_PERSONA, ID_FICHA_MEDICA) VALUES
                            (TO_DATE('2020-01-30','YYYY-MM-DD'), 11, '00344', 344);
INSERT INTO EX.SINTOMAS(FECHA_INICIO, ID_SINTOMA, ID_PERSONA, ID_FICHA_MEDICA) VALUES
                            (TO_DATE('2020-01-26','YYYY-MM-DD'), 12, '00344', 344);
INSERT INTO EX.PERSONA(DOC_IDENTIDAD, NOMBRE, NOMBRE1, APELLIDO, APELLIDO1, FECHA_NAC, GENERO, FOTO) VALUES
                  ('00345', 'Thomas', 'Jane', 'Martinez', 'Hebert', TO_DATE('2019-11-05','YYYY-MM-DD'), 'f', NULL);
INSERT INTO EX.HISTORICO_RESIDENCIA(FECHA_INICIO, ID_LUGAR, ID_PERSONA, FECHA_FIN) VALUES
                  (TO_DATE('2015-02-23','YYYY-MM-DD'), 40, '00345', NULL);
INSERT INTO EX.FICHA_MEDICA(ID, ID_PERSONA, ID_CENTRO_SALUD, ID_LUGAR, ESTADO, FECHA_INFECCION, FECHA_RECUPERACION) VALUES
                                             (345, '00345', 25, 40, 'desconido', NULL, NULL);
INSERT INTO EX.PERSONA(DOC_IDENTIDAD, NOMBRE, NOMBRE1, APELLIDO, APELLIDO1, FECHA_NAC, GENERO, FOTO) VALUES
                  ('00346', 'Jacob', 'Margaret', 'Brown', 'Garcia', TO_DATE('1993-11-23','YYYY-MM-DD'), 'm', NULL);
INSERT INTO EX.HISTORICO_RESIDENCIA(FECHA_INICIO, ID_LUGAR, ID_PERSONA, FECHA_FIN) VALUES
                  (TO_DATE('1978-06-30','YYYY-MM-DD'), 34, '00346', NULL);
INSERT INTO EX.FICHA_MEDICA(ID, ID_PERSONA, ID_CENTRO_SALUD, ID_LUGAR, ESTADO, FECHA_INFECCION, FECHA_RECUPERACION) VALUES
                                             (346, '00346', 19, 34, 'desconido', NULL, NULL);
INSERT INTO EX.PADECIMIENTOS(ID_PATOLOGIA, ID_PERSONA, ID_FICHA_MEDICA) VALUES
                            (1, '00346', 346);
INSERT INTO EX.PADECIMIENTOS(ID_PATOLOGIA, ID_PERSONA, ID_FICHA_MEDICA) VALUES
                            (2, '00346', 346);
INSERT INTO EX.PADECIMIENTOS(ID_PATOLOGIA, ID_PERSONA, ID_FICHA_MEDICA) VALUES
                            (3, '00346', 346);
INSERT INTO EX.PADECIMIENTOS(ID_PATOLOGIA, ID_PERSONA, ID_FICHA_MEDICA) VALUES
                            (4, '00346', 346);
INSERT INTO EX.PADECIMIENTOS(ID_PATOLOGIA, ID_PERSONA, ID_FICHA_MEDICA) VALUES
                            (5, '00346', 346);
INSERT INTO EX.PADECIMIENTOS(ID_PATOLOGIA, ID_PERSONA, ID_FICHA_MEDICA) VALUES
                            (6, '00346', 346);
INSERT INTO EX.PADECIMIENTOS(ID_PATOLOGIA, ID_PERSONA, ID_FICHA_MEDICA) VALUES
                            (7, '00346', 346);
INSERT INTO EX.PADECIMIENTOS(ID_PATOLOGIA, ID_PERSONA, ID_FICHA_MEDICA) VALUES
                            (8, '00346', 346);
INSERT INTO EX.SINTOMAS(FECHA_INICIO, ID_SINTOMA, ID_PERSONA, ID_FICHA_MEDICA) VALUES
                            (TO_DATE('2020-03-28','YYYY-MM-DD'), 1, '00346', 346);
INSERT INTO EX.SINTOMAS(FECHA_INICIO, ID_SINTOMA, ID_PERSONA, ID_FICHA_MEDICA) VALUES
                            (TO_DATE('2020-04-22','YYYY-MM-DD'), 2, '00346', 346);
INSERT INTO EX.SINTOMAS(FECHA_INICIO, ID_SINTOMA, ID_PERSONA, ID_FICHA_MEDICA) VALUES
                            (TO_DATE('2020-05-22','YYYY-MM-DD'), 3, '00346', 346);
INSERT INTO EX.SINTOMAS(FECHA_INICIO, ID_SINTOMA, ID_PERSONA, ID_FICHA_MEDICA) VALUES
                            (TO_DATE('2020-01-23','YYYY-MM-DD'), 4, '00346', 346);
INSERT INTO EX.SINTOMAS(FECHA_INICIO, ID_SINTOMA, ID_PERSONA, ID_FICHA_MEDICA) VALUES
                            (TO_DATE('2020-04-12','YYYY-MM-DD'), 5, '00346', 346);
INSERT INTO EX.SINTOMAS(FECHA_INICIO, ID_SINTOMA, ID_PERSONA, ID_FICHA_MEDICA) VALUES
                            (TO_DATE('2020-04-15','YYYY-MM-DD'), 6, '00346', 346);
INSERT INTO EX.SINTOMAS(FECHA_INICIO, ID_SINTOMA, ID_PERSONA, ID_FICHA_MEDICA) VALUES
                            (TO_DATE('2020-06-11','YYYY-MM-DD'), 7, '00346', 346);
INSERT INTO EX.SINTOMAS(FECHA_INICIO, ID_SINTOMA, ID_PERSONA, ID_FICHA_MEDICA) VALUES
                            (TO_DATE('2020-06-17','YYYY-MM-DD'), 8, '00346', 346);
INSERT INTO EX.SINTOMAS(FECHA_INICIO, ID_SINTOMA, ID_PERSONA, ID_FICHA_MEDICA) VALUES
                            (TO_DATE('2020-01-26','YYYY-MM-DD'), 9, '00346', 346);
INSERT INTO EX.SINTOMAS(FECHA_INICIO, ID_SINTOMA, ID_PERSONA, ID_FICHA_MEDICA) VALUES
                            (TO_DATE('2020-01-18','YYYY-MM-DD'), 10, '00346', 346);
INSERT INTO EX.SINTOMAS(FECHA_INICIO, ID_SINTOMA, ID_PERSONA, ID_FICHA_MEDICA) VALUES
                            (TO_DATE('2020-02-15','YYYY-MM-DD'), 11, '00346', 346);
INSERT INTO EX.SINTOMAS(FECHA_INICIO, ID_SINTOMA, ID_PERSONA, ID_FICHA_MEDICA) VALUES
                            (TO_DATE('2020-03-26','YYYY-MM-DD'), 12, '00346', 346);
INSERT INTO EX.SINTOMAS(FECHA_INICIO, ID_SINTOMA, ID_PERSONA, ID_FICHA_MEDICA) VALUES
                            (TO_DATE('2020-04-29','YYYY-MM-DD'), 13, '00346', 346);
INSERT INTO EX.SINTOMAS(FECHA_INICIO, ID_SINTOMA, ID_PERSONA, ID_FICHA_MEDICA) VALUES
                            (TO_DATE('2020-05-31','YYYY-MM-DD'), 14, '00346', 346);
INSERT INTO EX.SINTOMAS(FECHA_INICIO, ID_SINTOMA, ID_PERSONA, ID_FICHA_MEDICA) VALUES
                            (TO_DATE('2020-05-09','YYYY-MM-DD'), 15, '00346', 346);
INSERT INTO EX.SINTOMAS(FECHA_INICIO, ID_SINTOMA, ID_PERSONA, ID_FICHA_MEDICA) VALUES
                            (TO_DATE('2020-01-25','YYYY-MM-DD'), 16, '00346', 346);
INSERT INTO EX.SINTOMAS(FECHA_INICIO, ID_SINTOMA, ID_PERSONA, ID_FICHA_MEDICA) VALUES
                            (TO_DATE('2020-05-06','YYYY-MM-DD'), 17, '00346', 346);
INSERT INTO EX.SINTOMAS(FECHA_INICIO, ID_SINTOMA, ID_PERSONA, ID_FICHA_MEDICA) VALUES
                            (TO_DATE('2020-05-22','YYYY-MM-DD'), 18, '00346', 346);
INSERT INTO EX.PERSONA(DOC_IDENTIDAD, NOMBRE, NOMBRE1, APELLIDO, APELLIDO1, FECHA_NAC, GENERO, FOTO) VALUES
                  ('00347', 'Kevin', 'Gabriel', 'Andrews', 'James', TO_DATE('2002-03-31','YYYY-MM-DD'), 'f', NULL);
INSERT INTO EX.HISTORICO_RESIDENCIA(FECHA_INICIO, ID_LUGAR, ID_PERSONA, FECHA_FIN) VALUES
                  (TO_DATE('2020-05-17','YYYY-MM-DD'), 41, '00347', NULL);
INSERT INTO EX.FICHA_MEDICA(ID, ID_PERSONA, ID_CENTRO_SALUD, ID_LUGAR, ESTADO, FECHA_INFECCION, FECHA_RECUPERACION) VALUES
                                             (347, '00347', 26, 41, 'desconido', NULL, NULL);
INSERT INTO EX.PERSONA(DOC_IDENTIDAD, NOMBRE, NOMBRE1, APELLIDO, APELLIDO1, FECHA_NAC, GENERO, FOTO) VALUES
                  ('00348', 'Michael', 'Zachary', 'Carr', 'Lopez', TO_DATE('1972-10-10','YYYY-MM-DD'), 'm', NULL);
INSERT INTO EX.HISTORICO_RESIDENCIA(FECHA_INICIO, ID_LUGAR, ID_PERSONA, FECHA_FIN) VALUES
                  (TO_DATE('1975-11-27','YYYY-MM-DD'), 26, '00348', NULL);
INSERT INTO EX.FICHA_MEDICA(ID, ID_PERSONA, ID_CENTRO_SALUD, ID_LUGAR, ESTADO, FECHA_INFECCION, FECHA_RECUPERACION) VALUES
                                             (348, '00348', 11, 26, 'desconido', NULL, NULL);
INSERT INTO EX.PADECIMIENTOS(ID_PATOLOGIA, ID_PERSONA, ID_FICHA_MEDICA) VALUES
                            (1, '00348', 348);
INSERT INTO EX.PADECIMIENTOS(ID_PATOLOGIA, ID_PERSONA, ID_FICHA_MEDICA) VALUES
                            (2, '00348', 348);
INSERT INTO EX.PADECIMIENTOS(ID_PATOLOGIA, ID_PERSONA, ID_FICHA_MEDICA) VALUES
                            (3, '00348', 348);
INSERT INTO EX.PADECIMIENTOS(ID_PATOLOGIA, ID_PERSONA, ID_FICHA_MEDICA) VALUES
                            (4, '00348', 348);
INSERT INTO EX.PADECIMIENTOS(ID_PATOLOGIA, ID_PERSONA, ID_FICHA_MEDICA) VALUES
                            (5, '00348', 348);
INSERT INTO EX.PADECIMIENTOS(ID_PATOLOGIA, ID_PERSONA, ID_FICHA_MEDICA) VALUES
                            (6, '00348', 348);
INSERT INTO EX.PADECIMIENTOS(ID_PATOLOGIA, ID_PERSONA, ID_FICHA_MEDICA) VALUES
                            (7, '00348', 348);
INSERT INTO EX.PADECIMIENTOS(ID_PATOLOGIA, ID_PERSONA, ID_FICHA_MEDICA) VALUES
                            (8, '00348', 348);
INSERT INTO EX.PERSONA(DOC_IDENTIDAD, NOMBRE, NOMBRE1, APELLIDO, APELLIDO1, FECHA_NAC, GENERO, FOTO) VALUES
                  ('00349', 'Danny', 'Victoria', 'Blackburn', 'Lopez', TO_DATE('1988-01-05','YYYY-MM-DD'), 'f', NULL);
INSERT INTO EX.HISTORICO_RESIDENCIA(FECHA_INICIO, ID_LUGAR, ID_PERSONA, FECHA_FIN) VALUES
                  (TO_DATE('1992-04-10','YYYY-MM-DD'), 37, '00349', NULL);
INSERT INTO EX.FICHA_MEDICA(ID, ID_PERSONA, ID_CENTRO_SALUD, ID_LUGAR, ESTADO, FECHA_INFECCION, FECHA_RECUPERACION) VALUES
                                             (349, '00349', 22, 37, 'desconido', NULL, NULL);
INSERT INTO EX.PERSONA(DOC_IDENTIDAD, NOMBRE, NOMBRE1, APELLIDO, APELLIDO1, FECHA_NAC, GENERO, FOTO) VALUES
                  ('00350', 'Betty', 'Jennifer', 'Carter', 'Hughes', TO_DATE('1976-04-14','YYYY-MM-DD'), 'm', NULL);
INSERT INTO EX.HISTORICO_RESIDENCIA(FECHA_INICIO, ID_LUGAR, ID_PERSONA, FECHA_FIN) VALUES
                  (TO_DATE('1987-07-07','YYYY-MM-DD'), 30, '00350', NULL);
INSERT INTO EX.FICHA_MEDICA(ID, ID_PERSONA, ID_CENTRO_SALUD, ID_LUGAR, ESTADO, FECHA_INFECCION, FECHA_RECUPERACION) VALUES
                                             (350, '00350', 15, 30, 'desconido', NULL, NULL);
COMMIT;
